heavy.sh: 12:20 waiting for the host lock, held by: 12:19 agilityhub-core-api: ./mvnw -q clean verify
heavy.sh: 12:26 got the host lock after 6 min 0 s
Mockito is currently self-attaching to enable the inline-mock-maker. This will no longer work in future releases of the JDK. Please add Mockito as an agent to your build as described in Mockito's documentation: https://javadoc.io/doc/org.mockito/mockito-core/latest/org.mockito/org/mockito/Mockito.html#0.3
OpenJDK 64-Bit Server VM warning: Sharing is only supported for boot loader classes because bootstrap classpath has been appended
WARNING: A Java agent has been loaded dynamically (/Users/jordib/.m2/repository/net/bytebuddy/byte-buddy-agent/1.17.8/byte-buddy-agent-1.17.8.jar)
WARNING: If a serviceability tool is in use, please run with -XX:+EnableDynamicAgentLoading to hide this warning
WARNING: If a serviceability tool is not in use, please run with -Djdk.instrument.traceUsage for more information
WARNING: Dynamic loading of agents will be disallowed by default in a future release
12:27:13.307 [main] INFO com.agilityhub.core.clubs.messaging.application.LogEmailSender -- Local email accepted notificationId=fixture
12:27:13.310 [main] INFO com.agilityhub.core.clubs.messaging.application.LogEmailSender -- Local email accepted notificationId=fixture
12:27:13.357 [main] WARN org.springframework.context.annotation.AnnotationConfigApplicationContext -- Exception encountered during context initialization - cancelling refresh attempt: org.springframework.beans.factory.BeanCreationException: Error creating bean with name 'emailSender' defined in com.agilityhub.core.configuration.EmailConfiguration: Failed to instantiate [com.agilityhub.core.clubs.messaging.application.EmailSender]: Factory method 'emailSender' threw exception with message: MAIL_FROM_PLATFORM is required in staging/prod
12:27:13.450 [main] WARN org.springframework.context.annotation.AnnotationConfigApplicationContext -- Exception encountered during context initialization - cancelling refresh attempt: org.springframework.beans.factory.BeanCreationException: Error creating bean with name 'sendGridSignatures' defined in com.agilityhub.core.configuration.EmailConfiguration: Failed to instantiate [com.agilityhub.core.clubs.messaging.application.SendGridSignatureVerifier]: Factory method 'sendGridSignatures' threw exception with message: SENDGRID_WEBHOOK_PUBLIC_KEY is required in staging/prod
12:27:13.800 [main] INFO com.agilityhub.core.clubs.messaging.application.LogEmailSender -- Local email accepted notificationId=fixture
12:27:13.853 [main] WARN org.springframework.context.annotation.AnnotationConfigApplicationContext -- Exception encountered during context initialization - cancelling refresh attempt: org.springframework.beans.factory.BeanCreationException: Error creating bean with name 'emailSender' defined in com.agilityhub.core.configuration.EmailConfiguration: Failed to instantiate [com.agilityhub.core.clubs.messaging.application.EmailSender]: Factory method 'emailSender' threw exception with message: SENDGRID_API_KEY is required in staging/prod
12:27:13.865 [main] WARN org.springframework.context.annotation.AnnotationConfigApplicationContext -- Exception encountered during context initialization - cancelling refresh attempt: org.springframework.beans.factory.BeanCreationException: Error creating bean with name 'emailSender' defined in com.agilityhub.core.configuration.EmailConfiguration: Failed to instantiate [com.agilityhub.core.clubs.messaging.application.EmailSender]: Factory method 'emailSender' threw exception with message: SENDGRID_API_KEY is required in staging/prod
12:27:14.121 [main] WARN org.springframework.context.annotation.AnnotationConfigApplicationContext -- Exception encountered during context initialization - cancelling refresh attempt: org.springframework.beans.factory.BeanCreationException: Error creating bean with name 'trustedProxyGuard' defined in com.agilityhub.core.configuration.TrustedProxyConfiguration: TRUSTED_PROXY_PATTERN is empty: set it to the Caddy peers' address pattern (docs/DEPLOY.md), or every client shares the proxy's address in the rate limits and the consent ipHash
12:27:14.124 [main] WARN org.springframework.context.annotation.AnnotationConfigApplicationContext -- Exception encountered during context initialization - cancelling refresh attempt: org.springframework.beans.factory.BeanCreationException: Error creating bean with name 'trustedProxyGuard' defined in com.agilityhub.core.configuration.TrustedProxyConfiguration: TRUSTED_PROXY_PATTERN is empty: set it to the Caddy peers' address pattern (docs/DEPLOY.md), or every client shares the proxy's address in the rate limits and the consent ipHash
12:27:14.125 [main] WARN org.springframework.context.annotation.AnnotationConfigApplicationContext -- Exception encountered during context initialization - cancelling refresh attempt: org.springframework.beans.factory.BeanCreationException: Error creating bean with name 'trustedProxyGuard' defined in com.agilityhub.core.configuration.TrustedProxyConfiguration: TRUSTED_PROXY_PATTERN is empty: set it to the Caddy peers' address pattern (docs/DEPLOY.md), or every client shares the proxy's address in the rate limits and the consent ipHash
12:27:14.127 [main] WARN org.springframework.context.annotation.AnnotationConfigApplicationContext -- Exception encountered during context initialization - cancelling refresh attempt: org.springframework.beans.factory.BeanCreationException: Error creating bean with name 'trustedProxyGuard' defined in com.agilityhub.core.configuration.TrustedProxyConfiguration: TRUSTED_PROXY_PATTERN is empty: set it to the Caddy peers' address pattern (docs/DEPLOY.md), or every client shares the proxy's address in the rate limits and the consent ipHash
12:27:14.412 [main] WARN com.networknt.schema.UnknownKeywordFactory -- Unknown keyword components - you should define your own Meta Schema. If the keyword is irrelevant for validation, just use a NonValidationKeyword or if it should generate annotations AnnotationKeyword
12:27:14.891 [main] INFO org.hibernate.validator.internal.util.Version -- HV000001: Hibernate Validator 8.0.3.Final
12:27:15.057 [main] INFO org.springframework.mock.web.MockServletContext -- Initializing Spring TestDispatcherServlet ''
12:27:15.058 [main] INFO org.springframework.test.web.servlet.TestDispatcherServlet -- Initializing Servlet ''
12:27:15.058 [main] INFO org.springframework.test.web.servlet.TestDispatcherServlet -- Completed initialization in 0 ms
12:27:15.101 [main] ERROR com.agilityhub.core.shared.api.ApiExceptionHandler -- Unhandled request exception traceId=626861c7-962f-427a-903d-7723cd0fdccc
java.lang.IllegalStateException: private-body privacy@example.test
	at com.agilityhub.core.configuration.SentryCaptureTest$Endpoints.failure(SentryCaptureTest.java:89)
	at java.base/jdk.internal.reflect.DirectMethodHandleAccessor.invoke(DirectMethodHandleAccessor.java:103)
	at java.base/java.lang.reflect.Method.invoke(Method.java:580)
	at org.springframework.web.method.support.InvocableHandlerMethod.doInvoke(InvocableHandlerMethod.java:258)
	at org.springframework.web.method.support.InvocableHandlerMethod.invokeForRequest(InvocableHandlerMethod.java:191)
	at org.springframework.web.servlet.mvc.method.annotation.ServletInvocableHandlerMethod.invokeAndHandle(ServletInvocableHandlerMethod.java:118)
	at org.springframework.web.servlet.mvc.method.annotation.RequestMappingHandlerAdapter.invokeHandlerMethod(RequestMappingHandlerAdapter.java:991)
	at org.springframework.web.servlet.mvc.method.annotation.RequestMappingHandlerAdapter.handleInternal(RequestMappingHandlerAdapter.java:896)
	at org.springframework.web.servlet.mvc.method.AbstractHandlerMethodAdapter.handle(AbstractHandlerMethodAdapter.java:87)
	at org.springframework.web.servlet.DispatcherServlet.doDispatch(DispatcherServlet.java:1089)
	at org.springframework.web.servlet.DispatcherServlet.doService(DispatcherServlet.java:979)
	at org.springframework.web.servlet.FrameworkServlet.processRequest(FrameworkServlet.java:1014)
	at org.springframework.web.servlet.FrameworkServlet.doGet(FrameworkServlet.java:903)
	at jakarta.servlet.http.HttpServlet.service(HttpServlet.java:564)
	at org.springframework.web.servlet.FrameworkServlet.service(FrameworkServlet.java:885)
	at org.springframework.test.web.servlet.TestDispatcherServlet.service(TestDispatcherServlet.java:72)
	at jakarta.servlet.http.HttpServlet.service(HttpServlet.java:658)
	at org.springframework.mock.web.MockFilterChain$ServletFilterProxy.doFilter(MockFilterChain.java:165)
	at org.springframework.mock.web.MockFilterChain.doFilter(MockFilterChain.java:132)
	at com.agilityhub.core.shared.api.RequestTraceFilter.doFilterInternal(RequestTraceFilter.java:43)
	at org.springframework.web.filter.OncePerRequestFilter.doFilter(OncePerRequestFilter.java:116)
	at org.springframework.mock.web.MockFilterChain.doFilter(MockFilterChain.java:132)
	at org.springframework.test.web.servlet.MockMvc.perform(MockMvc.java:201)
	at com.agilityhub.core.configuration.SentryCaptureTest.lambda$T_14_30_handled500ReachesTransportOnceWithResponseTraceAndNoPrivateData$4(SentryCaptureTest.java:55)
	at org.springframework.boot.test.context.runner.AbstractApplicationContextRunner.accept(AbstractApplicationContextRunner.java:469)
	at org.springframework.boot.test.context.runner.AbstractApplicationContextRunner.consumeAssertableContext(AbstractApplicationContextRunner.java:385)
	at org.springframework.boot.test.context.runner.AbstractApplicationContextRunner.lambda$run$0(AbstractApplicationContextRunner.java:363)
	at org.springframework.boot.test.util.TestPropertyValues.lambda$applyToSystemProperties$1(TestPropertyValues.java:174)
	at org.springframework.boot.test.util.TestPropertyValues.applyToSystemProperties(TestPropertyValues.java:188)
	at org.springframework.boot.test.util.TestPropertyValues.applyToSystemProperties(TestPropertyValues.java:173)
	at org.springframework.boot.test.context.runner.AbstractApplicationContextRunner.lambda$run$1(AbstractApplicationContextRunner.java:363)
	at org.springframework.boot.test.context.runner.AbstractApplicationContextRunner.withContextClassLoader(AbstractApplicationContextRunner.java:391)
	at org.springframework.boot.test.context.runner.AbstractApplicationContextRunner.run(AbstractApplicationContextRunner.java:362)
	at com.agilityhub.core.configuration.SentryCaptureTest.T_14_30_handled500ReachesTransportOnceWithResponseTraceAndNoPrivateData(SentryCaptureTest.java:52)
	at java.base/jdk.internal.reflect.DirectMethodHandleAccessor.invoke(DirectMethodHandleAccessor.java:103)
	at java.base/java.lang.reflect.Method.invoke(Method.java:580)
	at org.junit.platform.commons.util.ReflectionUtils.invokeMethod(ReflectionUtils.java:775)
	at org.junit.platform.commons.support.ReflectionSupport.invokeMethod(ReflectionSupport.java:479)
	at org.junit.jupiter.engine.execution.MethodInvocation.proceed(MethodInvocation.java:60)
	at org.junit.jupiter.engine.execution.InvocationInterceptorChain$ValidatingInvocation.proceed(InvocationInterceptorChain.java:131)
	at org.junit.jupiter.params.ArgumentCountValidator.interceptTestTemplateMethod(ArgumentCountValidator.java:45)
	at org.junit.jupiter.engine.execution.InterceptingExecutableInvoker$ReflectiveInterceptorCall.lambda$ofVoidMethod$0(InterceptingExecutableInvoker.java:112)
	at org.junit.jupiter.engine.execution.InterceptingExecutableInvoker.lambda$invoke$0(InterceptingExecutableInvoker.java:94)
	at org.junit.jupiter.engine.execution.InvocationInterceptorChain$InterceptedInvocation.proceed(InvocationInterceptorChain.java:106)
	at org.junit.jupiter.engine.extension.TimeoutExtension.intercept(TimeoutExtension.java:161)
	at org.junit.jupiter.engine.extension.TimeoutExtension.interceptTestableMethod(TimeoutExtension.java:152)
	at org.junit.jupiter.engine.extension.TimeoutExtension.interceptTestTemplateMethod(TimeoutExtension.java:99)
	at org.junit.jupiter.engine.execution.InterceptingExecutableInvoker$ReflectiveInterceptorCall.lambda$ofVoidMethod$0(InterceptingExecutableInvoker.java:112)
	at org.junit.jupiter.engine.execution.InterceptingExecutableInvoker.lambda$invoke$0(InterceptingExecutableInvoker.java:94)
	at org.junit.jupiter.engine.execution.InvocationInterceptorChain$InterceptedInvocation.proceed(InvocationInterceptorChain.java:106)
	at org.junit.jupiter.engine.execution.InvocationInterceptorChain.proceed(InvocationInterceptorChain.java:64)
	at org.junit.jupiter.engine.execution.InvocationInterceptorChain.chainAndInvoke(InvocationInterceptorChain.java:45)
	at org.junit.jupiter.engine.execution.InvocationInterceptorChain.invoke(InvocationInterceptorChain.java:37)
	at org.junit.jupiter.engine.execution.InterceptingExecutableInvoker.invoke(InterceptingExecutableInvoker.java:93)
	at org.junit.jupiter.engine.execution.InterceptingExecutableInvoker.invoke(InterceptingExecutableInvoker.java:87)
	at org.junit.jupiter.engine.descriptor.TestMethodTestDescriptor.lambda$invokeTestMethod$7(TestMethodTestDescriptor.java:216)
	at org.junit.platform.engine.support.hierarchical.ThrowableCollector.execute(ThrowableCollector.java:73)
	at org.junit.jupiter.engine.descriptor.TestMethodTestDescriptor.invokeTestMethod(TestMethodTestDescriptor.java:212)
	at org.junit.jupiter.engine.descriptor.TestMethodTestDescriptor.execute(TestMethodTestDescriptor.java:137)
	at org.junit.jupiter.engine.descriptor.TestMethodTestDescriptor.execute(TestMethodTestDescriptor.java:69)
	at org.junit.platform.engine.support.hierarchical.NodeTestTask.lambda$executeRecursively$6(NodeTestTask.java:156)
	at org.junit.platform.engine.support.hierarchical.ThrowableCollector.execute(ThrowableCollector.java:73)
	at org.junit.platform.engine.support.hierarchical.NodeTestTask.lambda$executeRecursively$8(NodeTestTask.java:146)
	at org.junit.platform.engine.support.hierarchical.Node.around(Node.java:137)
	at org.junit.platform.engine.support.hierarchical.NodeTestTask.lambda$executeRecursively$9(NodeTestTask.java:144)
	at org.junit.platform.engine.support.hierarchical.ThrowableCollector.execute(ThrowableCollector.java:73)
	at org.junit.platform.engine.support.hierarchical.NodeTestTask.executeRecursively(NodeTestTask.java:143)
	at org.junit.platform.engine.support.hierarchical.NodeTestTask.execute(NodeTestTask.java:100)
	at org.junit.platform.engine.support.hierarchical.SameThreadHierarchicalTestExecutorService.submit(SameThreadHierarchicalTestExecutorService.java:35)
	at org.junit.platform.engine.support.hierarchical.NodeTestTask$DefaultDynamicTestExecutor.execute(NodeTestTask.java:231)
	at org.junit.platform.engine.support.hierarchical.NodeTestTask$DefaultDynamicTestExecutor.execute(NodeTestTask.java:209)
	at org.junit.jupiter.engine.descriptor.TestTemplateTestDescriptor.execute(TestTemplateTestDescriptor.java:157)
	at org.junit.jupiter.engine.descriptor.TestTemplateTestDescriptor.lambda$executeForProvider$0(TestTemplateTestDescriptor.java:115)
	at java.base/java.util.Optional.ifPresent(Optional.java:178)
	at org.junit.jupiter.engine.descriptor.TestTemplateTestDescriptor.lambda$executeForProvider$1(TestTemplateTestDescriptor.java:115)
	at java.base/java.util.stream.ForEachOps$ForEachOp$OfRef.accept(ForEachOps.java:184)
	at java.base/java.util.stream.ReferencePipeline$3$1.accept(ReferencePipeline.java:197)
	at java.base/java.util.stream.ForEachOps$ForEachOp$OfRef.accept(ForEachOps.java:184)
	at java.base/java.util.ArrayList$ArrayListSpliterator.forEachRemaining(ArrayList.java:1708)
	at java.base/java.util.stream.ReferencePipeline$Head.forEach(ReferencePipeline.java:762)
	at java.base/java.util.stream.ReferencePipeline$7$1.accept(ReferencePipeline.java:276)
	at java.base/java.util.ArrayList$ArrayListSpliterator.forEachRemaining(ArrayList.java:1708)
	at java.base/java.util.stream.AbstractPipeline.copyInto(AbstractPipeline.java:509)
	at java.base/java.util.stream.AbstractPipeline.wrapAndCopyInto(AbstractPipeline.java:499)
	at java.base/java.util.stream.ForEachOps$ForEachOp.evaluateSequential(ForEachOps.java:151)
	at java.base/java.util.stream.ForEachOps$ForEachOp$OfRef.evaluateSequential(ForEachOps.java:174)
	at java.base/java.util.stream.AbstractPipeline.evaluate(AbstractPipeline.java:234)
	at java.base/java.util.stream.ReferencePipeline.forEach(ReferencePipeline.java:596)
	at java.base/java.util.stream.ReferencePipeline$7$1.accept(ReferencePipeline.java:276)
	at java.base/java.util.stream.ReferencePipeline$3$1.accept(ReferencePipeline.java:197)
	at java.base/java.util.stream.ReferencePipeline$3$1.accept(ReferencePipeline.java:197)
	at java.base/java.util.stream.ReferencePipeline$3$1.accept(ReferencePipeline.java:197)
	at java.base/java.util.ArrayList$ArrayListSpliterator.forEachRemaining(ArrayList.java:1708)
	at java.base/java.util.stream.AbstractPipeline.copyInto(AbstractPipeline.java:509)
	at java.base/java.util.stream.AbstractPipeline.wrapAndCopyInto(AbstractPipeline.java:499)
	at java.base/java.util.stream.ForEachOps$ForEachOp.evaluateSequential(ForEachOps.java:151)
	at java.base/java.util.stream.ForEachOps$ForEachOp$OfRef.evaluateSequential(ForEachOps.java:174)
	at java.base/java.util.stream.AbstractPipeline.evaluate(AbstractPipeline.java:234)
	at java.base/java.util.stream.ReferencePipeline.forEach(ReferencePipeline.java:596)
	at org.junit.jupiter.engine.descriptor.TestTemplateTestDescriptor.executeForProvider(TestTemplateTestDescriptor.java:114)
	at org.junit.jupiter.engine.descriptor.TestTemplateTestDescriptor.execute(TestTemplateTestDescriptor.java:103)
	at org.junit.jupiter.engine.descriptor.TestTemplateTestDescriptor.execute(TestTemplateTestDescriptor.java:43)
	at org.junit.platform.engine.support.hierarchical.NodeTestTask.lambda$executeRecursively$6(NodeTestTask.java:156)
	at org.junit.platform.engine.support.hierarchical.ThrowableCollector.execute(ThrowableCollector.java:73)
	at org.junit.platform.engine.support.hierarchical.NodeTestTask.lambda$executeRecursively$8(NodeTestTask.java:146)
	at org.junit.platform.engine.support.hierarchical.Node.around(Node.java:137)
	at org.junit.platform.engine.support.hierarchical.NodeTestTask.lambda$executeRecursively$9(NodeTestTask.java:144)
	at org.junit.platform.engine.support.hierarchical.ThrowableCollector.execute(ThrowableCollector.java:73)
	at org.junit.platform.engine.support.hierarchical.NodeTestTask.executeRecursively(NodeTestTask.java:143)
	at org.junit.platform.engine.support.hierarchical.NodeTestTask.execute(NodeTestTask.java:100)
	at java.base/java.util.ArrayList.forEach(ArrayList.java:1596)
	at org.junit.platform.engine.support.hierarchical.SameThreadHierarchicalTestExecutorService.invokeAll(SameThreadHierarchicalTestExecutorService.java:41)
	at org.junit.platform.engine.support.hierarchical.NodeTestTask.lambda$executeRecursively$6(NodeTestTask.java:160)
	at org.junit.platform.engine.support.hierarchical.ThrowableCollector.execute(ThrowableCollector.java:73)
	at org.junit.platform.engine.support.hierarchical.NodeTestTask.lambda$executeRecursively$8(NodeTestTask.java:146)
	at org.junit.platform.engine.support.hierarchical.Node.around(Node.java:137)
	at org.junit.platform.engine.support.hierarchical.NodeTestTask.lambda$executeRecursively$9(NodeTestTask.java:144)
	at org.junit.platform.engine.support.hierarchical.ThrowableCollector.execute(ThrowableCollector.java:73)
	at org.junit.platform.engine.support.hierarchical.NodeTestTask.executeRecursively(NodeTestTask.java:143)
	at org.junit.platform.engine.support.hierarchical.NodeTestTask.execute(NodeTestTask.java:100)
	at java.base/java.util.ArrayList.forEach(ArrayList.java:1596)
	at org.junit.platform.engine.support.hierarchical.SameThreadHierarchicalTestExecutorService.invokeAll(SameThreadHierarchicalTestExecutorService.java:41)
	at org.junit.platform.engine.support.hierarchical.NodeTestTask.lambda$executeRecursively$6(NodeTestTask.java:160)
	at org.junit.platform.engine.support.hierarchical.ThrowableCollector.execute(ThrowableCollector.java:73)
	at org.junit.platform.engine.support.hierarchical.NodeTestTask.lambda$executeRecursively$8(NodeTestTask.java:146)
	at org.junit.platform.engine.support.hierarchical.Node.around(Node.java:137)
	at org.junit.platform.engine.support.hierarchical.NodeTestTask.lambda$executeRecursively$9(NodeTestTask.java:144)
	at org.junit.platform.engine.support.hierarchical.ThrowableCollector.execute(ThrowableCollector.java:73)
	at org.junit.platform.engine.support.hierarchical.NodeTestTask.executeRecursively(NodeTestTask.java:143)
	at org.junit.platform.engine.support.hierarchical.NodeTestTask.execute(NodeTestTask.java:100)
	at org.junit.platform.engine.support.hierarchical.SameThreadHierarchicalTestExecutorService.submit(SameThreadHierarchicalTestExecutorService.java:35)
	at org.junit.platform.engine.support.hierarchical.HierarchicalTestExecutor.execute(HierarchicalTestExecutor.java:57)
	at org.junit.platform.engine.support.hierarchical.HierarchicalTestEngine.execute(HierarchicalTestEngine.java:54)
	at org.junit.platform.launcher.core.EngineExecutionOrchestrator.execute(EngineExecutionOrchestrator.java:201)
	at org.junit.platform.launcher.core.EngineExecutionOrchestrator.execute(EngineExecutionOrchestrator.java:170)
	at org.junit.platform.launcher.core.EngineExecutionOrchestrator.execute(EngineExecutionOrchestrator.java:94)
	at org.junit.platform.launcher.core.EngineExecutionOrchestrator.lambda$execute$0(EngineExecutionOrchestrator.java:59)
	at org.junit.platform.launcher.core.EngineExecutionOrchestrator.withInterceptedStreams(EngineExecutionOrchestrator.java:142)
	at org.junit.platform.launcher.core.EngineExecutionOrchestrator.execute(EngineExecutionOrchestrator.java:58)
	at org.junit.platform.launcher.core.DefaultLauncher.execute(DefaultLauncher.java:103)
	at org.junit.platform.launcher.core.DefaultLauncher.execute(DefaultLauncher.java:85)
	at org.junit.platform.launcher.core.DelegatingLauncher.execute(DelegatingLauncher.java:47)
	at org.junit.platform.launcher.core.InterceptingLauncher.lambda$execute$1(InterceptingLauncher.java:39)
	at org.junit.platform.launcher.core.ClasspathAlignmentCheckingLauncherInterceptor.intercept(ClasspathAlignmentCheckingLauncherInterceptor.java:25)
	at org.junit.platform.launcher.core.InterceptingLauncher.execute(InterceptingLauncher.java:38)
	at org.junit.platform.launcher.core.DelegatingLauncher.execute(DelegatingLauncher.java:47)
	at org.apache.maven.surefire.junitplatform.LauncherAdapter.executeWithoutCancellationToken(LauncherAdapter.java:60)
	at org.apache.maven.surefire.junitplatform.LauncherAdapter.execute(LauncherAdapter.java:52)
	at org.apache.maven.surefire.junitplatform.JUnitPlatformProvider.execute(JUnitPlatformProvider.java:203)
	at org.apache.maven.surefire.junitplatform.JUnitPlatformProvider.invokeAllTests(JUnitPlatformProvider.java:168)
	at org.apache.maven.surefire.junitplatform.JUnitPlatformProvider.invoke(JUnitPlatformProvider.java:136)
	at org.apache.maven.surefire.booter.ForkedBooter.runSuitesInProcess(ForkedBooter.java:385)
	at org.apache.maven.surefire.booter.ForkedBooter.execute(ForkedBooter.java:162)
	at org.apache.maven.surefire.booter.ForkedBooter.run(ForkedBooter.java:507)
	at org.apache.maven.surefire.booter.ForkedBooter.main(ForkedBooter.java:495)
12:27:15.118 [main] WARN com.agilityhub.core.shared.api.ApiExceptionHandler -- Framework request rejected status=404 code=NOT_FOUND traceId=21b80918-cdca-4d21-9b54-618b1d2aad52
12:27:15.120 [main] WARN com.agilityhub.core.shared.api.ApiExceptionHandler -- Framework request rejected status=503 code=INTERNAL_ERROR traceId=85990ab7-4729-4721-b605-a87ccc2f7a2f
12:27:15.173 [main] INFO org.springframework.mock.web.MockServletContext -- Initializing Spring TestDispatcherServlet ''
12:27:15.173 [main] INFO org.springframework.test.web.servlet.TestDispatcherServlet -- Initializing Servlet ''
12:27:15.173 [main] INFO org.springframework.test.web.servlet.TestDispatcherServlet -- Completed initialization in 0 ms
12:27:15.178 [main] ERROR com.agilityhub.core.shared.api.ApiExceptionHandler -- Unhandled request exception traceId=c88ff72a-3ef3-4548-83a0-71f84b5b5b7f
org.springframework.web.server.ResponseStatusException: 500 INTERNAL_SERVER_ERROR "private-body privacy@example.test"
	at com.agilityhub.core.configuration.SentryCaptureTest$Endpoints.framework(SentryCaptureTest.java:91)
	at java.base/jdk.internal.reflect.DirectMethodHandleAccessor.invoke(DirectMethodHandleAccessor.java:103)
	at java.base/java.lang.reflect.Method.invoke(Method.java:580)
	at org.springframework.web.method.support.InvocableHandlerMethod.doInvoke(InvocableHandlerMethod.java:258)
	at org.springframework.web.method.support.InvocableHandlerMethod.invokeForRequest(InvocableHandlerMethod.java:191)
	at org.springframework.web.servlet.mvc.method.annotation.ServletInvocableHandlerMethod.invokeAndHandle(ServletInvocableHandlerMethod.java:118)
	at org.springframework.web.servlet.mvc.method.annotation.RequestMappingHandlerAdapter.invokeHandlerMethod(RequestMappingHandlerAdapter.java:991)
	at org.springframework.web.servlet.mvc.method.annotation.RequestMappingHandlerAdapter.handleInternal(RequestMappingHandlerAdapter.java:896)
	at org.springframework.web.servlet.mvc.method.AbstractHandlerMethodAdapter.handle(AbstractHandlerMethodAdapter.java:87)
	at org.springframework.web.servlet.DispatcherServlet.doDispatch(DispatcherServlet.java:1089)
	at org.springframework.web.servlet.DispatcherServlet.doService(DispatcherServlet.java:979)
	at org.springframework.web.servlet.FrameworkServlet.processRequest(FrameworkServlet.java:1014)
	at org.springframework.web.servlet.FrameworkServlet.doGet(FrameworkServlet.java:903)
	at jakarta.servlet.http.HttpServlet.service(HttpServlet.java:564)
	at org.springframework.web.servlet.FrameworkServlet.service(FrameworkServlet.java:885)
	at org.springframework.test.web.servlet.TestDispatcherServlet.service(TestDispatcherServlet.java:72)
	at jakarta.servlet.http.HttpServlet.service(HttpServlet.java:658)
	at org.springframework.mock.web.MockFilterChain$ServletFilterProxy.doFilter(MockFilterChain.java:165)
	at org.springframework.mock.web.MockFilterChain.doFilter(MockFilterChain.java:132)
	at com.agilityhub.core.shared.api.RequestTraceFilter.doFilterInternal(RequestTraceFilter.java:43)
	at org.springframework.web.filter.OncePerRequestFilter.doFilter(OncePerRequestFilter.java:116)
	at org.springframework.mock.web.MockFilterChain.doFilter(MockFilterChain.java:132)
	at org.springframework.test.web.servlet.MockMvc.perform(MockMvc.java:201)
	at com.agilityhub.core.configuration.SentryCaptureTest.lambda$T_14_30_handled500ReachesTransportOnceWithResponseTraceAndNoPrivateData$4(SentryCaptureTest.java:55)
	at org.springframework.boot.test.context.runner.AbstractApplicationContextRunner.accept(AbstractApplicationContextRunner.java:469)
	at org.springframework.boot.test.context.runner.AbstractApplicationContextRunner.consumeAssertableContext(AbstractApplicationContextRunner.java:385)
	at org.springframework.boot.test.context.runner.AbstractApplicationContextRunner.lambda$run$0(AbstractApplicationContextRunner.java:363)
	at org.springframework.boot.test.util.TestPropertyValues.lambda$applyToSystemProperties$1(TestPropertyValues.java:174)
	at org.springframework.boot.test.util.TestPropertyValues.applyToSystemProperties(TestPropertyValues.java:188)
	at org.springframework.boot.test.util.TestPropertyValues.applyToSystemProperties(TestPropertyValues.java:173)
	at org.springframework.boot.test.context.runner.AbstractApplicationContextRunner.lambda$run$1(AbstractApplicationContextRunner.java:363)
	at org.springframework.boot.test.context.runner.AbstractApplicationContextRunner.withContextClassLoader(AbstractApplicationContextRunner.java:391)
	at org.springframework.boot.test.context.runner.AbstractApplicationContextRunner.run(AbstractApplicationContextRunner.java:362)
	at com.agilityhub.core.configuration.SentryCaptureTest.T_14_30_handled500ReachesTransportOnceWithResponseTraceAndNoPrivateData(SentryCaptureTest.java:52)
	at java.base/jdk.internal.reflect.DirectMethodHandleAccessor.invoke(DirectMethodHandleAccessor.java:103)
	at java.base/java.lang.reflect.Method.invoke(Method.java:580)
	at org.junit.platform.commons.util.ReflectionUtils.invokeMethod(ReflectionUtils.java:775)
	at org.junit.platform.commons.support.ReflectionSupport.invokeMethod(ReflectionSupport.java:479)
	at org.junit.jupiter.engine.execution.MethodInvocation.proceed(MethodInvocation.java:60)
	at org.junit.jupiter.engine.execution.InvocationInterceptorChain$ValidatingInvocation.proceed(InvocationInterceptorChain.java:131)
	at org.junit.jupiter.params.ArgumentCountValidator.interceptTestTemplateMethod(ArgumentCountValidator.java:45)
	at org.junit.jupiter.engine.execution.InterceptingExecutableInvoker$ReflectiveInterceptorCall.lambda$ofVoidMethod$0(InterceptingExecutableInvoker.java:112)
	at org.junit.jupiter.engine.execution.InterceptingExecutableInvoker.lambda$invoke$0(InterceptingExecutableInvoker.java:94)
	at org.junit.jupiter.engine.execution.InvocationInterceptorChain$InterceptedInvocation.proceed(InvocationInterceptorChain.java:106)
	at org.junit.jupiter.engine.extension.TimeoutExtension.intercept(TimeoutExtension.java:161)
	at org.junit.jupiter.engine.extension.TimeoutExtension.interceptTestableMethod(TimeoutExtension.java:152)
	at org.junit.jupiter.engine.extension.TimeoutExtension.interceptTestTemplateMethod(TimeoutExtension.java:99)
	at org.junit.jupiter.engine.execution.InterceptingExecutableInvoker$ReflectiveInterceptorCall.lambda$ofVoidMethod$0(InterceptingExecutableInvoker.java:112)
	at org.junit.jupiter.engine.execution.InterceptingExecutableInvoker.lambda$invoke$0(InterceptingExecutableInvoker.java:94)
	at org.junit.jupiter.engine.execution.InvocationInterceptorChain$InterceptedInvocation.proceed(InvocationInterceptorChain.java:106)
	at org.junit.jupiter.engine.execution.InvocationInterceptorChain.proceed(InvocationInterceptorChain.java:64)
	at org.junit.jupiter.engine.execution.InvocationInterceptorChain.chainAndInvoke(InvocationInterceptorChain.java:45)
	at org.junit.jupiter.engine.execution.InvocationInterceptorChain.invoke(InvocationInterceptorChain.java:37)
	at org.junit.jupiter.engine.execution.InterceptingExecutableInvoker.invoke(InterceptingExecutableInvoker.java:93)
	at org.junit.jupiter.engine.execution.InterceptingExecutableInvoker.invoke(InterceptingExecutableInvoker.java:87)
	at org.junit.jupiter.engine.descriptor.TestMethodTestDescriptor.lambda$invokeTestMethod$7(TestMethodTestDescriptor.java:216)
	at org.junit.platform.engine.support.hierarchical.ThrowableCollector.execute(ThrowableCollector.java:73)
	at org.junit.jupiter.engine.descriptor.TestMethodTestDescriptor.invokeTestMethod(TestMethodTestDescriptor.java:212)
	at org.junit.jupiter.engine.descriptor.TestMethodTestDescriptor.execute(TestMethodTestDescriptor.java:137)
	at org.junit.jupiter.engine.descriptor.TestMethodTestDescriptor.execute(TestMethodTestDescriptor.java:69)
	at org.junit.platform.engine.support.hierarchical.NodeTestTask.lambda$executeRecursively$6(NodeTestTask.java:156)
	at org.junit.platform.engine.support.hierarchical.ThrowableCollector.execute(ThrowableCollector.java:73)
	at org.junit.platform.engine.support.hierarchical.NodeTestTask.lambda$executeRecursively$8(NodeTestTask.java:146)
	at org.junit.platform.engine.support.hierarchical.Node.around(Node.java:137)
	at org.junit.platform.engine.support.hierarchical.NodeTestTask.lambda$executeRecursively$9(NodeTestTask.java:144)
	at org.junit.platform.engine.support.hierarchical.ThrowableCollector.execute(ThrowableCollector.java:73)
	at org.junit.platform.engine.support.hierarchical.NodeTestTask.executeRecursively(NodeTestTask.java:143)
	at org.junit.platform.engine.support.hierarchical.NodeTestTask.execute(NodeTestTask.java:100)
	at org.junit.platform.engine.support.hierarchical.SameThreadHierarchicalTestExecutorService.submit(SameThreadHierarchicalTestExecutorService.java:35)
	at org.junit.platform.engine.support.hierarchical.NodeTestTask$DefaultDynamicTestExecutor.execute(NodeTestTask.java:231)
	at org.junit.platform.engine.support.hierarchical.NodeTestTask$DefaultDynamicTestExecutor.execute(NodeTestTask.java:209)
	at org.junit.jupiter.engine.descriptor.TestTemplateTestDescriptor.execute(TestTemplateTestDescriptor.java:157)
	at org.junit.jupiter.engine.descriptor.TestTemplateTestDescriptor.lambda$executeForProvider$0(TestTemplateTestDescriptor.java:115)
	at java.base/java.util.Optional.ifPresent(Optional.java:178)
	at org.junit.jupiter.engine.descriptor.TestTemplateTestDescriptor.lambda$executeForProvider$1(TestTemplateTestDescriptor.java:115)
	at java.base/java.util.stream.ForEachOps$ForEachOp$OfRef.accept(ForEachOps.java:184)
	at java.base/java.util.stream.ReferencePipeline$3$1.accept(ReferencePipeline.java:197)
	at java.base/java.util.stream.ForEachOps$ForEachOp$OfRef.accept(ForEachOps.java:184)
	at java.base/java.util.ArrayList$ArrayListSpliterator.forEachRemaining(ArrayList.java:1708)
	at java.base/java.util.stream.ReferencePipeline$Head.forEach(ReferencePipeline.java:762)
	at java.base/java.util.stream.ReferencePipeline$7$1.accept(ReferencePipeline.java:276)
	at java.base/java.util.ArrayList$ArrayListSpliterator.forEachRemaining(ArrayList.java:1708)
	at java.base/java.util.stream.AbstractPipeline.copyInto(AbstractPipeline.java:509)
	at java.base/java.util.stream.AbstractPipeline.wrapAndCopyInto(AbstractPipeline.java:499)
	at java.base/java.util.stream.ForEachOps$ForEachOp.evaluateSequential(ForEachOps.java:151)
	at java.base/java.util.stream.ForEachOps$ForEachOp$OfRef.evaluateSequential(ForEachOps.java:174)
	at java.base/java.util.stream.AbstractPipeline.evaluate(AbstractPipeline.java:234)
	at java.base/java.util.stream.ReferencePipeline.forEach(ReferencePipeline.java:596)
	at java.base/java.util.stream.ReferencePipeline$7$1.accept(ReferencePipeline.java:276)
	at java.base/java.util.stream.ReferencePipeline$3$1.accept(ReferencePipeline.java:197)
	at java.base/java.util.stream.ReferencePipeline$3$1.accept(ReferencePipeline.java:197)
	at java.base/java.util.stream.ReferencePipeline$3$1.accept(ReferencePipeline.java:197)
	at java.base/java.util.ArrayList$ArrayListSpliterator.forEachRemaining(ArrayList.java:1708)
	at java.base/java.util.stream.AbstractPipeline.copyInto(AbstractPipeline.java:509)
	at java.base/java.util.stream.AbstractPipeline.wrapAndCopyInto(AbstractPipeline.java:499)
	at java.base/java.util.stream.ForEachOps$ForEachOp.evaluateSequential(ForEachOps.java:151)
	at java.base/java.util.stream.ForEachOps$ForEachOp$OfRef.evaluateSequential(ForEachOps.java:174)
	at java.base/java.util.stream.AbstractPipeline.evaluate(AbstractPipeline.java:234)
	at java.base/java.util.stream.ReferencePipeline.forEach(ReferencePipeline.java:596)
	at org.junit.jupiter.engine.descriptor.TestTemplateTestDescriptor.executeForProvider(TestTemplateTestDescriptor.java:114)
	at org.junit.jupiter.engine.descriptor.TestTemplateTestDescriptor.execute(TestTemplateTestDescriptor.java:103)
	at org.junit.jupiter.engine.descriptor.TestTemplateTestDescriptor.execute(TestTemplateTestDescriptor.java:43)
	at org.junit.platform.engine.support.hierarchical.NodeTestTask.lambda$executeRecursively$6(NodeTestTask.java:156)
	at org.junit.platform.engine.support.hierarchical.ThrowableCollector.execute(ThrowableCollector.java:73)
	at org.junit.platform.engine.support.hierarchical.NodeTestTask.lambda$executeRecursively$8(NodeTestTask.java:146)
	at org.junit.platform.engine.support.hierarchical.Node.around(Node.java:137)
	at org.junit.platform.engine.support.hierarchical.NodeTestTask.lambda$executeRecursively$9(NodeTestTask.java:144)
	at org.junit.platform.engine.support.hierarchical.ThrowableCollector.execute(ThrowableCollector.java:73)
	at org.junit.platform.engine.support.hierarchical.NodeTestTask.executeRecursively(NodeTestTask.java:143)
	at org.junit.platform.engine.support.hierarchical.NodeTestTask.execute(NodeTestTask.java:100)
	at java.base/java.util.ArrayList.forEach(ArrayList.java:1596)
	at org.junit.platform.engine.support.hierarchical.SameThreadHierarchicalTestExecutorService.invokeAll(SameThreadHierarchicalTestExecutorService.java:41)
	at org.junit.platform.engine.support.hierarchical.NodeTestTask.lambda$executeRecursively$6(NodeTestTask.java:160)
	at org.junit.platform.engine.support.hierarchical.ThrowableCollector.execute(ThrowableCollector.java:73)
	at org.junit.platform.engine.support.hierarchical.NodeTestTask.lambda$executeRecursively$8(NodeTestTask.java:146)
	at org.junit.platform.engine.support.hierarchical.Node.around(Node.java:137)
	at org.junit.platform.engine.support.hierarchical.NodeTestTask.lambda$executeRecursively$9(NodeTestTask.java:144)
	at org.junit.platform.engine.support.hierarchical.ThrowableCollector.execute(ThrowableCollector.java:73)
	at org.junit.platform.engine.support.hierarchical.NodeTestTask.executeRecursively(NodeTestTask.java:143)
	at org.junit.platform.engine.support.hierarchical.NodeTestTask.execute(NodeTestTask.java:100)
	at java.base/java.util.ArrayList.forEach(ArrayList.java:1596)
	at org.junit.platform.engine.support.hierarchical.SameThreadHierarchicalTestExecutorService.invokeAll(SameThreadHierarchicalTestExecutorService.java:41)
	at org.junit.platform.engine.support.hierarchical.NodeTestTask.lambda$executeRecursively$6(NodeTestTask.java:160)
	at org.junit.platform.engine.support.hierarchical.ThrowableCollector.execute(ThrowableCollector.java:73)
	at org.junit.platform.engine.support.hierarchical.NodeTestTask.lambda$executeRecursively$8(NodeTestTask.java:146)
	at org.junit.platform.engine.support.hierarchical.Node.around(Node.java:137)
	at org.junit.platform.engine.support.hierarchical.NodeTestTask.lambda$executeRecursively$9(NodeTestTask.java:144)
	at org.junit.platform.engine.support.hierarchical.ThrowableCollector.execute(ThrowableCollector.java:73)
	at org.junit.platform.engine.support.hierarchical.NodeTestTask.executeRecursively(NodeTestTask.java:143)
	at org.junit.platform.engine.support.hierarchical.NodeTestTask.execute(NodeTestTask.java:100)
	at org.junit.platform.engine.support.hierarchical.SameThreadHierarchicalTestExecutorService.submit(SameThreadHierarchicalTestExecutorService.java:35)
	at org.junit.platform.engine.support.hierarchical.HierarchicalTestExecutor.execute(HierarchicalTestExecutor.java:57)
	at org.junit.platform.engine.support.hierarchical.HierarchicalTestEngine.execute(HierarchicalTestEngine.java:54)
	at org.junit.platform.launcher.core.EngineExecutionOrchestrator.execute(EngineExecutionOrchestrator.java:201)
	at org.junit.platform.launcher.core.EngineExecutionOrchestrator.execute(EngineExecutionOrchestrator.java:170)
	at org.junit.platform.launcher.core.EngineExecutionOrchestrator.execute(EngineExecutionOrchestrator.java:94)
	at org.junit.platform.launcher.core.EngineExecutionOrchestrator.lambda$execute$0(EngineExecutionOrchestrator.java:59)
	at org.junit.platform.launcher.core.EngineExecutionOrchestrator.withInterceptedStreams(EngineExecutionOrchestrator.java:142)
	at org.junit.platform.launcher.core.EngineExecutionOrchestrator.execute(EngineExecutionOrchestrator.java:58)
	at org.junit.platform.launcher.core.DefaultLauncher.execute(DefaultLauncher.java:103)
	at org.junit.platform.launcher.core.DefaultLauncher.execute(DefaultLauncher.java:85)
	at org.junit.platform.launcher.core.DelegatingLauncher.execute(DelegatingLauncher.java:47)
	at org.junit.platform.launcher.core.InterceptingLauncher.lambda$execute$1(InterceptingLauncher.java:39)
	at org.junit.platform.launcher.core.ClasspathAlignmentCheckingLauncherInterceptor.intercept(ClasspathAlignmentCheckingLauncherInterceptor.java:25)
	at org.junit.platform.launcher.core.InterceptingLauncher.execute(InterceptingLauncher.java:38)
	at org.junit.platform.launcher.core.DelegatingLauncher.execute(DelegatingLauncher.java:47)
	at org.apache.maven.surefire.junitplatform.LauncherAdapter.executeWithoutCancellationToken(LauncherAdapter.java:60)
	at org.apache.maven.surefire.junitplatform.LauncherAdapter.execute(LauncherAdapter.java:52)
	at org.apache.maven.surefire.junitplatform.JUnitPlatformProvider.execute(JUnitPlatformProvider.java:203)
	at org.apache.maven.surefire.junitplatform.JUnitPlatformProvider.invokeAllTests(JUnitPlatformProvider.java:168)
	at org.apache.maven.surefire.junitplatform.JUnitPlatformProvider.invoke(JUnitPlatformProvider.java:136)
	at org.apache.maven.surefire.booter.ForkedBooter.runSuitesInProcess(ForkedBooter.java:385)
	at org.apache.maven.surefire.booter.ForkedBooter.execute(ForkedBooter.java:162)
	at org.apache.maven.surefire.booter.ForkedBooter.run(ForkedBooter.java:507)
	at org.apache.maven.surefire.booter.ForkedBooter.main(ForkedBooter.java:495)
12:27:15.181 [main] WARN com.agilityhub.core.shared.api.ApiExceptionHandler -- Framework request rejected status=404 code=NOT_FOUND traceId=5b3ebc6f-4c2f-4b8f-aeb4-f450b685732a
12:27:15.182 [main] WARN com.agilityhub.core.shared.api.ApiExceptionHandler -- Framework request rejected status=503 code=INTERNAL_ERROR traceId=b67c127c-d400-4411-9cfc-8cef0795fc6f
12:27:15.226 [main] INFO org.springframework.mock.web.MockServletContext -- Initializing Spring TestDispatcherServlet ''
12:27:15.226 [main] INFO org.springframework.test.web.servlet.TestDispatcherServlet -- Initializing Servlet ''
12:27:15.227 [main] INFO org.springframework.test.web.servlet.TestDispatcherServlet -- Completed initialization in 1 ms
12:27:15.230 [main] ERROR com.agilityhub.core.shared.api.ApiExceptionHandler -- Internal error answered traceId=0c47de14-1b52-4a96-98fb-8189a154b2f2
com.agilityhub.core.shared.domain.ApiException: INTERNAL_ERROR
	at com.agilityhub.core.configuration.SentryCaptureTest$Endpoints.answered(SentryCaptureTest.java:95)
	at java.base/jdk.internal.reflect.DirectMethodHandleAccessor.invoke(DirectMethodHandleAccessor.java:103)
	at java.base/java.lang.reflect.Method.invoke(Method.java:580)
	at org.springframework.web.method.support.InvocableHandlerMethod.doInvoke(InvocableHandlerMethod.java:258)
	at org.springframework.web.method.support.InvocableHandlerMethod.invokeForRequest(InvocableHandlerMethod.java:191)
	at org.springframework.web.servlet.mvc.method.annotation.ServletInvocableHandlerMethod.invokeAndHandle(ServletInvocableHandlerMethod.java:118)
	at org.springframework.web.servlet.mvc.method.annotation.RequestMappingHandlerAdapter.invokeHandlerMethod(RequestMappingHandlerAdapter.java:991)
	at org.springframework.web.servlet.mvc.method.annotation.RequestMappingHandlerAdapter.handleInternal(RequestMappingHandlerAdapter.java:896)
	at org.springframework.web.servlet.mvc.method.AbstractHandlerMethodAdapter.handle(AbstractHandlerMethodAdapter.java:87)
	at org.springframework.web.servlet.DispatcherServlet.doDispatch(DispatcherServlet.java:1089)
	at org.springframework.web.servlet.DispatcherServlet.doService(DispatcherServlet.java:979)
	at org.springframework.web.servlet.FrameworkServlet.processRequest(FrameworkServlet.java:1014)
	at org.springframework.web.servlet.FrameworkServlet.doGet(FrameworkServlet.java:903)
	at jakarta.servlet.http.HttpServlet.service(HttpServlet.java:564)
	at org.springframework.web.servlet.FrameworkServlet.service(FrameworkServlet.java:885)
	at org.springframework.test.web.servlet.TestDispatcherServlet.service(TestDispatcherServlet.java:72)
	at jakarta.servlet.http.HttpServlet.service(HttpServlet.java:658)
	at org.springframework.mock.web.MockFilterChain$ServletFilterProxy.doFilter(MockFilterChain.java:165)
	at org.springframework.mock.web.MockFilterChain.doFilter(MockFilterChain.java:132)
	at com.agilityhub.core.shared.api.RequestTraceFilter.doFilterInternal(RequestTraceFilter.java:43)
	at org.springframework.web.filter.OncePerRequestFilter.doFilter(OncePerRequestFilter.java:116)
	at org.springframework.mock.web.MockFilterChain.doFilter(MockFilterChain.java:132)
	at org.springframework.test.web.servlet.MockMvc.perform(MockMvc.java:201)
	at com.agilityhub.core.configuration.SentryCaptureTest.lambda$T_14_30_handled500ReachesTransportOnceWithResponseTraceAndNoPrivateData$4(SentryCaptureTest.java:55)
	at org.springframework.boot.test.context.runner.AbstractApplicationContextRunner.accept(AbstractApplicationContextRunner.java:469)
	at org.springframework.boot.test.context.runner.AbstractApplicationContextRunner.consumeAssertableContext(AbstractApplicationContextRunner.java:385)
	at org.springframework.boot.test.context.runner.AbstractApplicationContextRunner.lambda$run$0(AbstractApplicationContextRunner.java:363)
	at org.springframework.boot.test.util.TestPropertyValues.lambda$applyToSystemProperties$1(TestPropertyValues.java:174)
	at org.springframework.boot.test.util.TestPropertyValues.applyToSystemProperties(TestPropertyValues.java:188)
	at org.springframework.boot.test.util.TestPropertyValues.applyToSystemProperties(TestPropertyValues.java:173)
	at org.springframework.boot.test.context.runner.AbstractApplicationContextRunner.lambda$run$1(AbstractApplicationContextRunner.java:363)
	at org.springframework.boot.test.context.runner.AbstractApplicationContextRunner.withContextClassLoader(AbstractApplicationContextRunner.java:391)
	at org.springframework.boot.test.context.runner.AbstractApplicationContextRunner.run(AbstractApplicationContextRunner.java:362)
	at com.agilityhub.core.configuration.SentryCaptureTest.T_14_30_handled500ReachesTransportOnceWithResponseTraceAndNoPrivateData(SentryCaptureTest.java:52)
	at java.base/jdk.internal.reflect.DirectMethodHandleAccessor.invoke(DirectMethodHandleAccessor.java:103)
	at java.base/java.lang.reflect.Method.invoke(Method.java:580)
	at org.junit.platform.commons.util.ReflectionUtils.invokeMethod(ReflectionUtils.java:775)
	at org.junit.platform.commons.support.ReflectionSupport.invokeMethod(ReflectionSupport.java:479)
	at org.junit.jupiter.engine.execution.MethodInvocation.proceed(MethodInvocation.java:60)
	at org.junit.jupiter.engine.execution.InvocationInterceptorChain$ValidatingInvocation.proceed(InvocationInterceptorChain.java:131)
	at org.junit.jupiter.params.ArgumentCountValidator.interceptTestTemplateMethod(ArgumentCountValidator.java:45)
	at org.junit.jupiter.engine.execution.InterceptingExecutableInvoker$ReflectiveInterceptorCall.lambda$ofVoidMethod$0(InterceptingExecutableInvoker.java:112)
	at org.junit.jupiter.engine.execution.InterceptingExecutableInvoker.lambda$invoke$0(InterceptingExecutableInvoker.java:94)
	at org.junit.jupiter.engine.execution.InvocationInterceptorChain$InterceptedInvocation.proceed(InvocationInterceptorChain.java:106)
	at org.junit.jupiter.engine.extension.TimeoutExtension.intercept(TimeoutExtension.java:161)
	at org.junit.jupiter.engine.extension.TimeoutExtension.interceptTestableMethod(TimeoutExtension.java:152)
	at org.junit.jupiter.engine.extension.TimeoutExtension.interceptTestTemplateMethod(TimeoutExtension.java:99)
	at org.junit.jupiter.engine.execution.InterceptingExecutableInvoker$ReflectiveInterceptorCall.lambda$ofVoidMethod$0(InterceptingExecutableInvoker.java:112)
	at org.junit.jupiter.engine.execution.InterceptingExecutableInvoker.lambda$invoke$0(InterceptingExecutableInvoker.java:94)
	at org.junit.jupiter.engine.execution.InvocationInterceptorChain$InterceptedInvocation.proceed(InvocationInterceptorChain.java:106)
	at org.junit.jupiter.engine.execution.InvocationInterceptorChain.proceed(InvocationInterceptorChain.java:64)
	at org.junit.jupiter.engine.execution.InvocationInterceptorChain.chainAndInvoke(InvocationInterceptorChain.java:45)
	at org.junit.jupiter.engine.execution.InvocationInterceptorChain.invoke(InvocationInterceptorChain.java:37)
	at org.junit.jupiter.engine.execution.InterceptingExecutableInvoker.invoke(InterceptingExecutableInvoker.java:93)
	at org.junit.jupiter.engine.execution.InterceptingExecutableInvoker.invoke(InterceptingExecutableInvoker.java:87)
	at org.junit.jupiter.engine.descriptor.TestMethodTestDescriptor.lambda$invokeTestMethod$7(TestMethodTestDescriptor.java:216)
	at org.junit.platform.engine.support.hierarchical.ThrowableCollector.execute(ThrowableCollector.java:73)
	at org.junit.jupiter.engine.descriptor.TestMethodTestDescriptor.invokeTestMethod(TestMethodTestDescriptor.java:212)
	at org.junit.jupiter.engine.descriptor.TestMethodTestDescriptor.execute(TestMethodTestDescriptor.java:137)
	at org.junit.jupiter.engine.descriptor.TestMethodTestDescriptor.execute(TestMethodTestDescriptor.java:69)
	at org.junit.platform.engine.support.hierarchical.NodeTestTask.lambda$executeRecursively$6(NodeTestTask.java:156)
	at org.junit.platform.engine.support.hierarchical.ThrowableCollector.execute(ThrowableCollector.java:73)
	at org.junit.platform.engine.support.hierarchical.NodeTestTask.lambda$executeRecursively$8(NodeTestTask.java:146)
	at org.junit.platform.engine.support.hierarchical.Node.around(Node.java:137)
	at org.junit.platform.engine.support.hierarchical.NodeTestTask.lambda$executeRecursively$9(NodeTestTask.java:144)
	at org.junit.platform.engine.support.hierarchical.ThrowableCollector.execute(ThrowableCollector.java:73)
	at org.junit.platform.engine.support.hierarchical.NodeTestTask.executeRecursively(NodeTestTask.java:143)
	at org.junit.platform.engine.support.hierarchical.NodeTestTask.execute(NodeTestTask.java:100)
	at org.junit.platform.engine.support.hierarchical.SameThreadHierarchicalTestExecutorService.submit(SameThreadHierarchicalTestExecutorService.java:35)
	at org.junit.platform.engine.support.hierarchical.NodeTestTask$DefaultDynamicTestExecutor.execute(NodeTestTask.java:231)
	at org.junit.platform.engine.support.hierarchical.NodeTestTask$DefaultDynamicTestExecutor.execute(NodeTestTask.java:209)
	at org.junit.jupiter.engine.descriptor.TestTemplateTestDescriptor.execute(TestTemplateTestDescriptor.java:157)
	at org.junit.jupiter.engine.descriptor.TestTemplateTestDescriptor.lambda$executeForProvider$0(TestTemplateTestDescriptor.java:115)
	at java.base/java.util.Optional.ifPresent(Optional.java:178)
	at org.junit.jupiter.engine.descriptor.TestTemplateTestDescriptor.lambda$executeForProvider$1(TestTemplateTestDescriptor.java:115)
	at java.base/java.util.stream.ForEachOps$ForEachOp$OfRef.accept(ForEachOps.java:184)
	at java.base/java.util.stream.ReferencePipeline$3$1.accept(ReferencePipeline.java:197)
	at java.base/java.util.stream.ForEachOps$ForEachOp$OfRef.accept(ForEachOps.java:184)
	at java.base/java.util.ArrayList$ArrayListSpliterator.forEachRemaining(ArrayList.java:1708)
	at java.base/java.util.stream.ReferencePipeline$Head.forEach(ReferencePipeline.java:762)
	at java.base/java.util.stream.ReferencePipeline$7$1.accept(ReferencePipeline.java:276)
	at java.base/java.util.ArrayList$ArrayListSpliterator.forEachRemaining(ArrayList.java:1708)
	at java.base/java.util.stream.AbstractPipeline.copyInto(AbstractPipeline.java:509)
	at java.base/java.util.stream.AbstractPipeline.wrapAndCopyInto(AbstractPipeline.java:499)
	at java.base/java.util.stream.ForEachOps$ForEachOp.evaluateSequential(ForEachOps.java:151)
	at java.base/java.util.stream.ForEachOps$ForEachOp$OfRef.evaluateSequential(ForEachOps.java:174)
	at java.base/java.util.stream.AbstractPipeline.evaluate(AbstractPipeline.java:234)
	at java.base/java.util.stream.ReferencePipeline.forEach(ReferencePipeline.java:596)
	at java.base/java.util.stream.ReferencePipeline$7$1.accept(ReferencePipeline.java:276)
	at java.base/java.util.stream.ReferencePipeline$3$1.accept(ReferencePipeline.java:197)
	at java.base/java.util.stream.ReferencePipeline$3$1.accept(ReferencePipeline.java:197)
	at java.base/java.util.stream.ReferencePipeline$3$1.accept(ReferencePipeline.java:197)
	at java.base/java.util.ArrayList$ArrayListSpliterator.forEachRemaining(ArrayList.java:1708)
	at java.base/java.util.stream.AbstractPipeline.copyInto(AbstractPipeline.java:509)
	at java.base/java.util.stream.AbstractPipeline.wrapAndCopyInto(AbstractPipeline.java:499)
	at java.base/java.util.stream.ForEachOps$ForEachOp.evaluateSequential(ForEachOps.java:151)
	at java.base/java.util.stream.ForEachOps$ForEachOp$OfRef.evaluateSequential(ForEachOps.java:174)
	at java.base/java.util.stream.AbstractPipeline.evaluate(AbstractPipeline.java:234)
	at java.base/java.util.stream.ReferencePipeline.forEach(ReferencePipeline.java:596)
	at org.junit.jupiter.engine.descriptor.TestTemplateTestDescriptor.executeForProvider(TestTemplateTestDescriptor.java:114)
	at org.junit.jupiter.engine.descriptor.TestTemplateTestDescriptor.execute(TestTemplateTestDescriptor.java:103)
	at org.junit.jupiter.engine.descriptor.TestTemplateTestDescriptor.execute(TestTemplateTestDescriptor.java:43)
	at org.junit.platform.engine.support.hierarchical.NodeTestTask.lambda$executeRecursively$6(NodeTestTask.java:156)
	at org.junit.platform.engine.support.hierarchical.ThrowableCollector.execute(ThrowableCollector.java:73)
	at org.junit.platform.engine.support.hierarchical.NodeTestTask.lambda$executeRecursively$8(NodeTestTask.java:146)
	at org.junit.platform.engine.support.hierarchical.Node.around(Node.java:137)
	at org.junit.platform.engine.support.hierarchical.NodeTestTask.lambda$executeRecursively$9(NodeTestTask.java:144)
	at org.junit.platform.engine.support.hierarchical.ThrowableCollector.execute(ThrowableCollector.java:73)
	at org.junit.platform.engine.support.hierarchical.NodeTestTask.executeRecursively(NodeTestTask.java:143)
	at org.junit.platform.engine.support.hierarchical.NodeTestTask.execute(NodeTestTask.java:100)
	at java.base/java.util.ArrayList.forEach(ArrayList.java:1596)
	at org.junit.platform.engine.support.hierarchical.SameThreadHierarchicalTestExecutorService.invokeAll(SameThreadHierarchicalTestExecutorService.java:41)
	at org.junit.platform.engine.support.hierarchical.NodeTestTask.lambda$executeRecursively$6(NodeTestTask.java:160)
	at org.junit.platform.engine.support.hierarchical.ThrowableCollector.execute(ThrowableCollector.java:73)
	at org.junit.platform.engine.support.hierarchical.NodeTestTask.lambda$executeRecursively$8(NodeTestTask.java:146)
	at org.junit.platform.engine.support.hierarchical.Node.around(Node.java:137)
	at org.junit.platform.engine.support.hierarchical.NodeTestTask.lambda$executeRecursively$9(NodeTestTask.java:144)
	at org.junit.platform.engine.support.hierarchical.ThrowableCollector.execute(ThrowableCollector.java:73)
	at org.junit.platform.engine.support.hierarchical.NodeTestTask.executeRecursively(NodeTestTask.java:143)
	at org.junit.platform.engine.support.hierarchical.NodeTestTask.execute(NodeTestTask.java:100)
	at java.base/java.util.ArrayList.forEach(ArrayList.java:1596)
	at org.junit.platform.engine.support.hierarchical.SameThreadHierarchicalTestExecutorService.invokeAll(SameThreadHierarchicalTestExecutorService.java:41)
	at org.junit.platform.engine.support.hierarchical.NodeTestTask.lambda$executeRecursively$6(NodeTestTask.java:160)
	at org.junit.platform.engine.support.hierarchical.ThrowableCollector.execute(ThrowableCollector.java:73)
	at org.junit.platform.engine.support.hierarchical.NodeTestTask.lambda$executeRecursively$8(NodeTestTask.java:146)
	at org.junit.platform.engine.support.hierarchical.Node.around(Node.java:137)
	at org.junit.platform.engine.support.hierarchical.NodeTestTask.lambda$executeRecursively$9(NodeTestTask.java:144)
	at org.junit.platform.engine.support.hierarchical.ThrowableCollector.execute(ThrowableCollector.java:73)
	at org.junit.platform.engine.support.hierarchical.NodeTestTask.executeRecursively(NodeTestTask.java:143)
	at org.junit.platform.engine.support.hierarchical.NodeTestTask.execute(NodeTestTask.java:100)
	at org.junit.platform.engine.support.hierarchical.SameThreadHierarchicalTestExecutorService.submit(SameThreadHierarchicalTestExecutorService.java:35)
	at org.junit.platform.engine.support.hierarchical.HierarchicalTestExecutor.execute(HierarchicalTestExecutor.java:57)
	at org.junit.platform.engine.support.hierarchical.HierarchicalTestEngine.execute(HierarchicalTestEngine.java:54)
	at org.junit.platform.launcher.core.EngineExecutionOrchestrator.execute(EngineExecutionOrchestrator.java:201)
	at org.junit.platform.launcher.core.EngineExecutionOrchestrator.execute(EngineExecutionOrchestrator.java:170)
	at org.junit.platform.launcher.core.EngineExecutionOrchestrator.execute(EngineExecutionOrchestrator.java:94)
	at org.junit.platform.launcher.core.EngineExecutionOrchestrator.lambda$execute$0(EngineExecutionOrchestrator.java:59)
	at org.junit.platform.launcher.core.EngineExecutionOrchestrator.withInterceptedStreams(EngineExecutionOrchestrator.java:142)
	at org.junit.platform.launcher.core.EngineExecutionOrchestrator.execute(EngineExecutionOrchestrator.java:58)
	at org.junit.platform.launcher.core.DefaultLauncher.execute(DefaultLauncher.java:103)
	at org.junit.platform.launcher.core.DefaultLauncher.execute(DefaultLauncher.java:85)
	at org.junit.platform.launcher.core.DelegatingLauncher.execute(DelegatingLauncher.java:47)
	at org.junit.platform.launcher.core.InterceptingLauncher.lambda$execute$1(InterceptingLauncher.java:39)
	at org.junit.platform.launcher.core.ClasspathAlignmentCheckingLauncherInterceptor.intercept(ClasspathAlignmentCheckingLauncherInterceptor.java:25)
	at org.junit.platform.launcher.core.InterceptingLauncher.execute(InterceptingLauncher.java:38)
	at org.junit.platform.launcher.core.DelegatingLauncher.execute(DelegatingLauncher.java:47)
	at org.apache.maven.surefire.junitplatform.LauncherAdapter.executeWithoutCancellationToken(LauncherAdapter.java:60)
	at org.apache.maven.surefire.junitplatform.LauncherAdapter.execute(LauncherAdapter.java:52)
	at org.apache.maven.surefire.junitplatform.JUnitPlatformProvider.execute(JUnitPlatformProvider.java:203)
	at org.apache.maven.surefire.junitplatform.JUnitPlatformProvider.invokeAllTests(JUnitPlatformProvider.java:168)
	at org.apache.maven.surefire.junitplatform.JUnitPlatformProvider.invoke(JUnitPlatformProvider.java:136)
	at org.apache.maven.surefire.booter.ForkedBooter.runSuitesInProcess(ForkedBooter.java:385)
	at org.apache.maven.surefire.booter.ForkedBooter.execute(ForkedBooter.java:162)
	at org.apache.maven.surefire.booter.ForkedBooter.run(ForkedBooter.java:507)
	at org.apache.maven.surefire.booter.ForkedBooter.main(ForkedBooter.java:495)
Caused by: java.lang.IllegalStateException: private-body privacy@example.test
	... 155 common frames omitted
12:27:15.234 [main] WARN com.agilityhub.core.shared.api.ApiExceptionHandler -- Framework request rejected status=404 code=NOT_FOUND traceId=839ad71d-f2bc-4627-a9bd-fbc9db4e12da
12:27:15.235 [main] WARN com.agilityhub.core.shared.api.ApiExceptionHandler -- Framework request rejected status=503 code=INTERNAL_ERROR traceId=d23a2c5e-7c2f-47ea-8ded-36e032e639bf
12:27:16.160 [main] WARN org.springframework.context.annotation.AnnotationConfigApplicationContext -- Exception encountered during context initialization - cancelling refresh attempt: org.springframework.beans.factory.UnsatisfiedDependencyException: Error creating bean with name 'registeredClients' defined in com.agilityhub.core.configuration.OidcClientConfiguration: Unsatisfied dependency expressed through method 'registeredClients' parameter 0: Error creating bean with name 'core.oidc-com.agilityhub.core.configuration.OidcClientConfiguration$Properties': Could not bind properties to 'OidcClientConfiguration.Properties' : prefix=core.oidc, ignoreInvalidFields=false, ignoreUnknownFields=true
12:27:16.174 [main] WARN org.springframework.context.annotation.AnnotationConfigApplicationContext -- Exception encountered during context initialization - cancelling refresh attempt: org.springframework.beans.factory.BeanCreationException: Error creating bean with name 'registeredClients' defined in com.agilityhub.core.configuration.OidcClientConfiguration: Failed to instantiate [org.springframework.security.oauth2.server.authorization.client.RegisteredClientRepository]: Factory method 'registeredClients' threw exception with message: OIDC tokenDelivery is required
12:27:16.183 [main] INFO com.tngtech.archunit.core.PluginLoader -- Detected Java version 21.0.12.1
12:27:19.065 [main] INFO org.springframework.mock.web.MockServletContext -- Initializing Spring TestDispatcherServlet ''
12:27:19.065 [main] INFO org.springframework.test.web.servlet.TestDispatcherServlet -- Initializing Servlet ''
12:27:19.065 [main] INFO org.springframework.test.web.servlet.TestDispatcherServlet -- Completed initialization in 0 ms
12:27:19.148 [main] INFO org.springframework.mock.web.MockServletContext -- Initializing Spring TestDispatcherServlet ''
12:27:19.148 [main] INFO org.springframework.test.web.servlet.TestDispatcherServlet -- Initializing Servlet ''
12:27:19.148 [main] INFO org.springframework.test.web.servlet.TestDispatcherServlet -- Completed initialization in 0 ms
12:27:19.182 [main] INFO org.springframework.mock.web.MockServletContext -- Initializing Spring TestDispatcherServlet ''
12:27:19.182 [main] INFO org.springframework.test.web.servlet.TestDispatcherServlet -- Initializing Servlet ''
12:27:19.182 [main] INFO org.springframework.test.web.servlet.TestDispatcherServlet -- Completed initialization in 0 ms
12:27:19.205 [main] INFO org.springframework.mock.web.MockServletContext -- Initializing Spring TestDispatcherServlet ''
12:27:19.205 [main] INFO org.springframework.test.web.servlet.TestDispatcherServlet -- Initializing Servlet ''
12:27:19.206 [main] INFO org.springframework.test.web.servlet.TestDispatcherServlet -- Completed initialization in 1 ms
12:27:19.230 [main] INFO org.springframework.mock.web.MockServletContext -- Initializing Spring TestDispatcherServlet ''
12:27:19.230 [main] INFO org.springframework.test.web.servlet.TestDispatcherServlet -- Initializing Servlet ''
12:27:19.230 [main] INFO org.springframework.test.web.servlet.TestDispatcherServlet -- Completed initialization in 0 ms
12:27:19.255 [main] INFO org.springframework.mock.web.MockServletContext -- Initializing Spring TestDispatcherServlet ''
12:27:19.255 [main] INFO org.springframework.test.web.servlet.TestDispatcherServlet -- Initializing Servlet ''
12:27:19.255 [main] INFO org.springframework.test.web.servlet.TestDispatcherServlet -- Completed initialization in 0 ms
12:27:19.276 [main] INFO org.springframework.mock.web.MockServletContext -- Initializing Spring TestDispatcherServlet ''
12:27:19.276 [main] INFO org.springframework.test.web.servlet.TestDispatcherServlet -- Initializing Servlet ''
12:27:19.276 [main] INFO org.springframework.test.web.servlet.TestDispatcherServlet -- Completed initialization in 0 ms
12:27:19.294 [main] INFO org.springframework.mock.web.MockServletContext -- Initializing Spring TestDispatcherServlet ''
12:27:19.294 [main] INFO org.springframework.test.web.servlet.TestDispatcherServlet -- Initializing Servlet ''
12:27:19.294 [main] INFO org.springframework.test.web.servlet.TestDispatcherServlet -- Completed initialization in 0 ms
12:27:20.683 [main] WARN com.agilityhub.core.payments.application.PaymentRetryPolicy -- Charge awaiting webhook recovery exhausted: eventId=op-1 traceId=7f6a3815-c5e5-46ab-8507-1748b0272b87
12:27:20.683 [main] WARN com.agilityhub.core.payments.application.PaymentRetryPolicy -- Payment operation recovery exhausted: eventId=op-1 traceId=4402030f-c145-4430-a0f9-e7ea0e44dc28
12:27:20.953 [main] WARN com.agilityhub.core.payments.application.CheckoutService -- Provider expiry failed: checkoutSessionId=session clubId=club error=com.agilityhub.core.shared.domain.ApiException
12:27:20.954 [main] WARN com.agilityhub.core.payments.application.CheckoutService -- Provider expiry failed: checkoutSessionId=session clubId=club error=com.agilityhub.core.shared.domain.ApiException
12:27:20.955 [main] WARN com.agilityhub.core.payments.application.CheckoutService -- Provider expiry failed: checkoutSessionId=session clubId=club error=com.agilityhub.core.shared.domain.ApiException
Fake provider webhook delivered: payment_intent.succeeded
12:27:21.853 [main] WARN com.agilityhub.core.payments.application.PaymentRetryPolicy -- Payment operation recovery exhausted: eventId=op-1 traceId=442a6f9a-48f5-4b8f-a0bc-ab6cb1412a71
12:27:21.854 [main] WARN com.agilityhub.core.payments.application.PaymentRetryPolicy -- Refund reconciliation status=failed: eventId=re_1 traceId=101c9749-8529-47f5-825f-57ec0f171055
Fake provider webhook delivered: payment_intent.succeeded
12:27:21.934 [main] WARN com.agilityhub.core.payments.application.CheckoutService -- Checkout abandonment failed after a provider call failure: checkoutSessionId=session-1 clubId=club-a error=java.lang.IllegalStateException
12:27:21.938 [main] WARN com.agilityhub.core.payments.application.CheckoutService -- Late provider completion to refund: the signup checkout had expired checkoutSessionId=session-1 bookingId=null providerPaymentId=pi_1 clubId=club-a
12:27:21.939 [main] WARN com.agilityhub.core.payments.application.CheckoutService -- Late provider completion to refund: the checkout deadline passed checkoutSessionId=session-1 bookingId=booking-1 providerPaymentId=pi_1 clubId=club-a
Fake provider completion delivered: checkoutSessionId=cs_fake_1
12:27:22.390 [main] WARN com.agilityhub.core.payments.application.sepa.SepaRemittanceWriter -- Unknown remittance commit: storageKey=remittances/club-a/2026-09/canic-2026-09-1-unknown-attempt.xml traceId=trace-e8-t08
12:27:22.394 [main] WARN com.agilityhub.core.payments.application.sepa.SepaRemittanceWriter -- Unknown remittance commit: storageKey=remittances/club-a/2026-09/canic-2026-09-1-unknown-attempt.xml traceId=trace-e8-t08
12:27:22.452 [main] WARN com.agilityhub.core.payments.application.sepa.SepaRemittanceWriter -- Remittance file was not deleted: storageKey=remittances/club-a/2026-09/canic-2026-09-1-remittance-11.xml traceId=null
12:27:22.461 [main] WARN com.agilityhub.core.payments.application.sepa.SepaRemittanceWriter -- Remittance canic-2026-09-1 of run run-1: pain.008 invalid at line 55, column 55
12:27:22.464 [main] WARN com.agilityhub.core.payments.application.sepa.SepaRemittanceWriter -- Unknown remittance commit: storageKey=remittances/club-a/2026-09/canic-2026-09-1-unknown-unavailable.xml traceId=null
12:27:22.464 [main] WARN com.agilityhub.core.payments.application.sepa.SepaRemittanceWriter -- Remittance commit could not be checked: storageKey=remittances/club-a/2026-09/canic-2026-09-1-unknown-unavailable.xml traceId=null
E6-T03 N-22 ca: Nota nova de l'alumne | Marc Example (alumne) ha escrit o canviat la nota als instructors de Toby.
E6-T03 N-22 es: Nota nueva del alumno | Marc Example (alumno) ha escrito o cambiado la nota para los instructores sobre Toby.
E6-T03 N-22 ca: Nota nova de l'alumna | Laura Example (alumna) ha escrit o canviat la nota als instructors de Duna.
E6-T03 N-22 en: New note from a student | Marc Example (student) wrote or changed the note to the instructors about Toby.
E6-T03 N-20 ca: Tasca nova per a Duna | Estel t'ha posat una tasca per a Duna: «Practiqueu el balancí amb calma»
E6-T03 N-20 es: Nueva tarea para Duna | Estel te ha puesto una tarea para Duna: «Practiqueu el balancí amb calma»
E6-T03 N-20 en: New task for Duna | Estel set you a task for Duna: “Practiqueu el balancí amb calma”
E6-T03 N-21 ca: Tasca completada | La tasca de Duna (Laura Example, alumna) ja és feta: «Practiqueu el balancí»
E6-T03 N-21 es: Tarea completada | La tarea de Duna (Laura Example, alumna) ya está hecha: «Practiqueu el balancí»
E6-T03 N-21 en: Task completed | The task for Duna (Laura Example, student) is done: “Practiqueu el balancí”
E6-T04 N-19 ca: T'hem trobat a faltar | Dilluns, 12 d’octubre de 2026 no vas poder venir a la classe de A+B. Recorda que pots anul·lar des de l'app fins a última hora: així pot aprofitar la classe algú altre. La sessió compta dins el teu còmput.
E6-T04 N-19 es: Te hemos echado de menos | Lunes, 12 de octubre de 2026 no pudiste venir a la clase de A+B. Recuerda que puedes anular desde la app hasta última hora: así otra persona puede aprovechar la clase. La sesión cuenta en tu cómputo.
E6-T04 N-19 en: We missed you | On Monday, October 12, 2026 you couldn't make it to the A+B class. Remember you can cancel from the app right up to the last minute, so someone else can use the class. The session still counts towards your total.
12:27:26.434 [main] WARN com.agilityhub.core.clubs.common.application.ExportWorker -- Export poll failed for club club-a
12:27:26.435 [main] WARN com.agilityhub.core.clubs.common.application.ExportWorker -- Export attempt failed for job null (attempt 0)
12:27:26.435 [main] WARN com.agilityhub.core.clubs.common.application.ExportWorker -- Export attempt failed for job null (attempt 0)
Finished activities: 0
Finished activities: 0
Finished activities: 0
12:27:28.875 [main] WARN com.agilityhub.core.clubs.messaging.application.TemplateUpgrade -- Message templates of a club not brought up to date club=a-broken-config error=IllegalStateException
12:27:28.875 [main] WARN com.agilityhub.core.clubs.messaging.application.TemplateUpgrade -- Message templates of a club not brought up to date club=b-broken-templates error=IllegalArgumentException
12:27:28.876 [main] WARN com.agilityhub.core.clubs.messaging.application.TemplateUpgrade -- Message template not brought up to date club=club template=t-N-09 error=IllegalStateException
12:27:28.877 [main] WARN com.agilityhub.core.clubs.messaging.application.TemplateUpgrade -- Message templates of a club not brought up to date club=a-broken-config error=IllegalStateException
12:27:28.877 [main] WARN com.agilityhub.core.clubs.messaging.application.TemplateUpgrade -- Message templates of a club not brought up to date club=b-broken-templates error=IllegalArgumentException
12:27:28.877 [main] WARN com.agilityhub.core.clubs.messaging.application.TemplateUpgrade -- Message template not brought up to date club=club template=t-N-09 error=IllegalStateException
12:27:28.877 [main] INFO com.agilityhub.core.clubs.messaging.application.TemplateUpgrade -- Message templates brought up to date: 0 took the current seed, 1 edited ones corrected, 1 failed, 2 clubs failed
12:27:28.878 [main] WARN com.agilityhub.core.clubs.messaging.application.TemplateUpgrade -- Message templates not brought up to date error=IllegalStateException
12:27:28.878 [main] WARN com.agilityhub.core.clubs.messaging.application.TemplateUpgrade -- Message template not brought up to date club=club template=t-N-02 error=ApiException
12:27:29.153 [main] INFO com.agilityhub.core.clubs.messaging.application.integrations.LogSmsSender -- SMS accepted locally ref=log-2becbc2f-f073-464d-95fa-738243117ece notificationId=notification-a length=47
T-11-05 snapshot ca: 51 seeded codes, 20 staff texts
T-11-05 snapshot es: 51 seeded codes, 20 staff texts
T-11-05 snapshot en: 51 seeded codes, 20 staff texts
12:27:30.074 [main] WARN com.agilityhub.core.clubs.messaging.application.engine.TemplateRenderer -- Notification template of N-01 has no value for has_upfront
12:27:30.079 [main] WARN com.agilityhub.core.clubs.messaging.application.engine.TemplateRenderer -- Notification template of N-01 has no value for has_upfront
12:27:30.080 [main] WARN com.agilityhub.core.clubs.messaging.application.engine.TemplateRenderer -- Notification template of N-01 has no value for has_upfront
12:27:30.081 [main] WARN com.agilityhub.core.clubs.messaging.application.engine.TemplateRenderer -- Notification template of N-01 has no value for has_upfront
12:27:30.082 [main] WARN com.agilityhub.core.clubs.messaging.application.engine.TemplateRenderer -- Notification template of N-01 has no value for has_upfront
12:27:30.083 [main] WARN com.agilityhub.core.clubs.messaging.application.engine.TemplateRenderer -- Notification template of N-01 has no value for has_upfront
12:27:30.085 [main] WARN com.agilityhub.core.clubs.messaging.application.engine.TemplateRenderer -- Notification template of N-01 has no value for has_upfront
12:27:30.086 [main] WARN com.agilityhub.core.clubs.messaging.application.engine.TemplateRenderer -- Notification template of N-01 has no value for has_upfront
12:27:30.087 [main] WARN com.agilityhub.core.clubs.messaging.application.engine.TemplateRenderer -- Notification template of N-01 has no value for member_name
12:27:30.087 [main] WARN com.agilityhub.core.clubs.messaging.application.engine.TemplateRenderer -- Notification template of N-01 has no value for dogs
12:27:30.087 [main] WARN com.agilityhub.core.clubs.messaging.application.engine.TemplateRenderer -- Notification template of N-01 has no value for plan_name
12:27:30.089 [main] WARN com.agilityhub.core.clubs.messaging.application.engine.TemplateRenderer -- Notification template of N-01 has no value for member_name
12:27:30.089 [main] WARN com.agilityhub.core.clubs.messaging.application.engine.TemplateRenderer -- Notification template of N-01 has no value for dogs
12:27:30.089 [main] WARN com.agilityhub.core.clubs.messaging.application.engine.TemplateRenderer -- Notification template of N-01 has no value for plan_name
12:27:30.090 [main] WARN com.agilityhub.core.clubs.messaging.application.engine.TemplateRenderer -- Notification template of N-01 has no value for member_name
12:27:30.090 [main] WARN com.agilityhub.core.clubs.messaging.application.engine.TemplateRenderer -- Notification template of N-01 has no value for dogs
12:27:30.090 [main] WARN com.agilityhub.core.clubs.messaging.application.engine.TemplateRenderer -- Notification template of N-01 has no value for plan_name
12:27:30.091 [main] WARN com.agilityhub.core.clubs.messaging.application.engine.TemplateRenderer -- Notification template of N-01 has no value for member_name
12:27:30.091 [main] WARN com.agilityhub.core.clubs.messaging.application.engine.TemplateRenderer -- Notification template of N-01 has no value for dogs
12:27:30.091 [main] WARN com.agilityhub.core.clubs.messaging.application.engine.TemplateRenderer -- Notification template of N-01 has no value for plan_name
12:27:30.092 [main] WARN com.agilityhub.core.clubs.messaging.application.engine.TemplateRenderer -- Notification template of N-01 has no value for member_name
12:27:30.092 [main] WARN com.agilityhub.core.clubs.messaging.application.engine.TemplateRenderer -- Notification template of N-01 has no value for dogs
12:27:30.092 [main] WARN com.agilityhub.core.clubs.messaging.application.engine.TemplateRenderer -- Notification template of N-01 has no value for plan_name
12:27:30.092 [main] WARN com.agilityhub.core.clubs.messaging.application.engine.TemplateRenderer -- Notification template of N-01 has no value for member_name
12:27:30.092 [main] WARN com.agilityhub.core.clubs.messaging.application.engine.TemplateRenderer -- Notification template of N-01 has no value for dogs
12:27:30.092 [main] WARN com.agilityhub.core.clubs.messaging.application.engine.TemplateRenderer -- Notification template of N-01 has no value for plan_name
12:27:30.093 [main] WARN com.agilityhub.core.clubs.messaging.application.engine.TemplateRenderer -- Notification template of N-01 has no value for member_name
12:27:30.093 [main] WARN com.agilityhub.core.clubs.messaging.application.engine.TemplateRenderer -- Notification template of N-01 has no value for dogs
12:27:30.093 [main] WARN com.agilityhub.core.clubs.messaging.application.engine.TemplateRenderer -- Notification template of N-01 has no value for plan_name
12:27:30.094 [main] WARN com.agilityhub.core.clubs.messaging.application.engine.TemplateRenderer -- Notification template of N-01 has no value for member_name
12:27:30.094 [main] WARN com.agilityhub.core.clubs.messaging.application.engine.TemplateRenderer -- Notification template of N-01 has no value for dogs
12:27:30.094 [main] WARN com.agilityhub.core.clubs.messaging.application.engine.TemplateRenderer -- Notification template of N-01 has no value for plan_name
12:27:30.094 [main] WARN com.agilityhub.core.clubs.messaging.application.engine.TemplateRenderer -- Notification template of N-01 has no value for member_name
12:27:30.094 [main] WARN com.agilityhub.core.clubs.messaging.application.engine.TemplateRenderer -- Notification template of N-01 has no value for dogs
12:27:30.094 [main] WARN com.agilityhub.core.clubs.messaging.application.engine.TemplateRenderer -- Notification template of N-01 has no value for plan_name
12:27:30.095 [main] WARN com.agilityhub.core.clubs.messaging.application.engine.TemplateRenderer -- Notification template of N-01 has no value for member_name
12:27:30.095 [main] WARN com.agilityhub.core.clubs.messaging.application.engine.TemplateRenderer -- Notification template of N-01 has no value for dogs
12:27:30.095 [main] WARN com.agilityhub.core.clubs.messaging.application.engine.TemplateRenderer -- Notification template of N-01 has no value for plan_name
12:27:30.096 [main] WARN com.agilityhub.core.clubs.messaging.application.engine.TemplateRenderer -- Notification template of N-01 has no value for member_name
12:27:30.096 [main] WARN com.agilityhub.core.clubs.messaging.application.engine.TemplateRenderer -- Notification template of N-01 has no value for dogs
12:27:30.096 [main] WARN com.agilityhub.core.clubs.messaging.application.engine.TemplateRenderer -- Notification template of N-01 has no value for plan_name
12:27:30.096 [main] WARN com.agilityhub.core.clubs.messaging.application.engine.TemplateRenderer -- Notification template of N-01 has no value for member_name
12:27:30.096 [main] WARN com.agilityhub.core.clubs.messaging.application.engine.TemplateRenderer -- Notification template of N-01 has no value for dogs
12:27:30.096 [main] WARN com.agilityhub.core.clubs.messaging.application.engine.TemplateRenderer -- Notification template of N-01 has no value for plan_name
12:27:30.097 [main] WARN com.agilityhub.core.clubs.messaging.application.engine.TemplateRenderer -- Notification template of N-01 has no value for member_name
12:27:30.097 [main] WARN com.agilityhub.core.clubs.messaging.application.engine.TemplateRenderer -- Notification template of N-01 has no value for dogs
12:27:30.097 [main] WARN com.agilityhub.core.clubs.messaging.application.engine.TemplateRenderer -- Notification template of N-01 has no value for plan_name
12:27:30.098 [main] WARN com.agilityhub.core.clubs.messaging.application.engine.TemplateRenderer -- Notification template of N-01 has no value for member_name
12:27:30.098 [main] WARN com.agilityhub.core.clubs.messaging.application.engine.TemplateRenderer -- Notification template of N-01 has no value for dogs
12:27:30.098 [main] WARN com.agilityhub.core.clubs.messaging.application.engine.TemplateRenderer -- Notification template of N-01 has no value for plan_name
12:27:30.098 [main] WARN com.agilityhub.core.clubs.messaging.application.engine.TemplateRenderer -- Notification template of N-01 has no value for member_name
12:27:30.098 [main] WARN com.agilityhub.core.clubs.messaging.application.engine.TemplateRenderer -- Notification template of N-01 has no value for dogs
12:27:30.098 [main] WARN com.agilityhub.core.clubs.messaging.application.engine.TemplateRenderer -- Notification template of N-01 has no value for plan_name
12:27:30.099 [main] WARN com.agilityhub.core.clubs.messaging.application.engine.TemplateRenderer -- Notification template of N-01 has no value for member_name
12:27:30.099 [main] WARN com.agilityhub.core.clubs.messaging.application.engine.TemplateRenderer -- Notification template of N-01 has no value for dogs
12:27:30.099 [main] WARN com.agilityhub.core.clubs.messaging.application.engine.TemplateRenderer -- Notification template of N-01 has no value for plan_name
12:27:30.099 [main] WARN com.agilityhub.core.clubs.messaging.application.engine.TemplateRenderer -- Notification template of N-01 has no value for member_name
12:27:30.099 [main] WARN com.agilityhub.core.clubs.messaging.application.engine.TemplateRenderer -- Notification template of N-01 has no value for dogs
12:27:30.099 [main] WARN com.agilityhub.core.clubs.messaging.application.engine.TemplateRenderer -- Notification template of N-01 has no value for plan_name
12:27:30.100 [main] WARN com.agilityhub.core.clubs.messaging.application.engine.TemplateRenderer -- Notification template of N-01 has no value for member_name
12:27:30.100 [main] WARN com.agilityhub.core.clubs.messaging.application.engine.TemplateRenderer -- Notification template of N-01 has no value for dogs
12:27:30.100 [main] WARN com.agilityhub.core.clubs.messaging.application.engine.TemplateRenderer -- Notification template of N-01 has no value for plan_name
12:27:30.101 [main] WARN com.agilityhub.core.clubs.messaging.application.engine.TemplateRenderer -- Notification template of N-01 has no value for member_name
12:27:30.101 [main] WARN com.agilityhub.core.clubs.messaging.application.engine.TemplateRenderer -- Notification template of N-01 has no value for dogs
12:27:30.101 [main] WARN com.agilityhub.core.clubs.messaging.application.engine.TemplateRenderer -- Notification template of N-01 has no value for plan_name
12:27:30.101 [main] WARN com.agilityhub.core.clubs.messaging.application.engine.TemplateRenderer -- Notification template of N-01 has no value for member_name
12:27:30.102 [main] WARN com.agilityhub.core.clubs.messaging.application.engine.TemplateRenderer -- Notification template of N-01 has no value for dogs
12:27:30.102 [main] WARN com.agilityhub.core.clubs.messaging.application.engine.TemplateRenderer -- Notification template of N-01 has no value for plan_name
12:27:30.102 [main] WARN com.agilityhub.core.clubs.messaging.application.engine.TemplateRenderer -- Notification template of N-01 has no value for member_name
12:27:30.102 [main] WARN com.agilityhub.core.clubs.messaging.application.engine.TemplateRenderer -- Notification template of N-01 has no value for dogs
12:27:30.102 [main] WARN com.agilityhub.core.clubs.messaging.application.engine.TemplateRenderer -- Notification template of N-01 has no value for plan_name
12:27:30.103 [main] WARN com.agilityhub.core.clubs.messaging.application.engine.TemplateRenderer -- Notification template of N-01 has no value for member_name
12:27:30.103 [main] WARN com.agilityhub.core.clubs.messaging.application.engine.TemplateRenderer -- Notification template of N-01 has no value for dogs
12:27:30.103 [main] WARN com.agilityhub.core.clubs.messaging.application.engine.TemplateRenderer -- Notification template of N-01 has no value for plan_name
12:27:30.103 [main] WARN com.agilityhub.core.clubs.messaging.application.engine.TemplateRenderer -- Notification template of N-01 has no value for member_name
12:27:30.103 [main] WARN com.agilityhub.core.clubs.messaging.application.engine.TemplateRenderer -- Notification template of N-01 has no value for dogs
12:27:30.103 [main] WARN com.agilityhub.core.clubs.messaging.application.engine.TemplateRenderer -- Notification template of N-01 has no value for plan_name
12:27:30.104 [main] WARN com.agilityhub.core.clubs.messaging.application.engine.TemplateRenderer -- Notification template of N-01 has no value for member_name
12:27:30.104 [main] WARN com.agilityhub.core.clubs.messaging.application.engine.TemplateRenderer -- Notification template of N-01 has no value for dogs
12:27:30.104 [main] WARN com.agilityhub.core.clubs.messaging.application.engine.TemplateRenderer -- Notification template of N-01 has no value for plan_name
12:27:30.105 [main] WARN com.agilityhub.core.clubs.messaging.application.engine.TemplateRenderer -- Notification template of N-01 has no value for member_name
12:27:30.105 [main] WARN com.agilityhub.core.clubs.messaging.application.engine.TemplateRenderer -- Notification template of N-01 has no value for dogs
12:27:30.105 [main] WARN com.agilityhub.core.clubs.messaging.application.engine.TemplateRenderer -- Notification template of N-01 has no value for plan_name
12:27:30.105 [main] WARN com.agilityhub.core.clubs.messaging.application.engine.TemplateRenderer -- Notification template of N-01 has no value for member_name
12:27:30.105 [main] WARN com.agilityhub.core.clubs.messaging.application.engine.TemplateRenderer -- Notification template of N-01 has no value for dogs
12:27:30.105 [main] WARN com.agilityhub.core.clubs.messaging.application.engine.TemplateRenderer -- Notification template of N-01 has no value for plan_name
12:27:30.106 [main] WARN com.agilityhub.core.clubs.messaging.application.engine.TemplateRenderer -- Notification template of N-01 has no value for member_name
12:27:30.106 [main] WARN com.agilityhub.core.clubs.messaging.application.engine.TemplateRenderer -- Notification template of N-01 has no value for dogs
12:27:30.106 [main] WARN com.agilityhub.core.clubs.messaging.application.engine.TemplateRenderer -- Notification template of N-01 has no value for plan_name
12:27:30.107 [main] WARN com.agilityhub.core.clubs.messaging.application.engine.TemplateRenderer -- Notification template of N-01 has no value for member_name
12:27:30.107 [main] WARN com.agilityhub.core.clubs.messaging.application.engine.TemplateRenderer -- Notification template of N-01 has no value for dogs
12:27:30.107 [main] WARN com.agilityhub.core.clubs.messaging.application.engine.TemplateRenderer -- Notification template of N-01 has no value for plan_name
12:27:30.108 [main] WARN com.agilityhub.core.clubs.messaging.application.engine.TemplateRenderer -- Notification template of N-01 has no value for member_name
12:27:30.108 [main] WARN com.agilityhub.core.clubs.messaging.application.engine.TemplateRenderer -- Notification template of N-01 has no value for dogs
12:27:30.108 [main] WARN com.agilityhub.core.clubs.messaging.application.engine.TemplateRenderer -- Notification template of N-01 has no value for plan_name
12:27:30.109 [main] WARN com.agilityhub.core.clubs.messaging.application.engine.TemplateRenderer -- Notification template of N-01 has no value for member_name
12:27:30.109 [main] WARN com.agilityhub.core.clubs.messaging.application.engine.TemplateRenderer -- Notification template of N-01 has no value for dogs
12:27:30.109 [main] WARN com.agilityhub.core.clubs.messaging.application.engine.TemplateRenderer -- Notification template of N-01 has no value for plan_name
12:27:30.109 [main] WARN com.agilityhub.core.clubs.messaging.application.engine.TemplateRenderer -- Notification template of N-01 has no value for member_name
12:27:30.109 [main] WARN com.agilityhub.core.clubs.messaging.application.engine.TemplateRenderer -- Notification template of N-01 has no value for dogs
12:27:30.109 [main] WARN com.agilityhub.core.clubs.messaging.application.engine.TemplateRenderer -- Notification template of N-01 has no value for plan_name
12:27:30.110 [main] WARN com.agilityhub.core.clubs.messaging.application.engine.TemplateRenderer -- Notification template of N-01 has no value for member_name
12:27:30.110 [main] WARN com.agilityhub.core.clubs.messaging.application.engine.TemplateRenderer -- Notification template of N-01 has no value for dogs
12:27:30.110 [main] WARN com.agilityhub.core.clubs.messaging.application.engine.TemplateRenderer -- Notification template of N-01 has no value for plan_name
12:27:30.156 [main] WARN com.agilityhub.core.clubs.messaging.application.engine.TemplateRenderer -- Notification template of N-05 has no value for late
12:27:30.157 [main] WARN com.agilityhub.core.clubs.messaging.application.engine.TemplateRenderer -- Notification template of N-05 has no value for late
12:27:30.157 [main] WARN com.agilityhub.core.clubs.messaging.application.engine.TemplateRenderer -- Notification template of N-05 has no value for late
12:27:30.158 [main] WARN com.agilityhub.core.clubs.messaging.application.engine.TemplateRenderer -- Notification template of N-05 has no value for late
12:27:30.159 [main] WARN com.agilityhub.core.clubs.messaging.application.engine.TemplateRenderer -- Notification template of N-05 has no value for late
12:27:30.159 [main] WARN com.agilityhub.core.clubs.messaging.application.engine.TemplateRenderer -- Notification template of N-05 has no value for late
12:27:30.160 [main] WARN com.agilityhub.core.clubs.messaging.application.engine.TemplateRenderer -- Notification template of N-05 has no value for late
12:27:30.160 [main] WARN com.agilityhub.core.clubs.messaging.application.engine.TemplateRenderer -- Notification template of N-05 has no value for late
12:27:30.161 [main] WARN com.agilityhub.core.clubs.messaging.application.engine.TemplateRenderer -- Notification template of N-05 has no value for late
12:27:30.163 [main] WARN com.agilityhub.core.clubs.messaging.application.engine.TemplateRenderer -- Notification template of N-05 has no value for late
12:27:30.163 [main] WARN com.agilityhub.core.clubs.messaging.application.engine.TemplateRenderer -- Notification template of N-05 has no value for late
12:27:30.164 [main] WARN com.agilityhub.core.clubs.messaging.application.engine.TemplateRenderer -- Notification template of N-05 has no value for late
12:27:30.165 [main] WARN com.agilityhub.core.clubs.messaging.application.engine.TemplateRenderer -- Notification template of N-05 has no value for late
12:27:30.166 [main] WARN com.agilityhub.core.clubs.messaging.application.engine.TemplateRenderer -- Notification template of N-05 has no value for late
12:27:30.166 [main] WARN com.agilityhub.core.clubs.messaging.application.engine.TemplateRenderer -- Notification template of N-05 has no value for late
12:27:30.167 [main] WARN com.agilityhub.core.clubs.messaging.application.engine.TemplateRenderer -- Notification template of N-05 has no value for late
12:27:30.168 [main] WARN com.agilityhub.core.clubs.messaging.application.engine.TemplateRenderer -- Notification template of N-05 has no value for late
12:27:30.168 [main] WARN com.agilityhub.core.clubs.messaging.application.engine.TemplateRenderer -- Notification template of N-05 has no value for late
12:27:30.169 [main] WARN com.agilityhub.core.clubs.messaging.application.engine.TemplateRenderer -- Notification template of N-05 has no value for late
12:27:30.170 [main] WARN com.agilityhub.core.clubs.messaging.application.engine.TemplateRenderer -- Notification template of N-05 has no value for late
12:27:30.171 [main] WARN com.agilityhub.core.clubs.messaging.application.engine.TemplateRenderer -- Notification template of N-05 has no value for late
12:27:30.171 [main] WARN com.agilityhub.core.clubs.messaging.application.engine.TemplateRenderer -- Notification template of N-05 has no value for late
12:27:30.172 [main] WARN com.agilityhub.core.clubs.messaging.application.engine.TemplateRenderer -- Notification template of N-05 has no value for late
12:27:30.173 [main] WARN com.agilityhub.core.clubs.messaging.application.engine.TemplateRenderer -- Notification template of N-05 has no value for late
12:27:30.174 [main] WARN com.agilityhub.core.clubs.messaging.application.engine.TemplateRenderer -- Notification template of N-05 has no value for late
12:27:30.174 [main] WARN com.agilityhub.core.clubs.messaging.application.engine.TemplateRenderer -- Notification template of N-05 has no value for late
12:27:30.175 [main] WARN com.agilityhub.core.clubs.messaging.application.engine.TemplateRenderer -- Notification template of N-05 has no value for late
12:27:30.175 [main] WARN com.agilityhub.core.clubs.messaging.application.engine.TemplateRenderer -- Notification template of N-05 has no value for late
12:27:30.176 [main] WARN com.agilityhub.core.clubs.messaging.application.engine.TemplateRenderer -- Notification template of N-05 has no value for late
12:27:30.177 [main] WARN com.agilityhub.core.clubs.messaging.application.engine.TemplateRenderer -- Notification template of N-05 has no value for late
12:27:30.177 [main] WARN com.agilityhub.core.clubs.messaging.application.engine.TemplateRenderer -- Notification template of N-05 has no value for late
12:27:30.178 [main] WARN com.agilityhub.core.clubs.messaging.application.engine.TemplateRenderer -- Notification template of N-05 has no value for late
12:27:30.253 [main] WARN com.agilityhub.core.clubs.messaging.application.engine.TemplateRenderer -- Notification template of N-08a has no value for class_date
12:27:30.253 [main] WARN com.agilityhub.core.clubs.messaging.application.engine.TemplateRenderer -- Notification template of N-08a has no value for class_time
12:27:30.253 [main] WARN com.agilityhub.core.clubs.messaging.application.engine.TemplateRenderer -- Notification template of N-08a has no value for class_description
12:27:30.253 [main] WARN com.agilityhub.core.clubs.messaging.application.engine.TemplateRenderer -- Notification template of N-08a has no value for admin_text
12:27:30.254 [main] WARN com.agilityhub.core.clubs.messaging.application.engine.TemplateRenderer -- Notification template of N-08a has no value for class_date
12:27:30.254 [main] WARN com.agilityhub.core.clubs.messaging.application.engine.TemplateRenderer -- Notification template of N-08a has no value for class_time
12:27:30.254 [main] WARN com.agilityhub.core.clubs.messaging.application.engine.TemplateRenderer -- Notification template of N-08a has no value for class_description
12:27:30.254 [main] WARN com.agilityhub.core.clubs.messaging.application.engine.TemplateRenderer -- Notification template of N-08a has no value for admin_text
12:27:30.255 [main] WARN com.agilityhub.core.clubs.messaging.application.engine.TemplateRenderer -- Notification template of N-08a has no value for class_date
12:27:30.255 [main] WARN com.agilityhub.core.clubs.messaging.application.engine.TemplateRenderer -- Notification template of N-08a has no value for class_time
12:27:30.255 [main] WARN com.agilityhub.core.clubs.messaging.application.engine.TemplateRenderer -- Notification template of N-08a has no value for class_description
12:27:30.255 [main] WARN com.agilityhub.core.clubs.messaging.application.engine.TemplateRenderer -- Notification template of N-08a has no value for admin_text
12:27:30.256 [main] WARN com.agilityhub.core.clubs.messaging.application.engine.TemplateRenderer -- Notification template of N-08a has no value for class_date
12:27:30.256 [main] WARN com.agilityhub.core.clubs.messaging.application.engine.TemplateRenderer -- Notification template of N-08a has no value for class_time
12:27:30.256 [main] WARN com.agilityhub.core.clubs.messaging.application.engine.TemplateRenderer -- Notification template of N-08a has no value for class_description
12:27:30.256 [main] WARN com.agilityhub.core.clubs.messaging.application.engine.TemplateRenderer -- Notification template of N-08a has no value for admin_text
12:27:30.256 [main] WARN com.agilityhub.core.clubs.messaging.application.engine.TemplateRenderer -- Notification template of N-08a has no value for class_date
12:27:30.256 [main] WARN com.agilityhub.core.clubs.messaging.application.engine.TemplateRenderer -- Notification template of N-08a has no value for class_time
12:27:30.256 [main] WARN com.agilityhub.core.clubs.messaging.application.engine.TemplateRenderer -- Notification template of N-08a has no value for class_description
12:27:30.256 [main] WARN com.agilityhub.core.clubs.messaging.application.engine.TemplateRenderer -- Notification template of N-08a has no value for admin_text
12:27:30.257 [main] WARN com.agilityhub.core.clubs.messaging.application.engine.TemplateRenderer -- Notification template of N-08a has no value for class_date
12:27:30.257 [main] WARN com.agilityhub.core.clubs.messaging.application.engine.TemplateRenderer -- Notification template of N-08a has no value for class_time
12:27:30.257 [main] WARN com.agilityhub.core.clubs.messaging.application.engine.TemplateRenderer -- Notification template of N-08a has no value for class_description
12:27:30.257 [main] WARN com.agilityhub.core.clubs.messaging.application.engine.TemplateRenderer -- Notification template of N-08a has no value for admin_text
12:27:30.258 [main] WARN com.agilityhub.core.clubs.messaging.application.engine.TemplateRenderer -- Notification template of N-08a has no value for class_date
12:27:30.258 [main] WARN com.agilityhub.core.clubs.messaging.application.engine.TemplateRenderer -- Notification template of N-08a has no value for class_time
12:27:30.258 [main] WARN com.agilityhub.core.clubs.messaging.application.engine.TemplateRenderer -- Notification template of N-08a has no value for class_description
12:27:30.258 [main] WARN com.agilityhub.core.clubs.messaging.application.engine.TemplateRenderer -- Notification template of N-08a has no value for admin_text
12:27:30.259 [main] WARN com.agilityhub.core.clubs.messaging.application.engine.TemplateRenderer -- Notification template of N-08a has no value for class_date
12:27:30.259 [main] WARN com.agilityhub.core.clubs.messaging.application.engine.TemplateRenderer -- Notification template of N-08a has no value for class_time
12:27:30.259 [main] WARN com.agilityhub.core.clubs.messaging.application.engine.TemplateRenderer -- Notification template of N-08a has no value for class_description
12:27:30.259 [main] WARN com.agilityhub.core.clubs.messaging.application.engine.TemplateRenderer -- Notification template of N-08a has no value for admin_text
12:27:30.260 [main] WARN com.agilityhub.core.clubs.messaging.application.engine.TemplateRenderer -- Notification template of N-08a has no value for class_date
12:27:30.260 [main] WARN com.agilityhub.core.clubs.messaging.application.engine.TemplateRenderer -- Notification template of N-08a has no value for class_time
12:27:30.260 [main] WARN com.agilityhub.core.clubs.messaging.application.engine.TemplateRenderer -- Notification template of N-08a has no value for class_description
12:27:30.260 [main] WARN com.agilityhub.core.clubs.messaging.application.engine.TemplateRenderer -- Notification template of N-08a has no value for admin_text
12:27:30.261 [main] WARN com.agilityhub.core.clubs.messaging.application.engine.TemplateRenderer -- Notification template of N-08a has no value for class_date
12:27:30.261 [main] WARN com.agilityhub.core.clubs.messaging.application.engine.TemplateRenderer -- Notification template of N-08a has no value for class_time
12:27:30.261 [main] WARN com.agilityhub.core.clubs.messaging.application.engine.TemplateRenderer -- Notification template of N-08a has no value for class_description
12:27:30.261 [main] WARN com.agilityhub.core.clubs.messaging.application.engine.TemplateRenderer -- Notification template of N-08a has no value for admin_text
12:27:30.261 [main] WARN com.agilityhub.core.clubs.messaging.application.engine.TemplateRenderer -- Notification template of N-08a has no value for class_date
12:27:30.261 [main] WARN com.agilityhub.core.clubs.messaging.application.engine.TemplateRenderer -- Notification template of N-08a has no value for class_time
12:27:30.261 [main] WARN com.agilityhub.core.clubs.messaging.application.engine.TemplateRenderer -- Notification template of N-08a has no value for class_description
12:27:30.261 [main] WARN com.agilityhub.core.clubs.messaging.application.engine.TemplateRenderer -- Notification template of N-08a has no value for admin_text
12:27:30.262 [main] WARN com.agilityhub.core.clubs.messaging.application.engine.TemplateRenderer -- Notification template of N-08a has no value for class_date
12:27:30.262 [main] WARN com.agilityhub.core.clubs.messaging.application.engine.TemplateRenderer -- Notification template of N-08a has no value for class_time
12:27:30.262 [main] WARN com.agilityhub.core.clubs.messaging.application.engine.TemplateRenderer -- Notification template of N-08a has no value for class_description
12:27:30.262 [main] WARN com.agilityhub.core.clubs.messaging.application.engine.TemplateRenderer -- Notification template of N-08a has no value for admin_text
12:27:30.263 [main] WARN com.agilityhub.core.clubs.messaging.application.engine.TemplateRenderer -- Notification template of N-08a has no value for class_date
12:27:30.263 [main] WARN com.agilityhub.core.clubs.messaging.application.engine.TemplateRenderer -- Notification template of N-08a has no value for class_time
12:27:30.263 [main] WARN com.agilityhub.core.clubs.messaging.application.engine.TemplateRenderer -- Notification template of N-08a has no value for class_description
12:27:30.263 [main] WARN com.agilityhub.core.clubs.messaging.application.engine.TemplateRenderer -- Notification template of N-08a has no value for admin_text
12:27:30.263 [main] WARN com.agilityhub.core.clubs.messaging.application.engine.TemplateRenderer -- Notification template of N-08a has no value for class_date
12:27:30.263 [main] WARN com.agilityhub.core.clubs.messaging.application.engine.TemplateRenderer -- Notification template of N-08a has no value for class_time
12:27:30.263 [main] WARN com.agilityhub.core.clubs.messaging.application.engine.TemplateRenderer -- Notification template of N-08a has no value for class_description
12:27:30.263 [main] WARN com.agilityhub.core.clubs.messaging.application.engine.TemplateRenderer -- Notification template of N-08a has no value for admin_text
12:27:30.264 [main] WARN com.agilityhub.core.clubs.messaging.application.engine.TemplateRenderer -- Notification template of N-08a has no value for class_date
12:27:30.264 [main] WARN com.agilityhub.core.clubs.messaging.application.engine.TemplateRenderer -- Notification template of N-08a has no value for class_time
12:27:30.264 [main] WARN com.agilityhub.core.clubs.messaging.application.engine.TemplateRenderer -- Notification template of N-08a has no value for class_description
12:27:30.264 [main] WARN com.agilityhub.core.clubs.messaging.application.engine.TemplateRenderer -- Notification template of N-08a has no value for admin_text
12:27:30.265 [main] WARN com.agilityhub.core.clubs.messaging.application.engine.TemplateRenderer -- Notification template of N-08a has no value for class_date
12:27:30.265 [main] WARN com.agilityhub.core.clubs.messaging.application.engine.TemplateRenderer -- Notification template of N-08a has no value for class_time
12:27:30.265 [main] WARN com.agilityhub.core.clubs.messaging.application.engine.TemplateRenderer -- Notification template of N-08a has no value for class_description
12:27:30.265 [main] WARN com.agilityhub.core.clubs.messaging.application.engine.TemplateRenderer -- Notification template of N-08a has no value for admin_text
12:27:30.266 [main] WARN com.agilityhub.core.clubs.messaging.application.engine.TemplateRenderer -- Notification template of N-08a has no value for class_date
12:27:30.266 [main] WARN com.agilityhub.core.clubs.messaging.application.engine.TemplateRenderer -- Notification template of N-08a has no value for class_time
12:27:30.266 [main] WARN com.agilityhub.core.clubs.messaging.application.engine.TemplateRenderer -- Notification template of N-08a has no value for class_description
12:27:30.266 [main] WARN com.agilityhub.core.clubs.messaging.application.engine.TemplateRenderer -- Notification template of N-08a has no value for admin_text
12:27:30.266 [main] WARN com.agilityhub.core.clubs.messaging.application.engine.TemplateRenderer -- Notification template of N-08a has no value for class_date
12:27:30.266 [main] WARN com.agilityhub.core.clubs.messaging.application.engine.TemplateRenderer -- Notification template of N-08a has no value for class_time
12:27:30.266 [main] WARN com.agilityhub.core.clubs.messaging.application.engine.TemplateRenderer -- Notification template of N-08a has no value for class_description
12:27:30.266 [main] WARN com.agilityhub.core.clubs.messaging.application.engine.TemplateRenderer -- Notification template of N-08a has no value for admin_text
12:27:30.267 [main] WARN com.agilityhub.core.clubs.messaging.application.engine.TemplateRenderer -- Notification template of N-08a has no value for class_date
12:27:30.267 [main] WARN com.agilityhub.core.clubs.messaging.application.engine.TemplateRenderer -- Notification template of N-08a has no value for class_time
12:27:30.267 [main] WARN com.agilityhub.core.clubs.messaging.application.engine.TemplateRenderer -- Notification template of N-08a has no value for class_description
12:27:30.267 [main] WARN com.agilityhub.core.clubs.messaging.application.engine.TemplateRenderer -- Notification template of N-08a has no value for admin_text
12:27:30.268 [main] WARN com.agilityhub.core.clubs.messaging.application.engine.TemplateRenderer -- Notification template of N-08a has no value for class_date
12:27:30.268 [main] WARN com.agilityhub.core.clubs.messaging.application.engine.TemplateRenderer -- Notification template of N-08a has no value for class_time
12:27:30.268 [main] WARN com.agilityhub.core.clubs.messaging.application.engine.TemplateRenderer -- Notification template of N-08a has no value for class_description
12:27:30.268 [main] WARN com.agilityhub.core.clubs.messaging.application.engine.TemplateRenderer -- Notification template of N-08a has no value for admin_text
12:27:30.268 [main] WARN com.agilityhub.core.clubs.messaging.application.engine.TemplateRenderer -- Notification template of N-08a has no value for class_date
12:27:30.268 [main] WARN com.agilityhub.core.clubs.messaging.application.engine.TemplateRenderer -- Notification template of N-08a has no value for class_time
12:27:30.268 [main] WARN com.agilityhub.core.clubs.messaging.application.engine.TemplateRenderer -- Notification template of N-08a has no value for class_description
12:27:30.268 [main] WARN com.agilityhub.core.clubs.messaging.application.engine.TemplateRenderer -- Notification template of N-08a has no value for admin_text
12:27:30.269 [main] WARN com.agilityhub.core.clubs.messaging.application.engine.TemplateRenderer -- Notification template of N-08a has no value for class_date
12:27:30.269 [main] WARN com.agilityhub.core.clubs.messaging.application.engine.TemplateRenderer -- Notification template of N-08a has no value for class_time
12:27:30.269 [main] WARN com.agilityhub.core.clubs.messaging.application.engine.TemplateRenderer -- Notification template of N-08a has no value for class_description
12:27:30.269 [main] WARN com.agilityhub.core.clubs.messaging.application.engine.TemplateRenderer -- Notification template of N-08a has no value for admin_text
12:27:30.269 [main] WARN com.agilityhub.core.clubs.messaging.application.engine.TemplateRenderer -- Notification template of N-08a has no value for class_date
12:27:30.269 [main] WARN com.agilityhub.core.clubs.messaging.application.engine.TemplateRenderer -- Notification template of N-08a has no value for class_time
12:27:30.269 [main] WARN com.agilityhub.core.clubs.messaging.application.engine.TemplateRenderer -- Notification template of N-08a has no value for class_description
12:27:30.269 [main] WARN com.agilityhub.core.clubs.messaging.application.engine.TemplateRenderer -- Notification template of N-08a has no value for admin_text
12:27:30.270 [main] WARN com.agilityhub.core.clubs.messaging.application.engine.TemplateRenderer -- Notification template of N-08a has no value for class_date
12:27:30.270 [main] WARN com.agilityhub.core.clubs.messaging.application.engine.TemplateRenderer -- Notification template of N-08a has no value for class_time
12:27:30.270 [main] WARN com.agilityhub.core.clubs.messaging.application.engine.TemplateRenderer -- Notification template of N-08a has no value for class_description
12:27:30.270 [main] WARN com.agilityhub.core.clubs.messaging.application.engine.TemplateRenderer -- Notification template of N-08a has no value for admin_text
12:27:30.271 [main] WARN com.agilityhub.core.clubs.messaging.application.engine.TemplateRenderer -- Notification template of N-08a has no value for class_date
12:27:30.271 [main] WARN com.agilityhub.core.clubs.messaging.application.engine.TemplateRenderer -- Notification template of N-08a has no value for class_time
12:27:30.271 [main] WARN com.agilityhub.core.clubs.messaging.application.engine.TemplateRenderer -- Notification template of N-08a has no value for class_description
12:27:30.271 [main] WARN com.agilityhub.core.clubs.messaging.application.engine.TemplateRenderer -- Notification template of N-08a has no value for admin_text
12:27:30.271 [main] WARN com.agilityhub.core.clubs.messaging.application.engine.TemplateRenderer -- Notification template of N-08a has no value for class_date
12:27:30.271 [main] WARN com.agilityhub.core.clubs.messaging.application.engine.TemplateRenderer -- Notification template of N-08a has no value for class_time
12:27:30.271 [main] WARN com.agilityhub.core.clubs.messaging.application.engine.TemplateRenderer -- Notification template of N-08a has no value for class_description
12:27:30.271 [main] WARN com.agilityhub.core.clubs.messaging.application.engine.TemplateRenderer -- Notification template of N-08a has no value for admin_text
12:27:30.272 [main] WARN com.agilityhub.core.clubs.messaging.application.engine.TemplateRenderer -- Notification template of N-08a has no value for class_date
12:27:30.272 [main] WARN com.agilityhub.core.clubs.messaging.application.engine.TemplateRenderer -- Notification template of N-08a has no value for class_time
12:27:30.272 [main] WARN com.agilityhub.core.clubs.messaging.application.engine.TemplateRenderer -- Notification template of N-08a has no value for class_description
12:27:30.272 [main] WARN com.agilityhub.core.clubs.messaging.application.engine.TemplateRenderer -- Notification template of N-08a has no value for admin_text
12:27:30.272 [main] WARN com.agilityhub.core.clubs.messaging.application.engine.TemplateRenderer -- Notification template of N-08a has no value for class_date
12:27:30.272 [main] WARN com.agilityhub.core.clubs.messaging.application.engine.TemplateRenderer -- Notification template of N-08a has no value for class_time
12:27:30.272 [main] WARN com.agilityhub.core.clubs.messaging.application.engine.TemplateRenderer -- Notification template of N-08a has no value for class_description
12:27:30.272 [main] WARN com.agilityhub.core.clubs.messaging.application.engine.TemplateRenderer -- Notification template of N-08a has no value for admin_text
12:27:30.273 [main] WARN com.agilityhub.core.clubs.messaging.application.engine.TemplateRenderer -- Notification template of N-08a has no value for class_date
12:27:30.273 [main] WARN com.agilityhub.core.clubs.messaging.application.engine.TemplateRenderer -- Notification template of N-08a has no value for class_time
12:27:30.273 [main] WARN com.agilityhub.core.clubs.messaging.application.engine.TemplateRenderer -- Notification template of N-08a has no value for class_description
12:27:30.273 [main] WARN com.agilityhub.core.clubs.messaging.application.engine.TemplateRenderer -- Notification template of N-08a has no value for admin_text
12:27:30.273 [main] WARN com.agilityhub.core.clubs.messaging.application.engine.TemplateRenderer -- Notification template of N-08a has no value for class_date
12:27:30.273 [main] WARN com.agilityhub.core.clubs.messaging.application.engine.TemplateRenderer -- Notification template of N-08a has no value for class_time
12:27:30.273 [main] WARN com.agilityhub.core.clubs.messaging.application.engine.TemplateRenderer -- Notification template of N-08a has no value for class_description
12:27:30.273 [main] WARN com.agilityhub.core.clubs.messaging.application.engine.TemplateRenderer -- Notification template of N-08a has no value for admin_text
12:27:30.274 [main] WARN com.agilityhub.core.clubs.messaging.application.engine.TemplateRenderer -- Notification template of N-08a has no value for class_date
12:27:30.274 [main] WARN com.agilityhub.core.clubs.messaging.application.engine.TemplateRenderer -- Notification template of N-08a has no value for class_time
12:27:30.274 [main] WARN com.agilityhub.core.clubs.messaging.application.engine.TemplateRenderer -- Notification template of N-08a has no value for class_description
12:27:30.274 [main] WARN com.agilityhub.core.clubs.messaging.application.engine.TemplateRenderer -- Notification template of N-08a has no value for admin_text
12:27:30.274 [main] WARN com.agilityhub.core.clubs.messaging.application.engine.TemplateRenderer -- Notification template of N-08a has no value for class_date
12:27:30.274 [main] WARN com.agilityhub.core.clubs.messaging.application.engine.TemplateRenderer -- Notification template of N-08a has no value for class_time
12:27:30.274 [main] WARN com.agilityhub.core.clubs.messaging.application.engine.TemplateRenderer -- Notification template of N-08a has no value for class_description
12:27:30.274 [main] WARN com.agilityhub.core.clubs.messaging.application.engine.TemplateRenderer -- Notification template of N-08a has no value for admin_text
12:27:30.275 [main] WARN com.agilityhub.core.clubs.messaging.application.engine.TemplateRenderer -- Notification template of N-08a has no value for class_date
12:27:30.275 [main] WARN com.agilityhub.core.clubs.messaging.application.engine.TemplateRenderer -- Notification template of N-08a has no value for class_time
12:27:30.275 [main] WARN com.agilityhub.core.clubs.messaging.application.engine.TemplateRenderer -- Notification template of N-08a has no value for class_description
12:27:30.275 [main] WARN com.agilityhub.core.clubs.messaging.application.engine.TemplateRenderer -- Notification template of N-08a has no value for admin_text
12:27:30.275 [main] WARN com.agilityhub.core.clubs.messaging.application.engine.TemplateRenderer -- Notification template of N-08a has no value for class_date
12:27:30.275 [main] WARN com.agilityhub.core.clubs.messaging.application.engine.TemplateRenderer -- Notification template of N-08a has no value for class_time
12:27:30.275 [main] WARN com.agilityhub.core.clubs.messaging.application.engine.TemplateRenderer -- Notification template of N-08a has no value for class_description
12:27:30.275 [main] WARN com.agilityhub.core.clubs.messaging.application.engine.TemplateRenderer -- Notification template of N-08a has no value for admin_text
12:27:30.276 [main] WARN com.agilityhub.core.clubs.messaging.application.engine.TemplateRenderer -- Notification template of N-08a has no value for class_date
12:27:30.276 [main] WARN com.agilityhub.core.clubs.messaging.application.engine.TemplateRenderer -- Notification template of N-08a has no value for class_time
12:27:30.276 [main] WARN com.agilityhub.core.clubs.messaging.application.engine.TemplateRenderer -- Notification template of N-08a has no value for class_description
12:27:30.276 [main] WARN com.agilityhub.core.clubs.messaging.application.engine.TemplateRenderer -- Notification template of N-08a has no value for admin_text
12:27:30.277 [main] WARN com.agilityhub.core.clubs.messaging.application.engine.TemplateRenderer -- Notification template of N-08a has no value for class_date
12:27:30.277 [main] WARN com.agilityhub.core.clubs.messaging.application.engine.TemplateRenderer -- Notification template of N-08a has no value for class_time
12:27:30.277 [main] WARN com.agilityhub.core.clubs.messaging.application.engine.TemplateRenderer -- Notification template of N-08a has no value for class_description
12:27:30.277 [main] WARN com.agilityhub.core.clubs.messaging.application.engine.TemplateRenderer -- Notification template of N-08a has no value for admin_text
12:27:30.277 [main] WARN com.agilityhub.core.clubs.messaging.application.engine.TemplateRenderer -- Notification template of N-08a has no value for class_date
12:27:30.277 [main] WARN com.agilityhub.core.clubs.messaging.application.engine.TemplateRenderer -- Notification template of N-08a has no value for class_time
12:27:30.277 [main] WARN com.agilityhub.core.clubs.messaging.application.engine.TemplateRenderer -- Notification template of N-08a has no value for class_description
12:27:30.277 [main] WARN com.agilityhub.core.clubs.messaging.application.engine.TemplateRenderer -- Notification template of N-08a has no value for admin_text
12:27:30.277 [main] WARN com.agilityhub.core.clubs.messaging.application.engine.TemplateRenderer -- Notification template of N-08a has no value for class_date
12:27:30.277 [main] WARN com.agilityhub.core.clubs.messaging.application.engine.TemplateRenderer -- Notification template of N-08a has no value for class_time
12:27:30.277 [main] WARN com.agilityhub.core.clubs.messaging.application.engine.TemplateRenderer -- Notification template of N-08a has no value for class_description
12:27:30.277 [main] WARN com.agilityhub.core.clubs.messaging.application.engine.TemplateRenderer -- Notification template of N-08a has no value for admin_text
12:27:30.278 [main] WARN com.agilityhub.core.clubs.messaging.application.engine.TemplateRenderer -- Notification template of N-08a has no value for class_date
12:27:30.278 [main] WARN com.agilityhub.core.clubs.messaging.application.engine.TemplateRenderer -- Notification template of N-08a has no value for class_time
12:27:30.278 [main] WARN com.agilityhub.core.clubs.messaging.application.engine.TemplateRenderer -- Notification template of N-08a has no value for class_description
12:27:30.278 [main] WARN com.agilityhub.core.clubs.messaging.application.engine.TemplateRenderer -- Notification template of N-08a has no value for admin_text
12:27:30.278 [main] WARN com.agilityhub.core.clubs.messaging.application.engine.TemplateRenderer -- Notification template of N-08a has no value for class_date
12:27:30.278 [main] WARN com.agilityhub.core.clubs.messaging.application.engine.TemplateRenderer -- Notification template of N-08a has no value for class_time
12:27:30.278 [main] WARN com.agilityhub.core.clubs.messaging.application.engine.TemplateRenderer -- Notification template of N-08a has no value for class_description
12:27:30.278 [main] WARN com.agilityhub.core.clubs.messaging.application.engine.TemplateRenderer -- Notification template of N-08a has no value for admin_text
12:27:30.279 [main] WARN com.agilityhub.core.clubs.messaging.application.engine.TemplateRenderer -- Notification template of N-08a has no value for class_date
12:27:30.279 [main] WARN com.agilityhub.core.clubs.messaging.application.engine.TemplateRenderer -- Notification template of N-08a has no value for class_time
12:27:30.279 [main] WARN com.agilityhub.core.clubs.messaging.application.engine.TemplateRenderer -- Notification template of N-08a has no value for class_description
12:27:30.279 [main] WARN com.agilityhub.core.clubs.messaging.application.engine.TemplateRenderer -- Notification template of N-08a has no value for admin_text
12:27:30.280 [main] WARN com.agilityhub.core.clubs.messaging.application.engine.TemplateRenderer -- Notification template of N-08a has no value for class_date
12:27:30.280 [main] WARN com.agilityhub.core.clubs.messaging.application.engine.TemplateRenderer -- Notification template of N-08a has no value for class_time
12:27:30.280 [main] WARN com.agilityhub.core.clubs.messaging.application.engine.TemplateRenderer -- Notification template of N-08a has no value for class_description
12:27:30.280 [main] WARN com.agilityhub.core.clubs.messaging.application.engine.TemplateRenderer -- Notification template of N-08a has no value for admin_text
12:27:30.281 [main] WARN com.agilityhub.core.clubs.messaging.application.engine.TemplateRenderer -- Notification template of N-08a has no value for class_date
12:27:30.281 [main] WARN com.agilityhub.core.clubs.messaging.application.engine.TemplateRenderer -- Notification template of N-08a has no value for class_time
12:27:30.281 [main] WARN com.agilityhub.core.clubs.messaging.application.engine.TemplateRenderer -- Notification template of N-08a has no value for class_description
12:27:30.281 [main] WARN com.agilityhub.core.clubs.messaging.application.engine.TemplateRenderer -- Notification template of N-08a has no value for admin_text
12:27:30.281 [main] WARN com.agilityhub.core.clubs.messaging.application.engine.TemplateRenderer -- Notification template of N-08a has no value for class_date
12:27:30.281 [main] WARN com.agilityhub.core.clubs.messaging.application.engine.TemplateRenderer -- Notification template of N-08a has no value for class_time
12:27:30.281 [main] WARN com.agilityhub.core.clubs.messaging.application.engine.TemplateRenderer -- Notification template of N-08a has no value for class_description
12:27:30.281 [main] WARN com.agilityhub.core.clubs.messaging.application.engine.TemplateRenderer -- Notification template of N-08a has no value for admin_text
12:27:30.282 [main] WARN com.agilityhub.core.clubs.messaging.application.engine.TemplateRenderer -- Notification template of N-08a has no value for class_date
12:27:30.282 [main] WARN com.agilityhub.core.clubs.messaging.application.engine.TemplateRenderer -- Notification template of N-08a has no value for class_time
12:27:30.282 [main] WARN com.agilityhub.core.clubs.messaging.application.engine.TemplateRenderer -- Notification template of N-08a has no value for class_description
12:27:30.282 [main] WARN com.agilityhub.core.clubs.messaging.application.engine.TemplateRenderer -- Notification template of N-08a has no value for admin_text
12:27:30.282 [main] WARN com.agilityhub.core.clubs.messaging.application.engine.TemplateRenderer -- Notification template of N-08a has no value for class_date
12:27:30.282 [main] WARN com.agilityhub.core.clubs.messaging.application.engine.TemplateRenderer -- Notification template of N-08a has no value for class_time
12:27:30.282 [main] WARN com.agilityhub.core.clubs.messaging.application.engine.TemplateRenderer -- Notification template of N-08a has no value for class_description
12:27:30.282 [main] WARN com.agilityhub.core.clubs.messaging.application.engine.TemplateRenderer -- Notification template of N-08a has no value for admin_text
12:27:30.282 [main] WARN com.agilityhub.core.clubs.messaging.application.engine.TemplateRenderer -- Notification template of N-08a has no value for class_date
12:27:30.282 [main] WARN com.agilityhub.core.clubs.messaging.application.engine.TemplateRenderer -- Notification template of N-08a has no value for class_time
12:27:30.282 [main] WARN com.agilityhub.core.clubs.messaging.application.engine.TemplateRenderer -- Notification template of N-08a has no value for class_description
12:27:30.282 [main] WARN com.agilityhub.core.clubs.messaging.application.engine.TemplateRenderer -- Notification template of N-08a has no value for admin_text
12:27:30.283 [main] WARN com.agilityhub.core.clubs.messaging.application.engine.TemplateRenderer -- Notification template of N-08a has no value for class_date
12:27:30.283 [main] WARN com.agilityhub.core.clubs.messaging.application.engine.TemplateRenderer -- Notification template of N-08a has no value for class_time
12:27:30.283 [main] WARN com.agilityhub.core.clubs.messaging.application.engine.TemplateRenderer -- Notification template of N-08a has no value for class_description
12:27:30.283 [main] WARN com.agilityhub.core.clubs.messaging.application.engine.TemplateRenderer -- Notification template of N-08a has no value for admin_text
12:27:30.284 [main] WARN com.agilityhub.core.clubs.messaging.application.engine.TemplateRenderer -- Notification template of N-08a has no value for class_date
12:27:30.284 [main] WARN com.agilityhub.core.clubs.messaging.application.engine.TemplateRenderer -- Notification template of N-08a has no value for class_time
12:27:30.284 [main] WARN com.agilityhub.core.clubs.messaging.application.engine.TemplateRenderer -- Notification template of N-08a has no value for class_description
12:27:30.284 [main] WARN com.agilityhub.core.clubs.messaging.application.engine.TemplateRenderer -- Notification template of N-08a has no value for admin_text
12:27:30.284 [main] WARN com.agilityhub.core.clubs.messaging.application.engine.TemplateRenderer -- Notification template of N-08a has no value for class_date
12:27:30.284 [main] WARN com.agilityhub.core.clubs.messaging.application.engine.TemplateRenderer -- Notification template of N-08a has no value for class_time
12:27:30.284 [main] WARN com.agilityhub.core.clubs.messaging.application.engine.TemplateRenderer -- Notification template of N-08a has no value for class_description
12:27:30.284 [main] WARN com.agilityhub.core.clubs.messaging.application.engine.TemplateRenderer -- Notification template of N-08a has no value for admin_text
12:27:30.285 [main] WARN com.agilityhub.core.clubs.messaging.application.engine.TemplateRenderer -- Notification template of N-08a has no value for class_date
12:27:30.285 [main] WARN com.agilityhub.core.clubs.messaging.application.engine.TemplateRenderer -- Notification template of N-08a has no value for class_time
12:27:30.285 [main] WARN com.agilityhub.core.clubs.messaging.application.engine.TemplateRenderer -- Notification template of N-08a has no value for class_description
12:27:30.285 [main] WARN com.agilityhub.core.clubs.messaging.application.engine.TemplateRenderer -- Notification template of N-08a has no value for admin_text
12:27:30.285 [main] WARN com.agilityhub.core.clubs.messaging.application.engine.TemplateRenderer -- Notification template of N-08a has no value for class_date
12:27:30.285 [main] WARN com.agilityhub.core.clubs.messaging.application.engine.TemplateRenderer -- Notification template of N-08a has no value for class_time
12:27:30.285 [main] WARN com.agilityhub.core.clubs.messaging.application.engine.TemplateRenderer -- Notification template of N-08a has no value for class_description
12:27:30.285 [main] WARN com.agilityhub.core.clubs.messaging.application.engine.TemplateRenderer -- Notification template of N-08a has no value for admin_text
12:27:30.286 [main] WARN com.agilityhub.core.clubs.messaging.application.engine.TemplateRenderer -- Notification template of N-08a has no value for class_date
12:27:30.286 [main] WARN com.agilityhub.core.clubs.messaging.application.engine.TemplateRenderer -- Notification template of N-08a has no value for class_time
12:27:30.286 [main] WARN com.agilityhub.core.clubs.messaging.application.engine.TemplateRenderer -- Notification template of N-08a has no value for class_description
12:27:30.286 [main] WARN com.agilityhub.core.clubs.messaging.application.engine.TemplateRenderer -- Notification template of N-08a has no value for admin_text
12:27:30.286 [main] WARN com.agilityhub.core.clubs.messaging.application.engine.TemplateRenderer -- Notification template of N-08a has no value for class_date
12:27:30.286 [main] WARN com.agilityhub.core.clubs.messaging.application.engine.TemplateRenderer -- Notification template of N-08a has no value for class_time
12:27:30.286 [main] WARN com.agilityhub.core.clubs.messaging.application.engine.TemplateRenderer -- Notification template of N-08a has no value for class_description
12:27:30.286 [main] WARN com.agilityhub.core.clubs.messaging.application.engine.TemplateRenderer -- Notification template of N-08a has no value for admin_text
12:27:30.287 [main] WARN com.agilityhub.core.clubs.messaging.application.engine.TemplateRenderer -- Notification template of N-08a has no value for class_date
12:27:30.287 [main] WARN com.agilityhub.core.clubs.messaging.application.engine.TemplateRenderer -- Notification template of N-08a has no value for class_time
12:27:30.287 [main] WARN com.agilityhub.core.clubs.messaging.application.engine.TemplateRenderer -- Notification template of N-08a has no value for class_description
12:27:30.287 [main] WARN com.agilityhub.core.clubs.messaging.application.engine.TemplateRenderer -- Notification template of N-08a has no value for admin_text
12:27:30.287 [main] WARN com.agilityhub.core.clubs.messaging.application.engine.TemplateRenderer -- Notification template of N-08a has no value for class_date
12:27:30.287 [main] WARN com.agilityhub.core.clubs.messaging.application.engine.TemplateRenderer -- Notification template of N-08a has no value for class_time
12:27:30.287 [main] WARN com.agilityhub.core.clubs.messaging.application.engine.TemplateRenderer -- Notification template of N-08a has no value for class_description
12:27:30.287 [main] WARN com.agilityhub.core.clubs.messaging.application.engine.TemplateRenderer -- Notification template of N-08a has no value for admin_text
12:27:30.287 [main] WARN com.agilityhub.core.clubs.messaging.application.engine.TemplateRenderer -- Notification template of N-08a has no value for class_date
12:27:30.287 [main] WARN com.agilityhub.core.clubs.messaging.application.engine.TemplateRenderer -- Notification template of N-08a has no value for class_time
12:27:30.287 [main] WARN com.agilityhub.core.clubs.messaging.application.engine.TemplateRenderer -- Notification template of N-08a has no value for class_description
12:27:30.287 [main] WARN com.agilityhub.core.clubs.messaging.application.engine.TemplateRenderer -- Notification template of N-08a has no value for admin_text
12:27:30.288 [main] WARN com.agilityhub.core.clubs.messaging.application.engine.TemplateRenderer -- Notification template of N-08a has no value for class_date
12:27:30.288 [main] WARN com.agilityhub.core.clubs.messaging.application.engine.TemplateRenderer -- Notification template of N-08a has no value for class_time
12:27:30.288 [main] WARN com.agilityhub.core.clubs.messaging.application.engine.TemplateRenderer -- Notification template of N-08a has no value for class_description
12:27:30.288 [main] WARN com.agilityhub.core.clubs.messaging.application.engine.TemplateRenderer -- Notification template of N-08a has no value for admin_text
12:27:30.288 [main] WARN com.agilityhub.core.clubs.messaging.application.engine.TemplateRenderer -- Notification template of N-08a has no value for class_date
12:27:30.288 [main] WARN com.agilityhub.core.clubs.messaging.application.engine.TemplateRenderer -- Notification template of N-08a has no value for class_time
12:27:30.288 [main] WARN com.agilityhub.core.clubs.messaging.application.engine.TemplateRenderer -- Notification template of N-08a has no value for class_description
12:27:30.288 [main] WARN com.agilityhub.core.clubs.messaging.application.engine.TemplateRenderer -- Notification template of N-08a has no value for admin_text
12:27:30.289 [main] WARN com.agilityhub.core.clubs.messaging.application.engine.TemplateRenderer -- Notification template of N-08a has no value for class_date
12:27:30.289 [main] WARN com.agilityhub.core.clubs.messaging.application.engine.TemplateRenderer -- Notification template of N-08a has no value for class_time
12:27:30.289 [main] WARN com.agilityhub.core.clubs.messaging.application.engine.TemplateRenderer -- Notification template of N-08a has no value for class_description
12:27:30.289 [main] WARN com.agilityhub.core.clubs.messaging.application.engine.TemplateRenderer -- Notification template of N-08a has no value for admin_text
12:27:30.289 [main] WARN com.agilityhub.core.clubs.messaging.application.engine.TemplateRenderer -- Notification template of N-08a has no value for class_date
12:27:30.289 [main] WARN com.agilityhub.core.clubs.messaging.application.engine.TemplateRenderer -- Notification template of N-08a has no value for class_time
12:27:30.289 [main] WARN com.agilityhub.core.clubs.messaging.application.engine.TemplateRenderer -- Notification template of N-08a has no value for class_description
12:27:30.289 [main] WARN com.agilityhub.core.clubs.messaging.application.engine.TemplateRenderer -- Notification template of N-08a has no value for admin_text
12:27:30.289 [main] WARN com.agilityhub.core.clubs.messaging.application.engine.TemplateRenderer -- Notification template of N-08a has no value for class_date
12:27:30.289 [main] WARN com.agilityhub.core.clubs.messaging.application.engine.TemplateRenderer -- Notification template of N-08a has no value for class_time
12:27:30.289 [main] WARN com.agilityhub.core.clubs.messaging.application.engine.TemplateRenderer -- Notification template of N-08a has no value for class_description
12:27:30.289 [main] WARN com.agilityhub.core.clubs.messaging.application.engine.TemplateRenderer -- Notification template of N-08a has no value for admin_text
12:27:30.290 [main] WARN com.agilityhub.core.clubs.messaging.application.engine.TemplateRenderer -- Notification template of N-08a has no value for class_date
12:27:30.290 [main] WARN com.agilityhub.core.clubs.messaging.application.engine.TemplateRenderer -- Notification template of N-08a has no value for class_time
12:27:30.290 [main] WARN com.agilityhub.core.clubs.messaging.application.engine.TemplateRenderer -- Notification template of N-08a has no value for class_description
12:27:30.290 [main] WARN com.agilityhub.core.clubs.messaging.application.engine.TemplateRenderer -- Notification template of N-08a has no value for admin_text
12:27:30.290 [main] WARN com.agilityhub.core.clubs.messaging.application.engine.TemplateRenderer -- Notification template of N-08a has no value for class_date
12:27:30.290 [main] WARN com.agilityhub.core.clubs.messaging.application.engine.TemplateRenderer -- Notification template of N-08a has no value for class_time
12:27:30.290 [main] WARN com.agilityhub.core.clubs.messaging.application.engine.TemplateRenderer -- Notification template of N-08a has no value for class_description
12:27:30.290 [main] WARN com.agilityhub.core.clubs.messaging.application.engine.TemplateRenderer -- Notification template of N-08a has no value for admin_text
12:27:30.312 [main] WARN com.agilityhub.core.clubs.messaging.application.engine.TemplateRenderer -- Notification template of N-08b has no value for class_date
12:27:30.312 [main] WARN com.agilityhub.core.clubs.messaging.application.engine.TemplateRenderer -- Notification template of N-08b has no value for class_description
12:27:30.312 [main] WARN com.agilityhub.core.clubs.messaging.application.engine.TemplateRenderer -- Notification template of N-08b has no value for changes
12:27:30.313 [main] WARN com.agilityhub.core.clubs.messaging.application.engine.TemplateRenderer -- Notification template of N-08b has no value for class_date
12:27:30.313 [main] WARN com.agilityhub.core.clubs.messaging.application.engine.TemplateRenderer -- Notification template of N-08b has no value for class_description
12:27:30.313 [main] WARN com.agilityhub.core.clubs.messaging.application.engine.TemplateRenderer -- Notification template of N-08b has no value for changes
12:27:30.314 [main] WARN com.agilityhub.core.clubs.messaging.application.engine.TemplateRenderer -- Notification template of N-08b has no value for class_date
12:27:30.314 [main] WARN com.agilityhub.core.clubs.messaging.application.engine.TemplateRenderer -- Notification template of N-08b has no value for class_description
12:27:30.314 [main] WARN com.agilityhub.core.clubs.messaging.application.engine.TemplateRenderer -- Notification template of N-08b has no value for changes
12:27:30.315 [main] WARN com.agilityhub.core.clubs.messaging.application.engine.TemplateRenderer -- Notification template of N-08b has no value for class_date
12:27:30.315 [main] WARN com.agilityhub.core.clubs.messaging.application.engine.TemplateRenderer -- Notification template of N-08b has no value for class_description
12:27:30.315 [main] WARN com.agilityhub.core.clubs.messaging.application.engine.TemplateRenderer -- Notification template of N-08b has no value for changes
12:27:30.315 [main] WARN com.agilityhub.core.clubs.messaging.application.engine.TemplateRenderer -- Notification template of N-08b has no value for class_date
12:27:30.315 [main] WARN com.agilityhub.core.clubs.messaging.application.engine.TemplateRenderer -- Notification template of N-08b has no value for class_description
12:27:30.315 [main] WARN com.agilityhub.core.clubs.messaging.application.engine.TemplateRenderer -- Notification template of N-08b has no value for changes
12:27:30.316 [main] WARN com.agilityhub.core.clubs.messaging.application.engine.TemplateRenderer -- Notification template of N-08b has no value for class_date
12:27:30.316 [main] WARN com.agilityhub.core.clubs.messaging.application.engine.TemplateRenderer -- Notification template of N-08b has no value for class_description
12:27:30.316 [main] WARN com.agilityhub.core.clubs.messaging.application.engine.TemplateRenderer -- Notification template of N-08b has no value for changes
12:27:30.316 [main] WARN com.agilityhub.core.clubs.messaging.application.engine.TemplateRenderer -- Notification template of N-08b has no value for class_date
12:27:30.316 [main] WARN com.agilityhub.core.clubs.messaging.application.engine.TemplateRenderer -- Notification template of N-08b has no value for class_description
12:27:30.316 [main] WARN com.agilityhub.core.clubs.messaging.application.engine.TemplateRenderer -- Notification template of N-08b has no value for changes
12:27:30.317 [main] WARN com.agilityhub.core.clubs.messaging.application.engine.TemplateRenderer -- Notification template of N-08b has no value for class_date
12:27:30.317 [main] WARN com.agilityhub.core.clubs.messaging.application.engine.TemplateRenderer -- Notification template of N-08b has no value for class_description
12:27:30.317 [main] WARN com.agilityhub.core.clubs.messaging.application.engine.TemplateRenderer -- Notification template of N-08b has no value for changes
12:27:30.317 [main] WARN com.agilityhub.core.clubs.messaging.application.engine.TemplateRenderer -- Notification template of N-08b has no value for class_date
12:27:30.317 [main] WARN com.agilityhub.core.clubs.messaging.application.engine.TemplateRenderer -- Notification template of N-08b has no value for class_description
12:27:30.317 [main] WARN com.agilityhub.core.clubs.messaging.application.engine.TemplateRenderer -- Notification template of N-08b has no value for changes
12:27:30.318 [main] WARN com.agilityhub.core.clubs.messaging.application.engine.TemplateRenderer -- Notification template of N-08b has no value for class_date
12:27:30.318 [main] WARN com.agilityhub.core.clubs.messaging.application.engine.TemplateRenderer -- Notification template of N-08b has no value for class_description
12:27:30.318 [main] WARN com.agilityhub.core.clubs.messaging.application.engine.TemplateRenderer -- Notification template of N-08b has no value for changes
12:27:30.318 [main] WARN com.agilityhub.core.clubs.messaging.application.engine.TemplateRenderer -- Notification template of N-08b has no value for class_date
12:27:30.318 [main] WARN com.agilityhub.core.clubs.messaging.application.engine.TemplateRenderer -- Notification template of N-08b has no value for class_description
12:27:30.318 [main] WARN com.agilityhub.core.clubs.messaging.application.engine.TemplateRenderer -- Notification template of N-08b has no value for changes
12:27:30.318 [main] WARN com.agilityhub.core.clubs.messaging.application.engine.TemplateRenderer -- Notification template of N-08b has no value for class_date
12:27:30.318 [main] WARN com.agilityhub.core.clubs.messaging.application.engine.TemplateRenderer -- Notification template of N-08b has no value for class_description
12:27:30.318 [main] WARN com.agilityhub.core.clubs.messaging.application.engine.TemplateRenderer -- Notification template of N-08b has no value for changes
12:27:30.319 [main] WARN com.agilityhub.core.clubs.messaging.application.engine.TemplateRenderer -- Notification template of N-08b has no value for class_date
12:27:30.319 [main] WARN com.agilityhub.core.clubs.messaging.application.engine.TemplateRenderer -- Notification template of N-08b has no value for class_description
12:27:30.319 [main] WARN com.agilityhub.core.clubs.messaging.application.engine.TemplateRenderer -- Notification template of N-08b has no value for changes
12:27:30.319 [main] WARN com.agilityhub.core.clubs.messaging.application.engine.TemplateRenderer -- Notification template of N-08b has no value for class_date
12:27:30.319 [main] WARN com.agilityhub.core.clubs.messaging.application.engine.TemplateRenderer -- Notification template of N-08b has no value for class_description
12:27:30.319 [main] WARN com.agilityhub.core.clubs.messaging.application.engine.TemplateRenderer -- Notification template of N-08b has no value for changes
12:27:30.320 [main] WARN com.agilityhub.core.clubs.messaging.application.engine.TemplateRenderer -- Notification template of N-08b has no value for class_date
12:27:30.320 [main] WARN com.agilityhub.core.clubs.messaging.application.engine.TemplateRenderer -- Notification template of N-08b has no value for class_description
12:27:30.320 [main] WARN com.agilityhub.core.clubs.messaging.application.engine.TemplateRenderer -- Notification template of N-08b has no value for changes
12:27:30.320 [main] WARN com.agilityhub.core.clubs.messaging.application.engine.TemplateRenderer -- Notification template of N-08b has no value for class_date
12:27:30.320 [main] WARN com.agilityhub.core.clubs.messaging.application.engine.TemplateRenderer -- Notification template of N-08b has no value for class_description
12:27:30.320 [main] WARN com.agilityhub.core.clubs.messaging.application.engine.TemplateRenderer -- Notification template of N-08b has no value for changes
12:27:30.321 [main] WARN com.agilityhub.core.clubs.messaging.application.engine.TemplateRenderer -- Notification template of N-08b has no value for class_date
12:27:30.321 [main] WARN com.agilityhub.core.clubs.messaging.application.engine.TemplateRenderer -- Notification template of N-08b has no value for class_description
12:27:30.321 [main] WARN com.agilityhub.core.clubs.messaging.application.engine.TemplateRenderer -- Notification template of N-08b has no value for changes
12:27:30.321 [main] WARN com.agilityhub.core.clubs.messaging.application.engine.TemplateRenderer -- Notification template of N-08b has no value for class_date
12:27:30.321 [main] WARN com.agilityhub.core.clubs.messaging.application.engine.TemplateRenderer -- Notification template of N-08b has no value for class_description
12:27:30.321 [main] WARN com.agilityhub.core.clubs.messaging.application.engine.TemplateRenderer -- Notification template of N-08b has no value for changes
12:27:30.321 [main] WARN com.agilityhub.core.clubs.messaging.application.engine.TemplateRenderer -- Notification template of N-08b has no value for class_date
12:27:30.321 [main] WARN com.agilityhub.core.clubs.messaging.application.engine.TemplateRenderer -- Notification template of N-08b has no value for class_description
12:27:30.321 [main] WARN com.agilityhub.core.clubs.messaging.application.engine.TemplateRenderer -- Notification template of N-08b has no value for changes
12:27:30.322 [main] WARN com.agilityhub.core.clubs.messaging.application.engine.TemplateRenderer -- Notification template of N-08b has no value for class_date
12:27:30.322 [main] WARN com.agilityhub.core.clubs.messaging.application.engine.TemplateRenderer -- Notification template of N-08b has no value for class_description
12:27:30.322 [main] WARN com.agilityhub.core.clubs.messaging.application.engine.TemplateRenderer -- Notification template of N-08b has no value for changes
12:27:30.322 [main] WARN com.agilityhub.core.clubs.messaging.application.engine.TemplateRenderer -- Notification template of N-08b has no value for class_date
12:27:30.322 [main] WARN com.agilityhub.core.clubs.messaging.application.engine.TemplateRenderer -- Notification template of N-08b has no value for class_description
12:27:30.322 [main] WARN com.agilityhub.core.clubs.messaging.application.engine.TemplateRenderer -- Notification template of N-08b has no value for changes
12:27:30.323 [main] WARN com.agilityhub.core.clubs.messaging.application.engine.TemplateRenderer -- Notification template of N-08b has no value for class_date
12:27:30.323 [main] WARN com.agilityhub.core.clubs.messaging.application.engine.TemplateRenderer -- Notification template of N-08b has no value for class_description
12:27:30.323 [main] WARN com.agilityhub.core.clubs.messaging.application.engine.TemplateRenderer -- Notification template of N-08b has no value for changes
12:27:30.323 [main] WARN com.agilityhub.core.clubs.messaging.application.engine.TemplateRenderer -- Notification template of N-08b has no value for class_date
12:27:30.323 [main] WARN com.agilityhub.core.clubs.messaging.application.engine.TemplateRenderer -- Notification template of N-08b has no value for class_description
12:27:30.323 [main] WARN com.agilityhub.core.clubs.messaging.application.engine.TemplateRenderer -- Notification template of N-08b has no value for changes
12:27:30.323 [main] WARN com.agilityhub.core.clubs.messaging.application.engine.TemplateRenderer -- Notification template of N-08b has no value for class_date
12:27:30.323 [main] WARN com.agilityhub.core.clubs.messaging.application.engine.TemplateRenderer -- Notification template of N-08b has no value for class_description
12:27:30.323 [main] WARN com.agilityhub.core.clubs.messaging.application.engine.TemplateRenderer -- Notification template of N-08b has no value for changes
12:27:30.324 [main] WARN com.agilityhub.core.clubs.messaging.application.engine.TemplateRenderer -- Notification template of N-08b has no value for class_date
12:27:30.324 [main] WARN com.agilityhub.core.clubs.messaging.application.engine.TemplateRenderer -- Notification template of N-08b has no value for class_description
12:27:30.324 [main] WARN com.agilityhub.core.clubs.messaging.application.engine.TemplateRenderer -- Notification template of N-08b has no value for changes
12:27:30.324 [main] WARN com.agilityhub.core.clubs.messaging.application.engine.TemplateRenderer -- Notification template of N-08b has no value for class_date
12:27:30.324 [main] WARN com.agilityhub.core.clubs.messaging.application.engine.TemplateRenderer -- Notification template of N-08b has no value for class_description
12:27:30.324 [main] WARN com.agilityhub.core.clubs.messaging.application.engine.TemplateRenderer -- Notification template of N-08b has no value for changes
12:27:30.324 [main] WARN com.agilityhub.core.clubs.messaging.application.engine.TemplateRenderer -- Notification template of N-08b has no value for class_date
12:27:30.324 [main] WARN com.agilityhub.core.clubs.messaging.application.engine.TemplateRenderer -- Notification template of N-08b has no value for class_description
12:27:30.324 [main] WARN com.agilityhub.core.clubs.messaging.application.engine.TemplateRenderer -- Notification template of N-08b has no value for changes
12:27:30.325 [main] WARN com.agilityhub.core.clubs.messaging.application.engine.TemplateRenderer -- Notification template of N-08b has no value for class_date
12:27:30.325 [main] WARN com.agilityhub.core.clubs.messaging.application.engine.TemplateRenderer -- Notification template of N-08b has no value for class_description
12:27:30.325 [main] WARN com.agilityhub.core.clubs.messaging.application.engine.TemplateRenderer -- Notification template of N-08b has no value for changes
12:27:30.325 [main] WARN com.agilityhub.core.clubs.messaging.application.engine.TemplateRenderer -- Notification template of N-08b has no value for class_date
12:27:30.325 [main] WARN com.agilityhub.core.clubs.messaging.application.engine.TemplateRenderer -- Notification template of N-08b has no value for class_description
12:27:30.325 [main] WARN com.agilityhub.core.clubs.messaging.application.engine.TemplateRenderer -- Notification template of N-08b has no value for changes
12:27:30.325 [main] WARN com.agilityhub.core.clubs.messaging.application.engine.TemplateRenderer -- Notification template of N-08b has no value for class_date
12:27:30.325 [main] WARN com.agilityhub.core.clubs.messaging.application.engine.TemplateRenderer -- Notification template of N-08b has no value for class_description
12:27:30.325 [main] WARN com.agilityhub.core.clubs.messaging.application.engine.TemplateRenderer -- Notification template of N-08b has no value for changes
12:27:30.326 [main] WARN com.agilityhub.core.clubs.messaging.application.engine.TemplateRenderer -- Notification template of N-08b has no value for class_date
12:27:30.326 [main] WARN com.agilityhub.core.clubs.messaging.application.engine.TemplateRenderer -- Notification template of N-08b has no value for class_description
12:27:30.326 [main] WARN com.agilityhub.core.clubs.messaging.application.engine.TemplateRenderer -- Notification template of N-08b has no value for changes
12:27:30.326 [main] WARN com.agilityhub.core.clubs.messaging.application.engine.TemplateRenderer -- Notification template of N-08b has no value for class_date
12:27:30.326 [main] WARN com.agilityhub.core.clubs.messaging.application.engine.TemplateRenderer -- Notification template of N-08b has no value for class_description
12:27:30.326 [main] WARN com.agilityhub.core.clubs.messaging.application.engine.TemplateRenderer -- Notification template of N-08b has no value for changes
12:27:30.337 [main] WARN com.agilityhub.core.clubs.messaging.application.engine.TemplateRenderer -- Notification template of N-10 has no value for invoice_number
12:27:30.337 [main] WARN com.agilityhub.core.clubs.messaging.application.engine.TemplateRenderer -- Notification template of N-10 has no value for member_name
12:27:30.337 [main] WARN com.agilityhub.core.clubs.messaging.application.engine.TemplateRenderer -- Notification template of N-10 has no value for amount
12:27:30.337 [main] WARN com.agilityhub.core.clubs.messaging.application.engine.TemplateRenderer -- Notification template of N-10 has no value for reason
12:27:30.338 [main] WARN com.agilityhub.core.clubs.messaging.application.engine.TemplateRenderer -- Notification template of N-10 has no value for invoice_number
12:27:30.338 [main] WARN com.agilityhub.core.clubs.messaging.application.engine.TemplateRenderer -- Notification template of N-10 has no value for member_name
12:27:30.338 [main] WARN com.agilityhub.core.clubs.messaging.application.engine.TemplateRenderer -- Notification template of N-10 has no value for amount
12:27:30.338 [main] WARN com.agilityhub.core.clubs.messaging.application.engine.TemplateRenderer -- Notification template of N-10 has no value for reason
12:27:30.338 [main] WARN com.agilityhub.core.clubs.messaging.application.engine.TemplateRenderer -- Notification template of N-10 has no value for invoice_number
12:27:30.338 [main] WARN com.agilityhub.core.clubs.messaging.application.engine.TemplateRenderer -- Notification template of N-10 has no value for member_name
12:27:30.338 [main] WARN com.agilityhub.core.clubs.messaging.application.engine.TemplateRenderer -- Notification template of N-10 has no value for amount
12:27:30.338 [main] WARN com.agilityhub.core.clubs.messaging.application.engine.TemplateRenderer -- Notification template of N-10 has no value for reason
12:27:30.338 [main] WARN com.agilityhub.core.clubs.messaging.application.engine.TemplateRenderer -- Notification template of N-10 has no value for invoice_number
12:27:30.338 [main] WARN com.agilityhub.core.clubs.messaging.application.engine.TemplateRenderer -- Notification template of N-10 has no value for member_name
12:27:30.338 [main] WARN com.agilityhub.core.clubs.messaging.application.engine.TemplateRenderer -- Notification template of N-10 has no value for amount
12:27:30.338 [main] WARN com.agilityhub.core.clubs.messaging.application.engine.TemplateRenderer -- Notification template of N-10 has no value for reason
12:27:30.340 [main] WARN com.agilityhub.core.clubs.messaging.application.engine.TemplateRenderer -- Notification template of N-10 has no value for invoice_number
12:27:30.340 [main] WARN com.agilityhub.core.clubs.messaging.application.engine.TemplateRenderer -- Notification template of N-10 has no value for member_name
12:27:30.340 [main] WARN com.agilityhub.core.clubs.messaging.application.engine.TemplateRenderer -- Notification template of N-10 has no value for amount
12:27:30.340 [main] WARN com.agilityhub.core.clubs.messaging.application.engine.TemplateRenderer -- Notification template of N-10 has no value for reason
12:27:30.340 [main] WARN com.agilityhub.core.clubs.messaging.application.engine.TemplateRenderer -- Notification template of N-10 has no value for invoice_number
12:27:30.340 [main] WARN com.agilityhub.core.clubs.messaging.application.engine.TemplateRenderer -- Notification template of N-10 has no value for member_name
12:27:30.340 [main] WARN com.agilityhub.core.clubs.messaging.application.engine.TemplateRenderer -- Notification template of N-10 has no value for amount
12:27:30.340 [main] WARN com.agilityhub.core.clubs.messaging.application.engine.TemplateRenderer -- Notification template of N-10 has no value for reason
12:27:30.340 [main] WARN com.agilityhub.core.clubs.messaging.application.engine.TemplateRenderer -- Notification template of N-10 has no value for invoice_number
12:27:30.340 [main] WARN com.agilityhub.core.clubs.messaging.application.engine.TemplateRenderer -- Notification template of N-10 has no value for member_name
12:27:30.340 [main] WARN com.agilityhub.core.clubs.messaging.application.engine.TemplateRenderer -- Notification template of N-10 has no value for amount
12:27:30.340 [main] WARN com.agilityhub.core.clubs.messaging.application.engine.TemplateRenderer -- Notification template of N-10 has no value for reason
12:27:30.341 [main] WARN com.agilityhub.core.clubs.messaging.application.engine.TemplateRenderer -- Notification template of N-10 has no value for invoice_number
12:27:30.341 [main] WARN com.agilityhub.core.clubs.messaging.application.engine.TemplateRenderer -- Notification template of N-10 has no value for member_name
12:27:30.341 [main] WARN com.agilityhub.core.clubs.messaging.application.engine.TemplateRenderer -- Notification template of N-10 has no value for amount
12:27:30.341 [main] WARN com.agilityhub.core.clubs.messaging.application.engine.TemplateRenderer -- Notification template of N-10 has no value for reason
12:27:30.342 [main] WARN com.agilityhub.core.clubs.messaging.application.engine.TemplateRenderer -- Notification template of N-10 has no value for invoice_number
12:27:30.342 [main] WARN com.agilityhub.core.clubs.messaging.application.engine.TemplateRenderer -- Notification template of N-10 has no value for member_name
12:27:30.342 [main] WARN com.agilityhub.core.clubs.messaging.application.engine.TemplateRenderer -- Notification template of N-10 has no value for amount
12:27:30.342 [main] WARN com.agilityhub.core.clubs.messaging.application.engine.TemplateRenderer -- Notification template of N-10 has no value for reason
12:27:30.342 [main] WARN com.agilityhub.core.clubs.messaging.application.engine.TemplateRenderer -- Notification template of N-10 has no value for invoice_number
12:27:30.342 [main] WARN com.agilityhub.core.clubs.messaging.application.engine.TemplateRenderer -- Notification template of N-10 has no value for member_name
12:27:30.342 [main] WARN com.agilityhub.core.clubs.messaging.application.engine.TemplateRenderer -- Notification template of N-10 has no value for amount
12:27:30.342 [main] WARN com.agilityhub.core.clubs.messaging.application.engine.TemplateRenderer -- Notification template of N-10 has no value for reason
12:27:30.343 [main] WARN com.agilityhub.core.clubs.messaging.application.engine.TemplateRenderer -- Notification template of N-10 has no value for invoice_number
12:27:30.343 [main] WARN com.agilityhub.core.clubs.messaging.application.engine.TemplateRenderer -- Notification template of N-10 has no value for member_name
12:27:30.343 [main] WARN com.agilityhub.core.clubs.messaging.application.engine.TemplateRenderer -- Notification template of N-10 has no value for amount
12:27:30.343 [main] WARN com.agilityhub.core.clubs.messaging.application.engine.TemplateRenderer -- Notification template of N-10 has no value for reason
12:27:30.343 [main] WARN com.agilityhub.core.clubs.messaging.application.engine.TemplateRenderer -- Notification template of N-10 has no value for invoice_number
12:27:30.343 [main] WARN com.agilityhub.core.clubs.messaging.application.engine.TemplateRenderer -- Notification template of N-10 has no value for member_name
12:27:30.343 [main] WARN com.agilityhub.core.clubs.messaging.application.engine.TemplateRenderer -- Notification template of N-10 has no value for amount
12:27:30.343 [main] WARN com.agilityhub.core.clubs.messaging.application.engine.TemplateRenderer -- Notification template of N-10 has no value for reason
12:27:30.344 [main] WARN com.agilityhub.core.clubs.messaging.application.engine.TemplateRenderer -- Notification template of N-10 has no value for invoice_number
12:27:30.344 [main] WARN com.agilityhub.core.clubs.messaging.application.engine.TemplateRenderer -- Notification template of N-10 has no value for member_name
12:27:30.344 [main] WARN com.agilityhub.core.clubs.messaging.application.engine.TemplateRenderer -- Notification template of N-10 has no value for amount
12:27:30.344 [main] WARN com.agilityhub.core.clubs.messaging.application.engine.TemplateRenderer -- Notification template of N-10 has no value for reason
12:27:30.344 [main] WARN com.agilityhub.core.clubs.messaging.application.engine.TemplateRenderer -- Notification template of N-10 has no value for invoice_number
12:27:30.344 [main] WARN com.agilityhub.core.clubs.messaging.application.engine.TemplateRenderer -- Notification template of N-10 has no value for member_name
12:27:30.344 [main] WARN com.agilityhub.core.clubs.messaging.application.engine.TemplateRenderer -- Notification template of N-10 has no value for amount
12:27:30.344 [main] WARN com.agilityhub.core.clubs.messaging.application.engine.TemplateRenderer -- Notification template of N-10 has no value for reason
12:27:30.345 [main] WARN com.agilityhub.core.clubs.messaging.application.engine.TemplateRenderer -- Notification template of N-10 has no value for invoice_number
12:27:30.345 [main] WARN com.agilityhub.core.clubs.messaging.application.engine.TemplateRenderer -- Notification template of N-10 has no value for member_name
12:27:30.345 [main] WARN com.agilityhub.core.clubs.messaging.application.engine.TemplateRenderer -- Notification template of N-10 has no value for amount
12:27:30.345 [main] WARN com.agilityhub.core.clubs.messaging.application.engine.TemplateRenderer -- Notification template of N-10 has no value for reason
12:27:30.345 [main] WARN com.agilityhub.core.clubs.messaging.application.engine.TemplateRenderer -- Notification template of N-10 has no value for invoice_number
12:27:30.345 [main] WARN com.agilityhub.core.clubs.messaging.application.engine.TemplateRenderer -- Notification template of N-10 has no value for member_name
12:27:30.345 [main] WARN com.agilityhub.core.clubs.messaging.application.engine.TemplateRenderer -- Notification template of N-10 has no value for amount
12:27:30.345 [main] WARN com.agilityhub.core.clubs.messaging.application.engine.TemplateRenderer -- Notification template of N-10 has no value for reason
12:27:30.346 [main] WARN com.agilityhub.core.clubs.messaging.application.engine.TemplateRenderer -- Notification template of N-10 has no value for invoice_number
12:27:30.346 [main] WARN com.agilityhub.core.clubs.messaging.application.engine.TemplateRenderer -- Notification template of N-10 has no value for member_name
12:27:30.346 [main] WARN com.agilityhub.core.clubs.messaging.application.engine.TemplateRenderer -- Notification template of N-10 has no value for amount
12:27:30.346 [main] WARN com.agilityhub.core.clubs.messaging.application.engine.TemplateRenderer -- Notification template of N-10 has no value for reason
12:27:30.346 [main] WARN com.agilityhub.core.clubs.messaging.application.engine.TemplateRenderer -- Notification template of N-10 has no value for invoice_number
12:27:30.346 [main] WARN com.agilityhub.core.clubs.messaging.application.engine.TemplateRenderer -- Notification template of N-10 has no value for member_name
12:27:30.346 [main] WARN com.agilityhub.core.clubs.messaging.application.engine.TemplateRenderer -- Notification template of N-10 has no value for amount
12:27:30.346 [main] WARN com.agilityhub.core.clubs.messaging.application.engine.TemplateRenderer -- Notification template of N-10 has no value for reason
12:27:30.347 [main] WARN com.agilityhub.core.clubs.messaging.application.engine.TemplateRenderer -- Notification template of N-10 has no value for invoice_number
12:27:30.347 [main] WARN com.agilityhub.core.clubs.messaging.application.engine.TemplateRenderer -- Notification template of N-10 has no value for member_name
12:27:30.347 [main] WARN com.agilityhub.core.clubs.messaging.application.engine.TemplateRenderer -- Notification template of N-10 has no value for amount
12:27:30.347 [main] WARN com.agilityhub.core.clubs.messaging.application.engine.TemplateRenderer -- Notification template of N-10 has no value for reason
12:27:30.347 [main] WARN com.agilityhub.core.clubs.messaging.application.engine.TemplateRenderer -- Notification template of N-10 has no value for invoice_number
12:27:30.347 [main] WARN com.agilityhub.core.clubs.messaging.application.engine.TemplateRenderer -- Notification template of N-10 has no value for member_name
12:27:30.347 [main] WARN com.agilityhub.core.clubs.messaging.application.engine.TemplateRenderer -- Notification template of N-10 has no value for amount
12:27:30.347 [main] WARN com.agilityhub.core.clubs.messaging.application.engine.TemplateRenderer -- Notification template of N-10 has no value for reason
12:27:30.348 [main] WARN com.agilityhub.core.clubs.messaging.application.engine.TemplateRenderer -- Notification template of N-10 has no value for invoice_number
12:27:30.348 [main] WARN com.agilityhub.core.clubs.messaging.application.engine.TemplateRenderer -- Notification template of N-10 has no value for member_name
12:27:30.348 [main] WARN com.agilityhub.core.clubs.messaging.application.engine.TemplateRenderer -- Notification template of N-10 has no value for amount
12:27:30.348 [main] WARN com.agilityhub.core.clubs.messaging.application.engine.TemplateRenderer -- Notification template of N-10 has no value for reason
12:27:30.348 [main] WARN com.agilityhub.core.clubs.messaging.application.engine.TemplateRenderer -- Notification template of N-10 has no value for invoice_number
12:27:30.348 [main] WARN com.agilityhub.core.clubs.messaging.application.engine.TemplateRenderer -- Notification template of N-10 has no value for member_name
12:27:30.348 [main] WARN com.agilityhub.core.clubs.messaging.application.engine.TemplateRenderer -- Notification template of N-10 has no value for amount
12:27:30.348 [main] WARN com.agilityhub.core.clubs.messaging.application.engine.TemplateRenderer -- Notification template of N-10 has no value for reason
12:27:30.349 [main] WARN com.agilityhub.core.clubs.messaging.application.engine.TemplateRenderer -- Notification template of N-10 has no value for invoice_number
12:27:30.349 [main] WARN com.agilityhub.core.clubs.messaging.application.engine.TemplateRenderer -- Notification template of N-10 has no value for member_name
12:27:30.349 [main] WARN com.agilityhub.core.clubs.messaging.application.engine.TemplateRenderer -- Notification template of N-10 has no value for amount
12:27:30.349 [main] WARN com.agilityhub.core.clubs.messaging.application.engine.TemplateRenderer -- Notification template of N-10 has no value for reason
12:27:30.349 [main] WARN com.agilityhub.core.clubs.messaging.application.engine.TemplateRenderer -- Notification template of N-10 has no value for invoice_number
12:27:30.349 [main] WARN com.agilityhub.core.clubs.messaging.application.engine.TemplateRenderer -- Notification template of N-10 has no value for member_name
12:27:30.349 [main] WARN com.agilityhub.core.clubs.messaging.application.engine.TemplateRenderer -- Notification template of N-10 has no value for amount
12:27:30.349 [main] WARN com.agilityhub.core.clubs.messaging.application.engine.TemplateRenderer -- Notification template of N-10 has no value for reason
12:27:30.350 [main] WARN com.agilityhub.core.clubs.messaging.application.engine.TemplateRenderer -- Notification template of N-10 has no value for invoice_number
12:27:30.350 [main] WARN com.agilityhub.core.clubs.messaging.application.engine.TemplateRenderer -- Notification template of N-10 has no value for member_name
12:27:30.350 [main] WARN com.agilityhub.core.clubs.messaging.application.engine.TemplateRenderer -- Notification template of N-10 has no value for amount
12:27:30.350 [main] WARN com.agilityhub.core.clubs.messaging.application.engine.TemplateRenderer -- Notification template of N-10 has no value for reason
12:27:30.351 [main] WARN com.agilityhub.core.clubs.messaging.application.engine.TemplateRenderer -- Notification template of N-10 has no value for invoice_number
12:27:30.351 [main] WARN com.agilityhub.core.clubs.messaging.application.engine.TemplateRenderer -- Notification template of N-10 has no value for member_name
12:27:30.351 [main] WARN com.agilityhub.core.clubs.messaging.application.engine.TemplateRenderer -- Notification template of N-10 has no value for amount
12:27:30.351 [main] WARN com.agilityhub.core.clubs.messaging.application.engine.TemplateRenderer -- Notification template of N-10 has no value for reason
12:27:30.351 [main] WARN com.agilityhub.core.clubs.messaging.application.engine.TemplateRenderer -- Notification template of N-10 has no value for invoice_number
12:27:30.351 [main] WARN com.agilityhub.core.clubs.messaging.application.engine.TemplateRenderer -- Notification template of N-10 has no value for member_name
12:27:30.351 [main] WARN com.agilityhub.core.clubs.messaging.application.engine.TemplateRenderer -- Notification template of N-10 has no value for amount
12:27:30.351 [main] WARN com.agilityhub.core.clubs.messaging.application.engine.TemplateRenderer -- Notification template of N-10 has no value for reason
12:27:30.352 [main] WARN com.agilityhub.core.clubs.messaging.application.engine.TemplateRenderer -- Notification template of N-10 has no value for invoice_number
12:27:30.352 [main] WARN com.agilityhub.core.clubs.messaging.application.engine.TemplateRenderer -- Notification template of N-10 has no value for member_name
12:27:30.352 [main] WARN com.agilityhub.core.clubs.messaging.application.engine.TemplateRenderer -- Notification template of N-10 has no value for amount
12:27:30.352 [main] WARN com.agilityhub.core.clubs.messaging.application.engine.TemplateRenderer -- Notification template of N-10 has no value for reason
12:27:30.352 [main] WARN com.agilityhub.core.clubs.messaging.application.engine.TemplateRenderer -- Notification template of N-10 has no value for invoice_number
12:27:30.352 [main] WARN com.agilityhub.core.clubs.messaging.application.engine.TemplateRenderer -- Notification template of N-10 has no value for member_name
12:27:30.352 [main] WARN com.agilityhub.core.clubs.messaging.application.engine.TemplateRenderer -- Notification template of N-10 has no value for amount
12:27:30.352 [main] WARN com.agilityhub.core.clubs.messaging.application.engine.TemplateRenderer -- Notification template of N-10 has no value for reason
12:27:30.353 [main] WARN com.agilityhub.core.clubs.messaging.application.engine.TemplateRenderer -- Notification template of N-10 has no value for invoice_number
12:27:30.353 [main] WARN com.agilityhub.core.clubs.messaging.application.engine.TemplateRenderer -- Notification template of N-10 has no value for member_name
12:27:30.353 [main] WARN com.agilityhub.core.clubs.messaging.application.engine.TemplateRenderer -- Notification template of N-10 has no value for amount
12:27:30.353 [main] WARN com.agilityhub.core.clubs.messaging.application.engine.TemplateRenderer -- Notification template of N-10 has no value for reason
12:27:30.353 [main] WARN com.agilityhub.core.clubs.messaging.application.engine.TemplateRenderer -- Notification template of N-10 has no value for invoice_number
12:27:30.353 [main] WARN com.agilityhub.core.clubs.messaging.application.engine.TemplateRenderer -- Notification template of N-10 has no value for member_name
12:27:30.353 [main] WARN com.agilityhub.core.clubs.messaging.application.engine.TemplateRenderer -- Notification template of N-10 has no value for amount
12:27:30.353 [main] WARN com.agilityhub.core.clubs.messaging.application.engine.TemplateRenderer -- Notification template of N-10 has no value for reason
12:27:30.354 [main] WARN com.agilityhub.core.clubs.messaging.application.engine.TemplateRenderer -- Notification template of N-10 has no value for invoice_number
12:27:30.354 [main] WARN com.agilityhub.core.clubs.messaging.application.engine.TemplateRenderer -- Notification template of N-10 has no value for member_name
12:27:30.354 [main] WARN com.agilityhub.core.clubs.messaging.application.engine.TemplateRenderer -- Notification template of N-10 has no value for amount
12:27:30.354 [main] WARN com.agilityhub.core.clubs.messaging.application.engine.TemplateRenderer -- Notification template of N-10 has no value for reason
12:27:30.386 [main] WARN com.agilityhub.core.clubs.messaging.application.engine.TemplateRenderer -- Notification template of N-13 has no value for kind
12:27:30.387 [main] WARN com.agilityhub.core.clubs.messaging.application.engine.TemplateRenderer -- Notification template of N-13 has no value for kind
12:27:30.388 [main] WARN com.agilityhub.core.clubs.messaging.application.engine.TemplateRenderer -- Notification template of N-13 has no value for kind
12:27:30.388 [main] WARN com.agilityhub.core.clubs.messaging.application.engine.TemplateRenderer -- Notification template of N-13 has no value for kind
12:27:30.388 [main] WARN com.agilityhub.core.clubs.messaging.application.engine.TemplateRenderer -- Notification template of N-13 has no value for kind
12:27:30.388 [main] WARN com.agilityhub.core.clubs.messaging.application.engine.TemplateRenderer -- Notification template of N-13 has no value for kind
12:27:30.389 [main] WARN com.agilityhub.core.clubs.messaging.application.engine.TemplateRenderer -- Notification template of N-13 has no value for kind
12:27:30.389 [main] WARN com.agilityhub.core.clubs.messaging.application.engine.TemplateRenderer -- Notification template of N-13 has no value for kind
12:27:30.389 [main] WARN com.agilityhub.core.clubs.messaging.application.engine.TemplateRenderer -- Notification template of N-13 has no value for kind
12:27:30.389 [main] WARN com.agilityhub.core.clubs.messaging.application.engine.TemplateRenderer -- Notification template of N-13 has no value for kind
12:27:30.390 [main] WARN com.agilityhub.core.clubs.messaging.application.engine.TemplateRenderer -- Notification template of N-13 has no value for kind
12:27:30.390 [main] WARN com.agilityhub.core.clubs.messaging.application.engine.TemplateRenderer -- Notification template of N-13 has no value for kind
12:27:30.390 [main] WARN com.agilityhub.core.clubs.messaging.application.engine.TemplateRenderer -- Notification template of N-13 has no value for kind
12:27:30.390 [main] WARN com.agilityhub.core.clubs.messaging.application.engine.TemplateRenderer -- Notification template of N-13 has no value for kind
12:27:30.391 [main] WARN com.agilityhub.core.clubs.messaging.application.engine.TemplateRenderer -- Notification template of N-13 has no value for kind
12:27:30.391 [main] WARN com.agilityhub.core.clubs.messaging.application.engine.TemplateRenderer -- Notification template of N-13 has no value for kind
12:27:30.392 [main] WARN com.agilityhub.core.clubs.messaging.application.engine.TemplateRenderer -- Notification template of N-13 has no value for kind
12:27:30.392 [main] WARN com.agilityhub.core.clubs.messaging.application.engine.TemplateRenderer -- Notification template of N-13 has no value for kind
12:27:30.392 [main] WARN com.agilityhub.core.clubs.messaging.application.engine.TemplateRenderer -- Notification template of N-13 has no value for kind
12:27:30.392 [main] WARN com.agilityhub.core.clubs.messaging.application.engine.TemplateRenderer -- Notification template of N-13 has no value for kind
12:27:30.393 [main] WARN com.agilityhub.core.clubs.messaging.application.engine.TemplateRenderer -- Notification template of N-13 has no value for kind
12:27:30.393 [main] WARN com.agilityhub.core.clubs.messaging.application.engine.TemplateRenderer -- Notification template of N-13 has no value for kind
12:27:30.394 [main] WARN com.agilityhub.core.clubs.messaging.application.engine.TemplateRenderer -- Notification template of N-13 has no value for kind
12:27:30.394 [main] WARN com.agilityhub.core.clubs.messaging.application.engine.TemplateRenderer -- Notification template of N-13 has no value for kind
12:27:30.394 [main] WARN com.agilityhub.core.clubs.messaging.application.engine.TemplateRenderer -- Notification template of N-13 has no value for kind
12:27:30.394 [main] WARN com.agilityhub.core.clubs.messaging.application.engine.TemplateRenderer -- Notification template of N-13 has no value for kind
12:27:30.394 [main] WARN com.agilityhub.core.clubs.messaging.application.engine.TemplateRenderer -- Notification template of N-13 has no value for kind
12:27:30.394 [main] WARN com.agilityhub.core.clubs.messaging.application.engine.TemplateRenderer -- Notification template of N-13 has no value for kind
12:27:30.395 [main] WARN com.agilityhub.core.clubs.messaging.application.engine.TemplateRenderer -- Notification template of N-13 has no value for kind
12:27:30.395 [main] WARN com.agilityhub.core.clubs.messaging.application.engine.TemplateRenderer -- Notification template of N-13 has no value for kind
12:27:30.395 [main] WARN com.agilityhub.core.clubs.messaging.application.engine.TemplateRenderer -- Notification template of N-13 has no value for kind
12:27:30.395 [main] WARN com.agilityhub.core.clubs.messaging.application.engine.TemplateRenderer -- Notification template of N-13 has no value for kind
12:27:30.396 [main] WARN com.agilityhub.core.clubs.messaging.application.engine.TemplateRenderer -- Notification template of N-13 has no value for kind
12:27:30.396 [main] WARN com.agilityhub.core.clubs.messaging.application.engine.TemplateRenderer -- Notification template of N-13 has no value for kind
12:27:30.396 [main] WARN com.agilityhub.core.clubs.messaging.application.engine.TemplateRenderer -- Notification template of N-13 has no value for kind
12:27:30.396 [main] WARN com.agilityhub.core.clubs.messaging.application.engine.TemplateRenderer -- Notification template of N-13 has no value for kind
12:27:30.406 [main] WARN com.agilityhub.core.clubs.messaging.application.engine.TemplateRenderer -- Notification template of N-13 has no value for kind
12:27:30.406 [main] WARN com.agilityhub.core.clubs.messaging.application.engine.TemplateRenderer -- Notification template of N-13 has no value for kind
12:27:30.407 [main] WARN com.agilityhub.core.clubs.messaging.application.engine.TemplateRenderer -- Notification template of N-13 has no value for kind
12:27:30.407 [main] WARN com.agilityhub.core.clubs.messaging.application.engine.TemplateRenderer -- Notification template of N-13 has no value for kind
12:27:30.407 [main] WARN com.agilityhub.core.clubs.messaging.application.engine.TemplateRenderer -- Notification template of N-13 has no value for kind
12:27:30.407 [main] WARN com.agilityhub.core.clubs.messaging.application.engine.TemplateRenderer -- Notification template of N-13 has no value for kind
12:27:30.408 [main] WARN com.agilityhub.core.clubs.messaging.application.engine.TemplateRenderer -- Notification template of N-13 has no value for kind
12:27:30.408 [main] WARN com.agilityhub.core.clubs.messaging.application.engine.TemplateRenderer -- Notification template of N-13 has no value for kind
12:27:30.408 [main] WARN com.agilityhub.core.clubs.messaging.application.engine.TemplateRenderer -- Notification template of N-13 has no value for kind
12:27:30.408 [main] WARN com.agilityhub.core.clubs.messaging.application.engine.TemplateRenderer -- Notification template of N-13 has no value for kind
12:27:30.408 [main] WARN com.agilityhub.core.clubs.messaging.application.engine.TemplateRenderer -- Notification template of N-13 has no value for kind
12:27:30.408 [main] WARN com.agilityhub.core.clubs.messaging.application.engine.TemplateRenderer -- Notification template of N-13 has no value for kind
12:27:30.409 [main] WARN com.agilityhub.core.clubs.messaging.application.engine.TemplateRenderer -- Notification template of N-13 has no value for kind
12:27:30.409 [main] WARN com.agilityhub.core.clubs.messaging.application.engine.TemplateRenderer -- Notification template of N-13 has no value for kind
12:27:30.409 [main] WARN com.agilityhub.core.clubs.messaging.application.engine.TemplateRenderer -- Notification template of N-13 has no value for kind
12:27:30.409 [main] WARN com.agilityhub.core.clubs.messaging.application.engine.TemplateRenderer -- Notification template of N-13 has no value for kind
12:27:30.410 [main] WARN com.agilityhub.core.clubs.messaging.application.engine.TemplateRenderer -- Notification template of N-13 has no value for kind
12:27:30.410 [main] WARN com.agilityhub.core.clubs.messaging.application.engine.TemplateRenderer -- Notification template of N-13 has no value for kind
12:27:30.410 [main] WARN com.agilityhub.core.clubs.messaging.application.engine.TemplateRenderer -- Notification template of N-13 has no value for kind
12:27:30.410 [main] WARN com.agilityhub.core.clubs.messaging.application.engine.TemplateRenderer -- Notification template of N-13 has no value for kind
12:27:30.410 [main] WARN com.agilityhub.core.clubs.messaging.application.engine.TemplateRenderer -- Notification template of N-13 has no value for kind
12:27:30.410 [main] WARN com.agilityhub.core.clubs.messaging.application.engine.TemplateRenderer -- Notification template of N-13 has no value for kind
12:27:30.411 [main] WARN com.agilityhub.core.clubs.messaging.application.engine.TemplateRenderer -- Notification template of N-13 has no value for kind
12:27:30.411 [main] WARN com.agilityhub.core.clubs.messaging.application.engine.TemplateRenderer -- Notification template of N-13 has no value for kind
12:27:30.411 [main] WARN com.agilityhub.core.clubs.messaging.application.engine.TemplateRenderer -- Notification template of N-13 has no value for kind
12:27:30.411 [main] WARN com.agilityhub.core.clubs.messaging.application.engine.TemplateRenderer -- Notification template of N-13 has no value for kind
12:27:30.411 [main] WARN com.agilityhub.core.clubs.messaging.application.engine.TemplateRenderer -- Notification template of N-13 has no value for kind
12:27:30.411 [main] WARN com.agilityhub.core.clubs.messaging.application.engine.TemplateRenderer -- Notification template of N-13 has no value for kind
12:27:30.412 [main] WARN com.agilityhub.core.clubs.messaging.application.engine.TemplateRenderer -- Notification template of N-13 has no value for kind
12:27:30.412 [main] WARN com.agilityhub.core.clubs.messaging.application.engine.TemplateRenderer -- Notification template of N-13 has no value for kind
12:27:30.412 [main] WARN com.agilityhub.core.clubs.messaging.application.engine.TemplateRenderer -- Notification template of N-13 has no value for kind
12:27:30.412 [main] WARN com.agilityhub.core.clubs.messaging.application.engine.TemplateRenderer -- Notification template of N-13 has no value for kind
12:27:30.413 [main] WARN com.agilityhub.core.clubs.messaging.application.engine.TemplateRenderer -- Notification template of N-13 has no value for kind
12:27:30.413 [main] WARN com.agilityhub.core.clubs.messaging.application.engine.TemplateRenderer -- Notification template of N-13 has no value for kind
12:27:30.413 [main] WARN com.agilityhub.core.clubs.messaging.application.engine.TemplateRenderer -- Notification template of N-13 has no value for kind
12:27:30.413 [main] WARN com.agilityhub.core.clubs.messaging.application.engine.TemplateRenderer -- Notification template of N-13 has no value for kind
12:27:30.413 [main] WARN com.agilityhub.core.clubs.messaging.application.engine.TemplateRenderer -- Notification template of N-13 has no value for kind
12:27:30.413 [main] WARN com.agilityhub.core.clubs.messaging.application.engine.TemplateRenderer -- Notification template of N-13 has no value for kind
12:27:30.414 [main] WARN com.agilityhub.core.clubs.messaging.application.engine.TemplateRenderer -- Notification template of N-13 has no value for kind
12:27:30.414 [main] WARN com.agilityhub.core.clubs.messaging.application.engine.TemplateRenderer -- Notification template of N-13 has no value for kind
12:27:30.414 [main] WARN com.agilityhub.core.clubs.messaging.application.engine.TemplateRenderer -- Notification template of N-13 has no value for kind
12:27:30.414 [main] WARN com.agilityhub.core.clubs.messaging.application.engine.TemplateRenderer -- Notification template of N-13 has no value for kind
12:27:30.415 [main] WARN com.agilityhub.core.clubs.messaging.application.engine.TemplateRenderer -- Notification template of N-13 has no value for kind
12:27:30.415 [main] WARN com.agilityhub.core.clubs.messaging.application.engine.TemplateRenderer -- Notification template of N-13 has no value for kind
12:27:30.415 [main] WARN com.agilityhub.core.clubs.messaging.application.engine.TemplateRenderer -- Notification template of N-13 has no value for kind
12:27:30.415 [main] WARN com.agilityhub.core.clubs.messaging.application.engine.TemplateRenderer -- Notification template of N-13 has no value for kind
12:27:30.415 [main] WARN com.agilityhub.core.clubs.messaging.application.engine.TemplateRenderer -- Notification template of N-13 has no value for kind
12:27:30.415 [main] WARN com.agilityhub.core.clubs.messaging.application.engine.TemplateRenderer -- Notification template of N-13 has no value for kind
12:27:30.416 [main] WARN com.agilityhub.core.clubs.messaging.application.engine.TemplateRenderer -- Notification template of N-13 has no value for kind
12:27:30.416 [main] WARN com.agilityhub.core.clubs.messaging.application.engine.TemplateRenderer -- Notification template of N-13 has no value for kind
12:27:30.416 [main] WARN com.agilityhub.core.clubs.messaging.application.engine.TemplateRenderer -- Notification template of N-13 has no value for kind
12:27:30.416 [main] WARN com.agilityhub.core.clubs.messaging.application.engine.TemplateRenderer -- Notification template of N-13 has no value for kind
12:27:30.417 [main] WARN com.agilityhub.core.clubs.messaging.application.engine.TemplateRenderer -- Notification template of N-13 has no value for kind
12:27:30.417 [main] WARN com.agilityhub.core.clubs.messaging.application.engine.TemplateRenderer -- Notification template of N-13 has no value for kind
12:27:30.417 [main] WARN com.agilityhub.core.clubs.messaging.application.engine.TemplateRenderer -- Notification template of N-13 has no value for kind
12:27:30.417 [main] WARN com.agilityhub.core.clubs.messaging.application.engine.TemplateRenderer -- Notification template of N-13 has no value for kind
12:27:30.417 [main] WARN com.agilityhub.core.clubs.messaging.application.engine.TemplateRenderer -- Notification template of N-13 has no value for kind
12:27:30.418 [main] WARN com.agilityhub.core.clubs.messaging.application.engine.TemplateRenderer -- Notification template of N-13 has no value for kind
12:27:30.418 [main] WARN com.agilityhub.core.clubs.messaging.application.engine.TemplateRenderer -- Notification template of N-13 has no value for kind
12:27:30.418 [main] WARN com.agilityhub.core.clubs.messaging.application.engine.TemplateRenderer -- Notification template of N-13 has no value for kind
12:27:30.418 [main] WARN com.agilityhub.core.clubs.messaging.application.engine.TemplateRenderer -- Notification template of N-14 has no value for member_name
12:27:30.418 [main] WARN com.agilityhub.core.clubs.messaging.application.engine.TemplateRenderer -- Notification template of N-14 has no value for requested_date
12:27:30.418 [main] WARN com.agilityhub.core.clubs.messaging.application.engine.TemplateRenderer -- Notification template of N-14 has no value for reason
12:27:30.419 [main] WARN com.agilityhub.core.clubs.messaging.application.engine.TemplateRenderer -- Notification template of N-14 has no value for member_name
12:27:30.419 [main] WARN com.agilityhub.core.clubs.messaging.application.engine.TemplateRenderer -- Notification template of N-14 has no value for requested_date
12:27:30.419 [main] WARN com.agilityhub.core.clubs.messaging.application.engine.TemplateRenderer -- Notification template of N-14 has no value for reason
12:27:30.419 [main] WARN com.agilityhub.core.clubs.messaging.application.engine.TemplateRenderer -- Notification template of N-14 has no value for member_name
12:27:30.419 [main] WARN com.agilityhub.core.clubs.messaging.application.engine.TemplateRenderer -- Notification template of N-14 has no value for requested_date
12:27:30.419 [main] WARN com.agilityhub.core.clubs.messaging.application.engine.TemplateRenderer -- Notification template of N-14 has no value for reason
12:27:30.420 [main] WARN com.agilityhub.core.clubs.messaging.application.engine.TemplateRenderer -- Notification template of N-14 has no value for member_name
12:27:30.420 [main] WARN com.agilityhub.core.clubs.messaging.application.engine.TemplateRenderer -- Notification template of N-14 has no value for requested_date
12:27:30.420 [main] WARN com.agilityhub.core.clubs.messaging.application.engine.TemplateRenderer -- Notification template of N-14 has no value for reason
12:27:30.420 [main] WARN com.agilityhub.core.clubs.messaging.application.engine.TemplateRenderer -- Notification template of N-14 has no value for member_name
12:27:30.420 [main] WARN com.agilityhub.core.clubs.messaging.application.engine.TemplateRenderer -- Notification template of N-14 has no value for requested_date
12:27:30.420 [main] WARN com.agilityhub.core.clubs.messaging.application.engine.TemplateRenderer -- Notification template of N-14 has no value for reason
12:27:30.420 [main] WARN com.agilityhub.core.clubs.messaging.application.engine.TemplateRenderer -- Notification template of N-14 has no value for member_name
12:27:30.420 [main] WARN com.agilityhub.core.clubs.messaging.application.engine.TemplateRenderer -- Notification template of N-14 has no value for requested_date
12:27:30.420 [main] WARN com.agilityhub.core.clubs.messaging.application.engine.TemplateRenderer -- Notification template of N-14 has no value for reason
12:27:30.421 [main] WARN com.agilityhub.core.clubs.messaging.application.engine.TemplateRenderer -- Notification template of N-14 has no value for member_name
12:27:30.421 [main] WARN com.agilityhub.core.clubs.messaging.application.engine.TemplateRenderer -- Notification template of N-14 has no value for requested_date
12:27:30.421 [main] WARN com.agilityhub.core.clubs.messaging.application.engine.TemplateRenderer -- Notification template of N-14 has no value for reason
12:27:30.421 [main] WARN com.agilityhub.core.clubs.messaging.application.engine.TemplateRenderer -- Notification template of N-14 has no value for member_name
12:27:30.421 [main] WARN com.agilityhub.core.clubs.messaging.application.engine.TemplateRenderer -- Notification template of N-14 has no value for requested_date
12:27:30.421 [main] WARN com.agilityhub.core.clubs.messaging.application.engine.TemplateRenderer -- Notification template of N-14 has no value for reason
12:27:30.421 [main] WARN com.agilityhub.core.clubs.messaging.application.engine.TemplateRenderer -- Notification template of N-14 has no value for member_name
12:27:30.421 [main] WARN com.agilityhub.core.clubs.messaging.application.engine.TemplateRenderer -- Notification template of N-14 has no value for requested_date
12:27:30.421 [main] WARN com.agilityhub.core.clubs.messaging.application.engine.TemplateRenderer -- Notification template of N-14 has no value for reason
12:27:30.422 [main] WARN com.agilityhub.core.clubs.messaging.application.engine.TemplateRenderer -- Notification template of N-14 has no value for member_name
12:27:30.422 [main] WARN com.agilityhub.core.clubs.messaging.application.engine.TemplateRenderer -- Notification template of N-14 has no value for requested_date
12:27:30.422 [main] WARN com.agilityhub.core.clubs.messaging.application.engine.TemplateRenderer -- Notification template of N-14 has no value for reason
12:27:30.422 [main] WARN com.agilityhub.core.clubs.messaging.application.engine.TemplateRenderer -- Notification template of N-14 has no value for member_name
12:27:30.422 [main] WARN com.agilityhub.core.clubs.messaging.application.engine.TemplateRenderer -- Notification template of N-14 has no value for requested_date
12:27:30.422 [main] WARN com.agilityhub.core.clubs.messaging.application.engine.TemplateRenderer -- Notification template of N-14 has no value for reason
12:27:30.423 [main] WARN com.agilityhub.core.clubs.messaging.application.engine.TemplateRenderer -- Notification template of N-14 has no value for member_name
12:27:30.423 [main] WARN com.agilityhub.core.clubs.messaging.application.engine.TemplateRenderer -- Notification template of N-14 has no value for requested_date
12:27:30.423 [main] WARN com.agilityhub.core.clubs.messaging.application.engine.TemplateRenderer -- Notification template of N-14 has no value for reason
12:27:30.423 [main] WARN com.agilityhub.core.clubs.messaging.application.engine.TemplateRenderer -- Notification template of N-14 has no value for member_name
12:27:30.423 [main] WARN com.agilityhub.core.clubs.messaging.application.engine.TemplateRenderer -- Notification template of N-14 has no value for requested_date
12:27:30.423 [main] WARN com.agilityhub.core.clubs.messaging.application.engine.TemplateRenderer -- Notification template of N-14 has no value for reason
12:27:30.424 [main] WARN com.agilityhub.core.clubs.messaging.application.engine.TemplateRenderer -- Notification template of N-14 has no value for member_name
12:27:30.424 [main] WARN com.agilityhub.core.clubs.messaging.application.engine.TemplateRenderer -- Notification template of N-14 has no value for requested_date
12:27:30.424 [main] WARN com.agilityhub.core.clubs.messaging.application.engine.TemplateRenderer -- Notification template of N-14 has no value for reason
12:27:30.424 [main] WARN com.agilityhub.core.clubs.messaging.application.engine.TemplateRenderer -- Notification template of N-14 has no value for member_name
12:27:30.424 [main] WARN com.agilityhub.core.clubs.messaging.application.engine.TemplateRenderer -- Notification template of N-14 has no value for requested_date
12:27:30.424 [main] WARN com.agilityhub.core.clubs.messaging.application.engine.TemplateRenderer -- Notification template of N-14 has no value for reason
12:27:30.424 [main] WARN com.agilityhub.core.clubs.messaging.application.engine.TemplateRenderer -- Notification template of N-14 has no value for member_name
12:27:30.424 [main] WARN com.agilityhub.core.clubs.messaging.application.engine.TemplateRenderer -- Notification template of N-14 has no value for requested_date
12:27:30.424 [main] WARN com.agilityhub.core.clubs.messaging.application.engine.TemplateRenderer -- Notification template of N-14 has no value for reason
12:27:30.425 [main] WARN com.agilityhub.core.clubs.messaging.application.engine.TemplateRenderer -- Notification template of N-14 has no value for member_name
12:27:30.425 [main] WARN com.agilityhub.core.clubs.messaging.application.engine.TemplateRenderer -- Notification template of N-14 has no value for requested_date
12:27:30.425 [main] WARN com.agilityhub.core.clubs.messaging.application.engine.TemplateRenderer -- Notification template of N-14 has no value for reason
12:27:30.425 [main] WARN com.agilityhub.core.clubs.messaging.application.engine.TemplateRenderer -- Notification template of N-14 has no value for member_name
12:27:30.425 [main] WARN com.agilityhub.core.clubs.messaging.application.engine.TemplateRenderer -- Notification template of N-14 has no value for requested_date
12:27:30.425 [main] WARN com.agilityhub.core.clubs.messaging.application.engine.TemplateRenderer -- Notification template of N-14 has no value for reason
12:27:30.426 [main] WARN com.agilityhub.core.clubs.messaging.application.engine.TemplateRenderer -- Notification template of N-14 has no value for member_name
12:27:30.426 [main] WARN com.agilityhub.core.clubs.messaging.application.engine.TemplateRenderer -- Notification template of N-14 has no value for requested_date
12:27:30.426 [main] WARN com.agilityhub.core.clubs.messaging.application.engine.TemplateRenderer -- Notification template of N-14 has no value for reason
12:27:30.426 [main] WARN com.agilityhub.core.clubs.messaging.application.engine.TemplateRenderer -- Notification template of N-14 has no value for member_name
12:27:30.426 [main] WARN com.agilityhub.core.clubs.messaging.application.engine.TemplateRenderer -- Notification template of N-14 has no value for requested_date
12:27:30.426 [main] WARN com.agilityhub.core.clubs.messaging.application.engine.TemplateRenderer -- Notification template of N-14 has no value for reason
12:27:30.426 [main] WARN com.agilityhub.core.clubs.messaging.application.engine.TemplateRenderer -- Notification template of N-14 has no value for member_name
12:27:30.426 [main] WARN com.agilityhub.core.clubs.messaging.application.engine.TemplateRenderer -- Notification template of N-14 has no value for requested_date
12:27:30.426 [main] WARN com.agilityhub.core.clubs.messaging.application.engine.TemplateRenderer -- Notification template of N-14 has no value for reason
12:27:30.427 [main] WARN com.agilityhub.core.clubs.messaging.application.engine.TemplateRenderer -- Notification template of N-14 has no value for member_name
12:27:30.427 [main] WARN com.agilityhub.core.clubs.messaging.application.engine.TemplateRenderer -- Notification template of N-14 has no value for requested_date
12:27:30.427 [main] WARN com.agilityhub.core.clubs.messaging.application.engine.TemplateRenderer -- Notification template of N-14 has no value for reason
12:27:30.427 [main] WARN com.agilityhub.core.clubs.messaging.application.engine.TemplateRenderer -- Notification template of N-14 has no value for member_name
12:27:30.427 [main] WARN com.agilityhub.core.clubs.messaging.application.engine.TemplateRenderer -- Notification template of N-14 has no value for requested_date
12:27:30.427 [main] WARN com.agilityhub.core.clubs.messaging.application.engine.TemplateRenderer -- Notification template of N-14 has no value for reason
12:27:30.428 [main] WARN com.agilityhub.core.clubs.messaging.application.engine.TemplateRenderer -- Notification template of N-14 has no value for member_name
12:27:30.428 [main] WARN com.agilityhub.core.clubs.messaging.application.engine.TemplateRenderer -- Notification template of N-14 has no value for requested_date
12:27:30.428 [main] WARN com.agilityhub.core.clubs.messaging.application.engine.TemplateRenderer -- Notification template of N-14 has no value for reason
12:27:30.428 [main] WARN com.agilityhub.core.clubs.messaging.application.engine.TemplateRenderer -- Notification template of N-14 has no value for member_name
12:27:30.428 [main] WARN com.agilityhub.core.clubs.messaging.application.engine.TemplateRenderer -- Notification template of N-14 has no value for requested_date
12:27:30.428 [main] WARN com.agilityhub.core.clubs.messaging.application.engine.TemplateRenderer -- Notification template of N-14 has no value for reason
12:27:30.429 [main] WARN com.agilityhub.core.clubs.messaging.application.engine.TemplateRenderer -- Notification template of N-14 has no value for member_name
12:27:30.429 [main] WARN com.agilityhub.core.clubs.messaging.application.engine.TemplateRenderer -- Notification template of N-14 has no value for requested_date
12:27:30.429 [main] WARN com.agilityhub.core.clubs.messaging.application.engine.TemplateRenderer -- Notification template of N-14 has no value for reason
12:27:30.429 [main] WARN com.agilityhub.core.clubs.messaging.application.engine.TemplateRenderer -- Notification template of N-14 has no value for member_name
12:27:30.429 [main] WARN com.agilityhub.core.clubs.messaging.application.engine.TemplateRenderer -- Notification template of N-14 has no value for requested_date
12:27:30.429 [main] WARN com.agilityhub.core.clubs.messaging.application.engine.TemplateRenderer -- Notification template of N-14 has no value for reason
12:27:30.429 [main] WARN com.agilityhub.core.clubs.messaging.application.engine.TemplateRenderer -- Notification template of N-14 has no value for member_name
12:27:30.429 [main] WARN com.agilityhub.core.clubs.messaging.application.engine.TemplateRenderer -- Notification template of N-14 has no value for requested_date
12:27:30.429 [main] WARN com.agilityhub.core.clubs.messaging.application.engine.TemplateRenderer -- Notification template of N-14 has no value for reason
12:27:30.430 [main] WARN com.agilityhub.core.clubs.messaging.application.engine.TemplateRenderer -- Notification template of N-14 has no value for member_name
12:27:30.430 [main] WARN com.agilityhub.core.clubs.messaging.application.engine.TemplateRenderer -- Notification template of N-14 has no value for requested_date
12:27:30.430 [main] WARN com.agilityhub.core.clubs.messaging.application.engine.TemplateRenderer -- Notification template of N-14 has no value for reason
12:27:30.430 [main] WARN com.agilityhub.core.clubs.messaging.application.engine.TemplateRenderer -- Notification template of N-14 has no value for member_name
12:27:30.430 [main] WARN com.agilityhub.core.clubs.messaging.application.engine.TemplateRenderer -- Notification template of N-14 has no value for requested_date
12:27:30.430 [main] WARN com.agilityhub.core.clubs.messaging.application.engine.TemplateRenderer -- Notification template of N-14 has no value for reason
12:27:30.431 [main] WARN com.agilityhub.core.clubs.messaging.application.engine.TemplateRenderer -- Notification template of N-14 has no value for member_name
12:27:30.431 [main] WARN com.agilityhub.core.clubs.messaging.application.engine.TemplateRenderer -- Notification template of N-14 has no value for requested_date
12:27:30.431 [main] WARN com.agilityhub.core.clubs.messaging.application.engine.TemplateRenderer -- Notification template of N-14 has no value for reason
12:27:30.431 [main] WARN com.agilityhub.core.clubs.messaging.application.engine.TemplateRenderer -- Notification template of N-14 has no value for member_name
12:27:30.431 [main] WARN com.agilityhub.core.clubs.messaging.application.engine.TemplateRenderer -- Notification template of N-14 has no value for requested_date
12:27:30.431 [main] WARN com.agilityhub.core.clubs.messaging.application.engine.TemplateRenderer -- Notification template of N-14 has no value for reason
12:27:30.431 [main] WARN com.agilityhub.core.clubs.messaging.application.engine.TemplateRenderer -- Notification template of N-15 has no value for mode
12:27:30.431 [main] WARN com.agilityhub.core.clubs.messaging.application.engine.TemplateRenderer -- Notification template of N-15 has no value for mode
12:27:30.432 [main] WARN com.agilityhub.core.clubs.messaging.application.engine.TemplateRenderer -- Notification template of N-15 has no value for mode
12:27:30.432 [main] WARN com.agilityhub.core.clubs.messaging.application.engine.TemplateRenderer -- Notification template of N-15 has no value for mode
12:27:30.432 [main] WARN com.agilityhub.core.clubs.messaging.application.engine.TemplateRenderer -- Notification template of N-15 has no value for mode
12:27:30.432 [main] WARN com.agilityhub.core.clubs.messaging.application.engine.TemplateRenderer -- Notification template of N-15 has no value for mode
12:27:30.433 [main] WARN com.agilityhub.core.clubs.messaging.application.engine.TemplateRenderer -- Notification template of N-15 has no value for mode
12:27:30.433 [main] WARN com.agilityhub.core.clubs.messaging.application.engine.TemplateRenderer -- Notification template of N-15 has no value for mode
12:27:30.434 [main] WARN com.agilityhub.core.clubs.messaging.application.engine.TemplateRenderer -- Notification template of N-15 has no value for mode
12:27:30.434 [main] WARN com.agilityhub.core.clubs.messaging.application.engine.TemplateRenderer -- Notification template of N-15 has no value for mode
12:27:30.434 [main] WARN com.agilityhub.core.clubs.messaging.application.engine.TemplateRenderer -- Notification template of N-15 has no value for mode
12:27:30.434 [main] WARN com.agilityhub.core.clubs.messaging.application.engine.TemplateRenderer -- Notification template of N-15 has no value for mode
12:27:30.435 [main] WARN com.agilityhub.core.clubs.messaging.application.engine.TemplateRenderer -- Notification template of N-15 has no value for mode
12:27:30.435 [main] WARN com.agilityhub.core.clubs.messaging.application.engine.TemplateRenderer -- Notification template of N-15 has no value for mode
12:27:30.435 [main] WARN com.agilityhub.core.clubs.messaging.application.engine.TemplateRenderer -- Notification template of N-15 has no value for mode
12:27:30.435 [main] WARN com.agilityhub.core.clubs.messaging.application.engine.TemplateRenderer -- Notification template of N-15 has no value for mode
12:27:30.436 [main] WARN com.agilityhub.core.clubs.messaging.application.engine.TemplateRenderer -- Notification template of N-15 has no value for mode
12:27:30.436 [main] WARN com.agilityhub.core.clubs.messaging.application.engine.TemplateRenderer -- Notification template of N-15 has no value for mode
12:27:30.436 [main] WARN com.agilityhub.core.clubs.messaging.application.engine.TemplateRenderer -- Notification template of N-15 has no value for mode
12:27:30.436 [main] WARN com.agilityhub.core.clubs.messaging.application.engine.TemplateRenderer -- Notification template of N-15 has no value for mode
12:27:30.437 [main] WARN com.agilityhub.core.clubs.messaging.application.engine.TemplateRenderer -- Notification template of N-15 has no value for mode
12:27:30.437 [main] WARN com.agilityhub.core.clubs.messaging.application.engine.TemplateRenderer -- Notification template of N-15 has no value for mode
12:27:30.437 [main] WARN com.agilityhub.core.clubs.messaging.application.engine.TemplateRenderer -- Notification template of N-15 has no value for mode
12:27:30.437 [main] WARN com.agilityhub.core.clubs.messaging.application.engine.TemplateRenderer -- Notification template of N-15 has no value for mode
12:27:30.438 [main] WARN com.agilityhub.core.clubs.messaging.application.engine.TemplateRenderer -- Notification template of N-15 has no value for mode
12:27:30.438 [main] WARN com.agilityhub.core.clubs.messaging.application.engine.TemplateRenderer -- Notification template of N-15 has no value for mode
12:27:30.438 [main] WARN com.agilityhub.core.clubs.messaging.application.engine.TemplateRenderer -- Notification template of N-15 has no value for mode
12:27:30.438 [main] WARN com.agilityhub.core.clubs.messaging.application.engine.TemplateRenderer -- Notification template of N-15 has no value for mode
12:27:30.439 [main] WARN com.agilityhub.core.clubs.messaging.application.engine.TemplateRenderer -- Notification template of N-15 has no value for mode
12:27:30.439 [main] WARN com.agilityhub.core.clubs.messaging.application.engine.TemplateRenderer -- Notification template of N-15 has no value for mode
12:27:30.439 [main] WARN com.agilityhub.core.clubs.messaging.application.engine.TemplateRenderer -- Notification template of N-15 has no value for mode
12:27:30.439 [main] WARN com.agilityhub.core.clubs.messaging.application.engine.TemplateRenderer -- Notification template of N-15 has no value for mode
12:27:30.440 [main] WARN com.agilityhub.core.clubs.messaging.application.engine.TemplateRenderer -- Notification template of N-15 has no value for mode
12:27:30.440 [main] WARN com.agilityhub.core.clubs.messaging.application.engine.TemplateRenderer -- Notification template of N-15 has no value for mode
12:27:30.441 [main] WARN com.agilityhub.core.clubs.messaging.application.engine.TemplateRenderer -- Notification template of N-15 has no value for mode
12:27:30.441 [main] WARN com.agilityhub.core.clubs.messaging.application.engine.TemplateRenderer -- Notification template of N-15 has no value for mode
12:27:30.441 [main] WARN com.agilityhub.core.clubs.messaging.application.engine.TemplateRenderer -- Notification template of N-15 has no value for mode
12:27:30.441 [main] WARN com.agilityhub.core.clubs.messaging.application.engine.TemplateRenderer -- Notification template of N-15 has no value for mode
12:27:30.441 [main] WARN com.agilityhub.core.clubs.messaging.application.engine.TemplateRenderer -- Notification template of N-15 has no value for mode
12:27:30.441 [main] WARN com.agilityhub.core.clubs.messaging.application.engine.TemplateRenderer -- Notification template of N-15 has no value for mode
12:27:30.442 [main] WARN com.agilityhub.core.clubs.messaging.application.engine.TemplateRenderer -- Notification template of N-15 has no value for mode
12:27:30.442 [main] WARN com.agilityhub.core.clubs.messaging.application.engine.TemplateRenderer -- Notification template of N-15 has no value for mode
12:27:30.443 [main] WARN com.agilityhub.core.clubs.messaging.application.engine.TemplateRenderer -- Notification template of N-15 has no value for mode
12:27:30.443 [main] WARN com.agilityhub.core.clubs.messaging.application.engine.TemplateRenderer -- Notification template of N-15 has no value for mode
12:27:30.443 [main] WARN com.agilityhub.core.clubs.messaging.application.engine.TemplateRenderer -- Notification template of N-15 has no value for mode
12:27:30.443 [main] WARN com.agilityhub.core.clubs.messaging.application.engine.TemplateRenderer -- Notification template of N-15 has no value for mode
12:27:30.443 [main] WARN com.agilityhub.core.clubs.messaging.application.engine.TemplateRenderer -- Notification template of N-15 has no value for mode
12:27:30.443 [main] WARN com.agilityhub.core.clubs.messaging.application.engine.TemplateRenderer -- Notification template of N-15 has no value for mode
12:27:30.444 [main] WARN com.agilityhub.core.clubs.messaging.application.engine.TemplateRenderer -- Notification template of N-15 has no value for mode
12:27:30.444 [main] WARN com.agilityhub.core.clubs.messaging.application.engine.TemplateRenderer -- Notification template of N-15 has no value for mode
12:27:30.445 [main] WARN com.agilityhub.core.clubs.messaging.application.engine.TemplateRenderer -- Notification template of N-15 has no value for mode
12:27:30.445 [main] WARN com.agilityhub.core.clubs.messaging.application.engine.TemplateRenderer -- Notification template of N-15 has no value for mode
12:27:30.445 [main] WARN com.agilityhub.core.clubs.messaging.application.engine.TemplateRenderer -- Notification template of N-15 has no value for mode
12:27:30.445 [main] WARN com.agilityhub.core.clubs.messaging.application.engine.TemplateRenderer -- Notification template of N-15 has no value for mode
12:27:30.446 [main] WARN com.agilityhub.core.clubs.messaging.application.engine.TemplateRenderer -- Notification template of N-15 has no value for mode
12:27:30.446 [main] WARN com.agilityhub.core.clubs.messaging.application.engine.TemplateRenderer -- Notification template of N-15 has no value for mode
12:27:30.446 [main] WARN com.agilityhub.core.clubs.messaging.application.engine.TemplateRenderer -- Notification template of N-15 has no value for mode
12:27:30.446 [main] WARN com.agilityhub.core.clubs.messaging.application.engine.TemplateRenderer -- Notification template of N-15 has no value for mode
12:27:30.447 [main] WARN com.agilityhub.core.clubs.messaging.application.engine.TemplateRenderer -- Notification template of N-15 has no value for mode
12:27:30.447 [main] WARN com.agilityhub.core.clubs.messaging.application.engine.TemplateRenderer -- Notification template of N-15 has no value for mode
12:27:30.447 [main] WARN com.agilityhub.core.clubs.messaging.application.engine.TemplateRenderer -- Notification template of N-15 has no value for mode
12:27:30.447 [main] WARN com.agilityhub.core.clubs.messaging.application.engine.TemplateRenderer -- Notification template of N-15 has no value for mode
12:27:30.448 [main] WARN com.agilityhub.core.clubs.messaging.application.engine.TemplateRenderer -- Notification template of N-15 has no value for mode
12:27:30.448 [main] WARN com.agilityhub.core.clubs.messaging.application.engine.TemplateRenderer -- Notification template of N-15 has no value for mode
12:27:30.449 [main] WARN com.agilityhub.core.clubs.messaging.application.engine.TemplateRenderer -- Notification template of N-15 has no value for mode
12:27:30.449 [main] WARN com.agilityhub.core.clubs.messaging.application.engine.TemplateRenderer -- Notification template of N-15 has no value for mode
12:27:30.449 [main] WARN com.agilityhub.core.clubs.messaging.application.engine.TemplateRenderer -- Notification template of N-15 has no value for mode
12:27:30.449 [main] WARN com.agilityhub.core.clubs.messaging.application.engine.TemplateRenderer -- Notification template of N-15 has no value for mode
12:27:30.450 [main] WARN com.agilityhub.core.clubs.messaging.application.engine.TemplateRenderer -- Notification template of N-15 has no value for mode
12:27:30.450 [main] WARN com.agilityhub.core.clubs.messaging.application.engine.TemplateRenderer -- Notification template of N-15 has no value for mode
12:27:30.450 [main] WARN com.agilityhub.core.clubs.messaging.application.engine.TemplateRenderer -- Notification template of N-15 has no value for mode
12:27:30.450 [main] WARN com.agilityhub.core.clubs.messaging.application.engine.TemplateRenderer -- Notification template of N-15 has no value for mode
12:27:30.451 [main] WARN com.agilityhub.core.clubs.messaging.application.engine.TemplateRenderer -- Notification template of N-15 has no value for mode
12:27:30.451 [main] WARN com.agilityhub.core.clubs.messaging.application.engine.TemplateRenderer -- Notification template of N-15 has no value for mode
12:27:30.451 [main] WARN com.agilityhub.core.clubs.messaging.application.engine.TemplateRenderer -- Notification template of N-15 has no value for mode
12:27:30.451 [main] WARN com.agilityhub.core.clubs.messaging.application.engine.TemplateRenderer -- Notification template of N-15 has no value for mode
12:27:30.452 [main] WARN com.agilityhub.core.clubs.messaging.application.engine.TemplateRenderer -- Notification template of N-15 has no value for mode
12:27:30.452 [main] WARN com.agilityhub.core.clubs.messaging.application.engine.TemplateRenderer -- Notification template of N-15 has no value for mode
12:27:30.452 [main] WARN com.agilityhub.core.clubs.messaging.application.engine.TemplateRenderer -- Notification template of N-15 has no value for mode
12:27:30.452 [main] WARN com.agilityhub.core.clubs.messaging.application.engine.TemplateRenderer -- Notification template of N-15 has no value for mode
12:27:30.453 [main] WARN com.agilityhub.core.clubs.messaging.application.engine.TemplateRenderer -- Notification template of N-15 has no value for mode
12:27:30.453 [main] WARN com.agilityhub.core.clubs.messaging.application.engine.TemplateRenderer -- Notification template of N-15 has no value for mode
12:27:30.453 [main] WARN com.agilityhub.core.clubs.messaging.application.engine.TemplateRenderer -- Notification template of N-15 has no value for mode
12:27:30.454 [main] WARN com.agilityhub.core.clubs.messaging.application.engine.TemplateRenderer -- Notification template of N-15 has no value for mode
12:27:30.454 [main] WARN com.agilityhub.core.clubs.messaging.application.engine.TemplateRenderer -- Notification template of N-15 has no value for mode
12:27:30.454 [main] WARN com.agilityhub.core.clubs.messaging.application.engine.TemplateRenderer -- Notification template of N-15 has no value for mode
12:27:30.455 [main] WARN com.agilityhub.core.clubs.messaging.application.engine.TemplateRenderer -- Notification template of N-15 has no value for mode
12:27:30.455 [main] WARN com.agilityhub.core.clubs.messaging.application.engine.TemplateRenderer -- Notification template of N-15 has no value for mode
12:27:30.456 [main] WARN com.agilityhub.core.clubs.messaging.application.engine.TemplateRenderer -- Notification template of N-15 has no value for mode
12:27:30.456 [main] WARN com.agilityhub.core.clubs.messaging.application.engine.TemplateRenderer -- Notification template of N-15 has no value for mode
12:27:30.456 [main] WARN com.agilityhub.core.clubs.messaging.application.engine.TemplateRenderer -- Notification template of N-15 has no value for mode
12:27:30.456 [main] WARN com.agilityhub.core.clubs.messaging.application.engine.TemplateRenderer -- Notification template of N-15 has no value for mode
12:27:30.456 [main] WARN com.agilityhub.core.clubs.messaging.application.engine.TemplateRenderer -- Notification template of N-15 has no value for mode
12:27:30.456 [main] WARN com.agilityhub.core.clubs.messaging.application.engine.TemplateRenderer -- Notification template of N-15 has no value for mode
12:27:30.457 [main] WARN com.agilityhub.core.clubs.messaging.application.engine.TemplateRenderer -- Notification template of N-15 has no value for mode
12:27:30.457 [main] WARN com.agilityhub.core.clubs.messaging.application.engine.TemplateRenderer -- Notification template of N-15 has no value for mode
12:27:30.458 [main] WARN com.agilityhub.core.clubs.messaging.application.engine.TemplateRenderer -- Notification template of N-15 has no value for mode
12:27:30.458 [main] WARN com.agilityhub.core.clubs.messaging.application.engine.TemplateRenderer -- Notification template of N-15 has no value for mode
12:27:30.458 [main] WARN com.agilityhub.core.clubs.messaging.application.engine.TemplateRenderer -- Notification template of N-15 has no value for mode
12:27:30.458 [main] WARN com.agilityhub.core.clubs.messaging.application.engine.TemplateRenderer -- Notification template of N-15 has no value for mode
12:27:30.459 [main] WARN com.agilityhub.core.clubs.messaging.application.engine.TemplateRenderer -- Notification template of N-15 has no value for mode
12:27:30.459 [main] WARN com.agilityhub.core.clubs.messaging.application.engine.TemplateRenderer -- Notification template of N-15 has no value for mode
12:27:30.459 [main] WARN com.agilityhub.core.clubs.messaging.application.engine.TemplateRenderer -- Notification template of N-15 has no value for mode
12:27:30.459 [main] WARN com.agilityhub.core.clubs.messaging.application.engine.TemplateRenderer -- Notification template of N-15 has no value for mode
12:27:30.460 [main] WARN com.agilityhub.core.clubs.messaging.application.engine.TemplateRenderer -- Notification template of N-15 has no value for mode
12:27:30.460 [main] WARN com.agilityhub.core.clubs.messaging.application.engine.TemplateRenderer -- Notification template of N-15 has no value for mode
12:27:30.460 [main] WARN com.agilityhub.core.clubs.messaging.application.engine.TemplateRenderer -- Notification template of N-15 has no value for mode
12:27:30.460 [main] WARN com.agilityhub.core.clubs.messaging.application.engine.TemplateRenderer -- Notification template of N-15 has no value for mode
12:27:30.461 [main] WARN com.agilityhub.core.clubs.messaging.application.engine.TemplateRenderer -- Notification template of N-15 has no value for mode
12:27:30.461 [main] WARN com.agilityhub.core.clubs.messaging.application.engine.TemplateRenderer -- Notification template of N-15 has no value for mode
12:27:30.461 [main] WARN com.agilityhub.core.clubs.messaging.application.engine.TemplateRenderer -- Notification template of N-15 has no value for mode
12:27:30.461 [main] WARN com.agilityhub.core.clubs.messaging.application.engine.TemplateRenderer -- Notification template of N-15 has no value for mode
12:27:30.462 [main] WARN com.agilityhub.core.clubs.messaging.application.engine.TemplateRenderer -- Notification template of N-15 has no value for mode
12:27:30.462 [main] WARN com.agilityhub.core.clubs.messaging.application.engine.TemplateRenderer -- Notification template of N-15 has no value for mode
12:27:30.463 [main] WARN com.agilityhub.core.clubs.messaging.application.engine.TemplateRenderer -- Notification template of N-15 has no value for mode
12:27:30.463 [main] WARN com.agilityhub.core.clubs.messaging.application.engine.TemplateRenderer -- Notification template of N-15 has no value for mode
12:27:30.463 [main] WARN com.agilityhub.core.clubs.messaging.application.engine.TemplateRenderer -- Notification template of N-15 has no value for mode
12:27:30.463 [main] WARN com.agilityhub.core.clubs.messaging.application.engine.TemplateRenderer -- Notification template of N-15 has no value for mode
12:27:30.464 [main] WARN com.agilityhub.core.clubs.messaging.application.engine.TemplateRenderer -- Notification template of N-15 has no value for mode
12:27:30.464 [main] WARN com.agilityhub.core.clubs.messaging.application.engine.TemplateRenderer -- Notification template of N-15 has no value for mode
12:27:30.465 [main] WARN com.agilityhub.core.clubs.messaging.application.engine.TemplateRenderer -- Notification template of N-15 has no value for mode
12:27:30.465 [main] WARN com.agilityhub.core.clubs.messaging.application.engine.TemplateRenderer -- Notification template of N-15 has no value for mode
12:27:30.465 [main] WARN com.agilityhub.core.clubs.messaging.application.engine.TemplateRenderer -- Notification template of N-15 has no value for mode
12:27:30.465 [main] WARN com.agilityhub.core.clubs.messaging.application.engine.TemplateRenderer -- Notification template of N-15 has no value for mode
12:27:30.465 [main] WARN com.agilityhub.core.clubs.messaging.application.engine.TemplateRenderer -- Notification template of N-15 has no value for mode
12:27:30.465 [main] WARN com.agilityhub.core.clubs.messaging.application.engine.TemplateRenderer -- Notification template of N-15 has no value for mode
12:27:30.466 [main] WARN com.agilityhub.core.clubs.messaging.application.engine.TemplateRenderer -- Notification template of N-15 has no value for mode
12:27:30.466 [main] WARN com.agilityhub.core.clubs.messaging.application.engine.TemplateRenderer -- Notification template of N-15 has no value for mode
12:27:30.467 [main] WARN com.agilityhub.core.clubs.messaging.application.engine.TemplateRenderer -- Notification template of N-16 has no value for auto_cancel
12:27:30.467 [main] WARN com.agilityhub.core.clubs.messaging.application.engine.TemplateRenderer -- Notification template of N-16 has no value for auto_cancel
12:27:30.468 [main] WARN com.agilityhub.core.clubs.messaging.application.engine.TemplateRenderer -- Notification template of N-16 has no value for auto_cancel
12:27:30.469 [main] WARN com.agilityhub.core.clubs.messaging.application.engine.TemplateRenderer -- Notification template of N-16 has no value for auto_cancel
12:27:30.469 [main] WARN com.agilityhub.core.clubs.messaging.application.engine.TemplateRenderer -- Notification template of N-16 has no value for auto_cancel
12:27:30.469 [main] WARN com.agilityhub.core.clubs.messaging.application.engine.TemplateRenderer -- Notification template of N-16 has no value for auto_cancel
12:27:30.470 [main] WARN com.agilityhub.core.clubs.messaging.application.engine.TemplateRenderer -- Notification template of N-16 has no value for auto_cancel
12:27:30.470 [main] WARN com.agilityhub.core.clubs.messaging.application.engine.TemplateRenderer -- Notification template of N-16 has no value for auto_cancel
12:27:30.471 [main] WARN com.agilityhub.core.clubs.messaging.application.engine.TemplateRenderer -- Notification template of N-16 has no value for auto_cancel
12:27:30.471 [main] WARN com.agilityhub.core.clubs.messaging.application.engine.TemplateRenderer -- Notification template of N-16 has no value for auto_cancel
12:27:30.471 [main] WARN com.agilityhub.core.clubs.messaging.application.engine.TemplateRenderer -- Notification template of N-16 has no value for auto_cancel
12:27:30.472 [main] WARN com.agilityhub.core.clubs.messaging.application.engine.TemplateRenderer -- Notification template of N-16 has no value for auto_cancel
12:27:30.472 [main] WARN com.agilityhub.core.clubs.messaging.application.engine.TemplateRenderer -- Notification template of N-16 has no value for auto_cancel
12:27:30.473 [main] WARN com.agilityhub.core.clubs.messaging.application.engine.TemplateRenderer -- Notification template of N-16 has no value for auto_cancel
12:27:30.473 [main] WARN com.agilityhub.core.clubs.messaging.application.engine.TemplateRenderer -- Notification template of N-16 has no value for auto_cancel
12:27:30.473 [main] WARN com.agilityhub.core.clubs.messaging.application.engine.TemplateRenderer -- Notification template of N-16 has no value for auto_cancel
12:27:30.474 [main] WARN com.agilityhub.core.clubs.messaging.application.engine.TemplateRenderer -- Notification template of N-16 has no value for auto_cancel
12:27:30.474 [main] WARN com.agilityhub.core.clubs.messaging.application.engine.TemplateRenderer -- Notification template of N-16 has no value for auto_cancel
12:27:30.474 [main] WARN com.agilityhub.core.clubs.messaging.application.engine.TemplateRenderer -- Notification template of N-16 has no value for auto_cancel
12:27:30.475 [main] WARN com.agilityhub.core.clubs.messaging.application.engine.TemplateRenderer -- Notification template of N-16 has no value for auto_cancel
12:27:30.475 [main] WARN com.agilityhub.core.clubs.messaging.application.engine.TemplateRenderer -- Notification template of N-16 has no value for auto_cancel
12:27:30.475 [main] WARN com.agilityhub.core.clubs.messaging.application.engine.TemplateRenderer -- Notification template of N-16 has no value for auto_cancel
12:27:30.476 [main] WARN com.agilityhub.core.clubs.messaging.application.engine.TemplateRenderer -- Notification template of N-16 has no value for auto_cancel
12:27:30.476 [main] WARN com.agilityhub.core.clubs.messaging.application.engine.TemplateRenderer -- Notification template of N-16 has no value for auto_cancel
12:27:30.477 [main] WARN com.agilityhub.core.clubs.messaging.application.engine.TemplateRenderer -- Notification template of N-16 has no value for auto_cancel
12:27:30.477 [main] WARN com.agilityhub.core.clubs.messaging.application.engine.TemplateRenderer -- Notification template of N-16 has no value for auto_cancel
12:27:30.477 [main] WARN com.agilityhub.core.clubs.messaging.application.engine.TemplateRenderer -- Notification template of N-16 has no value for auto_cancel
12:27:30.478 [main] WARN com.agilityhub.core.clubs.messaging.application.engine.TemplateRenderer -- Notification template of N-16 has no value for auto_cancel
12:27:30.478 [main] WARN com.agilityhub.core.clubs.messaging.application.engine.TemplateRenderer -- Notification template of N-16 has no value for auto_cancel
12:27:30.479 [main] WARN com.agilityhub.core.clubs.messaging.application.engine.TemplateRenderer -- Notification template of N-16 has no value for auto_cancel
12:27:30.479 [main] WARN com.agilityhub.core.clubs.messaging.application.engine.TemplateRenderer -- Notification template of N-16 has no value for auto_cancel
12:27:30.479 [main] WARN com.agilityhub.core.clubs.messaging.application.engine.TemplateRenderer -- Notification template of N-16 has no value for auto_cancel
12:27:30.480 [main] WARN com.agilityhub.core.clubs.messaging.application.engine.TemplateRenderer -- Notification template of N-16 has no value for auto_cancel
12:27:30.480 [main] WARN com.agilityhub.core.clubs.messaging.application.engine.TemplateRenderer -- Notification template of N-16 has no value for auto_cancel
12:27:30.481 [main] WARN com.agilityhub.core.clubs.messaging.application.engine.TemplateRenderer -- Notification template of N-16 has no value for auto_cancel
12:27:30.481 [main] WARN com.agilityhub.core.clubs.messaging.application.engine.TemplateRenderer -- Notification template of N-16 has no value for auto_cancel
12:27:30.481 [main] WARN com.agilityhub.core.clubs.messaging.application.engine.TemplateRenderer -- Notification template of N-16 has no value for auto_cancel
12:27:30.482 [main] WARN com.agilityhub.core.clubs.messaging.application.engine.TemplateRenderer -- Notification template of N-16 has no value for auto_cancel
12:27:30.482 [main] WARN com.agilityhub.core.clubs.messaging.application.engine.TemplateRenderer -- Notification template of N-16 has no value for auto_cancel
12:27:30.482 [main] WARN com.agilityhub.core.clubs.messaging.application.engine.TemplateRenderer -- Notification template of N-16 has no value for auto_cancel
12:27:30.483 [main] WARN com.agilityhub.core.clubs.messaging.application.engine.TemplateRenderer -- Notification template of N-16 has no value for auto_cancel
12:27:30.483 [main] WARN com.agilityhub.core.clubs.messaging.application.engine.TemplateRenderer -- Notification template of N-16 has no value for auto_cancel
12:27:30.484 [main] WARN com.agilityhub.core.clubs.messaging.application.engine.TemplateRenderer -- Notification template of N-16 has no value for auto_cancel
12:27:30.484 [main] WARN com.agilityhub.core.clubs.messaging.application.engine.TemplateRenderer -- Notification template of N-16 has no value for auto_cancel
12:27:30.484 [main] WARN com.agilityhub.core.clubs.messaging.application.engine.TemplateRenderer -- Notification template of N-16 has no value for auto_cancel
12:27:30.485 [main] WARN com.agilityhub.core.clubs.messaging.application.engine.TemplateRenderer -- Notification template of N-16 has no value for auto_cancel
12:27:30.485 [main] WARN com.agilityhub.core.clubs.messaging.application.engine.TemplateRenderer -- Notification template of N-16 has no value for auto_cancel
12:27:30.485 [main] WARN com.agilityhub.core.clubs.messaging.application.engine.TemplateRenderer -- Notification template of N-16 has no value for auto_cancel
12:27:30.486 [main] WARN com.agilityhub.core.clubs.messaging.application.engine.TemplateRenderer -- Notification template of N-16 has no value for class_date
12:27:30.486 [main] WARN com.agilityhub.core.clubs.messaging.application.engine.TemplateRenderer -- Notification template of N-16 has no value for class_time
12:27:30.486 [main] WARN com.agilityhub.core.clubs.messaging.application.engine.TemplateRenderer -- Notification template of N-16 has no value for class_description
12:27:30.486 [main] WARN com.agilityhub.core.clubs.messaging.application.engine.TemplateRenderer -- Notification template of N-16 has no value for auto_cancel
12:27:30.486 [main] WARN com.agilityhub.core.clubs.messaging.application.engine.TemplateRenderer -- Notification template of N-16 has no value for class_date
12:27:30.486 [main] WARN com.agilityhub.core.clubs.messaging.application.engine.TemplateRenderer -- Notification template of N-16 has no value for class_time
12:27:30.486 [main] WARN com.agilityhub.core.clubs.messaging.application.engine.TemplateRenderer -- Notification template of N-16 has no value for class_description
12:27:30.486 [main] WARN com.agilityhub.core.clubs.messaging.application.engine.TemplateRenderer -- Notification template of N-16 has no value for auto_cancel
12:27:30.486 [main] WARN com.agilityhub.core.clubs.messaging.application.engine.TemplateRenderer -- Notification template of N-16 has no value for class_date
12:27:30.486 [main] WARN com.agilityhub.core.clubs.messaging.application.engine.TemplateRenderer -- Notification template of N-16 has no value for class_time
12:27:30.486 [main] WARN com.agilityhub.core.clubs.messaging.application.engine.TemplateRenderer -- Notification template of N-16 has no value for class_description
12:27:30.486 [main] WARN com.agilityhub.core.clubs.messaging.application.engine.TemplateRenderer -- Notification template of N-16 has no value for auto_cancel
12:27:30.487 [main] WARN com.agilityhub.core.clubs.messaging.application.engine.TemplateRenderer -- Notification template of N-16 has no value for class_date
12:27:30.487 [main] WARN com.agilityhub.core.clubs.messaging.application.engine.TemplateRenderer -- Notification template of N-16 has no value for class_time
12:27:30.487 [main] WARN com.agilityhub.core.clubs.messaging.application.engine.TemplateRenderer -- Notification template of N-16 has no value for class_description
12:27:30.487 [main] WARN com.agilityhub.core.clubs.messaging.application.engine.TemplateRenderer -- Notification template of N-16 has no value for auto_cancel
12:27:30.487 [main] WARN com.agilityhub.core.clubs.messaging.application.engine.TemplateRenderer -- Notification template of N-16 has no value for class_date
12:27:30.487 [main] WARN com.agilityhub.core.clubs.messaging.application.engine.TemplateRenderer -- Notification template of N-16 has no value for class_time
12:27:30.487 [main] WARN com.agilityhub.core.clubs.messaging.application.engine.TemplateRenderer -- Notification template of N-16 has no value for class_description
12:27:30.487 [main] WARN com.agilityhub.core.clubs.messaging.application.engine.TemplateRenderer -- Notification template of N-16 has no value for auto_cancel
12:27:30.487 [main] WARN com.agilityhub.core.clubs.messaging.application.engine.TemplateRenderer -- Notification template of N-16 has no value for class_date
12:27:30.487 [main] WARN com.agilityhub.core.clubs.messaging.application.engine.TemplateRenderer -- Notification template of N-16 has no value for class_time
12:27:30.487 [main] WARN com.agilityhub.core.clubs.messaging.application.engine.TemplateRenderer -- Notification template of N-16 has no value for class_description
12:27:30.487 [main] WARN com.agilityhub.core.clubs.messaging.application.engine.TemplateRenderer -- Notification template of N-16 has no value for auto_cancel
12:27:30.487 [main] WARN com.agilityhub.core.clubs.messaging.application.engine.TemplateRenderer -- Notification template of N-16 has no value for class_date
12:27:30.487 [main] WARN com.agilityhub.core.clubs.messaging.application.engine.TemplateRenderer -- Notification template of N-16 has no value for class_time
12:27:30.487 [main] WARN com.agilityhub.core.clubs.messaging.application.engine.TemplateRenderer -- Notification template of N-16 has no value for class_description
12:27:30.487 [main] WARN com.agilityhub.core.clubs.messaging.application.engine.TemplateRenderer -- Notification template of N-16 has no value for auto_cancel
12:27:30.488 [main] WARN com.agilityhub.core.clubs.messaging.application.engine.TemplateRenderer -- Notification template of N-16 has no value for class_date
12:27:30.488 [main] WARN com.agilityhub.core.clubs.messaging.application.engine.TemplateRenderer -- Notification template of N-16 has no value for class_time
12:27:30.488 [main] WARN com.agilityhub.core.clubs.messaging.application.engine.TemplateRenderer -- Notification template of N-16 has no value for class_description
12:27:30.488 [main] WARN com.agilityhub.core.clubs.messaging.application.engine.TemplateRenderer -- Notification template of N-16 has no value for auto_cancel
12:27:30.488 [main] WARN com.agilityhub.core.clubs.messaging.application.engine.TemplateRenderer -- Notification template of N-16 has no value for class_date
12:27:30.488 [main] WARN com.agilityhub.core.clubs.messaging.application.engine.TemplateRenderer -- Notification template of N-16 has no value for class_time
12:27:30.488 [main] WARN com.agilityhub.core.clubs.messaging.application.engine.TemplateRenderer -- Notification template of N-16 has no value for class_description
12:27:30.488 [main] WARN com.agilityhub.core.clubs.messaging.application.engine.TemplateRenderer -- Notification template of N-16 has no value for auto_cancel
12:27:30.488 [main] WARN com.agilityhub.core.clubs.messaging.application.engine.TemplateRenderer -- Notification template of N-16 has no value for class_date
12:27:30.488 [main] WARN com.agilityhub.core.clubs.messaging.application.engine.TemplateRenderer -- Notification template of N-16 has no value for class_time
12:27:30.488 [main] WARN com.agilityhub.core.clubs.messaging.application.engine.TemplateRenderer -- Notification template of N-16 has no value for class_description
12:27:30.488 [main] WARN com.agilityhub.core.clubs.messaging.application.engine.TemplateRenderer -- Notification template of N-16 has no value for auto_cancel
12:27:30.489 [main] WARN com.agilityhub.core.clubs.messaging.application.engine.TemplateRenderer -- Notification template of N-16 has no value for class_date
12:27:30.489 [main] WARN com.agilityhub.core.clubs.messaging.application.engine.TemplateRenderer -- Notification template of N-16 has no value for class_time
12:27:30.489 [main] WARN com.agilityhub.core.clubs.messaging.application.engine.TemplateRenderer -- Notification template of N-16 has no value for class_description
12:27:30.489 [main] WARN com.agilityhub.core.clubs.messaging.application.engine.TemplateRenderer -- Notification template of N-16 has no value for auto_cancel
12:27:30.489 [main] WARN com.agilityhub.core.clubs.messaging.application.engine.TemplateRenderer -- Notification template of N-16 has no value for class_date
12:27:30.489 [main] WARN com.agilityhub.core.clubs.messaging.application.engine.TemplateRenderer -- Notification template of N-16 has no value for class_time
12:27:30.489 [main] WARN com.agilityhub.core.clubs.messaging.application.engine.TemplateRenderer -- Notification template of N-16 has no value for class_description
12:27:30.489 [main] WARN com.agilityhub.core.clubs.messaging.application.engine.TemplateRenderer -- Notification template of N-16 has no value for auto_cancel
12:27:30.489 [main] WARN com.agilityhub.core.clubs.messaging.application.engine.TemplateRenderer -- Notification template of N-16 has no value for class_date
12:27:30.489 [main] WARN com.agilityhub.core.clubs.messaging.application.engine.TemplateRenderer -- Notification template of N-16 has no value for class_time
12:27:30.489 [main] WARN com.agilityhub.core.clubs.messaging.application.engine.TemplateRenderer -- Notification template of N-16 has no value for class_description
12:27:30.489 [main] WARN com.agilityhub.core.clubs.messaging.application.engine.TemplateRenderer -- Notification template of N-16 has no value for auto_cancel
12:27:30.489 [main] WARN com.agilityhub.core.clubs.messaging.application.engine.TemplateRenderer -- Notification template of N-16 has no value for class_date
12:27:30.489 [main] WARN com.agilityhub.core.clubs.messaging.application.engine.TemplateRenderer -- Notification template of N-16 has no value for class_time
12:27:30.489 [main] WARN com.agilityhub.core.clubs.messaging.application.engine.TemplateRenderer -- Notification template of N-16 has no value for class_description
12:27:30.489 [main] WARN com.agilityhub.core.clubs.messaging.application.engine.TemplateRenderer -- Notification template of N-16 has no value for auto_cancel
12:27:30.490 [main] WARN com.agilityhub.core.clubs.messaging.application.engine.TemplateRenderer -- Notification template of N-16 has no value for class_date
12:27:30.490 [main] WARN com.agilityhub.core.clubs.messaging.application.engine.TemplateRenderer -- Notification template of N-16 has no value for class_time
12:27:30.490 [main] WARN com.agilityhub.core.clubs.messaging.application.engine.TemplateRenderer -- Notification template of N-16 has no value for class_description
12:27:30.490 [main] WARN com.agilityhub.core.clubs.messaging.application.engine.TemplateRenderer -- Notification template of N-16 has no value for auto_cancel
12:27:30.490 [main] WARN com.agilityhub.core.clubs.messaging.application.engine.TemplateRenderer -- Notification template of N-16 has no value for class_date
12:27:30.490 [main] WARN com.agilityhub.core.clubs.messaging.application.engine.TemplateRenderer -- Notification template of N-16 has no value for class_time
12:27:30.490 [main] WARN com.agilityhub.core.clubs.messaging.application.engine.TemplateRenderer -- Notification template of N-16 has no value for class_description
12:27:30.490 [main] WARN com.agilityhub.core.clubs.messaging.application.engine.TemplateRenderer -- Notification template of N-16 has no value for auto_cancel
12:27:30.490 [main] WARN com.agilityhub.core.clubs.messaging.application.engine.TemplateRenderer -- Notification template of N-16 has no value for class_date
12:27:30.490 [main] WARN com.agilityhub.core.clubs.messaging.application.engine.TemplateRenderer -- Notification template of N-16 has no value for class_time
12:27:30.490 [main] WARN com.agilityhub.core.clubs.messaging.application.engine.TemplateRenderer -- Notification template of N-16 has no value for class_description
12:27:30.490 [main] WARN com.agilityhub.core.clubs.messaging.application.engine.TemplateRenderer -- Notification template of N-16 has no value for auto_cancel
12:27:30.491 [main] WARN com.agilityhub.core.clubs.messaging.application.engine.TemplateRenderer -- Notification template of N-16 has no value for class_date
12:27:30.491 [main] WARN com.agilityhub.core.clubs.messaging.application.engine.TemplateRenderer -- Notification template of N-16 has no value for class_time
12:27:30.491 [main] WARN com.agilityhub.core.clubs.messaging.application.engine.TemplateRenderer -- Notification template of N-16 has no value for class_description
12:27:30.491 [main] WARN com.agilityhub.core.clubs.messaging.application.engine.TemplateRenderer -- Notification template of N-16 has no value for auto_cancel
12:27:30.491 [main] WARN com.agilityhub.core.clubs.messaging.application.engine.TemplateRenderer -- Notification template of N-16 has no value for class_date
12:27:30.491 [main] WARN com.agilityhub.core.clubs.messaging.application.engine.TemplateRenderer -- Notification template of N-16 has no value for class_time
12:27:30.491 [main] WARN com.agilityhub.core.clubs.messaging.application.engine.TemplateRenderer -- Notification template of N-16 has no value for class_description
12:27:30.491 [main] WARN com.agilityhub.core.clubs.messaging.application.engine.TemplateRenderer -- Notification template of N-16 has no value for auto_cancel
12:27:30.492 [main] WARN com.agilityhub.core.clubs.messaging.application.engine.TemplateRenderer -- Notification template of N-16 has no value for class_date
12:27:30.492 [main] WARN com.agilityhub.core.clubs.messaging.application.engine.TemplateRenderer -- Notification template of N-16 has no value for class_time
12:27:30.492 [main] WARN com.agilityhub.core.clubs.messaging.application.engine.TemplateRenderer -- Notification template of N-16 has no value for class_description
12:27:30.492 [main] WARN com.agilityhub.core.clubs.messaging.application.engine.TemplateRenderer -- Notification template of N-16 has no value for auto_cancel
12:27:30.492 [main] WARN com.agilityhub.core.clubs.messaging.application.engine.TemplateRenderer -- Notification template of N-16 has no value for class_date
12:27:30.492 [main] WARN com.agilityhub.core.clubs.messaging.application.engine.TemplateRenderer -- Notification template of N-16 has no value for class_time
12:27:30.492 [main] WARN com.agilityhub.core.clubs.messaging.application.engine.TemplateRenderer -- Notification template of N-16 has no value for class_description
12:27:30.492 [main] WARN com.agilityhub.core.clubs.messaging.application.engine.TemplateRenderer -- Notification template of N-16 has no value for auto_cancel
12:27:30.492 [main] WARN com.agilityhub.core.clubs.messaging.application.engine.TemplateRenderer -- Notification template of N-16 has no value for class_date
12:27:30.492 [main] WARN com.agilityhub.core.clubs.messaging.application.engine.TemplateRenderer -- Notification template of N-16 has no value for class_time
12:27:30.492 [main] WARN com.agilityhub.core.clubs.messaging.application.engine.TemplateRenderer -- Notification template of N-16 has no value for class_description
12:27:30.492 [main] WARN com.agilityhub.core.clubs.messaging.application.engine.TemplateRenderer -- Notification template of N-16 has no value for auto_cancel
12:27:30.493 [main] WARN com.agilityhub.core.clubs.messaging.application.engine.TemplateRenderer -- Notification template of N-16 has no value for class_date
12:27:30.493 [main] WARN com.agilityhub.core.clubs.messaging.application.engine.TemplateRenderer -- Notification template of N-16 has no value for class_time
12:27:30.493 [main] WARN com.agilityhub.core.clubs.messaging.application.engine.TemplateRenderer -- Notification template of N-16 has no value for class_description
12:27:30.493 [main] WARN com.agilityhub.core.clubs.messaging.application.engine.TemplateRenderer -- Notification template of N-16 has no value for auto_cancel
12:27:30.493 [main] WARN com.agilityhub.core.clubs.messaging.application.engine.TemplateRenderer -- Notification template of N-16 has no value for class_date
12:27:30.493 [main] WARN com.agilityhub.core.clubs.messaging.application.engine.TemplateRenderer -- Notification template of N-16 has no value for class_time
12:27:30.493 [main] WARN com.agilityhub.core.clubs.messaging.application.engine.TemplateRenderer -- Notification template of N-16 has no value for class_description
12:27:30.493 [main] WARN com.agilityhub.core.clubs.messaging.application.engine.TemplateRenderer -- Notification template of N-16 has no value for auto_cancel
12:27:30.493 [main] WARN com.agilityhub.core.clubs.messaging.application.engine.TemplateRenderer -- Notification template of N-16 has no value for class_date
12:27:30.493 [main] WARN com.agilityhub.core.clubs.messaging.application.engine.TemplateRenderer -- Notification template of N-16 has no value for class_time
12:27:30.493 [main] WARN com.agilityhub.core.clubs.messaging.application.engine.TemplateRenderer -- Notification template of N-16 has no value for class_description
12:27:30.493 [main] WARN com.agilityhub.core.clubs.messaging.application.engine.TemplateRenderer -- Notification template of N-16 has no value for auto_cancel
12:27:30.494 [main] WARN com.agilityhub.core.clubs.messaging.application.engine.TemplateRenderer -- Notification template of N-16 has no value for class_date
12:27:30.494 [main] WARN com.agilityhub.core.clubs.messaging.application.engine.TemplateRenderer -- Notification template of N-16 has no value for class_time
12:27:30.494 [main] WARN com.agilityhub.core.clubs.messaging.application.engine.TemplateRenderer -- Notification template of N-16 has no value for class_description
12:27:30.494 [main] WARN com.agilityhub.core.clubs.messaging.application.engine.TemplateRenderer -- Notification template of N-16 has no value for auto_cancel
12:27:30.494 [main] WARN com.agilityhub.core.clubs.messaging.application.engine.TemplateRenderer -- Notification template of N-16 has no value for class_date
12:27:30.494 [main] WARN com.agilityhub.core.clubs.messaging.application.engine.TemplateRenderer -- Notification template of N-16 has no value for class_time
12:27:30.494 [main] WARN com.agilityhub.core.clubs.messaging.application.engine.TemplateRenderer -- Notification template of N-16 has no value for class_description
12:27:30.494 [main] WARN com.agilityhub.core.clubs.messaging.application.engine.TemplateRenderer -- Notification template of N-16 has no value for auto_cancel
12:27:30.494 [main] WARN com.agilityhub.core.clubs.messaging.application.engine.TemplateRenderer -- Notification template of N-16 has no value for class_date
12:27:30.494 [main] WARN com.agilityhub.core.clubs.messaging.application.engine.TemplateRenderer -- Notification template of N-16 has no value for class_time
12:27:30.494 [main] WARN com.agilityhub.core.clubs.messaging.application.engine.TemplateRenderer -- Notification template of N-16 has no value for class_description
12:27:30.494 [main] WARN com.agilityhub.core.clubs.messaging.application.engine.TemplateRenderer -- Notification template of N-16 has no value for auto_cancel
12:27:30.495 [main] WARN com.agilityhub.core.clubs.messaging.application.engine.TemplateRenderer -- Notification template of N-16 has no value for class_date
12:27:30.495 [main] WARN com.agilityhub.core.clubs.messaging.application.engine.TemplateRenderer -- Notification template of N-16 has no value for class_time
12:27:30.495 [main] WARN com.agilityhub.core.clubs.messaging.application.engine.TemplateRenderer -- Notification template of N-16 has no value for class_description
12:27:30.495 [main] WARN com.agilityhub.core.clubs.messaging.application.engine.TemplateRenderer -- Notification template of N-16 has no value for auto_cancel
12:27:30.495 [main] WARN com.agilityhub.core.clubs.messaging.application.engine.TemplateRenderer -- Notification template of N-16 has no value for class_date
12:27:30.495 [main] WARN com.agilityhub.core.clubs.messaging.application.engine.TemplateRenderer -- Notification template of N-16 has no value for class_time
12:27:30.495 [main] WARN com.agilityhub.core.clubs.messaging.application.engine.TemplateRenderer -- Notification template of N-16 has no value for class_description
12:27:30.495 [main] WARN com.agilityhub.core.clubs.messaging.application.engine.TemplateRenderer -- Notification template of N-16 has no value for auto_cancel
12:27:30.495 [main] WARN com.agilityhub.core.clubs.messaging.application.engine.TemplateRenderer -- Notification template of N-16 has no value for class_date
12:27:30.495 [main] WARN com.agilityhub.core.clubs.messaging.application.engine.TemplateRenderer -- Notification template of N-16 has no value for class_time
12:27:30.495 [main] WARN com.agilityhub.core.clubs.messaging.application.engine.TemplateRenderer -- Notification template of N-16 has no value for class_description
12:27:30.495 [main] WARN com.agilityhub.core.clubs.messaging.application.engine.TemplateRenderer -- Notification template of N-16 has no value for auto_cancel
12:27:30.496 [main] WARN com.agilityhub.core.clubs.messaging.application.engine.TemplateRenderer -- Notification template of N-16 has no value for class_date
12:27:30.496 [main] WARN com.agilityhub.core.clubs.messaging.application.engine.TemplateRenderer -- Notification template of N-16 has no value for class_time
12:27:30.496 [main] WARN com.agilityhub.core.clubs.messaging.application.engine.TemplateRenderer -- Notification template of N-16 has no value for class_description
12:27:30.496 [main] WARN com.agilityhub.core.clubs.messaging.application.engine.TemplateRenderer -- Notification template of N-16 has no value for auto_cancel
12:27:30.496 [main] WARN com.agilityhub.core.clubs.messaging.application.engine.TemplateRenderer -- Notification template of N-17 has no value for class_date
12:27:30.496 [main] WARN com.agilityhub.core.clubs.messaging.application.engine.TemplateRenderer -- Notification template of N-17 has no value for class_time
12:27:30.496 [main] WARN com.agilityhub.core.clubs.messaging.application.engine.TemplateRenderer -- Notification template of N-17 has no value for class_description
12:27:30.496 [main] WARN com.agilityhub.core.clubs.messaging.application.engine.TemplateRenderer -- Notification template of N-17 has no value for dogs_count
12:27:30.497 [main] WARN com.agilityhub.core.clubs.messaging.application.engine.TemplateRenderer -- Notification template of N-17 has no value for class_date
12:27:30.497 [main] WARN com.agilityhub.core.clubs.messaging.application.engine.TemplateRenderer -- Notification template of N-17 has no value for class_time
12:27:30.497 [main] WARN com.agilityhub.core.clubs.messaging.application.engine.TemplateRenderer -- Notification template of N-17 has no value for class_description
12:27:30.497 [main] WARN com.agilityhub.core.clubs.messaging.application.engine.TemplateRenderer -- Notification template of N-17 has no value for dogs_count
12:27:30.497 [main] WARN com.agilityhub.core.clubs.messaging.application.engine.TemplateRenderer -- Notification template of N-17 has no value for class_date
12:27:30.497 [main] WARN com.agilityhub.core.clubs.messaging.application.engine.TemplateRenderer -- Notification template of N-17 has no value for class_time
12:27:30.497 [main] WARN com.agilityhub.core.clubs.messaging.application.engine.TemplateRenderer -- Notification template of N-17 has no value for class_description
12:27:30.497 [main] WARN com.agilityhub.core.clubs.messaging.application.engine.TemplateRenderer -- Notification template of N-17 has no value for dogs_count
12:27:30.498 [main] WARN com.agilityhub.core.clubs.messaging.application.engine.TemplateRenderer -- Notification template of N-17 has no value for class_date
12:27:30.498 [main] WARN com.agilityhub.core.clubs.messaging.application.engine.TemplateRenderer -- Notification template of N-17 has no value for class_time
12:27:30.498 [main] WARN com.agilityhub.core.clubs.messaging.application.engine.TemplateRenderer -- Notification template of N-17 has no value for class_description
12:27:30.498 [main] WARN com.agilityhub.core.clubs.messaging.application.engine.TemplateRenderer -- Notification template of N-17 has no value for dogs_count
12:27:30.498 [main] WARN com.agilityhub.core.clubs.messaging.application.engine.TemplateRenderer -- Notification template of N-17 has no value for class_date
12:27:30.498 [main] WARN com.agilityhub.core.clubs.messaging.application.engine.TemplateRenderer -- Notification template of N-17 has no value for class_time
12:27:30.498 [main] WARN com.agilityhub.core.clubs.messaging.application.engine.TemplateRenderer -- Notification template of N-17 has no value for class_description
12:27:30.498 [main] WARN com.agilityhub.core.clubs.messaging.application.engine.TemplateRenderer -- Notification template of N-17 has no value for dogs_count
12:27:30.498 [main] WARN com.agilityhub.core.clubs.messaging.application.engine.TemplateRenderer -- Notification template of N-17 has no value for class_date
12:27:30.498 [main] WARN com.agilityhub.core.clubs.messaging.application.engine.TemplateRenderer -- Notification template of N-17 has no value for class_time
12:27:30.498 [main] WARN com.agilityhub.core.clubs.messaging.application.engine.TemplateRenderer -- Notification template of N-17 has no value for class_description
12:27:30.498 [main] WARN com.agilityhub.core.clubs.messaging.application.engine.TemplateRenderer -- Notification template of N-17 has no value for dogs_count
12:27:30.499 [main] WARN com.agilityhub.core.clubs.messaging.application.engine.TemplateRenderer -- Notification template of N-17 has no value for class_date
12:27:30.499 [main] WARN com.agilityhub.core.clubs.messaging.application.engine.TemplateRenderer -- Notification template of N-17 has no value for class_time
12:27:30.499 [main] WARN com.agilityhub.core.clubs.messaging.application.engine.TemplateRenderer -- Notification template of N-17 has no value for class_description
12:27:30.499 [main] WARN com.agilityhub.core.clubs.messaging.application.engine.TemplateRenderer -- Notification template of N-17 has no value for dogs_count
12:27:30.499 [main] WARN com.agilityhub.core.clubs.messaging.application.engine.TemplateRenderer -- Notification template of N-17 has no value for class_date
12:27:30.499 [main] WARN com.agilityhub.core.clubs.messaging.application.engine.TemplateRenderer -- Notification template of N-17 has no value for class_time
12:27:30.499 [main] WARN com.agilityhub.core.clubs.messaging.application.engine.TemplateRenderer -- Notification template of N-17 has no value for class_description
12:27:30.499 [main] WARN com.agilityhub.core.clubs.messaging.application.engine.TemplateRenderer -- Notification template of N-17 has no value for dogs_count
12:27:30.499 [main] WARN com.agilityhub.core.clubs.messaging.application.engine.TemplateRenderer -- Notification template of N-17 has no value for class_date
12:27:30.499 [main] WARN com.agilityhub.core.clubs.messaging.application.engine.TemplateRenderer -- Notification template of N-17 has no value for class_time
12:27:30.499 [main] WARN com.agilityhub.core.clubs.messaging.application.engine.TemplateRenderer -- Notification template of N-17 has no value for class_description
12:27:30.499 [main] WARN com.agilityhub.core.clubs.messaging.application.engine.TemplateRenderer -- Notification template of N-17 has no value for dogs_count
12:27:30.500 [main] WARN com.agilityhub.core.clubs.messaging.application.engine.TemplateRenderer -- Notification template of N-17 has no value for class_date
12:27:30.500 [main] WARN com.agilityhub.core.clubs.messaging.application.engine.TemplateRenderer -- Notification template of N-17 has no value for class_time
12:27:30.500 [main] WARN com.agilityhub.core.clubs.messaging.application.engine.TemplateRenderer -- Notification template of N-17 has no value for class_description
12:27:30.500 [main] WARN com.agilityhub.core.clubs.messaging.application.engine.TemplateRenderer -- Notification template of N-17 has no value for dogs_count
12:27:30.500 [main] WARN com.agilityhub.core.clubs.messaging.application.engine.TemplateRenderer -- Notification template of N-17 has no value for class_date
12:27:30.500 [main] WARN com.agilityhub.core.clubs.messaging.application.engine.TemplateRenderer -- Notification template of N-17 has no value for class_time
12:27:30.500 [main] WARN com.agilityhub.core.clubs.messaging.application.engine.TemplateRenderer -- Notification template of N-17 has no value for class_description
12:27:30.500 [main] WARN com.agilityhub.core.clubs.messaging.application.engine.TemplateRenderer -- Notification template of N-17 has no value for dogs_count
12:27:30.500 [main] WARN com.agilityhub.core.clubs.messaging.application.engine.TemplateRenderer -- Notification template of N-17 has no value for class_date
12:27:30.500 [main] WARN com.agilityhub.core.clubs.messaging.application.engine.TemplateRenderer -- Notification template of N-17 has no value for class_time
12:27:30.500 [main] WARN com.agilityhub.core.clubs.messaging.application.engine.TemplateRenderer -- Notification template of N-17 has no value for class_description
12:27:30.500 [main] WARN com.agilityhub.core.clubs.messaging.application.engine.TemplateRenderer -- Notification template of N-17 has no value for dogs_count
12:27:30.501 [main] WARN com.agilityhub.core.clubs.messaging.application.engine.TemplateRenderer -- Notification template of N-17 has no value for class_date
12:27:30.501 [main] WARN com.agilityhub.core.clubs.messaging.application.engine.TemplateRenderer -- Notification template of N-17 has no value for class_time
12:27:30.501 [main] WARN com.agilityhub.core.clubs.messaging.application.engine.TemplateRenderer -- Notification template of N-17 has no value for class_description
12:27:30.501 [main] WARN com.agilityhub.core.clubs.messaging.application.engine.TemplateRenderer -- Notification template of N-17 has no value for dogs_count
12:27:30.501 [main] WARN com.agilityhub.core.clubs.messaging.application.engine.TemplateRenderer -- Notification template of N-17 has no value for class_date
12:27:30.501 [main] WARN com.agilityhub.core.clubs.messaging.application.engine.TemplateRenderer -- Notification template of N-17 has no value for class_time
12:27:30.501 [main] WARN com.agilityhub.core.clubs.messaging.application.engine.TemplateRenderer -- Notification template of N-17 has no value for class_description
12:27:30.501 [main] WARN com.agilityhub.core.clubs.messaging.application.engine.TemplateRenderer -- Notification template of N-17 has no value for dogs_count
12:27:30.501 [main] WARN com.agilityhub.core.clubs.messaging.application.engine.TemplateRenderer -- Notification template of N-17 has no value for class_date
12:27:30.501 [main] WARN com.agilityhub.core.clubs.messaging.application.engine.TemplateRenderer -- Notification template of N-17 has no value for class_time
12:27:30.501 [main] WARN com.agilityhub.core.clubs.messaging.application.engine.TemplateRenderer -- Notification template of N-17 has no value for class_description
12:27:30.501 [main] WARN com.agilityhub.core.clubs.messaging.application.engine.TemplateRenderer -- Notification template of N-17 has no value for dogs_count
12:27:30.502 [main] WARN com.agilityhub.core.clubs.messaging.application.engine.TemplateRenderer -- Notification template of N-17 has no value for class_date
12:27:30.502 [main] WARN com.agilityhub.core.clubs.messaging.application.engine.TemplateRenderer -- Notification template of N-17 has no value for class_time
12:27:30.502 [main] WARN com.agilityhub.core.clubs.messaging.application.engine.TemplateRenderer -- Notification template of N-17 has no value for class_description
12:27:30.502 [main] WARN com.agilityhub.core.clubs.messaging.application.engine.TemplateRenderer -- Notification template of N-17 has no value for dogs_count
12:27:30.502 [main] WARN com.agilityhub.core.clubs.messaging.application.engine.TemplateRenderer -- Notification template of N-17 has no value for class_date
12:27:30.502 [main] WARN com.agilityhub.core.clubs.messaging.application.engine.TemplateRenderer -- Notification template of N-17 has no value for class_time
12:27:30.502 [main] WARN com.agilityhub.core.clubs.messaging.application.engine.TemplateRenderer -- Notification template of N-17 has no value for class_description
12:27:30.502 [main] WARN com.agilityhub.core.clubs.messaging.application.engine.TemplateRenderer -- Notification template of N-17 has no value for dogs_count
12:27:30.502 [main] WARN com.agilityhub.core.clubs.messaging.application.engine.TemplateRenderer -- Notification template of N-17 has no value for class_date
12:27:30.502 [main] WARN com.agilityhub.core.clubs.messaging.application.engine.TemplateRenderer -- Notification template of N-17 has no value for class_time
12:27:30.502 [main] WARN com.agilityhub.core.clubs.messaging.application.engine.TemplateRenderer -- Notification template of N-17 has no value for class_description
12:27:30.502 [main] WARN com.agilityhub.core.clubs.messaging.application.engine.TemplateRenderer -- Notification template of N-17 has no value for dogs_count
12:27:30.503 [main] WARN com.agilityhub.core.clubs.messaging.application.engine.TemplateRenderer -- Notification template of N-17 has no value for class_date
12:27:30.503 [main] WARN com.agilityhub.core.clubs.messaging.application.engine.TemplateRenderer -- Notification template of N-17 has no value for class_time
12:27:30.503 [main] WARN com.agilityhub.core.clubs.messaging.application.engine.TemplateRenderer -- Notification template of N-17 has no value for class_description
12:27:30.503 [main] WARN com.agilityhub.core.clubs.messaging.application.engine.TemplateRenderer -- Notification template of N-17 has no value for dogs_count
12:27:30.503 [main] WARN com.agilityhub.core.clubs.messaging.application.engine.TemplateRenderer -- Notification template of N-17 has no value for class_date
12:27:30.503 [main] WARN com.agilityhub.core.clubs.messaging.application.engine.TemplateRenderer -- Notification template of N-17 has no value for class_time
12:27:30.503 [main] WARN com.agilityhub.core.clubs.messaging.application.engine.TemplateRenderer -- Notification template of N-17 has no value for class_description
12:27:30.503 [main] WARN com.agilityhub.core.clubs.messaging.application.engine.TemplateRenderer -- Notification template of N-17 has no value for dogs_count
12:27:30.503 [main] WARN com.agilityhub.core.clubs.messaging.application.engine.TemplateRenderer -- Notification template of N-17 has no value for class_date
12:27:30.503 [main] WARN com.agilityhub.core.clubs.messaging.application.engine.TemplateRenderer -- Notification template of N-17 has no value for class_time
12:27:30.503 [main] WARN com.agilityhub.core.clubs.messaging.application.engine.TemplateRenderer -- Notification template of N-17 has no value for class_description
12:27:30.503 [main] WARN com.agilityhub.core.clubs.messaging.application.engine.TemplateRenderer -- Notification template of N-17 has no value for dogs_count
12:27:30.504 [main] WARN com.agilityhub.core.clubs.messaging.application.engine.TemplateRenderer -- Notification template of N-17 has no value for class_date
12:27:30.504 [main] WARN com.agilityhub.core.clubs.messaging.application.engine.TemplateRenderer -- Notification template of N-17 has no value for class_time
12:27:30.504 [main] WARN com.agilityhub.core.clubs.messaging.application.engine.TemplateRenderer -- Notification template of N-17 has no value for class_description
12:27:30.504 [main] WARN com.agilityhub.core.clubs.messaging.application.engine.TemplateRenderer -- Notification template of N-17 has no value for dogs_count
12:27:30.504 [main] WARN com.agilityhub.core.clubs.messaging.application.engine.TemplateRenderer -- Notification template of N-17 has no value for class_date
12:27:30.504 [main] WARN com.agilityhub.core.clubs.messaging.application.engine.TemplateRenderer -- Notification template of N-17 has no value for class_time
12:27:30.504 [main] WARN com.agilityhub.core.clubs.messaging.application.engine.TemplateRenderer -- Notification template of N-17 has no value for class_description
12:27:30.504 [main] WARN com.agilityhub.core.clubs.messaging.application.engine.TemplateRenderer -- Notification template of N-17 has no value for dogs_count
12:27:30.504 [main] WARN com.agilityhub.core.clubs.messaging.application.engine.TemplateRenderer -- Notification template of N-17 has no value for class_date
12:27:30.504 [main] WARN com.agilityhub.core.clubs.messaging.application.engine.TemplateRenderer -- Notification template of N-17 has no value for class_time
12:27:30.505 [main] WARN com.agilityhub.core.clubs.messaging.application.engine.TemplateRenderer -- Notification template of N-17 has no value for class_description
12:27:30.505 [main] WARN com.agilityhub.core.clubs.messaging.application.engine.TemplateRenderer -- Notification template of N-17 has no value for dogs_count
12:27:30.505 [main] WARN com.agilityhub.core.clubs.messaging.application.engine.TemplateRenderer -- Notification template of N-17 has no value for class_date
12:27:30.505 [main] WARN com.agilityhub.core.clubs.messaging.application.engine.TemplateRenderer -- Notification template of N-17 has no value for class_time
12:27:30.505 [main] WARN com.agilityhub.core.clubs.messaging.application.engine.TemplateRenderer -- Notification template of N-17 has no value for class_description
12:27:30.505 [main] WARN com.agilityhub.core.clubs.messaging.application.engine.TemplateRenderer -- Notification template of N-17 has no value for dogs_count
12:27:30.505 [main] WARN com.agilityhub.core.clubs.messaging.application.engine.TemplateRenderer -- Notification template of N-17 has no value for class_date
12:27:30.505 [main] WARN com.agilityhub.core.clubs.messaging.application.engine.TemplateRenderer -- Notification template of N-17 has no value for class_time
12:27:30.505 [main] WARN com.agilityhub.core.clubs.messaging.application.engine.TemplateRenderer -- Notification template of N-17 has no value for class_description
12:27:30.505 [main] WARN com.agilityhub.core.clubs.messaging.application.engine.TemplateRenderer -- Notification template of N-17 has no value for dogs_count
12:27:30.505 [main] WARN com.agilityhub.core.clubs.messaging.application.engine.TemplateRenderer -- Notification template of N-17 has no value for class_date
12:27:30.506 [main] WARN com.agilityhub.core.clubs.messaging.application.engine.TemplateRenderer -- Notification template of N-17 has no value for class_time
12:27:30.506 [main] WARN com.agilityhub.core.clubs.messaging.application.engine.TemplateRenderer -- Notification template of N-17 has no value for class_description
12:27:30.506 [main] WARN com.agilityhub.core.clubs.messaging.application.engine.TemplateRenderer -- Notification template of N-17 has no value for dogs_count
12:27:30.506 [main] WARN com.agilityhub.core.clubs.messaging.application.engine.TemplateRenderer -- Notification template of N-17 has no value for class_date
12:27:30.506 [main] WARN com.agilityhub.core.clubs.messaging.application.engine.TemplateRenderer -- Notification template of N-17 has no value for class_time
12:27:30.506 [main] WARN com.agilityhub.core.clubs.messaging.application.engine.TemplateRenderer -- Notification template of N-17 has no value for class_description
12:27:30.506 [main] WARN com.agilityhub.core.clubs.messaging.application.engine.TemplateRenderer -- Notification template of N-17 has no value for dogs_count
12:27:30.506 [main] WARN com.agilityhub.core.clubs.messaging.application.engine.TemplateRenderer -- Notification template of N-17 has no value for class_date
12:27:30.506 [main] WARN com.agilityhub.core.clubs.messaging.application.engine.TemplateRenderer -- Notification template of N-17 has no value for class_time
12:27:30.506 [main] WARN com.agilityhub.core.clubs.messaging.application.engine.TemplateRenderer -- Notification template of N-17 has no value for class_description
12:27:30.506 [main] WARN com.agilityhub.core.clubs.messaging.application.engine.TemplateRenderer -- Notification template of N-17 has no value for dogs_count
12:27:30.506 [main] WARN com.agilityhub.core.clubs.messaging.application.engine.TemplateRenderer -- Notification template of N-17 has no value for class_date
12:27:30.506 [main] WARN com.agilityhub.core.clubs.messaging.application.engine.TemplateRenderer -- Notification template of N-17 has no value for class_time
12:27:30.506 [main] WARN com.agilityhub.core.clubs.messaging.application.engine.TemplateRenderer -- Notification template of N-17 has no value for class_description
12:27:30.506 [main] WARN com.agilityhub.core.clubs.messaging.application.engine.TemplateRenderer -- Notification template of N-17 has no value for dogs_count
12:27:30.507 [main] WARN com.agilityhub.core.clubs.messaging.application.engine.TemplateRenderer -- Notification template of N-17 has no value for class_date
12:27:30.507 [main] WARN com.agilityhub.core.clubs.messaging.application.engine.TemplateRenderer -- Notification template of N-17 has no value for class_time
12:27:30.507 [main] WARN com.agilityhub.core.clubs.messaging.application.engine.TemplateRenderer -- Notification template of N-17 has no value for class_description
12:27:30.507 [main] WARN com.agilityhub.core.clubs.messaging.application.engine.TemplateRenderer -- Notification template of N-17 has no value for dogs_count
12:27:30.507 [main] WARN com.agilityhub.core.clubs.messaging.application.engine.TemplateRenderer -- Notification template of N-17 has no value for class_date
12:27:30.507 [main] WARN com.agilityhub.core.clubs.messaging.application.engine.TemplateRenderer -- Notification template of N-17 has no value for class_time
12:27:30.507 [main] WARN com.agilityhub.core.clubs.messaging.application.engine.TemplateRenderer -- Notification template of N-17 has no value for class_description
12:27:30.507 [main] WARN com.agilityhub.core.clubs.messaging.application.engine.TemplateRenderer -- Notification template of N-17 has no value for dogs_count
12:27:30.508 [main] WARN com.agilityhub.core.clubs.messaging.application.engine.TemplateRenderer -- Notification template of N-17 has no value for class_date
12:27:30.508 [main] WARN com.agilityhub.core.clubs.messaging.application.engine.TemplateRenderer -- Notification template of N-17 has no value for class_time
12:27:30.508 [main] WARN com.agilityhub.core.clubs.messaging.application.engine.TemplateRenderer -- Notification template of N-17 has no value for class_description
12:27:30.508 [main] WARN com.agilityhub.core.clubs.messaging.application.engine.TemplateRenderer -- Notification template of N-17 has no value for dogs_count
12:27:30.508 [main] WARN com.agilityhub.core.clubs.messaging.application.engine.TemplateRenderer -- Notification template of N-17 has no value for class_date
12:27:30.508 [main] WARN com.agilityhub.core.clubs.messaging.application.engine.TemplateRenderer -- Notification template of N-17 has no value for class_time
12:27:30.508 [main] WARN com.agilityhub.core.clubs.messaging.application.engine.TemplateRenderer -- Notification template of N-17 has no value for class_description
12:27:30.508 [main] WARN com.agilityhub.core.clubs.messaging.application.engine.TemplateRenderer -- Notification template of N-17 has no value for dogs_count
12:27:30.508 [main] WARN com.agilityhub.core.clubs.messaging.application.engine.TemplateRenderer -- Notification template of N-17 has no value for class_date
12:27:30.508 [main] WARN com.agilityhub.core.clubs.messaging.application.engine.TemplateRenderer -- Notification template of N-17 has no value for class_time
12:27:30.508 [main] WARN com.agilityhub.core.clubs.messaging.application.engine.TemplateRenderer -- Notification template of N-17 has no value for class_description
12:27:30.508 [main] WARN com.agilityhub.core.clubs.messaging.application.engine.TemplateRenderer -- Notification template of N-17 has no value for dogs_count
12:27:30.509 [main] WARN com.agilityhub.core.clubs.messaging.application.engine.TemplateRenderer -- Notification template of N-17 has no value for class_date
12:27:30.509 [main] WARN com.agilityhub.core.clubs.messaging.application.engine.TemplateRenderer -- Notification template of N-17 has no value for class_time
12:27:30.509 [main] WARN com.agilityhub.core.clubs.messaging.application.engine.TemplateRenderer -- Notification template of N-17 has no value for class_description
12:27:30.509 [main] WARN com.agilityhub.core.clubs.messaging.application.engine.TemplateRenderer -- Notification template of N-17 has no value for dogs_count
12:27:30.509 [main] WARN com.agilityhub.core.clubs.messaging.application.engine.TemplateRenderer -- Notification template of N-17 has no value for class_date
12:27:30.509 [main] WARN com.agilityhub.core.clubs.messaging.application.engine.TemplateRenderer -- Notification template of N-17 has no value for class_time
12:27:30.509 [main] WARN com.agilityhub.core.clubs.messaging.application.engine.TemplateRenderer -- Notification template of N-17 has no value for class_description
12:27:30.509 [main] WARN com.agilityhub.core.clubs.messaging.application.engine.TemplateRenderer -- Notification template of N-17 has no value for dogs_count
12:27:30.509 [main] WARN com.agilityhub.core.clubs.messaging.application.engine.TemplateRenderer -- Notification template of N-17 has no value for class_date
12:27:30.509 [main] WARN com.agilityhub.core.clubs.messaging.application.engine.TemplateRenderer -- Notification template of N-17 has no value for class_time
12:27:30.509 [main] WARN com.agilityhub.core.clubs.messaging.application.engine.TemplateRenderer -- Notification template of N-17 has no value for class_description
12:27:30.509 [main] WARN com.agilityhub.core.clubs.messaging.application.engine.TemplateRenderer -- Notification template of N-17 has no value for dogs_count
12:27:30.510 [main] WARN com.agilityhub.core.clubs.messaging.application.engine.TemplateRenderer -- Notification template of N-17 has no value for class_date
12:27:30.510 [main] WARN com.agilityhub.core.clubs.messaging.application.engine.TemplateRenderer -- Notification template of N-17 has no value for class_time
12:27:30.510 [main] WARN com.agilityhub.core.clubs.messaging.application.engine.TemplateRenderer -- Notification template of N-17 has no value for class_description
12:27:30.510 [main] WARN com.agilityhub.core.clubs.messaging.application.engine.TemplateRenderer -- Notification template of N-17 has no value for dogs_count
12:27:30.510 [main] WARN com.agilityhub.core.clubs.messaging.application.engine.TemplateRenderer -- Notification template of N-17 has no value for class_date
12:27:30.510 [main] WARN com.agilityhub.core.clubs.messaging.application.engine.TemplateRenderer -- Notification template of N-17 has no value for class_time
12:27:30.510 [main] WARN com.agilityhub.core.clubs.messaging.application.engine.TemplateRenderer -- Notification template of N-17 has no value for class_description
12:27:30.510 [main] WARN com.agilityhub.core.clubs.messaging.application.engine.TemplateRenderer -- Notification template of N-17 has no value for dogs_count
12:27:30.510 [main] WARN com.agilityhub.core.clubs.messaging.application.engine.TemplateRenderer -- Notification template of N-17 has no value for class_date
12:27:30.510 [main] WARN com.agilityhub.core.clubs.messaging.application.engine.TemplateRenderer -- Notification template of N-17 has no value for class_time
12:27:30.510 [main] WARN com.agilityhub.core.clubs.messaging.application.engine.TemplateRenderer -- Notification template of N-17 has no value for class_description
12:27:30.510 [main] WARN com.agilityhub.core.clubs.messaging.application.engine.TemplateRenderer -- Notification template of N-17 has no value for dogs_count
12:27:30.511 [main] WARN com.agilityhub.core.clubs.messaging.application.engine.TemplateRenderer -- Notification template of N-17 has no value for class_date
12:27:30.511 [main] WARN com.agilityhub.core.clubs.messaging.application.engine.TemplateRenderer -- Notification template of N-17 has no value for class_time
12:27:30.511 [main] WARN com.agilityhub.core.clubs.messaging.application.engine.TemplateRenderer -- Notification template of N-17 has no value for class_description
12:27:30.511 [main] WARN com.agilityhub.core.clubs.messaging.application.engine.TemplateRenderer -- Notification template of N-17 has no value for dogs_count
12:27:30.511 [main] WARN com.agilityhub.core.clubs.messaging.application.engine.TemplateRenderer -- Notification template of N-17 has no value for class_date
12:27:30.511 [main] WARN com.agilityhub.core.clubs.messaging.application.engine.TemplateRenderer -- Notification template of N-17 has no value for class_time
12:27:30.511 [main] WARN com.agilityhub.core.clubs.messaging.application.engine.TemplateRenderer -- Notification template of N-17 has no value for class_description
12:27:30.511 [main] WARN com.agilityhub.core.clubs.messaging.application.engine.TemplateRenderer -- Notification template of N-17 has no value for dogs_count
12:27:30.511 [main] WARN com.agilityhub.core.clubs.messaging.application.engine.TemplateRenderer -- Notification template of N-17 has no value for class_date
12:27:30.511 [main] WARN com.agilityhub.core.clubs.messaging.application.engine.TemplateRenderer -- Notification template of N-17 has no value for class_time
12:27:30.511 [main] WARN com.agilityhub.core.clubs.messaging.application.engine.TemplateRenderer -- Notification template of N-17 has no value for class_description
12:27:30.511 [main] WARN com.agilityhub.core.clubs.messaging.application.engine.TemplateRenderer -- Notification template of N-17 has no value for dogs_count
12:27:30.512 [main] WARN com.agilityhub.core.clubs.messaging.application.engine.TemplateRenderer -- Notification template of N-17 has no value for class_date
12:27:30.512 [main] WARN com.agilityhub.core.clubs.messaging.application.engine.TemplateRenderer -- Notification template of N-17 has no value for class_time
12:27:30.512 [main] WARN com.agilityhub.core.clubs.messaging.application.engine.TemplateRenderer -- Notification template of N-17 has no value for class_description
12:27:30.512 [main] WARN com.agilityhub.core.clubs.messaging.application.engine.TemplateRenderer -- Notification template of N-17 has no value for dogs_count
12:27:30.512 [main] WARN com.agilityhub.core.clubs.messaging.application.engine.TemplateRenderer -- Notification template of N-17 has no value for class_date
12:27:30.512 [main] WARN com.agilityhub.core.clubs.messaging.application.engine.TemplateRenderer -- Notification template of N-17 has no value for class_time
12:27:30.512 [main] WARN com.agilityhub.core.clubs.messaging.application.engine.TemplateRenderer -- Notification template of N-17 has no value for class_description
12:27:30.512 [main] WARN com.agilityhub.core.clubs.messaging.application.engine.TemplateRenderer -- Notification template of N-17 has no value for dogs_count
12:27:30.513 [main] WARN com.agilityhub.core.clubs.messaging.application.engine.TemplateRenderer -- Notification template of N-17 has no value for class_date
12:27:30.513 [main] WARN com.agilityhub.core.clubs.messaging.application.engine.TemplateRenderer -- Notification template of N-17 has no value for class_time
12:27:30.513 [main] WARN com.agilityhub.core.clubs.messaging.application.engine.TemplateRenderer -- Notification template of N-17 has no value for class_description
12:27:30.513 [main] WARN com.agilityhub.core.clubs.messaging.application.engine.TemplateRenderer -- Notification template of N-17 has no value for dogs_count
12:27:30.513 [main] WARN com.agilityhub.core.clubs.messaging.application.engine.TemplateRenderer -- Notification template of N-17 has no value for class_date
12:27:30.513 [main] WARN com.agilityhub.core.clubs.messaging.application.engine.TemplateRenderer -- Notification template of N-17 has no value for class_time
12:27:30.513 [main] WARN com.agilityhub.core.clubs.messaging.application.engine.TemplateRenderer -- Notification template of N-17 has no value for class_description
12:27:30.513 [main] WARN com.agilityhub.core.clubs.messaging.application.engine.TemplateRenderer -- Notification template of N-17 has no value for dogs_count
12:27:30.513 [main] WARN com.agilityhub.core.clubs.messaging.application.engine.TemplateRenderer -- Notification template of N-17 has no value for class_date
12:27:30.513 [main] WARN com.agilityhub.core.clubs.messaging.application.engine.TemplateRenderer -- Notification template of N-17 has no value for class_time
12:27:30.513 [main] WARN com.agilityhub.core.clubs.messaging.application.engine.TemplateRenderer -- Notification template of N-17 has no value for class_description
12:27:30.513 [main] WARN com.agilityhub.core.clubs.messaging.application.engine.TemplateRenderer -- Notification template of N-17 has no value for dogs_count
12:27:30.514 [main] WARN com.agilityhub.core.clubs.messaging.application.engine.TemplateRenderer -- Notification template of N-17 has no value for class_date
12:27:30.514 [main] WARN com.agilityhub.core.clubs.messaging.application.engine.TemplateRenderer -- Notification template of N-17 has no value for class_time
12:27:30.514 [main] WARN com.agilityhub.core.clubs.messaging.application.engine.TemplateRenderer -- Notification template of N-17 has no value for class_description
12:27:30.514 [main] WARN com.agilityhub.core.clubs.messaging.application.engine.TemplateRenderer -- Notification template of N-17 has no value for dogs_count
12:27:30.515 [main] WARN com.agilityhub.core.clubs.messaging.application.engine.TemplateRenderer -- Notification template of N-17 has no value for class_date
12:27:30.515 [main] WARN com.agilityhub.core.clubs.messaging.application.engine.TemplateRenderer -- Notification template of N-17 has no value for class_time
12:27:30.515 [main] WARN com.agilityhub.core.clubs.messaging.application.engine.TemplateRenderer -- Notification template of N-17 has no value for class_description
12:27:30.515 [main] WARN com.agilityhub.core.clubs.messaging.application.engine.TemplateRenderer -- Notification template of N-17 has no value for dogs_count
12:27:30.515 [main] WARN com.agilityhub.core.clubs.messaging.application.engine.TemplateRenderer -- Notification template of N-17 has no value for class_date
12:27:30.515 [main] WARN com.agilityhub.core.clubs.messaging.application.engine.TemplateRenderer -- Notification template of N-17 has no value for class_time
12:27:30.515 [main] WARN com.agilityhub.core.clubs.messaging.application.engine.TemplateRenderer -- Notification template of N-17 has no value for class_description
12:27:30.515 [main] WARN com.agilityhub.core.clubs.messaging.application.engine.TemplateRenderer -- Notification template of N-17 has no value for dogs_count
12:27:30.516 [main] WARN com.agilityhub.core.clubs.messaging.application.engine.TemplateRenderer -- Notification template of N-17 has no value for class_date
12:27:30.516 [main] WARN com.agilityhub.core.clubs.messaging.application.engine.TemplateRenderer -- Notification template of N-17 has no value for class_time
12:27:30.516 [main] WARN com.agilityhub.core.clubs.messaging.application.engine.TemplateRenderer -- Notification template of N-17 has no value for class_description
12:27:30.516 [main] WARN com.agilityhub.core.clubs.messaging.application.engine.TemplateRenderer -- Notification template of N-17 has no value for dogs_count
12:27:30.516 [main] WARN com.agilityhub.core.clubs.messaging.application.engine.TemplateRenderer -- Notification template of N-17 has no value for class_date
12:27:30.516 [main] WARN com.agilityhub.core.clubs.messaging.application.engine.TemplateRenderer -- Notification template of N-17 has no value for class_time
12:27:30.516 [main] WARN com.agilityhub.core.clubs.messaging.application.engine.TemplateRenderer -- Notification template of N-17 has no value for class_description
12:27:30.516 [main] WARN com.agilityhub.core.clubs.messaging.application.engine.TemplateRenderer -- Notification template of N-17 has no value for dogs_count
12:27:30.516 [main] WARN com.agilityhub.core.clubs.messaging.application.engine.TemplateRenderer -- Notification template of N-17 has no value for class_date
12:27:30.516 [main] WARN com.agilityhub.core.clubs.messaging.application.engine.TemplateRenderer -- Notification template of N-17 has no value for class_time
12:27:30.516 [main] WARN com.agilityhub.core.clubs.messaging.application.engine.TemplateRenderer -- Notification template of N-17 has no value for class_description
12:27:30.516 [main] WARN com.agilityhub.core.clubs.messaging.application.engine.TemplateRenderer -- Notification template of N-17 has no value for dogs_count
12:27:30.517 [main] WARN com.agilityhub.core.clubs.messaging.application.engine.TemplateRenderer -- Notification template of N-17 has no value for class_date
12:27:30.517 [main] WARN com.agilityhub.core.clubs.messaging.application.engine.TemplateRenderer -- Notification template of N-17 has no value for class_time
12:27:30.517 [main] WARN com.agilityhub.core.clubs.messaging.application.engine.TemplateRenderer -- Notification template of N-17 has no value for class_description
12:27:30.517 [main] WARN com.agilityhub.core.clubs.messaging.application.engine.TemplateRenderer -- Notification template of N-17 has no value for dogs_count
12:27:30.517 [main] WARN com.agilityhub.core.clubs.messaging.application.engine.TemplateRenderer -- Notification template of N-17 has no value for class_date
12:27:30.517 [main] WARN com.agilityhub.core.clubs.messaging.application.engine.TemplateRenderer -- Notification template of N-17 has no value for class_time
12:27:30.517 [main] WARN com.agilityhub.core.clubs.messaging.application.engine.TemplateRenderer -- Notification template of N-17 has no value for class_description
12:27:30.517 [main] WARN com.agilityhub.core.clubs.messaging.application.engine.TemplateRenderer -- Notification template of N-17 has no value for dogs_count
12:27:30.518 [main] WARN com.agilityhub.core.clubs.messaging.application.engine.TemplateRenderer -- Notification template of N-17 has no value for class_date
12:27:30.518 [main] WARN com.agilityhub.core.clubs.messaging.application.engine.TemplateRenderer -- Notification template of N-17 has no value for class_time
12:27:30.518 [main] WARN com.agilityhub.core.clubs.messaging.application.engine.TemplateRenderer -- Notification template of N-17 has no value for class_description
12:27:30.518 [main] WARN com.agilityhub.core.clubs.messaging.application.engine.TemplateRenderer -- Notification template of N-17 has no value for dogs_count
12:27:30.518 [main] WARN com.agilityhub.core.clubs.messaging.application.engine.TemplateRenderer -- Notification template of N-17 has no value for class_date
12:27:30.518 [main] WARN com.agilityhub.core.clubs.messaging.application.engine.TemplateRenderer -- Notification template of N-17 has no value for class_time
12:27:30.518 [main] WARN com.agilityhub.core.clubs.messaging.application.engine.TemplateRenderer -- Notification template of N-17 has no value for class_description
12:27:30.518 [main] WARN com.agilityhub.core.clubs.messaging.application.engine.TemplateRenderer -- Notification template of N-17 has no value for dogs_count
12:27:30.519 [main] WARN com.agilityhub.core.clubs.messaging.application.engine.TemplateRenderer -- Notification template of N-17 has no value for class_date
12:27:30.519 [main] WARN com.agilityhub.core.clubs.messaging.application.engine.TemplateRenderer -- Notification template of N-17 has no value for class_time
12:27:30.519 [main] WARN com.agilityhub.core.clubs.messaging.application.engine.TemplateRenderer -- Notification template of N-17 has no value for class_description
12:27:30.519 [main] WARN com.agilityhub.core.clubs.messaging.application.engine.TemplateRenderer -- Notification template of N-17 has no value for dogs_count
12:27:30.519 [main] WARN com.agilityhub.core.clubs.messaging.application.engine.TemplateRenderer -- Notification template of N-17 has no value for class_date
12:27:30.519 [main] WARN com.agilityhub.core.clubs.messaging.application.engine.TemplateRenderer -- Notification template of N-17 has no value for class_time
12:27:30.519 [main] WARN com.agilityhub.core.clubs.messaging.application.engine.TemplateRenderer -- Notification template of N-17 has no value for class_description
12:27:30.519 [main] WARN com.agilityhub.core.clubs.messaging.application.engine.TemplateRenderer -- Notification template of N-17 has no value for dogs_count
12:27:30.519 [main] WARN com.agilityhub.core.clubs.messaging.application.engine.TemplateRenderer -- Notification template of N-17 has no value for class_date
12:27:30.519 [main] WARN com.agilityhub.core.clubs.messaging.application.engine.TemplateRenderer -- Notification template of N-17 has no value for class_time
12:27:30.519 [main] WARN com.agilityhub.core.clubs.messaging.application.engine.TemplateRenderer -- Notification template of N-17 has no value for class_description
12:27:30.519 [main] WARN com.agilityhub.core.clubs.messaging.application.engine.TemplateRenderer -- Notification template of N-17 has no value for dogs_count
12:27:30.520 [main] WARN com.agilityhub.core.clubs.messaging.application.engine.TemplateRenderer -- Notification template of N-17 has no value for class_date
12:27:30.520 [main] WARN com.agilityhub.core.clubs.messaging.application.engine.TemplateRenderer -- Notification template of N-17 has no value for class_time
12:27:30.520 [main] WARN com.agilityhub.core.clubs.messaging.application.engine.TemplateRenderer -- Notification template of N-17 has no value for class_description
12:27:30.520 [main] WARN com.agilityhub.core.clubs.messaging.application.engine.TemplateRenderer -- Notification template of N-17 has no value for dogs_count
12:27:30.520 [main] WARN com.agilityhub.core.clubs.messaging.application.engine.TemplateRenderer -- Notification template of N-17 has no value for class_date
12:27:30.520 [main] WARN com.agilityhub.core.clubs.messaging.application.engine.TemplateRenderer -- Notification template of N-17 has no value for class_time
12:27:30.520 [main] WARN com.agilityhub.core.clubs.messaging.application.engine.TemplateRenderer -- Notification template of N-17 has no value for class_description
12:27:30.520 [main] WARN com.agilityhub.core.clubs.messaging.application.engine.TemplateRenderer -- Notification template of N-17 has no value for dogs_count
12:27:30.521 [main] WARN com.agilityhub.core.clubs.messaging.application.engine.TemplateRenderer -- Notification template of N-18a has no value for member_name
12:27:30.521 [main] WARN com.agilityhub.core.clubs.messaging.application.engine.TemplateRenderer -- Notification template of N-18a has no value for from_month
12:27:30.521 [main] WARN com.agilityhub.core.clubs.messaging.application.engine.TemplateRenderer -- Notification template of N-18a has no value for to_month
12:27:30.521 [main] WARN com.agilityhub.core.clubs.messaging.application.engine.TemplateRenderer -- Notification template of N-18a has no value for member_name
12:27:30.521 [main] WARN com.agilityhub.core.clubs.messaging.application.engine.TemplateRenderer -- Notification template of N-18a has no value for from_month
12:27:30.521 [main] WARN com.agilityhub.core.clubs.messaging.application.engine.TemplateRenderer -- Notification template of N-18a has no value for to_month
12:27:30.521 [main] WARN com.agilityhub.core.clubs.messaging.application.engine.TemplateRenderer -- Notification template of N-18a has no value for member_name
12:27:30.521 [main] WARN com.agilityhub.core.clubs.messaging.application.engine.TemplateRenderer -- Notification template of N-18a has no value for from_month
12:27:30.521 [main] WARN com.agilityhub.core.clubs.messaging.application.engine.TemplateRenderer -- Notification template of N-18a has no value for to_month
12:27:30.522 [main] WARN com.agilityhub.core.clubs.messaging.application.engine.TemplateRenderer -- Notification template of N-18a has no value for member_name
12:27:30.522 [main] WARN com.agilityhub.core.clubs.messaging.application.engine.TemplateRenderer -- Notification template of N-18a has no value for from_month
12:27:30.522 [main] WARN com.agilityhub.core.clubs.messaging.application.engine.TemplateRenderer -- Notification template of N-18a has no value for to_month
12:27:30.522 [main] WARN com.agilityhub.core.clubs.messaging.application.engine.TemplateRenderer -- Notification template of N-18a has no value for member_name
12:27:30.522 [main] WARN com.agilityhub.core.clubs.messaging.application.engine.TemplateRenderer -- Notification template of N-18a has no value for from_month
12:27:30.522 [main] WARN com.agilityhub.core.clubs.messaging.application.engine.TemplateRenderer -- Notification template of N-18a has no value for to_month
12:27:30.523 [main] WARN com.agilityhub.core.clubs.messaging.application.engine.TemplateRenderer -- Notification template of N-18a has no value for member_name
12:27:30.523 [main] WARN com.agilityhub.core.clubs.messaging.application.engine.TemplateRenderer -- Notification template of N-18a has no value for from_month
12:27:30.523 [main] WARN com.agilityhub.core.clubs.messaging.application.engine.TemplateRenderer -- Notification template of N-18a has no value for to_month
12:27:30.523 [main] WARN com.agilityhub.core.clubs.messaging.application.engine.TemplateRenderer -- Notification template of N-18a has no value for member_name
12:27:30.523 [main] WARN com.agilityhub.core.clubs.messaging.application.engine.TemplateRenderer -- Notification template of N-18a has no value for from_month
12:27:30.523 [main] WARN com.agilityhub.core.clubs.messaging.application.engine.TemplateRenderer -- Notification template of N-18a has no value for to_month
12:27:30.523 [main] WARN com.agilityhub.core.clubs.messaging.application.engine.TemplateRenderer -- Notification template of N-18a has no value for member_name
12:27:30.523 [main] WARN com.agilityhub.core.clubs.messaging.application.engine.TemplateRenderer -- Notification template of N-18a has no value for from_month
12:27:30.523 [main] WARN com.agilityhub.core.clubs.messaging.application.engine.TemplateRenderer -- Notification template of N-18a has no value for to_month
12:27:30.524 [main] WARN com.agilityhub.core.clubs.messaging.application.engine.TemplateRenderer -- Notification template of N-18a has no value for member_name
12:27:30.524 [main] WARN com.agilityhub.core.clubs.messaging.application.engine.TemplateRenderer -- Notification template of N-18a has no value for from_month
12:27:30.524 [main] WARN com.agilityhub.core.clubs.messaging.application.engine.TemplateRenderer -- Notification template of N-18a has no value for to_month
12:27:30.525 [main] WARN com.agilityhub.core.clubs.messaging.application.engine.TemplateRenderer -- Notification template of N-18a has no value for member_name
12:27:30.525 [main] WARN com.agilityhub.core.clubs.messaging.application.engine.TemplateRenderer -- Notification template of N-18a has no value for from_month
12:27:30.525 [main] WARN com.agilityhub.core.clubs.messaging.application.engine.TemplateRenderer -- Notification template of N-18a has no value for to_month
12:27:30.525 [main] WARN com.agilityhub.core.clubs.messaging.application.engine.TemplateRenderer -- Notification template of N-18a has no value for member_name
12:27:30.525 [main] WARN com.agilityhub.core.clubs.messaging.application.engine.TemplateRenderer -- Notification template of N-18a has no value for from_month
12:27:30.525 [main] WARN com.agilityhub.core.clubs.messaging.application.engine.TemplateRenderer -- Notification template of N-18a has no value for to_month
12:27:30.525 [main] WARN com.agilityhub.core.clubs.messaging.application.engine.TemplateRenderer -- Notification template of N-18a has no value for member_name
12:27:30.525 [main] WARN com.agilityhub.core.clubs.messaging.application.engine.TemplateRenderer -- Notification template of N-18a has no value for from_month
12:27:30.525 [main] WARN com.agilityhub.core.clubs.messaging.application.engine.TemplateRenderer -- Notification template of N-18a has no value for to_month
12:27:30.526 [main] WARN com.agilityhub.core.clubs.messaging.application.engine.TemplateRenderer -- Notification template of N-18a has no value for member_name
12:27:30.526 [main] WARN com.agilityhub.core.clubs.messaging.application.engine.TemplateRenderer -- Notification template of N-18a has no value for from_month
12:27:30.526 [main] WARN com.agilityhub.core.clubs.messaging.application.engine.TemplateRenderer -- Notification template of N-18a has no value for to_month
12:27:30.526 [main] WARN com.agilityhub.core.clubs.messaging.application.engine.TemplateRenderer -- Notification template of N-18a has no value for member_name
12:27:30.526 [main] WARN com.agilityhub.core.clubs.messaging.application.engine.TemplateRenderer -- Notification template of N-18a has no value for from_month
12:27:30.526 [main] WARN com.agilityhub.core.clubs.messaging.application.engine.TemplateRenderer -- Notification template of N-18a has no value for to_month
12:27:30.527 [main] WARN com.agilityhub.core.clubs.messaging.application.engine.TemplateRenderer -- Notification template of N-18a has no value for member_name
12:27:30.527 [main] WARN com.agilityhub.core.clubs.messaging.application.engine.TemplateRenderer -- Notification template of N-18a has no value for from_month
12:27:30.527 [main] WARN com.agilityhub.core.clubs.messaging.application.engine.TemplateRenderer -- Notification template of N-18a has no value for to_month
12:27:30.527 [main] WARN com.agilityhub.core.clubs.messaging.application.engine.TemplateRenderer -- Notification template of N-18a has no value for member_name
12:27:30.527 [main] WARN com.agilityhub.core.clubs.messaging.application.engine.TemplateRenderer -- Notification template of N-18a has no value for from_month
12:27:30.527 [main] WARN com.agilityhub.core.clubs.messaging.application.engine.TemplateRenderer -- Notification template of N-18a has no value for to_month
12:27:30.528 [main] WARN com.agilityhub.core.clubs.messaging.application.engine.TemplateRenderer -- Notification template of N-18a has no value for member_name
12:27:30.528 [main] WARN com.agilityhub.core.clubs.messaging.application.engine.TemplateRenderer -- Notification template of N-18a has no value for from_month
12:27:30.528 [main] WARN com.agilityhub.core.clubs.messaging.application.engine.TemplateRenderer -- Notification template of N-18a has no value for to_month
12:27:30.529 [main] WARN com.agilityhub.core.clubs.messaging.application.engine.TemplateRenderer -- Notification template of N-18a has no value for member_name
12:27:30.529 [main] WARN com.agilityhub.core.clubs.messaging.application.engine.TemplateRenderer -- Notification template of N-18a has no value for from_month
12:27:30.529 [main] WARN com.agilityhub.core.clubs.messaging.application.engine.TemplateRenderer -- Notification template of N-18a has no value for to_month
12:27:30.529 [main] WARN com.agilityhub.core.clubs.messaging.application.engine.TemplateRenderer -- Notification template of N-18a has no value for member_name
12:27:30.529 [main] WARN com.agilityhub.core.clubs.messaging.application.engine.TemplateRenderer -- Notification template of N-18a has no value for from_month
12:27:30.529 [main] WARN com.agilityhub.core.clubs.messaging.application.engine.TemplateRenderer -- Notification template of N-18a has no value for to_month
12:27:30.530 [main] WARN com.agilityhub.core.clubs.messaging.application.engine.TemplateRenderer -- Notification template of N-18a has no value for member_name
12:27:30.530 [main] WARN com.agilityhub.core.clubs.messaging.application.engine.TemplateRenderer -- Notification template of N-18a has no value for from_month
12:27:30.530 [main] WARN com.agilityhub.core.clubs.messaging.application.engine.TemplateRenderer -- Notification template of N-18a has no value for to_month
12:27:30.530 [main] WARN com.agilityhub.core.clubs.messaging.application.engine.TemplateRenderer -- Notification template of N-18a has no value for member_name
12:27:30.530 [main] WARN com.agilityhub.core.clubs.messaging.application.engine.TemplateRenderer -- Notification template of N-18a has no value for from_month
12:27:30.530 [main] WARN com.agilityhub.core.clubs.messaging.application.engine.TemplateRenderer -- Notification template of N-18a has no value for to_month
12:27:30.531 [main] WARN com.agilityhub.core.clubs.messaging.application.engine.TemplateRenderer -- Notification template of N-18a has no value for member_name
12:27:30.531 [main] WARN com.agilityhub.core.clubs.messaging.application.engine.TemplateRenderer -- Notification template of N-18a has no value for from_month
12:27:30.531 [main] WARN com.agilityhub.core.clubs.messaging.application.engine.TemplateRenderer -- Notification template of N-18a has no value for to_month
12:27:30.531 [main] WARN com.agilityhub.core.clubs.messaging.application.engine.TemplateRenderer -- Notification template of N-18a has no value for member_name
12:27:30.531 [main] WARN com.agilityhub.core.clubs.messaging.application.engine.TemplateRenderer -- Notification template of N-18a has no value for from_month
12:27:30.531 [main] WARN com.agilityhub.core.clubs.messaging.application.engine.TemplateRenderer -- Notification template of N-18a has no value for to_month
12:27:30.531 [main] WARN com.agilityhub.core.clubs.messaging.application.engine.TemplateRenderer -- Notification template of N-18a has no value for member_name
12:27:30.531 [main] WARN com.agilityhub.core.clubs.messaging.application.engine.TemplateRenderer -- Notification template of N-18a has no value for from_month
12:27:30.531 [main] WARN com.agilityhub.core.clubs.messaging.application.engine.TemplateRenderer -- Notification template of N-18a has no value for to_month
12:27:30.532 [main] WARN com.agilityhub.core.clubs.messaging.application.engine.TemplateRenderer -- Notification template of N-18a has no value for member_name
12:27:30.532 [main] WARN com.agilityhub.core.clubs.messaging.application.engine.TemplateRenderer -- Notification template of N-18a has no value for from_month
12:27:30.532 [main] WARN com.agilityhub.core.clubs.messaging.application.engine.TemplateRenderer -- Notification template of N-18a has no value for to_month
12:27:30.532 [main] WARN com.agilityhub.core.clubs.messaging.application.engine.TemplateRenderer -- Notification template of N-18a has no value for member_name
12:27:30.532 [main] WARN com.agilityhub.core.clubs.messaging.application.engine.TemplateRenderer -- Notification template of N-18a has no value for from_month
12:27:30.532 [main] WARN com.agilityhub.core.clubs.messaging.application.engine.TemplateRenderer -- Notification template of N-18a has no value for to_month
12:27:30.532 [main] WARN com.agilityhub.core.clubs.messaging.application.engine.TemplateRenderer -- Notification template of N-18a has no value for member_name
12:27:30.532 [main] WARN com.agilityhub.core.clubs.messaging.application.engine.TemplateRenderer -- Notification template of N-18a has no value for from_month
12:27:30.532 [main] WARN com.agilityhub.core.clubs.messaging.application.engine.TemplateRenderer -- Notification template of N-18a has no value for to_month
12:27:30.533 [main] WARN com.agilityhub.core.clubs.messaging.application.engine.TemplateRenderer -- Notification template of N-18a has no value for member_name
12:27:30.533 [main] WARN com.agilityhub.core.clubs.messaging.application.engine.TemplateRenderer -- Notification template of N-18a has no value for from_month
12:27:30.533 [main] WARN com.agilityhub.core.clubs.messaging.application.engine.TemplateRenderer -- Notification template of N-18a has no value for to_month
12:27:30.533 [main] WARN com.agilityhub.core.clubs.messaging.application.engine.TemplateRenderer -- Notification template of N-18a has no value for member_name
12:27:30.533 [main] WARN com.agilityhub.core.clubs.messaging.application.engine.TemplateRenderer -- Notification template of N-18a has no value for from_month
12:27:30.533 [main] WARN com.agilityhub.core.clubs.messaging.application.engine.TemplateRenderer -- Notification template of N-18a has no value for to_month
12:27:30.534 [main] WARN com.agilityhub.core.clubs.messaging.application.engine.TemplateRenderer -- Notification template of N-18a has no value for member_name
12:27:30.534 [main] WARN com.agilityhub.core.clubs.messaging.application.engine.TemplateRenderer -- Notification template of N-18a has no value for from_month
12:27:30.534 [main] WARN com.agilityhub.core.clubs.messaging.application.engine.TemplateRenderer -- Notification template of N-18a has no value for to_month
12:27:30.534 [main] WARN com.agilityhub.core.clubs.messaging.application.engine.TemplateRenderer -- Notification template of N-18a has no value for member_name
12:27:30.534 [main] WARN com.agilityhub.core.clubs.messaging.application.engine.TemplateRenderer -- Notification template of N-18a has no value for from_month
12:27:30.534 [main] WARN com.agilityhub.core.clubs.messaging.application.engine.TemplateRenderer -- Notification template of N-18a has no value for to_month
12:27:30.534 [main] WARN com.agilityhub.core.clubs.messaging.application.engine.TemplateRenderer -- Notification template of N-18a has no value for member_name
12:27:30.534 [main] WARN com.agilityhub.core.clubs.messaging.application.engine.TemplateRenderer -- Notification template of N-18a has no value for from_month
12:27:30.534 [main] WARN com.agilityhub.core.clubs.messaging.application.engine.TemplateRenderer -- Notification template of N-18a has no value for to_month
12:27:30.535 [main] WARN com.agilityhub.core.clubs.messaging.application.engine.TemplateRenderer -- Notification template of N-18b has no value for decision
12:27:30.535 [main] WARN com.agilityhub.core.clubs.messaging.application.engine.TemplateRenderer -- Notification template of N-18b has no value for decision
12:27:30.535 [main] WARN com.agilityhub.core.clubs.messaging.application.engine.TemplateRenderer -- Notification template of N-18b has no value for open_ended
12:27:30.535 [main] WARN com.agilityhub.core.clubs.messaging.application.engine.TemplateRenderer -- Notification template of N-18b has no value for cancelled_count
12:27:30.536 [main] WARN com.agilityhub.core.clubs.messaging.application.engine.TemplateRenderer -- Notification template of N-18b has no value for decision
12:27:30.536 [main] WARN com.agilityhub.core.clubs.messaging.application.engine.TemplateRenderer -- Notification template of N-18b has no value for decision
12:27:30.536 [main] WARN com.agilityhub.core.clubs.messaging.application.engine.TemplateRenderer -- Notification template of N-18b has no value for open_ended
12:27:30.536 [main] WARN com.agilityhub.core.clubs.messaging.application.engine.TemplateRenderer -- Notification template of N-18b has no value for cancelled_count
12:27:30.536 [main] WARN com.agilityhub.core.clubs.messaging.application.engine.TemplateRenderer -- Notification template of N-18b has no value for decision
12:27:30.536 [main] WARN com.agilityhub.core.clubs.messaging.application.engine.TemplateRenderer -- Notification template of N-18b has no value for decision
12:27:30.536 [main] WARN com.agilityhub.core.clubs.messaging.application.engine.TemplateRenderer -- Notification template of N-18b has no value for open_ended
12:27:30.536 [main] WARN com.agilityhub.core.clubs.messaging.application.engine.TemplateRenderer -- Notification template of N-18b has no value for cancelled_count
12:27:30.536 [main] WARN com.agilityhub.core.clubs.messaging.application.engine.TemplateRenderer -- Notification template of N-18b has no value for decision
12:27:30.536 [main] WARN com.agilityhub.core.clubs.messaging.application.engine.TemplateRenderer -- Notification template of N-18b has no value for decision
12:27:30.536 [main] WARN com.agilityhub.core.clubs.messaging.application.engine.TemplateRenderer -- Notification template of N-18b has no value for open_ended
12:27:30.536 [main] WARN com.agilityhub.core.clubs.messaging.application.engine.TemplateRenderer -- Notification template of N-18b has no value for cancelled_count
12:27:30.537 [main] WARN com.agilityhub.core.clubs.messaging.application.engine.TemplateRenderer -- Notification template of N-18b has no value for decision
12:27:30.537 [main] WARN com.agilityhub.core.clubs.messaging.application.engine.TemplateRenderer -- Notification template of N-18b has no value for decision
12:27:30.537 [main] WARN com.agilityhub.core.clubs.messaging.application.engine.TemplateRenderer -- Notification template of N-18b has no value for open_ended
12:27:30.537 [main] WARN com.agilityhub.core.clubs.messaging.application.engine.TemplateRenderer -- Notification template of N-18b has no value for cancelled_count
12:27:30.537 [main] WARN com.agilityhub.core.clubs.messaging.application.engine.TemplateRenderer -- Notification template of N-18b has no value for decision
12:27:30.537 [main] WARN com.agilityhub.core.clubs.messaging.application.engine.TemplateRenderer -- Notification template of N-18b has no value for decision
12:27:30.537 [main] WARN com.agilityhub.core.clubs.messaging.application.engine.TemplateRenderer -- Notification template of N-18b has no value for open_ended
12:27:30.537 [main] WARN com.agilityhub.core.clubs.messaging.application.engine.TemplateRenderer -- Notification template of N-18b has no value for cancelled_count
12:27:30.538 [main] WARN com.agilityhub.core.clubs.messaging.application.engine.TemplateRenderer -- Notification template of N-18b has no value for decision
12:27:30.538 [main] WARN com.agilityhub.core.clubs.messaging.application.engine.TemplateRenderer -- Notification template of N-18b has no value for decision
12:27:30.538 [main] WARN com.agilityhub.core.clubs.messaging.application.engine.TemplateRenderer -- Notification template of N-18b has no value for open_ended
12:27:30.538 [main] WARN com.agilityhub.core.clubs.messaging.application.engine.TemplateRenderer -- Notification template of N-18b has no value for cancelled_count
12:27:30.538 [main] WARN com.agilityhub.core.clubs.messaging.application.engine.TemplateRenderer -- Notification template of N-18b has no value for decision
12:27:30.538 [main] WARN com.agilityhub.core.clubs.messaging.application.engine.TemplateRenderer -- Notification template of N-18b has no value for decision
12:27:30.538 [main] WARN com.agilityhub.core.clubs.messaging.application.engine.TemplateRenderer -- Notification template of N-18b has no value for open_ended
12:27:30.538 [main] WARN com.agilityhub.core.clubs.messaging.application.engine.TemplateRenderer -- Notification template of N-18b has no value for cancelled_count
12:27:30.539 [main] WARN com.agilityhub.core.clubs.messaging.application.engine.TemplateRenderer -- Notification template of N-18b has no value for decision
12:27:30.539 [main] WARN com.agilityhub.core.clubs.messaging.application.engine.TemplateRenderer -- Notification template of N-18b has no value for decision
12:27:30.539 [main] WARN com.agilityhub.core.clubs.messaging.application.engine.TemplateRenderer -- Notification template of N-18b has no value for open_ended
12:27:30.539 [main] WARN com.agilityhub.core.clubs.messaging.application.engine.TemplateRenderer -- Notification template of N-18b has no value for cancelled_count
12:27:30.539 [main] WARN com.agilityhub.core.clubs.messaging.application.engine.TemplateRenderer -- Notification template of N-18b has no value for decision
12:27:30.539 [main] WARN com.agilityhub.core.clubs.messaging.application.engine.TemplateRenderer -- Notification template of N-18b has no value for decision
12:27:30.539 [main] WARN com.agilityhub.core.clubs.messaging.application.engine.TemplateRenderer -- Notification template of N-18b has no value for open_ended
12:27:30.539 [main] WARN com.agilityhub.core.clubs.messaging.application.engine.TemplateRenderer -- Notification template of N-18b has no value for cancelled_count
12:27:30.540 [main] WARN com.agilityhub.core.clubs.messaging.application.engine.TemplateRenderer -- Notification template of N-18b has no value for decision
12:27:30.540 [main] WARN com.agilityhub.core.clubs.messaging.application.engine.TemplateRenderer -- Notification template of N-18b has no value for decision
12:27:30.540 [main] WARN com.agilityhub.core.clubs.messaging.application.engine.TemplateRenderer -- Notification template of N-18b has no value for open_ended
12:27:30.540 [main] WARN com.agilityhub.core.clubs.messaging.application.engine.TemplateRenderer -- Notification template of N-18b has no value for cancelled_count
12:27:30.540 [main] WARN com.agilityhub.core.clubs.messaging.application.engine.TemplateRenderer -- Notification template of N-18b has no value for decision
12:27:30.540 [main] WARN com.agilityhub.core.clubs.messaging.application.engine.TemplateRenderer -- Notification template of N-18b has no value for decision
12:27:30.540 [main] WARN com.agilityhub.core.clubs.messaging.application.engine.TemplateRenderer -- Notification template of N-18b has no value for open_ended
12:27:30.540 [main] WARN com.agilityhub.core.clubs.messaging.application.engine.TemplateRenderer -- Notification template of N-18b has no value for cancelled_count
12:27:30.541 [main] WARN com.agilityhub.core.clubs.messaging.application.engine.TemplateRenderer -- Notification template of N-18b has no value for decision
12:27:30.541 [main] WARN com.agilityhub.core.clubs.messaging.application.engine.TemplateRenderer -- Notification template of N-18b has no value for decision
12:27:30.541 [main] WARN com.agilityhub.core.clubs.messaging.application.engine.TemplateRenderer -- Notification template of N-18b has no value for open_ended
12:27:30.541 [main] WARN com.agilityhub.core.clubs.messaging.application.engine.TemplateRenderer -- Notification template of N-18b has no value for cancelled_count
12:27:30.541 [main] WARN com.agilityhub.core.clubs.messaging.application.engine.TemplateRenderer -- Notification template of N-18b has no value for decision
12:27:30.541 [main] WARN com.agilityhub.core.clubs.messaging.application.engine.TemplateRenderer -- Notification template of N-18b has no value for decision
12:27:30.541 [main] WARN com.agilityhub.core.clubs.messaging.application.engine.TemplateRenderer -- Notification template of N-18b has no value for open_ended
12:27:30.541 [main] WARN com.agilityhub.core.clubs.messaging.application.engine.TemplateRenderer -- Notification template of N-18b has no value for cancelled_count
12:27:30.541 [main] WARN com.agilityhub.core.clubs.messaging.application.engine.TemplateRenderer -- Notification template of N-18b has no value for decision
12:27:30.541 [main] WARN com.agilityhub.core.clubs.messaging.application.engine.TemplateRenderer -- Notification template of N-18b has no value for decision
12:27:30.541 [main] WARN com.agilityhub.core.clubs.messaging.application.engine.TemplateRenderer -- Notification template of N-18b has no value for open_ended
12:27:30.541 [main] WARN com.agilityhub.core.clubs.messaging.application.engine.TemplateRenderer -- Notification template of N-18b has no value for cancelled_count
12:27:30.541 [main] WARN com.agilityhub.core.clubs.messaging.application.engine.TemplateRenderer -- Notification template of N-18b has no value for decision
12:27:30.542 [main] WARN com.agilityhub.core.clubs.messaging.application.engine.TemplateRenderer -- Notification template of N-18b has no value for decision
12:27:30.542 [main] WARN com.agilityhub.core.clubs.messaging.application.engine.TemplateRenderer -- Notification template of N-18b has no value for open_ended
12:27:30.542 [main] WARN com.agilityhub.core.clubs.messaging.application.engine.TemplateRenderer -- Notification template of N-18b has no value for cancelled_count
12:27:30.542 [main] WARN com.agilityhub.core.clubs.messaging.application.engine.TemplateRenderer -- Notification template of N-18b has no value for decision
12:27:30.542 [main] WARN com.agilityhub.core.clubs.messaging.application.engine.TemplateRenderer -- Notification template of N-18b has no value for decision
12:27:30.542 [main] WARN com.agilityhub.core.clubs.messaging.application.engine.TemplateRenderer -- Notification template of N-18b has no value for open_ended
12:27:30.542 [main] WARN com.agilityhub.core.clubs.messaging.application.engine.TemplateRenderer -- Notification template of N-18b has no value for cancelled_count
12:27:30.543 [main] WARN com.agilityhub.core.clubs.messaging.application.engine.TemplateRenderer -- Notification template of N-18b has no value for decision
12:27:30.543 [main] WARN com.agilityhub.core.clubs.messaging.application.engine.TemplateRenderer -- Notification template of N-18b has no value for decision
12:27:30.543 [main] WARN com.agilityhub.core.clubs.messaging.application.engine.TemplateRenderer -- Notification template of N-18b has no value for open_ended
12:27:30.543 [main] WARN com.agilityhub.core.clubs.messaging.application.engine.TemplateRenderer -- Notification template of N-18b has no value for cancelled_count
12:27:30.543 [main] WARN com.agilityhub.core.clubs.messaging.application.engine.TemplateRenderer -- Notification template of N-18b has no value for decision
12:27:30.543 [main] WARN com.agilityhub.core.clubs.messaging.application.engine.TemplateRenderer -- Notification template of N-18b has no value for decision
12:27:30.543 [main] WARN com.agilityhub.core.clubs.messaging.application.engine.TemplateRenderer -- Notification template of N-18b has no value for open_ended
12:27:30.543 [main] WARN com.agilityhub.core.clubs.messaging.application.engine.TemplateRenderer -- Notification template of N-18b has no value for cancelled_count
12:27:30.543 [main] WARN com.agilityhub.core.clubs.messaging.application.engine.TemplateRenderer -- Notification template of N-18b has no value for decision
12:27:30.543 [main] WARN com.agilityhub.core.clubs.messaging.application.engine.TemplateRenderer -- Notification template of N-18b has no value for decision
12:27:30.543 [main] WARN com.agilityhub.core.clubs.messaging.application.engine.TemplateRenderer -- Notification template of N-18b has no value for open_ended
12:27:30.543 [main] WARN com.agilityhub.core.clubs.messaging.application.engine.TemplateRenderer -- Notification template of N-18b has no value for cancelled_count
12:27:30.544 [main] WARN com.agilityhub.core.clubs.messaging.application.engine.TemplateRenderer -- Notification template of N-18b has no value for decision
12:27:30.544 [main] WARN com.agilityhub.core.clubs.messaging.application.engine.TemplateRenderer -- Notification template of N-18b has no value for decision
12:27:30.544 [main] WARN com.agilityhub.core.clubs.messaging.application.engine.TemplateRenderer -- Notification template of N-18b has no value for open_ended
12:27:30.544 [main] WARN com.agilityhub.core.clubs.messaging.application.engine.TemplateRenderer -- Notification template of N-18b has no value for cancelled_count
12:27:30.544 [main] WARN com.agilityhub.core.clubs.messaging.application.engine.TemplateRenderer -- Notification template of N-18b has no value for decision
12:27:30.544 [main] WARN com.agilityhub.core.clubs.messaging.application.engine.TemplateRenderer -- Notification template of N-18b has no value for decision
12:27:30.544 [main] WARN com.agilityhub.core.clubs.messaging.application.engine.TemplateRenderer -- Notification template of N-18b has no value for open_ended
12:27:30.544 [main] WARN com.agilityhub.core.clubs.messaging.application.engine.TemplateRenderer -- Notification template of N-18b has no value for cancelled_count
12:27:30.545 [main] WARN com.agilityhub.core.clubs.messaging.application.engine.TemplateRenderer -- Notification template of N-18b has no value for decision
12:27:30.545 [main] WARN com.agilityhub.core.clubs.messaging.application.engine.TemplateRenderer -- Notification template of N-18b has no value for decision
12:27:30.545 [main] WARN com.agilityhub.core.clubs.messaging.application.engine.TemplateRenderer -- Notification template of N-18b has no value for open_ended
12:27:30.545 [main] WARN com.agilityhub.core.clubs.messaging.application.engine.TemplateRenderer -- Notification template of N-18b has no value for cancelled_count
12:27:30.545 [main] WARN com.agilityhub.core.clubs.messaging.application.engine.TemplateRenderer -- Notification template of N-18b has no value for decision
12:27:30.545 [main] WARN com.agilityhub.core.clubs.messaging.application.engine.TemplateRenderer -- Notification template of N-18b has no value for decision
12:27:30.545 [main] WARN com.agilityhub.core.clubs.messaging.application.engine.TemplateRenderer -- Notification template of N-18b has no value for open_ended
12:27:30.545 [main] WARN com.agilityhub.core.clubs.messaging.application.engine.TemplateRenderer -- Notification template of N-18b has no value for cancelled_count
12:27:30.546 [main] WARN com.agilityhub.core.clubs.messaging.application.engine.TemplateRenderer -- Notification template of N-18b has no value for decision
12:27:30.546 [main] WARN com.agilityhub.core.clubs.messaging.application.engine.TemplateRenderer -- Notification template of N-18b has no value for decision
12:27:30.546 [main] WARN com.agilityhub.core.clubs.messaging.application.engine.TemplateRenderer -- Notification template of N-18b has no value for open_ended
12:27:30.546 [main] WARN com.agilityhub.core.clubs.messaging.application.engine.TemplateRenderer -- Notification template of N-18b has no value for cancelled_count
12:27:30.546 [main] WARN com.agilityhub.core.clubs.messaging.application.engine.TemplateRenderer -- Notification template of N-18b has no value for decision
12:27:30.546 [main] WARN com.agilityhub.core.clubs.messaging.application.engine.TemplateRenderer -- Notification template of N-18b has no value for decision
12:27:30.546 [main] WARN com.agilityhub.core.clubs.messaging.application.engine.TemplateRenderer -- Notification template of N-18b has no value for open_ended
12:27:30.546 [main] WARN com.agilityhub.core.clubs.messaging.application.engine.TemplateRenderer -- Notification template of N-18b has no value for cancelled_count
12:27:30.546 [main] WARN com.agilityhub.core.clubs.messaging.application.engine.TemplateRenderer -- Notification template of N-18b has no value for decision
12:27:30.546 [main] WARN com.agilityhub.core.clubs.messaging.application.engine.TemplateRenderer -- Notification template of N-18b has no value for decision
12:27:30.546 [main] WARN com.agilityhub.core.clubs.messaging.application.engine.TemplateRenderer -- Notification template of N-18b has no value for open_ended
12:27:30.546 [main] WARN com.agilityhub.core.clubs.messaging.application.engine.TemplateRenderer -- Notification template of N-18b has no value for cancelled_count
12:27:30.547 [main] WARN com.agilityhub.core.clubs.messaging.application.engine.TemplateRenderer -- Notification template of N-18b has no value for decision
12:27:30.547 [main] WARN com.agilityhub.core.clubs.messaging.application.engine.TemplateRenderer -- Notification template of N-18b has no value for decision
12:27:30.547 [main] WARN com.agilityhub.core.clubs.messaging.application.engine.TemplateRenderer -- Notification template of N-18b has no value for open_ended
12:27:30.547 [main] WARN com.agilityhub.core.clubs.messaging.application.engine.TemplateRenderer -- Notification template of N-18b has no value for cancelled_count
12:27:30.547 [main] WARN com.agilityhub.core.clubs.messaging.application.engine.TemplateRenderer -- Notification template of N-18b has no value for decision
12:27:30.547 [main] WARN com.agilityhub.core.clubs.messaging.application.engine.TemplateRenderer -- Notification template of N-18b has no value for decision
12:27:30.547 [main] WARN com.agilityhub.core.clubs.messaging.application.engine.TemplateRenderer -- Notification template of N-18b has no value for open_ended
12:27:30.547 [main] WARN com.agilityhub.core.clubs.messaging.application.engine.TemplateRenderer -- Notification template of N-18b has no value for cancelled_count
12:27:30.548 [main] WARN com.agilityhub.core.clubs.messaging.application.engine.TemplateRenderer -- Notification template of N-18b has no value for decision
12:27:30.548 [main] WARN com.agilityhub.core.clubs.messaging.application.engine.TemplateRenderer -- Notification template of N-18b has no value for decision
12:27:30.548 [main] WARN com.agilityhub.core.clubs.messaging.application.engine.TemplateRenderer -- Notification template of N-18b has no value for open_ended
12:27:30.548 [main] WARN com.agilityhub.core.clubs.messaging.application.engine.TemplateRenderer -- Notification template of N-18b has no value for cancelled_count
12:27:30.548 [main] WARN com.agilityhub.core.clubs.messaging.application.engine.TemplateRenderer -- Notification template of N-18b has no value for decision
12:27:30.548 [main] WARN com.agilityhub.core.clubs.messaging.application.engine.TemplateRenderer -- Notification template of N-18b has no value for decision
12:27:30.548 [main] WARN com.agilityhub.core.clubs.messaging.application.engine.TemplateRenderer -- Notification template of N-18b has no value for open_ended
12:27:30.548 [main] WARN com.agilityhub.core.clubs.messaging.application.engine.TemplateRenderer -- Notification template of N-18b has no value for cancelled_count
12:27:30.548 [main] WARN com.agilityhub.core.clubs.messaging.application.engine.TemplateRenderer -- Notification template of N-18b has no value for decision
12:27:30.548 [main] WARN com.agilityhub.core.clubs.messaging.application.engine.TemplateRenderer -- Notification template of N-18b has no value for decision
12:27:30.548 [main] WARN com.agilityhub.core.clubs.messaging.application.engine.TemplateRenderer -- Notification template of N-18b has no value for open_ended
12:27:30.548 [main] WARN com.agilityhub.core.clubs.messaging.application.engine.TemplateRenderer -- Notification template of N-18b has no value for cancelled_count
12:27:30.582 [main] WARN com.agilityhub.core.clubs.messaging.application.engine.TemplateRenderer -- Notification template of N-21 has no value for dog_name
12:27:30.582 [main] WARN com.agilityhub.core.clubs.messaging.application.engine.TemplateRenderer -- Notification template of N-21 has no value for member_name
12:27:30.582 [main] WARN com.agilityhub.core.clubs.messaging.application.engine.TemplateRenderer -- Notification template of N-21 has no value for gender
12:27:30.582 [main] WARN com.agilityhub.core.clubs.messaging.application.engine.TemplateRenderer -- Notification template of N-21 has no value for task_excerpt
12:27:30.582 [main] WARN com.agilityhub.core.clubs.messaging.application.engine.TemplateRenderer -- Notification template of N-21 has no value for dog_name
12:27:30.582 [main] WARN com.agilityhub.core.clubs.messaging.application.engine.TemplateRenderer -- Notification template of N-21 has no value for member_name
12:27:30.582 [main] WARN com.agilityhub.core.clubs.messaging.application.engine.TemplateRenderer -- Notification template of N-21 has no value for gender
12:27:30.582 [main] WARN com.agilityhub.core.clubs.messaging.application.engine.TemplateRenderer -- Notification template of N-21 has no value for task_excerpt
12:27:30.582 [main] WARN com.agilityhub.core.clubs.messaging.application.engine.TemplateRenderer -- Notification template of N-21 has no value for dog_name
12:27:30.582 [main] WARN com.agilityhub.core.clubs.messaging.application.engine.TemplateRenderer -- Notification template of N-21 has no value for member_name
12:27:30.582 [main] WARN com.agilityhub.core.clubs.messaging.application.engine.TemplateRenderer -- Notification template of N-21 has no value for gender
12:27:30.582 [main] WARN com.agilityhub.core.clubs.messaging.application.engine.TemplateRenderer -- Notification template of N-21 has no value for task_excerpt
12:27:30.583 [main] WARN com.agilityhub.core.clubs.messaging.application.engine.TemplateRenderer -- Notification template of N-21 has no value for dog_name
12:27:30.583 [main] WARN com.agilityhub.core.clubs.messaging.application.engine.TemplateRenderer -- Notification template of N-21 has no value for member_name
12:27:30.583 [main] WARN com.agilityhub.core.clubs.messaging.application.engine.TemplateRenderer -- Notification template of N-21 has no value for gender
12:27:30.583 [main] WARN com.agilityhub.core.clubs.messaging.application.engine.TemplateRenderer -- Notification template of N-21 has no value for task_excerpt
12:27:30.584 [main] WARN com.agilityhub.core.clubs.messaging.application.engine.TemplateRenderer -- Notification template of N-21 has no value for dog_name
12:27:30.584 [main] WARN com.agilityhub.core.clubs.messaging.application.engine.TemplateRenderer -- Notification template of N-21 has no value for member_name
12:27:30.584 [main] WARN com.agilityhub.core.clubs.messaging.application.engine.TemplateRenderer -- Notification template of N-21 has no value for gender
12:27:30.584 [main] WARN com.agilityhub.core.clubs.messaging.application.engine.TemplateRenderer -- Notification template of N-21 has no value for task_excerpt
12:27:30.584 [main] WARN com.agilityhub.core.clubs.messaging.application.engine.TemplateRenderer -- Notification template of N-21 has no value for dog_name
12:27:30.584 [main] WARN com.agilityhub.core.clubs.messaging.application.engine.TemplateRenderer -- Notification template of N-21 has no value for member_name
12:27:30.584 [main] WARN com.agilityhub.core.clubs.messaging.application.engine.TemplateRenderer -- Notification template of N-21 has no value for gender
12:27:30.584 [main] WARN com.agilityhub.core.clubs.messaging.application.engine.TemplateRenderer -- Notification template of N-21 has no value for task_excerpt
12:27:30.584 [main] WARN com.agilityhub.core.clubs.messaging.application.engine.TemplateRenderer -- Notification template of N-21 has no value for dog_name
12:27:30.584 [main] WARN com.agilityhub.core.clubs.messaging.application.engine.TemplateRenderer -- Notification template of N-21 has no value for member_name
12:27:30.584 [main] WARN com.agilityhub.core.clubs.messaging.application.engine.TemplateRenderer -- Notification template of N-21 has no value for gender
12:27:30.584 [main] WARN com.agilityhub.core.clubs.messaging.application.engine.TemplateRenderer -- Notification template of N-21 has no value for task_excerpt
12:27:30.584 [main] WARN com.agilityhub.core.clubs.messaging.application.engine.TemplateRenderer -- Notification template of N-21 has no value for dog_name
12:27:30.584 [main] WARN com.agilityhub.core.clubs.messaging.application.engine.TemplateRenderer -- Notification template of N-21 has no value for member_name
12:27:30.584 [main] WARN com.agilityhub.core.clubs.messaging.application.engine.TemplateRenderer -- Notification template of N-21 has no value for gender
12:27:30.584 [main] WARN com.agilityhub.core.clubs.messaging.application.engine.TemplateRenderer -- Notification template of N-21 has no value for task_excerpt
12:27:30.585 [main] WARN com.agilityhub.core.clubs.messaging.application.engine.TemplateRenderer -- Notification template of N-21 has no value for dog_name
12:27:30.585 [main] WARN com.agilityhub.core.clubs.messaging.application.engine.TemplateRenderer -- Notification template of N-21 has no value for member_name
12:27:30.585 [main] WARN com.agilityhub.core.clubs.messaging.application.engine.TemplateRenderer -- Notification template of N-21 has no value for gender
12:27:30.585 [main] WARN com.agilityhub.core.clubs.messaging.application.engine.TemplateRenderer -- Notification template of N-21 has no value for task_excerpt
12:27:30.586 [main] WARN com.agilityhub.core.clubs.messaging.application.engine.TemplateRenderer -- Notification template of N-21 has no value for dog_name
12:27:30.586 [main] WARN com.agilityhub.core.clubs.messaging.application.engine.TemplateRenderer -- Notification template of N-21 has no value for member_name
12:27:30.586 [main] WARN com.agilityhub.core.clubs.messaging.application.engine.TemplateRenderer -- Notification template of N-21 has no value for gender
12:27:30.586 [main] WARN com.agilityhub.core.clubs.messaging.application.engine.TemplateRenderer -- Notification template of N-21 has no value for task_excerpt
12:27:30.586 [main] WARN com.agilityhub.core.clubs.messaging.application.engine.TemplateRenderer -- Notification template of N-21 has no value for dog_name
12:27:30.586 [main] WARN com.agilityhub.core.clubs.messaging.application.engine.TemplateRenderer -- Notification template of N-21 has no value for member_name
12:27:30.586 [main] WARN com.agilityhub.core.clubs.messaging.application.engine.TemplateRenderer -- Notification template of N-21 has no value for gender
12:27:30.586 [main] WARN com.agilityhub.core.clubs.messaging.application.engine.TemplateRenderer -- Notification template of N-21 has no value for task_excerpt
12:27:30.587 [main] WARN com.agilityhub.core.clubs.messaging.application.engine.TemplateRenderer -- Notification template of N-21 has no value for dog_name
12:27:30.587 [main] WARN com.agilityhub.core.clubs.messaging.application.engine.TemplateRenderer -- Notification template of N-21 has no value for member_name
12:27:30.587 [main] WARN com.agilityhub.core.clubs.messaging.application.engine.TemplateRenderer -- Notification template of N-21 has no value for gender
12:27:30.587 [main] WARN com.agilityhub.core.clubs.messaging.application.engine.TemplateRenderer -- Notification template of N-21 has no value for task_excerpt
12:27:30.588 [main] WARN com.agilityhub.core.clubs.messaging.application.engine.TemplateRenderer -- Notification template of N-21 has no value for dog_name
12:27:30.588 [main] WARN com.agilityhub.core.clubs.messaging.application.engine.TemplateRenderer -- Notification template of N-21 has no value for member_name
12:27:30.588 [main] WARN com.agilityhub.core.clubs.messaging.application.engine.TemplateRenderer -- Notification template of N-21 has no value for gender
12:27:30.588 [main] WARN com.agilityhub.core.clubs.messaging.application.engine.TemplateRenderer -- Notification template of N-21 has no value for task_excerpt
12:27:30.589 [main] WARN com.agilityhub.core.clubs.messaging.application.engine.TemplateRenderer -- Notification template of N-21 has no value for dog_name
12:27:30.589 [main] WARN com.agilityhub.core.clubs.messaging.application.engine.TemplateRenderer -- Notification template of N-21 has no value for member_name
12:27:30.589 [main] WARN com.agilityhub.core.clubs.messaging.application.engine.TemplateRenderer -- Notification template of N-21 has no value for gender
12:27:30.589 [main] WARN com.agilityhub.core.clubs.messaging.application.engine.TemplateRenderer -- Notification template of N-21 has no value for task_excerpt
12:27:30.589 [main] WARN com.agilityhub.core.clubs.messaging.application.engine.TemplateRenderer -- Notification template of N-21 has no value for dog_name
12:27:30.589 [main] WARN com.agilityhub.core.clubs.messaging.application.engine.TemplateRenderer -- Notification template of N-21 has no value for member_name
12:27:30.589 [main] WARN com.agilityhub.core.clubs.messaging.application.engine.TemplateRenderer -- Notification template of N-21 has no value for gender
12:27:30.589 [main] WARN com.agilityhub.core.clubs.messaging.application.engine.TemplateRenderer -- Notification template of N-21 has no value for task_excerpt
12:27:30.589 [main] WARN com.agilityhub.core.clubs.messaging.application.engine.TemplateRenderer -- Notification template of N-21 has no value for dog_name
12:27:30.589 [main] WARN com.agilityhub.core.clubs.messaging.application.engine.TemplateRenderer -- Notification template of N-21 has no value for member_name
12:27:30.589 [main] WARN com.agilityhub.core.clubs.messaging.application.engine.TemplateRenderer -- Notification template of N-21 has no value for gender
12:27:30.589 [main] WARN com.agilityhub.core.clubs.messaging.application.engine.TemplateRenderer -- Notification template of N-21 has no value for task_excerpt
12:27:30.590 [main] WARN com.agilityhub.core.clubs.messaging.application.engine.TemplateRenderer -- Notification template of N-21 has no value for dog_name
12:27:30.590 [main] WARN com.agilityhub.core.clubs.messaging.application.engine.TemplateRenderer -- Notification template of N-21 has no value for member_name
12:27:30.590 [main] WARN com.agilityhub.core.clubs.messaging.application.engine.TemplateRenderer -- Notification template of N-21 has no value for gender
12:27:30.590 [main] WARN com.agilityhub.core.clubs.messaging.application.engine.TemplateRenderer -- Notification template of N-21 has no value for task_excerpt
12:27:30.591 [main] WARN com.agilityhub.core.clubs.messaging.application.engine.TemplateRenderer -- Notification template of N-21 has no value for dog_name
12:27:30.591 [main] WARN com.agilityhub.core.clubs.messaging.application.engine.TemplateRenderer -- Notification template of N-21 has no value for member_name
12:27:30.591 [main] WARN com.agilityhub.core.clubs.messaging.application.engine.TemplateRenderer -- Notification template of N-21 has no value for gender
12:27:30.591 [main] WARN com.agilityhub.core.clubs.messaging.application.engine.TemplateRenderer -- Notification template of N-21 has no value for task_excerpt
12:27:30.591 [main] WARN com.agilityhub.core.clubs.messaging.application.engine.TemplateRenderer -- Notification template of N-21 has no value for dog_name
12:27:30.591 [main] WARN com.agilityhub.core.clubs.messaging.application.engine.TemplateRenderer -- Notification template of N-21 has no value for member_name
12:27:30.591 [main] WARN com.agilityhub.core.clubs.messaging.application.engine.TemplateRenderer -- Notification template of N-21 has no value for gender
12:27:30.591 [main] WARN com.agilityhub.core.clubs.messaging.application.engine.TemplateRenderer -- Notification template of N-21 has no value for task_excerpt
12:27:30.591 [main] WARN com.agilityhub.core.clubs.messaging.application.engine.TemplateRenderer -- Notification template of N-21 has no value for dog_name
12:27:30.591 [main] WARN com.agilityhub.core.clubs.messaging.application.engine.TemplateRenderer -- Notification template of N-21 has no value for member_name
12:27:30.591 [main] WARN com.agilityhub.core.clubs.messaging.application.engine.TemplateRenderer -- Notification template of N-21 has no value for gender
12:27:30.591 [main] WARN com.agilityhub.core.clubs.messaging.application.engine.TemplateRenderer -- Notification template of N-21 has no value for task_excerpt
12:27:30.592 [main] WARN com.agilityhub.core.clubs.messaging.application.engine.TemplateRenderer -- Notification template of N-21 has no value for dog_name
12:27:30.592 [main] WARN com.agilityhub.core.clubs.messaging.application.engine.TemplateRenderer -- Notification template of N-21 has no value for member_name
12:27:30.592 [main] WARN com.agilityhub.core.clubs.messaging.application.engine.TemplateRenderer -- Notification template of N-21 has no value for gender
12:27:30.592 [main] WARN com.agilityhub.core.clubs.messaging.application.engine.TemplateRenderer -- Notification template of N-21 has no value for task_excerpt
12:27:30.592 [main] WARN com.agilityhub.core.clubs.messaging.application.engine.TemplateRenderer -- Notification template of N-21 has no value for dog_name
12:27:30.592 [main] WARN com.agilityhub.core.clubs.messaging.application.engine.TemplateRenderer -- Notification template of N-21 has no value for member_name
12:27:30.592 [main] WARN com.agilityhub.core.clubs.messaging.application.engine.TemplateRenderer -- Notification template of N-21 has no value for gender
12:27:30.592 [main] WARN com.agilityhub.core.clubs.messaging.application.engine.TemplateRenderer -- Notification template of N-21 has no value for task_excerpt
12:27:30.593 [main] WARN com.agilityhub.core.clubs.messaging.application.engine.TemplateRenderer -- Notification template of N-21 has no value for dog_name
12:27:30.593 [main] WARN com.agilityhub.core.clubs.messaging.application.engine.TemplateRenderer -- Notification template of N-21 has no value for member_name
12:27:30.593 [main] WARN com.agilityhub.core.clubs.messaging.application.engine.TemplateRenderer -- Notification template of N-21 has no value for gender
12:27:30.593 [main] WARN com.agilityhub.core.clubs.messaging.application.engine.TemplateRenderer -- Notification template of N-21 has no value for task_excerpt
12:27:30.594 [main] WARN com.agilityhub.core.clubs.messaging.application.engine.TemplateRenderer -- Notification template of N-21 has no value for dog_name
12:27:30.594 [main] WARN com.agilityhub.core.clubs.messaging.application.engine.TemplateRenderer -- Notification template of N-21 has no value for member_name
12:27:30.594 [main] WARN com.agilityhub.core.clubs.messaging.application.engine.TemplateRenderer -- Notification template of N-21 has no value for gender
12:27:30.594 [main] WARN com.agilityhub.core.clubs.messaging.application.engine.TemplateRenderer -- Notification template of N-21 has no value for task_excerpt
12:27:30.596 [main] WARN com.agilityhub.core.clubs.messaging.application.engine.TemplateRenderer -- Notification template of N-21 has no value for dog_name
12:27:30.596 [main] WARN com.agilityhub.core.clubs.messaging.application.engine.TemplateRenderer -- Notification template of N-21 has no value for member_name
12:27:30.596 [main] WARN com.agilityhub.core.clubs.messaging.application.engine.TemplateRenderer -- Notification template of N-21 has no value for gender
12:27:30.596 [main] WARN com.agilityhub.core.clubs.messaging.application.engine.TemplateRenderer -- Notification template of N-21 has no value for task_excerpt
12:27:30.596 [main] WARN com.agilityhub.core.clubs.messaging.application.engine.TemplateRenderer -- Notification template of N-21 has no value for dog_name
12:27:30.596 [main] WARN com.agilityhub.core.clubs.messaging.application.engine.TemplateRenderer -- Notification template of N-21 has no value for member_name
12:27:30.596 [main] WARN com.agilityhub.core.clubs.messaging.application.engine.TemplateRenderer -- Notification template of N-21 has no value for gender
12:27:30.596 [main] WARN com.agilityhub.core.clubs.messaging.application.engine.TemplateRenderer -- Notification template of N-21 has no value for task_excerpt
12:27:30.597 [main] WARN com.agilityhub.core.clubs.messaging.application.engine.TemplateRenderer -- Notification template of N-21 has no value for dog_name
12:27:30.597 [main] WARN com.agilityhub.core.clubs.messaging.application.engine.TemplateRenderer -- Notification template of N-21 has no value for member_name
12:27:30.597 [main] WARN com.agilityhub.core.clubs.messaging.application.engine.TemplateRenderer -- Notification template of N-21 has no value for gender
12:27:30.597 [main] WARN com.agilityhub.core.clubs.messaging.application.engine.TemplateRenderer -- Notification template of N-21 has no value for task_excerpt
12:27:30.597 [main] WARN com.agilityhub.core.clubs.messaging.application.engine.TemplateRenderer -- Notification template of N-21 has no value for dog_name
12:27:30.597 [main] WARN com.agilityhub.core.clubs.messaging.application.engine.TemplateRenderer -- Notification template of N-21 has no value for member_name
12:27:30.597 [main] WARN com.agilityhub.core.clubs.messaging.application.engine.TemplateRenderer -- Notification template of N-21 has no value for gender
12:27:30.597 [main] WARN com.agilityhub.core.clubs.messaging.application.engine.TemplateRenderer -- Notification template of N-21 has no value for task_excerpt
12:27:30.598 [main] WARN com.agilityhub.core.clubs.messaging.application.engine.TemplateRenderer -- Notification template of N-21 has no value for dog_name
12:27:30.598 [main] WARN com.agilityhub.core.clubs.messaging.application.engine.TemplateRenderer -- Notification template of N-21 has no value for member_name
12:27:30.598 [main] WARN com.agilityhub.core.clubs.messaging.application.engine.TemplateRenderer -- Notification template of N-21 has no value for gender
12:27:30.598 [main] WARN com.agilityhub.core.clubs.messaging.application.engine.TemplateRenderer -- Notification template of N-21 has no value for task_excerpt
12:27:30.598 [main] WARN com.agilityhub.core.clubs.messaging.application.engine.TemplateRenderer -- Notification template of N-21 has no value for dog_name
12:27:30.598 [main] WARN com.agilityhub.core.clubs.messaging.application.engine.TemplateRenderer -- Notification template of N-21 has no value for member_name
12:27:30.598 [main] WARN com.agilityhub.core.clubs.messaging.application.engine.TemplateRenderer -- Notification template of N-21 has no value for gender
12:27:30.598 [main] WARN com.agilityhub.core.clubs.messaging.application.engine.TemplateRenderer -- Notification template of N-21 has no value for task_excerpt
12:27:30.599 [main] WARN com.agilityhub.core.clubs.messaging.application.engine.TemplateRenderer -- Notification template of N-21 has no value for dog_name
12:27:30.599 [main] WARN com.agilityhub.core.clubs.messaging.application.engine.TemplateRenderer -- Notification template of N-21 has no value for member_name
12:27:30.599 [main] WARN com.agilityhub.core.clubs.messaging.application.engine.TemplateRenderer -- Notification template of N-21 has no value for gender
12:27:30.599 [main] WARN com.agilityhub.core.clubs.messaging.application.engine.TemplateRenderer -- Notification template of N-21 has no value for task_excerpt
12:27:30.599 [main] WARN com.agilityhub.core.clubs.messaging.application.engine.TemplateRenderer -- Notification template of N-21 has no value for dog_name
12:27:30.599 [main] WARN com.agilityhub.core.clubs.messaging.application.engine.TemplateRenderer -- Notification template of N-21 has no value for member_name
12:27:30.599 [main] WARN com.agilityhub.core.clubs.messaging.application.engine.TemplateRenderer -- Notification template of N-21 has no value for gender
12:27:30.599 [main] WARN com.agilityhub.core.clubs.messaging.application.engine.TemplateRenderer -- Notification template of N-21 has no value for task_excerpt
12:27:30.600 [main] WARN com.agilityhub.core.clubs.messaging.application.engine.TemplateRenderer -- Notification template of N-22 has no value for gender
12:27:30.600 [main] WARN com.agilityhub.core.clubs.messaging.application.engine.TemplateRenderer -- Notification template of N-22 has no value for member_name
12:27:30.600 [main] WARN com.agilityhub.core.clubs.messaging.application.engine.TemplateRenderer -- Notification template of N-22 has no value for gender
12:27:30.600 [main] WARN com.agilityhub.core.clubs.messaging.application.engine.TemplateRenderer -- Notification template of N-22 has no value for dog_name
12:27:30.600 [main] WARN com.agilityhub.core.clubs.messaging.application.engine.TemplateRenderer -- Notification template of N-22 has no value for gender
12:27:30.600 [main] WARN com.agilityhub.core.clubs.messaging.application.engine.TemplateRenderer -- Notification template of N-22 has no value for member_name
12:27:30.600 [main] WARN com.agilityhub.core.clubs.messaging.application.engine.TemplateRenderer -- Notification template of N-22 has no value for gender
12:27:30.600 [main] WARN com.agilityhub.core.clubs.messaging.application.engine.TemplateRenderer -- Notification template of N-22 has no value for dog_name
12:27:30.600 [main] WARN com.agilityhub.core.clubs.messaging.application.engine.TemplateRenderer -- Notification template of N-22 has no value for gender
12:27:30.600 [main] WARN com.agilityhub.core.clubs.messaging.application.engine.TemplateRenderer -- Notification template of N-22 has no value for member_name
12:27:30.600 [main] WARN com.agilityhub.core.clubs.messaging.application.engine.TemplateRenderer -- Notification template of N-22 has no value for gender
12:27:30.600 [main] WARN com.agilityhub.core.clubs.messaging.application.engine.TemplateRenderer -- Notification template of N-22 has no value for dog_name
12:27:30.601 [main] WARN com.agilityhub.core.clubs.messaging.application.engine.TemplateRenderer -- Notification template of N-22 has no value for gender
12:27:30.601 [main] WARN com.agilityhub.core.clubs.messaging.application.engine.TemplateRenderer -- Notification template of N-22 has no value for member_name
12:27:30.601 [main] WARN com.agilityhub.core.clubs.messaging.application.engine.TemplateRenderer -- Notification template of N-22 has no value for gender
12:27:30.601 [main] WARN com.agilityhub.core.clubs.messaging.application.engine.TemplateRenderer -- Notification template of N-22 has no value for dog_name
12:27:30.602 [main] WARN com.agilityhub.core.clubs.messaging.application.engine.TemplateRenderer -- Notification template of N-22 has no value for gender
12:27:30.602 [main] WARN com.agilityhub.core.clubs.messaging.application.engine.TemplateRenderer -- Notification template of N-22 has no value for member_name
12:27:30.602 [main] WARN com.agilityhub.core.clubs.messaging.application.engine.TemplateRenderer -- Notification template of N-22 has no value for gender
12:27:30.602 [main] WARN com.agilityhub.core.clubs.messaging.application.engine.TemplateRenderer -- Notification template of N-22 has no value for dog_name
12:27:30.602 [main] WARN com.agilityhub.core.clubs.messaging.application.engine.TemplateRenderer -- Notification template of N-22 has no value for gender
12:27:30.602 [main] WARN com.agilityhub.core.clubs.messaging.application.engine.TemplateRenderer -- Notification template of N-22 has no value for member_name
12:27:30.602 [main] WARN com.agilityhub.core.clubs.messaging.application.engine.TemplateRenderer -- Notification template of N-22 has no value for gender
12:27:30.602 [main] WARN com.agilityhub.core.clubs.messaging.application.engine.TemplateRenderer -- Notification template of N-22 has no value for dog_name
12:27:30.602 [main] WARN com.agilityhub.core.clubs.messaging.application.engine.TemplateRenderer -- Notification template of N-22 has no value for gender
12:27:30.602 [main] WARN com.agilityhub.core.clubs.messaging.application.engine.TemplateRenderer -- Notification template of N-22 has no value for member_name
12:27:30.602 [main] WARN com.agilityhub.core.clubs.messaging.application.engine.TemplateRenderer -- Notification template of N-22 has no value for gender
12:27:30.602 [main] WARN com.agilityhub.core.clubs.messaging.application.engine.TemplateRenderer -- Notification template of N-22 has no value for dog_name
12:27:30.603 [main] WARN com.agilityhub.core.clubs.messaging.application.engine.TemplateRenderer -- Notification template of N-22 has no value for gender
12:27:30.603 [main] WARN com.agilityhub.core.clubs.messaging.application.engine.TemplateRenderer -- Notification template of N-22 has no value for member_name
12:27:30.603 [main] WARN com.agilityhub.core.clubs.messaging.application.engine.TemplateRenderer -- Notification template of N-22 has no value for gender
12:27:30.603 [main] WARN com.agilityhub.core.clubs.messaging.application.engine.TemplateRenderer -- Notification template of N-22 has no value for dog_name
12:27:30.603 [main] WARN com.agilityhub.core.clubs.messaging.application.engine.TemplateRenderer -- Notification template of N-22 has no value for gender
12:27:30.603 [main] WARN com.agilityhub.core.clubs.messaging.application.engine.TemplateRenderer -- Notification template of N-22 has no value for member_name
12:27:30.603 [main] WARN com.agilityhub.core.clubs.messaging.application.engine.TemplateRenderer -- Notification template of N-22 has no value for gender
12:27:30.603 [main] WARN com.agilityhub.core.clubs.messaging.application.engine.TemplateRenderer -- Notification template of N-22 has no value for dog_name
12:27:30.604 [main] WARN com.agilityhub.core.clubs.messaging.application.engine.TemplateRenderer -- Notification template of N-22 has no value for gender
12:27:30.604 [main] WARN com.agilityhub.core.clubs.messaging.application.engine.TemplateRenderer -- Notification template of N-22 has no value for member_name
12:27:30.604 [main] WARN com.agilityhub.core.clubs.messaging.application.engine.TemplateRenderer -- Notification template of N-22 has no value for gender
12:27:30.604 [main] WARN com.agilityhub.core.clubs.messaging.application.engine.TemplateRenderer -- Notification template of N-22 has no value for dog_name
12:27:30.605 [main] WARN com.agilityhub.core.clubs.messaging.application.engine.TemplateRenderer -- Notification template of N-22 has no value for gender
12:27:30.605 [main] WARN com.agilityhub.core.clubs.messaging.application.engine.TemplateRenderer -- Notification template of N-22 has no value for member_name
12:27:30.605 [main] WARN com.agilityhub.core.clubs.messaging.application.engine.TemplateRenderer -- Notification template of N-22 has no value for gender
12:27:30.605 [main] WARN com.agilityhub.core.clubs.messaging.application.engine.TemplateRenderer -- Notification template of N-22 has no value for dog_name
12:27:30.605 [main] WARN com.agilityhub.core.clubs.messaging.application.engine.TemplateRenderer -- Notification template of N-22 has no value for gender
12:27:30.605 [main] WARN com.agilityhub.core.clubs.messaging.application.engine.TemplateRenderer -- Notification template of N-22 has no value for member_name
12:27:30.605 [main] WARN com.agilityhub.core.clubs.messaging.application.engine.TemplateRenderer -- Notification template of N-22 has no value for gender
12:27:30.605 [main] WARN com.agilityhub.core.clubs.messaging.application.engine.TemplateRenderer -- Notification template of N-22 has no value for dog_name
12:27:30.606 [main] WARN com.agilityhub.core.clubs.messaging.application.engine.TemplateRenderer -- Notification template of N-22 has no value for gender
12:27:30.606 [main] WARN com.agilityhub.core.clubs.messaging.application.engine.TemplateRenderer -- Notification template of N-22 has no value for member_name
12:27:30.606 [main] WARN com.agilityhub.core.clubs.messaging.application.engine.TemplateRenderer -- Notification template of N-22 has no value for gender
12:27:30.606 [main] WARN com.agilityhub.core.clubs.messaging.application.engine.TemplateRenderer -- Notification template of N-22 has no value for dog_name
12:27:30.606 [main] WARN com.agilityhub.core.clubs.messaging.application.engine.TemplateRenderer -- Notification template of N-22 has no value for gender
12:27:30.606 [main] WARN com.agilityhub.core.clubs.messaging.application.engine.TemplateRenderer -- Notification template of N-22 has no value for member_name
12:27:30.606 [main] WARN com.agilityhub.core.clubs.messaging.application.engine.TemplateRenderer -- Notification template of N-22 has no value for gender
12:27:30.606 [main] WARN com.agilityhub.core.clubs.messaging.application.engine.TemplateRenderer -- Notification template of N-22 has no value for dog_name
12:27:30.607 [main] WARN com.agilityhub.core.clubs.messaging.application.engine.TemplateRenderer -- Notification template of N-22 has no value for gender
12:27:30.607 [main] WARN com.agilityhub.core.clubs.messaging.application.engine.TemplateRenderer -- Notification template of N-22 has no value for member_name
12:27:30.607 [main] WARN com.agilityhub.core.clubs.messaging.application.engine.TemplateRenderer -- Notification template of N-22 has no value for gender
12:27:30.607 [main] WARN com.agilityhub.core.clubs.messaging.application.engine.TemplateRenderer -- Notification template of N-22 has no value for dog_name
12:27:30.607 [main] WARN com.agilityhub.core.clubs.messaging.application.engine.TemplateRenderer -- Notification template of N-22 has no value for gender
12:27:30.607 [main] WARN com.agilityhub.core.clubs.messaging.application.engine.TemplateRenderer -- Notification template of N-22 has no value for member_name
12:27:30.607 [main] WARN com.agilityhub.core.clubs.messaging.application.engine.TemplateRenderer -- Notification template of N-22 has no value for gender
12:27:30.607 [main] WARN com.agilityhub.core.clubs.messaging.application.engine.TemplateRenderer -- Notification template of N-22 has no value for dog_name
12:27:30.608 [main] WARN com.agilityhub.core.clubs.messaging.application.engine.TemplateRenderer -- Notification template of N-22 has no value for gender
12:27:30.608 [main] WARN com.agilityhub.core.clubs.messaging.application.engine.TemplateRenderer -- Notification template of N-22 has no value for member_name
12:27:30.608 [main] WARN com.agilityhub.core.clubs.messaging.application.engine.TemplateRenderer -- Notification template of N-22 has no value for gender
12:27:30.608 [main] WARN com.agilityhub.core.clubs.messaging.application.engine.TemplateRenderer -- Notification template of N-22 has no value for dog_name
12:27:30.608 [main] WARN com.agilityhub.core.clubs.messaging.application.engine.TemplateRenderer -- Notification template of N-22 has no value for gender
12:27:30.608 [main] WARN com.agilityhub.core.clubs.messaging.application.engine.TemplateRenderer -- Notification template of N-22 has no value for member_name
12:27:30.608 [main] WARN com.agilityhub.core.clubs.messaging.application.engine.TemplateRenderer -- Notification template of N-22 has no value for gender
12:27:30.608 [main] WARN com.agilityhub.core.clubs.messaging.application.engine.TemplateRenderer -- Notification template of N-22 has no value for dog_name
12:27:30.608 [main] WARN com.agilityhub.core.clubs.messaging.application.engine.TemplateRenderer -- Notification template of N-22 has no value for gender
12:27:30.608 [main] WARN com.agilityhub.core.clubs.messaging.application.engine.TemplateRenderer -- Notification template of N-22 has no value for member_name
12:27:30.608 [main] WARN com.agilityhub.core.clubs.messaging.application.engine.TemplateRenderer -- Notification template of N-22 has no value for gender
12:27:30.608 [main] WARN com.agilityhub.core.clubs.messaging.application.engine.TemplateRenderer -- Notification template of N-22 has no value for dog_name
12:27:30.609 [main] WARN com.agilityhub.core.clubs.messaging.application.engine.TemplateRenderer -- Notification template of N-22 has no value for gender
12:27:30.609 [main] WARN com.agilityhub.core.clubs.messaging.application.engine.TemplateRenderer -- Notification template of N-22 has no value for member_name
12:27:30.609 [main] WARN com.agilityhub.core.clubs.messaging.application.engine.TemplateRenderer -- Notification template of N-22 has no value for gender
12:27:30.609 [main] WARN com.agilityhub.core.clubs.messaging.application.engine.TemplateRenderer -- Notification template of N-22 has no value for dog_name
12:27:30.609 [main] WARN com.agilityhub.core.clubs.messaging.application.engine.TemplateRenderer -- Notification template of N-22 has no value for gender
12:27:30.609 [main] WARN com.agilityhub.core.clubs.messaging.application.engine.TemplateRenderer -- Notification template of N-22 has no value for member_name
12:27:30.609 [main] WARN com.agilityhub.core.clubs.messaging.application.engine.TemplateRenderer -- Notification template of N-22 has no value for gender
12:27:30.609 [main] WARN com.agilityhub.core.clubs.messaging.application.engine.TemplateRenderer -- Notification template of N-22 has no value for dog_name
12:27:30.610 [main] WARN com.agilityhub.core.clubs.messaging.application.engine.TemplateRenderer -- Notification template of N-22 has no value for gender
12:27:30.610 [main] WARN com.agilityhub.core.clubs.messaging.application.engine.TemplateRenderer -- Notification template of N-22 has no value for member_name
12:27:30.610 [main] WARN com.agilityhub.core.clubs.messaging.application.engine.TemplateRenderer -- Notification template of N-22 has no value for gender
12:27:30.610 [main] WARN com.agilityhub.core.clubs.messaging.application.engine.TemplateRenderer -- Notification template of N-22 has no value for dog_name
12:27:30.610 [main] WARN com.agilityhub.core.clubs.messaging.application.engine.TemplateRenderer -- Notification template of N-22 has no value for gender
12:27:30.610 [main] WARN com.agilityhub.core.clubs.messaging.application.engine.TemplateRenderer -- Notification template of N-22 has no value for member_name
12:27:30.610 [main] WARN com.agilityhub.core.clubs.messaging.application.engine.TemplateRenderer -- Notification template of N-22 has no value for gender
12:27:30.610 [main] WARN com.agilityhub.core.clubs.messaging.application.engine.TemplateRenderer -- Notification template of N-22 has no value for dog_name
12:27:30.610 [main] WARN com.agilityhub.core.clubs.messaging.application.engine.TemplateRenderer -- Notification template of N-22 has no value for gender
12:27:30.610 [main] WARN com.agilityhub.core.clubs.messaging.application.engine.TemplateRenderer -- Notification template of N-22 has no value for member_name
12:27:30.610 [main] WARN com.agilityhub.core.clubs.messaging.application.engine.TemplateRenderer -- Notification template of N-22 has no value for gender
12:27:30.610 [main] WARN com.agilityhub.core.clubs.messaging.application.engine.TemplateRenderer -- Notification template of N-22 has no value for dog_name
12:27:30.611 [main] WARN com.agilityhub.core.clubs.messaging.application.engine.TemplateRenderer -- Notification template of N-22 has no value for gender
12:27:30.611 [main] WARN com.agilityhub.core.clubs.messaging.application.engine.TemplateRenderer -- Notification template of N-22 has no value for member_name
12:27:30.611 [main] WARN com.agilityhub.core.clubs.messaging.application.engine.TemplateRenderer -- Notification template of N-22 has no value for gender
12:27:30.611 [main] WARN com.agilityhub.core.clubs.messaging.application.engine.TemplateRenderer -- Notification template of N-22 has no value for dog_name
12:27:30.612 [main] WARN com.agilityhub.core.clubs.messaging.application.engine.TemplateRenderer -- Notification template of N-22 has no value for gender
12:27:30.612 [main] WARN com.agilityhub.core.clubs.messaging.application.engine.TemplateRenderer -- Notification template of N-22 has no value for member_name
12:27:30.612 [main] WARN com.agilityhub.core.clubs.messaging.application.engine.TemplateRenderer -- Notification template of N-22 has no value for gender
12:27:30.612 [main] WARN com.agilityhub.core.clubs.messaging.application.engine.TemplateRenderer -- Notification template of N-22 has no value for dog_name
12:27:30.612 [main] WARN com.agilityhub.core.clubs.messaging.application.engine.TemplateRenderer -- Notification template of N-22 has no value for gender
12:27:30.612 [main] WARN com.agilityhub.core.clubs.messaging.application.engine.TemplateRenderer -- Notification template of N-22 has no value for member_name
12:27:30.612 [main] WARN com.agilityhub.core.clubs.messaging.application.engine.TemplateRenderer -- Notification template of N-22 has no value for gender
12:27:30.612 [main] WARN com.agilityhub.core.clubs.messaging.application.engine.TemplateRenderer -- Notification template of N-22 has no value for dog_name
12:27:30.613 [main] WARN com.agilityhub.core.clubs.messaging.application.engine.TemplateRenderer -- Notification template of N-22 has no value for gender
12:27:30.613 [main] WARN com.agilityhub.core.clubs.messaging.application.engine.TemplateRenderer -- Notification template of N-22 has no value for member_name
12:27:30.613 [main] WARN com.agilityhub.core.clubs.messaging.application.engine.TemplateRenderer -- Notification template of N-22 has no value for gender
12:27:30.613 [main] WARN com.agilityhub.core.clubs.messaging.application.engine.TemplateRenderer -- Notification template of N-22 has no value for dog_name
12:27:30.614 [main] WARN com.agilityhub.core.clubs.messaging.application.engine.TemplateRenderer -- Notification template of N-22 has no value for gender
12:27:30.614 [main] WARN com.agilityhub.core.clubs.messaging.application.engine.TemplateRenderer -- Notification template of N-22 has no value for member_name
12:27:30.614 [main] WARN com.agilityhub.core.clubs.messaging.application.engine.TemplateRenderer -- Notification template of N-22 has no value for gender
12:27:30.614 [main] WARN com.agilityhub.core.clubs.messaging.application.engine.TemplateRenderer -- Notification template of N-22 has no value for dog_name
12:27:30.614 [main] WARN com.agilityhub.core.clubs.messaging.application.engine.TemplateRenderer -- Notification template of N-22 has no value for gender
12:27:30.614 [main] WARN com.agilityhub.core.clubs.messaging.application.engine.TemplateRenderer -- Notification template of N-22 has no value for member_name
12:27:30.614 [main] WARN com.agilityhub.core.clubs.messaging.application.engine.TemplateRenderer -- Notification template of N-22 has no value for gender
12:27:30.614 [main] WARN com.agilityhub.core.clubs.messaging.application.engine.TemplateRenderer -- Notification template of N-22 has no value for dog_name
12:27:30.615 [main] WARN com.agilityhub.core.clubs.messaging.application.engine.TemplateRenderer -- Notification template of N-22 has no value for gender
12:27:30.615 [main] WARN com.agilityhub.core.clubs.messaging.application.engine.TemplateRenderer -- Notification template of N-22 has no value for member_name
12:27:30.615 [main] WARN com.agilityhub.core.clubs.messaging.application.engine.TemplateRenderer -- Notification template of N-22 has no value for gender
12:27:30.615 [main] WARN com.agilityhub.core.clubs.messaging.application.engine.TemplateRenderer -- Notification template of N-22 has no value for dog_name
12:27:30.615 [main] WARN com.agilityhub.core.clubs.messaging.application.engine.TemplateRenderer -- Notification template of N-22 has no value for gender
12:27:30.615 [main] WARN com.agilityhub.core.clubs.messaging.application.engine.TemplateRenderer -- Notification template of N-22 has no value for member_name
12:27:30.615 [main] WARN com.agilityhub.core.clubs.messaging.application.engine.TemplateRenderer -- Notification template of N-22 has no value for gender
12:27:30.615 [main] WARN com.agilityhub.core.clubs.messaging.application.engine.TemplateRenderer -- Notification template of N-22 has no value for dog_name
12:27:30.653 [main] WARN com.agilityhub.core.clubs.messaging.application.engine.TemplateRenderer -- Notification template of N-28 has no value for decision
12:27:30.653 [main] WARN com.agilityhub.core.clubs.messaging.application.engine.TemplateRenderer -- Notification template of N-28 has no value for decision
12:27:30.654 [main] WARN com.agilityhub.core.clubs.messaging.application.engine.TemplateRenderer -- Notification template of N-28 has no value for decision
12:27:30.654 [main] WARN com.agilityhub.core.clubs.messaging.application.engine.TemplateRenderer -- Notification template of N-28 has no value for decision
12:27:30.655 [main] WARN com.agilityhub.core.clubs.messaging.application.engine.TemplateRenderer -- Notification template of N-28 has no value for decision
12:27:30.655 [main] WARN com.agilityhub.core.clubs.messaging.application.engine.TemplateRenderer -- Notification template of N-28 has no value for decision
12:27:30.655 [main] WARN com.agilityhub.core.clubs.messaging.application.engine.TemplateRenderer -- Notification template of N-28 has no value for decision
12:27:30.655 [main] WARN com.agilityhub.core.clubs.messaging.application.engine.TemplateRenderer -- Notification template of N-28 has no value for decision
12:27:30.656 [main] WARN com.agilityhub.core.clubs.messaging.application.engine.TemplateRenderer -- Notification template of N-28 has no value for decision
12:27:30.656 [main] WARN com.agilityhub.core.clubs.messaging.application.engine.TemplateRenderer -- Notification template of N-28 has no value for decision
12:27:30.656 [main] WARN com.agilityhub.core.clubs.messaging.application.engine.TemplateRenderer -- Notification template of N-28 has no value for decision
12:27:30.656 [main] WARN com.agilityhub.core.clubs.messaging.application.engine.TemplateRenderer -- Notification template of N-28 has no value for decision
12:27:30.657 [main] WARN com.agilityhub.core.clubs.messaging.application.engine.TemplateRenderer -- Notification template of N-28 has no value for decision
12:27:30.657 [main] WARN com.agilityhub.core.clubs.messaging.application.engine.TemplateRenderer -- Notification template of N-28 has no value for decision
12:27:30.657 [main] WARN com.agilityhub.core.clubs.messaging.application.engine.TemplateRenderer -- Notification template of N-28 has no value for decision
12:27:30.657 [main] WARN com.agilityhub.core.clubs.messaging.application.engine.TemplateRenderer -- Notification template of N-28 has no value for decision
12:27:30.658 [main] WARN com.agilityhub.core.clubs.messaging.application.engine.TemplateRenderer -- Notification template of N-28 has no value for decision
12:27:30.658 [main] WARN com.agilityhub.core.clubs.messaging.application.engine.TemplateRenderer -- Notification template of N-28 has no value for decision
12:27:30.658 [main] WARN com.agilityhub.core.clubs.messaging.application.engine.TemplateRenderer -- Notification template of N-28 has no value for decision
12:27:30.658 [main] WARN com.agilityhub.core.clubs.messaging.application.engine.TemplateRenderer -- Notification template of N-28 has no value for decision
12:27:30.658 [main] WARN com.agilityhub.core.clubs.messaging.application.engine.TemplateRenderer -- Notification template of N-28 has no value for decision
12:27:30.658 [main] WARN com.agilityhub.core.clubs.messaging.application.engine.TemplateRenderer -- Notification template of N-28 has no value for decision
12:27:30.659 [main] WARN com.agilityhub.core.clubs.messaging.application.engine.TemplateRenderer -- Notification template of N-28 has no value for decision
12:27:30.659 [main] WARN com.agilityhub.core.clubs.messaging.application.engine.TemplateRenderer -- Notification template of N-28 has no value for decision
12:27:30.659 [main] WARN com.agilityhub.core.clubs.messaging.application.engine.TemplateRenderer -- Notification template of N-28 has no value for decision
12:27:30.659 [main] WARN com.agilityhub.core.clubs.messaging.application.engine.TemplateRenderer -- Notification template of N-28 has no value for decision
12:27:30.659 [main] WARN com.agilityhub.core.clubs.messaging.application.engine.TemplateRenderer -- Notification template of N-28 has no value for decision
12:27:30.659 [main] WARN com.agilityhub.core.clubs.messaging.application.engine.TemplateRenderer -- Notification template of N-28 has no value for decision
12:27:30.660 [main] WARN com.agilityhub.core.clubs.messaging.application.engine.TemplateRenderer -- Notification template of N-28 has no value for decision
12:27:30.660 [main] WARN com.agilityhub.core.clubs.messaging.application.engine.TemplateRenderer -- Notification template of N-28 has no value for decision
12:27:30.660 [main] WARN com.agilityhub.core.clubs.messaging.application.engine.TemplateRenderer -- Notification template of N-28 has no value for decision
12:27:30.660 [main] WARN com.agilityhub.core.clubs.messaging.application.engine.TemplateRenderer -- Notification template of N-28 has no value for decision
12:27:30.660 [main] WARN com.agilityhub.core.clubs.messaging.application.engine.TemplateRenderer -- Notification template of N-28 has no value for decision
12:27:30.660 [main] WARN com.agilityhub.core.clubs.messaging.application.engine.TemplateRenderer -- Notification template of N-28 has no value for decision
12:27:30.661 [main] WARN com.agilityhub.core.clubs.messaging.application.engine.TemplateRenderer -- Notification template of N-28 has no value for decision
12:27:30.661 [main] WARN com.agilityhub.core.clubs.messaging.application.engine.TemplateRenderer -- Notification template of N-28 has no value for decision
12:27:30.661 [main] WARN com.agilityhub.core.clubs.messaging.application.engine.TemplateRenderer -- Notification template of N-28 has no value for decision
12:27:30.661 [main] WARN com.agilityhub.core.clubs.messaging.application.engine.TemplateRenderer -- Notification template of N-28 has no value for decision
12:27:30.661 [main] WARN com.agilityhub.core.clubs.messaging.application.engine.TemplateRenderer -- Notification template of N-28 has no value for decision
12:27:30.661 [main] WARN com.agilityhub.core.clubs.messaging.application.engine.TemplateRenderer -- Notification template of N-28 has no value for decision
12:27:30.662 [main] WARN com.agilityhub.core.clubs.messaging.application.engine.TemplateRenderer -- Notification template of N-28 has no value for decision
12:27:30.662 [main] WARN com.agilityhub.core.clubs.messaging.application.engine.TemplateRenderer -- Notification template of N-28 has no value for decision
12:27:30.662 [main] WARN com.agilityhub.core.clubs.messaging.application.engine.TemplateRenderer -- Notification template of N-28 has no value for decision
12:27:30.662 [main] WARN com.agilityhub.core.clubs.messaging.application.engine.TemplateRenderer -- Notification template of N-28 has no value for decision
12:27:30.663 [main] WARN com.agilityhub.core.clubs.messaging.application.engine.TemplateRenderer -- Notification template of N-28 has no value for decision
12:27:30.663 [main] WARN com.agilityhub.core.clubs.messaging.application.engine.TemplateRenderer -- Notification template of N-28 has no value for decision
12:27:30.663 [main] WARN com.agilityhub.core.clubs.messaging.application.engine.TemplateRenderer -- Notification template of N-28 has no value for decision
12:27:30.663 [main] WARN com.agilityhub.core.clubs.messaging.application.engine.TemplateRenderer -- Notification template of N-28 has no value for decision
12:27:30.663 [main] WARN com.agilityhub.core.clubs.messaging.application.engine.TemplateRenderer -- Notification template of N-28 has no value for decision
12:27:30.663 [main] WARN com.agilityhub.core.clubs.messaging.application.engine.TemplateRenderer -- Notification template of N-28 has no value for decision
12:27:30.664 [main] WARN com.agilityhub.core.clubs.messaging.application.engine.TemplateRenderer -- Notification template of N-28 has no value for decision
12:27:30.664 [main] WARN com.agilityhub.core.clubs.messaging.application.engine.TemplateRenderer -- Notification template of N-28 has no value for decision
12:27:30.664 [main] WARN com.agilityhub.core.clubs.messaging.application.engine.TemplateRenderer -- Notification template of N-28 has no value for decision
12:27:30.664 [main] WARN com.agilityhub.core.clubs.messaging.application.engine.TemplateRenderer -- Notification template of N-28 has no value for decision
12:27:30.664 [main] WARN com.agilityhub.core.clubs.messaging.application.engine.TemplateRenderer -- Notification template of N-28 has no value for decision
12:27:30.664 [main] WARN com.agilityhub.core.clubs.messaging.application.engine.TemplateRenderer -- Notification template of N-28 has no value for decision
12:27:30.664 [main] WARN com.agilityhub.core.clubs.messaging.application.engine.TemplateRenderer -- Notification template of N-28 has no value for decision
12:27:30.664 [main] WARN com.agilityhub.core.clubs.messaging.application.engine.TemplateRenderer -- Notification template of N-28 has no value for decision
12:27:30.665 [main] WARN com.agilityhub.core.clubs.messaging.application.engine.TemplateRenderer -- Notification template of N-28 has no value for decision
12:27:30.665 [main] WARN com.agilityhub.core.clubs.messaging.application.engine.TemplateRenderer -- Notification template of N-28 has no value for decision
12:27:30.665 [main] WARN com.agilityhub.core.clubs.messaging.application.engine.TemplateRenderer -- Notification template of N-28 has no value for decision
12:27:30.665 [main] WARN com.agilityhub.core.clubs.messaging.application.engine.TemplateRenderer -- Notification template of N-28 has no value for decision
12:27:30.665 [main] WARN com.agilityhub.core.clubs.messaging.application.engine.TemplateRenderer -- Notification template of N-28 has no value for decision
12:27:30.665 [main] WARN com.agilityhub.core.clubs.messaging.application.engine.TemplateRenderer -- Notification template of N-28 has no value for decision
12:27:30.666 [main] WARN com.agilityhub.core.clubs.messaging.application.engine.TemplateRenderer -- Notification template of N-29 has no value for active
12:27:30.666 [main] WARN com.agilityhub.core.clubs.messaging.application.engine.TemplateRenderer -- Notification template of N-29 has no value for active
12:27:30.666 [main] WARN com.agilityhub.core.clubs.messaging.application.engine.TemplateRenderer -- Notification template of N-29 has no value for active
12:27:30.666 [main] WARN com.agilityhub.core.clubs.messaging.application.engine.TemplateRenderer -- Notification template of N-29 has no value for active
12:27:30.666 [main] WARN com.agilityhub.core.clubs.messaging.application.engine.TemplateRenderer -- Notification template of N-29 has no value for active
12:27:30.666 [main] WARN com.agilityhub.core.clubs.messaging.application.engine.TemplateRenderer -- Notification template of N-29 has no value for active
12:27:30.667 [main] WARN com.agilityhub.core.clubs.messaging.application.engine.TemplateRenderer -- Notification template of N-29 has no value for active
12:27:30.667 [main] WARN com.agilityhub.core.clubs.messaging.application.engine.TemplateRenderer -- Notification template of N-29 has no value for active
12:27:30.667 [main] WARN com.agilityhub.core.clubs.messaging.application.engine.TemplateRenderer -- Notification template of N-29 has no value for active
12:27:30.667 [main] WARN com.agilityhub.core.clubs.messaging.application.engine.TemplateRenderer -- Notification template of N-29 has no value for active
12:27:30.667 [main] WARN com.agilityhub.core.clubs.messaging.application.engine.TemplateRenderer -- Notification template of N-29 has no value for active
12:27:30.667 [main] WARN com.agilityhub.core.clubs.messaging.application.engine.TemplateRenderer -- Notification template of N-29 has no value for active
12:27:30.668 [main] WARN com.agilityhub.core.clubs.messaging.application.engine.TemplateRenderer -- Notification template of N-29 has no value for active
12:27:30.668 [main] WARN com.agilityhub.core.clubs.messaging.application.engine.TemplateRenderer -- Notification template of N-29 has no value for active
12:27:30.668 [main] WARN com.agilityhub.core.clubs.messaging.application.engine.TemplateRenderer -- Notification template of N-29 has no value for active
12:27:30.668 [main] WARN com.agilityhub.core.clubs.messaging.application.engine.TemplateRenderer -- Notification template of N-29 has no value for active
12:27:30.668 [main] WARN com.agilityhub.core.clubs.messaging.application.engine.TemplateRenderer -- Notification template of N-29 has no value for active
12:27:30.668 [main] WARN com.agilityhub.core.clubs.messaging.application.engine.TemplateRenderer -- Notification template of N-29 has no value for active
12:27:30.668 [main] WARN com.agilityhub.core.clubs.messaging.application.engine.TemplateRenderer -- Notification template of N-29 has no value for active
12:27:30.668 [main] WARN com.agilityhub.core.clubs.messaging.application.engine.TemplateRenderer -- Notification template of N-29 has no value for active
12:27:30.669 [main] WARN com.agilityhub.core.clubs.messaging.application.engine.TemplateRenderer -- Notification template of N-29 has no value for active
12:27:30.669 [main] WARN com.agilityhub.core.clubs.messaging.application.engine.TemplateRenderer -- Notification template of N-29 has no value for active
12:27:30.669 [main] WARN com.agilityhub.core.clubs.messaging.application.engine.TemplateRenderer -- Notification template of N-29 has no value for active
12:27:30.669 [main] WARN com.agilityhub.core.clubs.messaging.application.engine.TemplateRenderer -- Notification template of N-29 has no value for active
12:27:30.669 [main] WARN com.agilityhub.core.clubs.messaging.application.engine.TemplateRenderer -- Notification template of N-29 has no value for active
12:27:30.669 [main] WARN com.agilityhub.core.clubs.messaging.application.engine.TemplateRenderer -- Notification template of N-29 has no value for active
12:27:30.669 [main] WARN com.agilityhub.core.clubs.messaging.application.engine.TemplateRenderer -- Notification template of N-29 has no value for active
12:27:30.669 [main] WARN com.agilityhub.core.clubs.messaging.application.engine.TemplateRenderer -- Notification template of N-29 has no value for active
12:27:30.670 [main] WARN com.agilityhub.core.clubs.messaging.application.engine.TemplateRenderer -- Notification template of N-29 has no value for active
12:27:30.670 [main] WARN com.agilityhub.core.clubs.messaging.application.engine.TemplateRenderer -- Notification template of N-29 has no value for active
12:27:30.670 [main] WARN com.agilityhub.core.clubs.messaging.application.engine.TemplateRenderer -- Notification template of N-29 has no value for active
12:27:30.670 [main] WARN com.agilityhub.core.clubs.messaging.application.engine.TemplateRenderer -- Notification template of N-29 has no value for active
12:27:30.670 [main] WARN com.agilityhub.core.clubs.messaging.application.engine.TemplateRenderer -- Notification template of N-29 has no value for active
12:27:30.670 [main] WARN com.agilityhub.core.clubs.messaging.application.engine.TemplateRenderer -- Notification template of N-29 has no value for active
12:27:30.671 [main] WARN com.agilityhub.core.clubs.messaging.application.engine.TemplateRenderer -- Notification template of N-29 has no value for active
12:27:30.671 [main] WARN com.agilityhub.core.clubs.messaging.application.engine.TemplateRenderer -- Notification template of N-29 has no value for active
12:27:30.671 [main] WARN com.agilityhub.core.clubs.messaging.application.engine.TemplateRenderer -- Notification template of N-29 has no value for active
12:27:30.671 [main] WARN com.agilityhub.core.clubs.messaging.application.engine.TemplateRenderer -- Notification template of N-29 has no value for active
12:27:30.671 [main] WARN com.agilityhub.core.clubs.messaging.application.engine.TemplateRenderer -- Notification template of N-29 has no value for active
12:27:30.671 [main] WARN com.agilityhub.core.clubs.messaging.application.engine.TemplateRenderer -- Notification template of N-29 has no value for active
12:27:30.671 [main] WARN com.agilityhub.core.clubs.messaging.application.engine.TemplateRenderer -- Notification template of N-29 has no value for active
12:27:30.671 [main] WARN com.agilityhub.core.clubs.messaging.application.engine.TemplateRenderer -- Notification template of N-29 has no value for active
12:27:30.672 [main] WARN com.agilityhub.core.clubs.messaging.application.engine.TemplateRenderer -- Notification template of N-29 has no value for active
12:27:30.672 [main] WARN com.agilityhub.core.clubs.messaging.application.engine.TemplateRenderer -- Notification template of N-29 has no value for active
12:27:30.672 [main] WARN com.agilityhub.core.clubs.messaging.application.engine.TemplateRenderer -- Notification template of N-29 has no value for active
12:27:30.672 [main] WARN com.agilityhub.core.clubs.messaging.application.engine.TemplateRenderer -- Notification template of N-29 has no value for active
12:27:30.673 [main] WARN com.agilityhub.core.clubs.messaging.application.engine.TemplateRenderer -- Notification template of N-29 has no value for active
12:27:30.673 [main] WARN com.agilityhub.core.clubs.messaging.application.engine.TemplateRenderer -- Notification template of N-29 has no value for active
12:27:30.673 [main] WARN com.agilityhub.core.clubs.messaging.application.engine.TemplateRenderer -- Notification template of N-29 has no value for active
12:27:30.673 [main] WARN com.agilityhub.core.clubs.messaging.application.engine.TemplateRenderer -- Notification template of N-29 has no value for active
12:27:30.674 [main] WARN com.agilityhub.core.clubs.messaging.application.engine.TemplateRenderer -- Notification template of N-29 has no value for active
12:27:30.674 [main] WARN com.agilityhub.core.clubs.messaging.application.engine.TemplateRenderer -- Notification template of N-29 has no value for active
12:27:30.674 [main] WARN com.agilityhub.core.clubs.messaging.application.engine.TemplateRenderer -- Notification template of N-29 has no value for active
12:27:30.674 [main] WARN com.agilityhub.core.clubs.messaging.application.engine.TemplateRenderer -- Notification template of N-29 has no value for active
12:27:30.674 [main] WARN com.agilityhub.core.clubs.messaging.application.engine.TemplateRenderer -- Notification template of N-29 has no value for active
12:27:30.674 [main] WARN com.agilityhub.core.clubs.messaging.application.engine.TemplateRenderer -- Notification template of N-29 has no value for active
12:27:30.675 [main] WARN com.agilityhub.core.clubs.messaging.application.engine.TemplateRenderer -- Notification template of N-29 has no value for active
12:27:30.675 [main] WARN com.agilityhub.core.clubs.messaging.application.engine.TemplateRenderer -- Notification template of N-29 has no value for active
12:27:30.675 [main] WARN com.agilityhub.core.clubs.messaging.application.engine.TemplateRenderer -- Notification template of N-29 has no value for active
12:27:30.675 [main] WARN com.agilityhub.core.clubs.messaging.application.engine.TemplateRenderer -- Notification template of N-29 has no value for active
12:27:30.675 [main] WARN com.agilityhub.core.clubs.messaging.application.engine.TemplateRenderer -- Notification template of N-29 has no value for active
12:27:30.675 [main] WARN com.agilityhub.core.clubs.messaging.application.engine.TemplateRenderer -- Notification template of N-29 has no value for active
12:27:30.675 [main] WARN com.agilityhub.core.clubs.messaging.application.engine.TemplateRenderer -- Notification template of N-29 has no value for active
12:27:30.675 [main] WARN com.agilityhub.core.clubs.messaging.application.engine.TemplateRenderer -- Notification template of N-29 has no value for active
12:27:30.712 [main] WARN com.agilityhub.core.clubs.messaging.application.engine.TemplateRenderer -- Notification template of N-32b has no value for state
12:27:30.712 [main] WARN com.agilityhub.core.clubs.messaging.application.engine.TemplateRenderer -- Notification template of N-32b has no value for state
12:27:30.712 [main] WARN com.agilityhub.core.clubs.messaging.application.engine.TemplateRenderer -- Notification template of N-32b has no value for state
12:27:30.712 [main] WARN com.agilityhub.core.clubs.messaging.application.engine.TemplateRenderer -- Notification template of N-32b has no value for state
12:27:30.712 [main] WARN com.agilityhub.core.clubs.messaging.application.engine.TemplateRenderer -- Notification template of N-32b has no value for state
12:27:30.713 [main] WARN com.agilityhub.core.clubs.messaging.application.engine.TemplateRenderer -- Notification template of N-32b has no value for state
12:27:30.713 [main] WARN com.agilityhub.core.clubs.messaging.application.engine.TemplateRenderer -- Notification template of N-32b has no value for state
12:27:30.713 [main] WARN com.agilityhub.core.clubs.messaging.application.engine.TemplateRenderer -- Notification template of N-32b has no value for state
12:27:30.714 [main] WARN com.agilityhub.core.clubs.messaging.application.engine.TemplateRenderer -- Notification template of N-32b has no value for state
12:27:30.714 [main] WARN com.agilityhub.core.clubs.messaging.application.engine.TemplateRenderer -- Notification template of N-32b has no value for state
12:27:30.714 [main] WARN com.agilityhub.core.clubs.messaging.application.engine.TemplateRenderer -- Notification template of N-32b has no value for state
12:27:30.714 [main] WARN com.agilityhub.core.clubs.messaging.application.engine.TemplateRenderer -- Notification template of N-32b has no value for state
12:27:30.715 [main] WARN com.agilityhub.core.clubs.messaging.application.engine.TemplateRenderer -- Notification template of N-32b has no value for state
12:27:30.715 [main] WARN com.agilityhub.core.clubs.messaging.application.engine.TemplateRenderer -- Notification template of N-32b has no value for state
12:27:30.715 [main] WARN com.agilityhub.core.clubs.messaging.application.engine.TemplateRenderer -- Notification template of N-32b has no value for state
12:27:30.715 [main] WARN com.agilityhub.core.clubs.messaging.application.engine.TemplateRenderer -- Notification template of N-32b has no value for state
12:27:30.716 [main] WARN com.agilityhub.core.clubs.messaging.application.engine.TemplateRenderer -- Notification template of N-32b has no value for state
12:27:30.716 [main] WARN com.agilityhub.core.clubs.messaging.application.engine.TemplateRenderer -- Notification template of N-32b has no value for state
12:27:30.716 [main] WARN com.agilityhub.core.clubs.messaging.application.engine.TemplateRenderer -- Notification template of N-32b has no value for state
12:27:30.716 [main] WARN com.agilityhub.core.clubs.messaging.application.engine.TemplateRenderer -- Notification template of N-32b has no value for state
12:27:30.716 [main] WARN com.agilityhub.core.clubs.messaging.application.engine.TemplateRenderer -- Notification template of N-32b has no value for state
12:27:30.716 [main] WARN com.agilityhub.core.clubs.messaging.application.engine.TemplateRenderer -- Notification template of N-32b has no value for state
12:27:30.717 [main] WARN com.agilityhub.core.clubs.messaging.application.engine.TemplateRenderer -- Notification template of N-32b has no value for state
12:27:30.717 [main] WARN com.agilityhub.core.clubs.messaging.application.engine.TemplateRenderer -- Notification template of N-32b has no value for state
12:27:30.717 [main] WARN com.agilityhub.core.clubs.messaging.application.engine.TemplateRenderer -- Notification template of N-32b has no value for state
12:27:30.717 [main] WARN com.agilityhub.core.clubs.messaging.application.engine.TemplateRenderer -- Notification template of N-32b has no value for state
12:27:30.717 [main] WARN com.agilityhub.core.clubs.messaging.application.engine.TemplateRenderer -- Notification template of N-32b has no value for state
12:27:30.718 [main] WARN com.agilityhub.core.clubs.messaging.application.engine.TemplateRenderer -- Notification template of N-32b has no value for state
12:27:30.718 [main] WARN com.agilityhub.core.clubs.messaging.application.engine.TemplateRenderer -- Notification template of N-32b has no value for state
12:27:30.718 [main] WARN com.agilityhub.core.clubs.messaging.application.engine.TemplateRenderer -- Notification template of N-32b has no value for state
12:27:30.718 [main] WARN com.agilityhub.core.clubs.messaging.application.engine.TemplateRenderer -- Notification template of N-32b has no value for state
12:27:30.718 [main] WARN com.agilityhub.core.clubs.messaging.application.engine.TemplateRenderer -- Notification template of N-32b has no value for state
12:27:30.719 [main] WARN com.agilityhub.core.clubs.messaging.application.engine.TemplateRenderer -- Notification template of N-32b has no value for state
12:27:30.719 [main] WARN com.agilityhub.core.clubs.messaging.application.engine.TemplateRenderer -- Notification template of N-32b has no value for state
12:27:30.719 [main] WARN com.agilityhub.core.clubs.messaging.application.engine.TemplateRenderer -- Notification template of N-32b has no value for state
12:27:30.719 [main] WARN com.agilityhub.core.clubs.messaging.application.engine.TemplateRenderer -- Notification template of N-32b has no value for state
12:27:30.720 [main] WARN com.agilityhub.core.clubs.messaging.application.engine.TemplateRenderer -- Notification template of N-32b has no value for state
12:27:30.720 [main] WARN com.agilityhub.core.clubs.messaging.application.engine.TemplateRenderer -- Notification template of N-32b has no value for state
12:27:30.720 [main] WARN com.agilityhub.core.clubs.messaging.application.engine.TemplateRenderer -- Notification template of N-32b has no value for state
12:27:30.720 [main] WARN com.agilityhub.core.clubs.messaging.application.engine.TemplateRenderer -- Notification template of N-32b has no value for state
12:27:30.721 [main] WARN com.agilityhub.core.clubs.messaging.application.engine.TemplateRenderer -- Notification template of N-32b has no value for state
12:27:30.721 [main] WARN com.agilityhub.core.clubs.messaging.application.engine.TemplateRenderer -- Notification template of N-32b has no value for state
12:27:30.722 [main] WARN com.agilityhub.core.clubs.messaging.application.engine.TemplateRenderer -- Notification template of N-32b has no value for state
12:27:30.722 [main] WARN com.agilityhub.core.clubs.messaging.application.engine.TemplateRenderer -- Notification template of N-32b has no value for state
12:27:30.722 [main] WARN com.agilityhub.core.clubs.messaging.application.engine.TemplateRenderer -- Notification template of N-32b has no value for state
12:27:30.722 [main] WARN com.agilityhub.core.clubs.messaging.application.engine.TemplateRenderer -- Notification template of N-32b has no value for state
12:27:30.722 [main] WARN com.agilityhub.core.clubs.messaging.application.engine.TemplateRenderer -- Notification template of N-32b has no value for state
12:27:30.722 [main] WARN com.agilityhub.core.clubs.messaging.application.engine.TemplateRenderer -- Notification template of N-32b has no value for state
12:27:30.723 [main] WARN com.agilityhub.core.clubs.messaging.application.engine.TemplateRenderer -- Notification template of N-32b has no value for state
12:27:30.723 [main] WARN com.agilityhub.core.clubs.messaging.application.engine.TemplateRenderer -- Notification template of N-32b has no value for state
12:27:30.723 [main] WARN com.agilityhub.core.clubs.messaging.application.engine.TemplateRenderer -- Notification template of N-32b has no value for state
12:27:30.723 [main] WARN com.agilityhub.core.clubs.messaging.application.engine.TemplateRenderer -- Notification template of N-32b has no value for state
12:27:30.724 [main] WARN com.agilityhub.core.clubs.messaging.application.engine.TemplateRenderer -- Notification template of N-32b has no value for state
12:27:30.724 [main] WARN com.agilityhub.core.clubs.messaging.application.engine.TemplateRenderer -- Notification template of N-32b has no value for state
12:27:30.724 [main] WARN com.agilityhub.core.clubs.messaging.application.engine.TemplateRenderer -- Notification template of N-32b has no value for state
12:27:30.724 [main] WARN com.agilityhub.core.clubs.messaging.application.engine.TemplateRenderer -- Notification template of N-32b has no value for state
12:27:30.724 [main] WARN com.agilityhub.core.clubs.messaging.application.engine.TemplateRenderer -- Notification template of N-32b has no value for state
12:27:30.724 [main] WARN com.agilityhub.core.clubs.messaging.application.engine.TemplateRenderer -- Notification template of N-32b has no value for state
12:27:30.725 [main] WARN com.agilityhub.core.clubs.messaging.application.engine.TemplateRenderer -- Notification template of N-32b has no value for state
12:27:30.725 [main] WARN com.agilityhub.core.clubs.messaging.application.engine.TemplateRenderer -- Notification template of N-32b has no value for state
12:27:30.725 [main] WARN com.agilityhub.core.clubs.messaging.application.engine.TemplateRenderer -- Notification template of N-32b has no value for state
12:27:30.725 [main] WARN com.agilityhub.core.clubs.messaging.application.engine.TemplateRenderer -- Notification template of N-32b has no value for state
12:27:30.725 [main] WARN com.agilityhub.core.clubs.messaging.application.engine.TemplateRenderer -- Notification template of N-32b has no value for state
12:27:30.725 [main] WARN com.agilityhub.core.clubs.messaging.application.engine.TemplateRenderer -- Notification template of N-32b has no value for state
12:27:30.758 [main] WARN com.agilityhub.core.clubs.messaging.application.engine.TemplateRenderer -- Notification template of N-34 has no value for count
12:27:30.758 [main] WARN com.agilityhub.core.clubs.messaging.application.engine.TemplateRenderer -- Notification template of N-34 has no value for oldest_days
12:27:30.759 [main] WARN com.agilityhub.core.clubs.messaging.application.engine.TemplateRenderer -- Notification template of N-34 has no value for count
12:27:30.759 [main] WARN com.agilityhub.core.clubs.messaging.application.engine.TemplateRenderer -- Notification template of N-34 has no value for oldest_days
12:27:30.759 [main] WARN com.agilityhub.core.clubs.messaging.application.engine.TemplateRenderer -- Notification template of N-34 has no value for count
12:27:30.759 [main] WARN com.agilityhub.core.clubs.messaging.application.engine.TemplateRenderer -- Notification template of N-34 has no value for oldest_days
12:27:30.759 [main] WARN com.agilityhub.core.clubs.messaging.application.engine.TemplateRenderer -- Notification template of N-34 has no value for count
12:27:30.759 [main] WARN com.agilityhub.core.clubs.messaging.application.engine.TemplateRenderer -- Notification template of N-34 has no value for oldest_days
12:27:30.760 [main] WARN com.agilityhub.core.clubs.messaging.application.engine.TemplateRenderer -- Notification template of N-34 has no value for count
12:27:30.760 [main] WARN com.agilityhub.core.clubs.messaging.application.engine.TemplateRenderer -- Notification template of N-34 has no value for oldest_days
12:27:30.760 [main] WARN com.agilityhub.core.clubs.messaging.application.engine.TemplateRenderer -- Notification template of N-34 has no value for count
12:27:30.760 [main] WARN com.agilityhub.core.clubs.messaging.application.engine.TemplateRenderer -- Notification template of N-34 has no value for oldest_days
12:27:30.760 [main] WARN com.agilityhub.core.clubs.messaging.application.engine.TemplateRenderer -- Notification template of N-34 has no value for count
12:27:30.760 [main] WARN com.agilityhub.core.clubs.messaging.application.engine.TemplateRenderer -- Notification template of N-34 has no value for oldest_days
12:27:30.761 [main] WARN com.agilityhub.core.clubs.messaging.application.engine.TemplateRenderer -- Notification template of N-34 has no value for count
12:27:30.761 [main] WARN com.agilityhub.core.clubs.messaging.application.engine.TemplateRenderer -- Notification template of N-34 has no value for oldest_days
12:27:30.761 [main] WARN com.agilityhub.core.clubs.messaging.application.engine.TemplateRenderer -- Notification template of N-34 has no value for count
12:27:30.761 [main] WARN com.agilityhub.core.clubs.messaging.application.engine.TemplateRenderer -- Notification template of N-34 has no value for oldest_days
12:27:30.761 [main] WARN com.agilityhub.core.clubs.messaging.application.engine.TemplateRenderer -- Notification template of N-34 has no value for count
12:27:30.761 [main] WARN com.agilityhub.core.clubs.messaging.application.engine.TemplateRenderer -- Notification template of N-34 has no value for oldest_days
12:27:30.761 [main] WARN com.agilityhub.core.clubs.messaging.application.engine.TemplateRenderer -- Notification template of N-34 has no value for count
12:27:30.761 [main] WARN com.agilityhub.core.clubs.messaging.application.engine.TemplateRenderer -- Notification template of N-34 has no value for oldest_days
12:27:30.762 [main] WARN com.agilityhub.core.clubs.messaging.application.engine.TemplateRenderer -- Notification template of N-34 has no value for count
12:27:30.762 [main] WARN com.agilityhub.core.clubs.messaging.application.engine.TemplateRenderer -- Notification template of N-34 has no value for oldest_days
12:27:30.762 [main] WARN com.agilityhub.core.clubs.messaging.application.engine.TemplateRenderer -- Notification template of N-34 has no value for count
12:27:30.762 [main] WARN com.agilityhub.core.clubs.messaging.application.engine.TemplateRenderer -- Notification template of N-34 has no value for oldest_days
12:27:30.763 [main] WARN com.agilityhub.core.clubs.messaging.application.engine.TemplateRenderer -- Notification template of N-34 has no value for count
12:27:30.763 [main] WARN com.agilityhub.core.clubs.messaging.application.engine.TemplateRenderer -- Notification template of N-34 has no value for oldest_days
12:27:30.763 [main] WARN com.agilityhub.core.clubs.messaging.application.engine.TemplateRenderer -- Notification template of N-34 has no value for count
12:27:30.763 [main] WARN com.agilityhub.core.clubs.messaging.application.engine.TemplateRenderer -- Notification template of N-34 has no value for oldest_days
12:27:30.764 [main] WARN com.agilityhub.core.clubs.messaging.application.engine.TemplateRenderer -- Notification template of N-34 has no value for count
12:27:30.764 [main] WARN com.agilityhub.core.clubs.messaging.application.engine.TemplateRenderer -- Notification template of N-34 has no value for oldest_days
12:27:30.764 [main] WARN com.agilityhub.core.clubs.messaging.application.engine.TemplateRenderer -- Notification template of N-34 has no value for count
12:27:30.764 [main] WARN com.agilityhub.core.clubs.messaging.application.engine.TemplateRenderer -- Notification template of N-34 has no value for oldest_days
12:27:30.765 [main] WARN com.agilityhub.core.clubs.messaging.application.engine.TemplateRenderer -- Notification template of N-34 has no value for count
12:27:30.765 [main] WARN com.agilityhub.core.clubs.messaging.application.engine.TemplateRenderer -- Notification template of N-34 has no value for oldest_days
12:27:30.765 [main] WARN com.agilityhub.core.clubs.messaging.application.engine.TemplateRenderer -- Notification template of N-34 has no value for count
12:27:30.765 [main] WARN com.agilityhub.core.clubs.messaging.application.engine.TemplateRenderer -- Notification template of N-34 has no value for oldest_days
12:27:30.765 [main] WARN com.agilityhub.core.clubs.messaging.application.engine.TemplateRenderer -- Notification template of N-34 has no value for count
12:27:30.765 [main] WARN com.agilityhub.core.clubs.messaging.application.engine.TemplateRenderer -- Notification template of N-34 has no value for oldest_days
12:27:30.765 [main] WARN com.agilityhub.core.clubs.messaging.application.engine.TemplateRenderer -- Notification template of N-34 has no value for count
12:27:30.765 [main] WARN com.agilityhub.core.clubs.messaging.application.engine.TemplateRenderer -- Notification template of N-34 has no value for oldest_days
12:27:30.766 [main] WARN com.agilityhub.core.clubs.messaging.application.engine.TemplateRenderer -- Notification template of N-34 has no value for count
12:27:30.766 [main] WARN com.agilityhub.core.clubs.messaging.application.engine.TemplateRenderer -- Notification template of N-34 has no value for oldest_days
12:27:30.766 [main] WARN com.agilityhub.core.clubs.messaging.application.engine.TemplateRenderer -- Notification template of N-34 has no value for count
12:27:30.766 [main] WARN com.agilityhub.core.clubs.messaging.application.engine.TemplateRenderer -- Notification template of N-34 has no value for oldest_days
12:27:30.766 [main] WARN com.agilityhub.core.clubs.messaging.application.engine.TemplateRenderer -- Notification template of N-34 has no value for count
12:27:30.766 [main] WARN com.agilityhub.core.clubs.messaging.application.engine.TemplateRenderer -- Notification template of N-34 has no value for oldest_days
12:27:30.767 [main] WARN com.agilityhub.core.clubs.messaging.application.engine.TemplateRenderer -- Notification template of N-34 has no value for count
12:27:30.767 [main] WARN com.agilityhub.core.clubs.messaging.application.engine.TemplateRenderer -- Notification template of N-34 has no value for oldest_days
12:27:30.767 [main] WARN com.agilityhub.core.clubs.messaging.application.engine.TemplateRenderer -- Notification template of N-34 has no value for count
12:27:30.767 [main] WARN com.agilityhub.core.clubs.messaging.application.engine.TemplateRenderer -- Notification template of N-34 has no value for oldest_days
12:27:30.767 [main] WARN com.agilityhub.core.clubs.messaging.application.engine.TemplateRenderer -- Notification template of N-34 has no value for count
12:27:30.767 [main] WARN com.agilityhub.core.clubs.messaging.application.engine.TemplateRenderer -- Notification template of N-34 has no value for oldest_days
12:27:30.768 [main] WARN com.agilityhub.core.clubs.messaging.application.engine.TemplateRenderer -- Notification template of N-34 has no value for count
12:27:30.768 [main] WARN com.agilityhub.core.clubs.messaging.application.engine.TemplateRenderer -- Notification template of N-34 has no value for oldest_days
12:27:30.768 [main] WARN com.agilityhub.core.clubs.messaging.application.engine.TemplateRenderer -- Notification template of N-34 has no value for count
12:27:30.768 [main] WARN com.agilityhub.core.clubs.messaging.application.engine.TemplateRenderer -- Notification template of N-34 has no value for oldest_days
12:27:30.768 [main] WARN com.agilityhub.core.clubs.messaging.application.engine.TemplateRenderer -- Notification template of N-34 has no value for count
12:27:30.768 [main] WARN com.agilityhub.core.clubs.messaging.application.engine.TemplateRenderer -- Notification template of N-34 has no value for oldest_days
12:27:30.769 [main] WARN com.agilityhub.core.clubs.messaging.application.engine.TemplateRenderer -- Notification template of N-34 has no value for count
12:27:30.769 [main] WARN com.agilityhub.core.clubs.messaging.application.engine.TemplateRenderer -- Notification template of N-34 has no value for oldest_days
12:27:30.769 [main] WARN com.agilityhub.core.clubs.messaging.application.engine.TemplateRenderer -- Notification template of N-34 has no value for count
12:27:30.769 [main] WARN com.agilityhub.core.clubs.messaging.application.engine.TemplateRenderer -- Notification template of N-34 has no value for oldest_days
12:27:30.780 [main] WARN com.agilityhub.core.clubs.messaging.application.engine.TemplateRenderer -- Notification template of N-36 has no value for change
12:27:30.780 [main] WARN com.agilityhub.core.clubs.messaging.application.engine.TemplateRenderer -- Notification template of N-36 has no value for change
12:27:30.780 [main] WARN com.agilityhub.core.clubs.messaging.application.engine.TemplateRenderer -- Notification template of N-36 has no value for change
12:27:30.780 [main] WARN com.agilityhub.core.clubs.messaging.application.engine.TemplateRenderer -- Notification template of N-36 has no value for change
12:27:30.781 [main] WARN com.agilityhub.core.clubs.messaging.application.engine.TemplateRenderer -- Notification template of N-36 has no value for change
12:27:30.781 [main] WARN com.agilityhub.core.clubs.messaging.application.engine.TemplateRenderer -- Notification template of N-36 has no value for change
12:27:30.781 [main] WARN com.agilityhub.core.clubs.messaging.application.engine.TemplateRenderer -- Notification template of N-36 has no value for change
12:27:30.781 [main] WARN com.agilityhub.core.clubs.messaging.application.engine.TemplateRenderer -- Notification template of N-36 has no value for change
12:27:30.781 [main] WARN com.agilityhub.core.clubs.messaging.application.engine.TemplateRenderer -- Notification template of N-36 has no value for change
12:27:30.781 [main] WARN com.agilityhub.core.clubs.messaging.application.engine.TemplateRenderer -- Notification template of N-36 has no value for change
12:27:30.781 [main] WARN com.agilityhub.core.clubs.messaging.application.engine.TemplateRenderer -- Notification template of N-36 has no value for change
12:27:30.781 [main] WARN com.agilityhub.core.clubs.messaging.application.engine.TemplateRenderer -- Notification template of N-36 has no value for change
12:27:30.782 [main] WARN com.agilityhub.core.clubs.messaging.application.engine.TemplateRenderer -- Notification template of N-36 has no value for change
12:27:30.782 [main] WARN com.agilityhub.core.clubs.messaging.application.engine.TemplateRenderer -- Notification template of N-36 has no value for change
12:27:30.782 [main] WARN com.agilityhub.core.clubs.messaging.application.engine.TemplateRenderer -- Notification template of N-36 has no value for change
12:27:30.782 [main] WARN com.agilityhub.core.clubs.messaging.application.engine.TemplateRenderer -- Notification template of N-36 has no value for change
12:27:30.782 [main] WARN com.agilityhub.core.clubs.messaging.application.engine.TemplateRenderer -- Notification template of N-36 has no value for change
12:27:30.782 [main] WARN com.agilityhub.core.clubs.messaging.application.engine.TemplateRenderer -- Notification template of N-36 has no value for change
12:27:30.782 [main] WARN com.agilityhub.core.clubs.messaging.application.engine.TemplateRenderer -- Notification template of N-36 has no value for change
12:27:30.782 [main] WARN com.agilityhub.core.clubs.messaging.application.engine.TemplateRenderer -- Notification template of N-36 has no value for change
12:27:30.782 [main] WARN com.agilityhub.core.clubs.messaging.application.engine.TemplateRenderer -- Notification template of N-36 has no value for change
12:27:30.782 [main] WARN com.agilityhub.core.clubs.messaging.application.engine.TemplateRenderer -- Notification template of N-36 has no value for change
12:27:30.783 [main] WARN com.agilityhub.core.clubs.messaging.application.engine.TemplateRenderer -- Notification template of N-36 has no value for change
12:27:30.783 [main] WARN com.agilityhub.core.clubs.messaging.application.engine.TemplateRenderer -- Notification template of N-36 has no value for change
12:27:30.783 [main] WARN com.agilityhub.core.clubs.messaging.application.engine.TemplateRenderer -- Notification template of N-36 has no value for change
12:27:30.783 [main] WARN com.agilityhub.core.clubs.messaging.application.engine.TemplateRenderer -- Notification template of N-36 has no value for change
12:27:30.783 [main] WARN com.agilityhub.core.clubs.messaging.application.engine.TemplateRenderer -- Notification template of N-36 has no value for change
12:27:30.783 [main] WARN com.agilityhub.core.clubs.messaging.application.engine.TemplateRenderer -- Notification template of N-36 has no value for change
12:27:30.783 [main] WARN com.agilityhub.core.clubs.messaging.application.engine.TemplateRenderer -- Notification template of N-36 has no value for change
12:27:30.783 [main] WARN com.agilityhub.core.clubs.messaging.application.engine.TemplateRenderer -- Notification template of N-36 has no value for change
12:27:30.784 [main] WARN com.agilityhub.core.clubs.messaging.application.engine.TemplateRenderer -- Notification template of N-36 has no value for change
12:27:30.784 [main] WARN com.agilityhub.core.clubs.messaging.application.engine.TemplateRenderer -- Notification template of N-36 has no value for change
12:27:30.784 [main] WARN com.agilityhub.core.clubs.messaging.application.engine.TemplateRenderer -- Notification template of N-36 has no value for change
12:27:30.784 [main] WARN com.agilityhub.core.clubs.messaging.application.engine.TemplateRenderer -- Notification template of N-36 has no value for change
12:27:30.784 [main] WARN com.agilityhub.core.clubs.messaging.application.engine.TemplateRenderer -- Notification template of N-36 has no value for change
12:27:30.784 [main] WARN com.agilityhub.core.clubs.messaging.application.engine.TemplateRenderer -- Notification template of N-36 has no value for change
12:27:30.785 [main] WARN com.agilityhub.core.clubs.messaging.application.engine.TemplateRenderer -- Notification template of N-36 has no value for change
12:27:30.785 [main] WARN com.agilityhub.core.clubs.messaging.application.engine.TemplateRenderer -- Notification template of N-36 has no value for change
12:27:30.785 [main] WARN com.agilityhub.core.clubs.messaging.application.engine.TemplateRenderer -- Notification template of N-36 has no value for change
12:27:30.785 [main] WARN com.agilityhub.core.clubs.messaging.application.engine.TemplateRenderer -- Notification template of N-36 has no value for change
12:27:30.785 [main] WARN com.agilityhub.core.clubs.messaging.application.engine.TemplateRenderer -- Notification template of N-36 has no value for change
12:27:30.785 [main] WARN com.agilityhub.core.clubs.messaging.application.engine.TemplateRenderer -- Notification template of N-36 has no value for change
12:27:30.785 [main] WARN com.agilityhub.core.clubs.messaging.application.engine.TemplateRenderer -- Notification template of N-36 has no value for change
12:27:30.785 [main] WARN com.agilityhub.core.clubs.messaging.application.engine.TemplateRenderer -- Notification template of N-36 has no value for change
12:27:30.785 [main] WARN com.agilityhub.core.clubs.messaging.application.engine.TemplateRenderer -- Notification template of N-36 has no value for change
12:27:30.785 [main] WARN com.agilityhub.core.clubs.messaging.application.engine.TemplateRenderer -- Notification template of N-36 has no value for change
12:27:30.786 [main] WARN com.agilityhub.core.clubs.messaging.application.engine.TemplateRenderer -- Notification template of N-36 has no value for change
12:27:30.786 [main] WARN com.agilityhub.core.clubs.messaging.application.engine.TemplateRenderer -- Notification template of N-36 has no value for change
12:27:30.786 [main] WARN com.agilityhub.core.clubs.messaging.application.engine.TemplateRenderer -- Notification template of N-36 has no value for change
12:27:30.786 [main] WARN com.agilityhub.core.clubs.messaging.application.engine.TemplateRenderer -- Notification template of N-36 has no value for change
12:27:30.786 [main] WARN com.agilityhub.core.clubs.messaging.application.engine.TemplateRenderer -- Notification template of N-36 has no value for change
12:27:30.786 [main] WARN com.agilityhub.core.clubs.messaging.application.engine.TemplateRenderer -- Notification template of N-36 has no value for change
12:27:30.786 [main] WARN com.agilityhub.core.clubs.messaging.application.engine.TemplateRenderer -- Notification template of N-36 has no value for change
12:27:30.786 [main] WARN com.agilityhub.core.clubs.messaging.application.engine.TemplateRenderer -- Notification template of N-36 has no value for change
12:27:30.787 [main] WARN com.agilityhub.core.clubs.messaging.application.engine.TemplateRenderer -- Notification template of N-36 has no value for change
12:27:30.787 [main] WARN com.agilityhub.core.clubs.messaging.application.engine.TemplateRenderer -- Notification template of N-36 has no value for change
12:27:30.787 [main] WARN com.agilityhub.core.clubs.messaging.application.engine.TemplateRenderer -- Notification template of N-36 has no value for change
12:27:30.787 [main] WARN com.agilityhub.core.clubs.messaging.application.engine.TemplateRenderer -- Notification template of N-36 has no value for change
12:27:30.787 [main] WARN com.agilityhub.core.clubs.messaging.application.engine.TemplateRenderer -- Notification template of N-36 has no value for change
12:27:30.787 [main] WARN com.agilityhub.core.clubs.messaging.application.engine.TemplateRenderer -- Notification template of N-36 has no value for change
12:27:30.788 [main] WARN com.agilityhub.core.clubs.messaging.application.engine.TemplateRenderer -- Notification template of N-36 has no value for change
12:27:30.788 [main] WARN com.agilityhub.core.clubs.messaging.application.engine.TemplateRenderer -- Notification template of N-36 has no value for change
12:27:30.788 [main] WARN com.agilityhub.core.clubs.messaging.application.engine.TemplateRenderer -- Notification template of N-36 has no value for change
12:27:30.788 [main] WARN com.agilityhub.core.clubs.messaging.application.engine.TemplateRenderer -- Notification template of N-36 has no value for change
12:27:30.788 [main] WARN com.agilityhub.core.clubs.messaging.application.engine.TemplateRenderer -- Notification template of N-36 has no value for change
12:27:30.788 [main] WARN com.agilityhub.core.clubs.messaging.application.engine.TemplateRenderer -- Notification template of N-36 has no value for change
12:27:30.789 [main] WARN com.agilityhub.core.clubs.messaging.application.engine.TemplateRenderer -- Notification template of N-36 has no value for change
12:27:30.789 [main] WARN com.agilityhub.core.clubs.messaging.application.engine.TemplateRenderer -- Notification template of N-36 has no value for change
12:27:30.789 [main] WARN com.agilityhub.core.clubs.messaging.application.engine.TemplateRenderer -- Notification template of N-36 has no value for change
12:27:30.789 [main] WARN com.agilityhub.core.clubs.messaging.application.engine.TemplateRenderer -- Notification template of N-36 has no value for change
12:27:30.789 [main] WARN com.agilityhub.core.clubs.messaging.application.engine.TemplateRenderer -- Notification template of N-36 has no value for change
12:27:30.789 [main] WARN com.agilityhub.core.clubs.messaging.application.engine.TemplateRenderer -- Notification template of N-36 has no value for change
12:27:30.790 [main] WARN com.agilityhub.core.clubs.messaging.application.engine.TemplateRenderer -- Notification template of N-36 has no value for change
12:27:30.790 [main] WARN com.agilityhub.core.clubs.messaging.application.engine.TemplateRenderer -- Notification template of N-36 has no value for change
12:27:30.790 [main] WARN com.agilityhub.core.clubs.messaging.application.engine.TemplateRenderer -- Notification template of N-36 has no value for change
12:27:30.790 [main] WARN com.agilityhub.core.clubs.messaging.application.engine.TemplateRenderer -- Notification template of N-36 has no value for change
12:27:30.790 [main] WARN com.agilityhub.core.clubs.messaging.application.engine.TemplateRenderer -- Notification template of N-36 has no value for change
12:27:30.790 [main] WARN com.agilityhub.core.clubs.messaging.application.engine.TemplateRenderer -- Notification template of N-36 has no value for change
12:27:30.790 [main] WARN com.agilityhub.core.clubs.messaging.application.engine.TemplateRenderer -- Notification template of N-36 has no value for change
12:27:30.790 [main] WARN com.agilityhub.core.clubs.messaging.application.engine.TemplateRenderer -- Notification template of N-36 has no value for change
12:27:30.791 [main] WARN com.agilityhub.core.clubs.messaging.application.engine.TemplateRenderer -- Notification template of N-36 has no value for change
12:27:30.791 [main] WARN com.agilityhub.core.clubs.messaging.application.engine.TemplateRenderer -- Notification template of N-36 has no value for change
12:27:30.791 [main] WARN com.agilityhub.core.clubs.messaging.application.engine.TemplateRenderer -- Notification template of N-36 has no value for change
12:27:30.791 [main] WARN com.agilityhub.core.clubs.messaging.application.engine.TemplateRenderer -- Notification template of N-36 has no value for change
12:27:30.791 [main] WARN com.agilityhub.core.clubs.messaging.application.engine.TemplateRenderer -- Notification template of N-36 has no value for change
12:27:30.791 [main] WARN com.agilityhub.core.clubs.messaging.application.engine.TemplateRenderer -- Notification template of N-36 has no value for change
12:27:30.791 [main] WARN com.agilityhub.core.clubs.messaging.application.engine.TemplateRenderer -- Notification template of N-36 has no value for change
12:27:30.791 [main] WARN com.agilityhub.core.clubs.messaging.application.engine.TemplateRenderer -- Notification template of N-36 has no value for change
12:27:30.792 [main] WARN com.agilityhub.core.clubs.messaging.application.engine.TemplateRenderer -- Notification template of N-36 has no value for change
12:27:30.792 [main] WARN com.agilityhub.core.clubs.messaging.application.engine.TemplateRenderer -- Notification template of N-36 has no value for change
12:27:30.792 [main] WARN com.agilityhub.core.clubs.messaging.application.engine.TemplateRenderer -- Notification template of N-36 has no value for change
12:27:30.792 [main] WARN com.agilityhub.core.clubs.messaging.application.engine.TemplateRenderer -- Notification template of N-36 has no value for change
12:27:30.792 [main] WARN com.agilityhub.core.clubs.messaging.application.engine.TemplateRenderer -- Notification template of N-36 has no value for change
12:27:30.792 [main] WARN com.agilityhub.core.clubs.messaging.application.engine.TemplateRenderer -- Notification template of N-36 has no value for change
12:27:30.792 [main] WARN com.agilityhub.core.clubs.messaging.application.engine.TemplateRenderer -- Notification template of N-36 has no value for change
12:27:30.792 [main] WARN com.agilityhub.core.clubs.messaging.application.engine.TemplateRenderer -- Notification template of N-36 has no value for change
12:27:30.793 [main] WARN com.agilityhub.core.clubs.messaging.application.engine.TemplateRenderer -- Notification template of N-37 has no value for change
12:27:30.793 [main] WARN com.agilityhub.core.clubs.messaging.application.engine.TemplateRenderer -- Notification template of N-37 has no value for change
12:27:30.793 [main] WARN com.agilityhub.core.clubs.messaging.application.engine.TemplateRenderer -- Notification template of N-37 has no value for change
12:27:30.793 [main] WARN com.agilityhub.core.clubs.messaging.application.engine.TemplateRenderer -- Notification template of N-37 has no value for change
12:27:30.793 [main] WARN com.agilityhub.core.clubs.messaging.application.engine.TemplateRenderer -- Notification template of N-37 has no value for change
12:27:30.793 [main] WARN com.agilityhub.core.clubs.messaging.application.engine.TemplateRenderer -- Notification template of N-37 has no value for change
12:27:30.793 [main] WARN com.agilityhub.core.clubs.messaging.application.engine.TemplateRenderer -- Notification template of N-37 has no value for change
12:27:30.793 [main] WARN com.agilityhub.core.clubs.messaging.application.engine.TemplateRenderer -- Notification template of N-37 has no value for change
12:27:30.794 [main] WARN com.agilityhub.core.clubs.messaging.application.engine.TemplateRenderer -- Notification template of N-37 has no value for change
12:27:30.794 [main] WARN com.agilityhub.core.clubs.messaging.application.engine.TemplateRenderer -- Notification template of N-37 has no value for change
12:27:30.794 [main] WARN com.agilityhub.core.clubs.messaging.application.engine.TemplateRenderer -- Notification template of N-37 has no value for change
12:27:30.794 [main] WARN com.agilityhub.core.clubs.messaging.application.engine.TemplateRenderer -- Notification template of N-37 has no value for change
12:27:30.794 [main] WARN com.agilityhub.core.clubs.messaging.application.engine.TemplateRenderer -- Notification template of N-37 has no value for change
12:27:30.794 [main] WARN com.agilityhub.core.clubs.messaging.application.engine.TemplateRenderer -- Notification template of N-37 has no value for change
12:27:30.794 [main] WARN com.agilityhub.core.clubs.messaging.application.engine.TemplateRenderer -- Notification template of N-37 has no value for change
12:27:30.794 [main] WARN com.agilityhub.core.clubs.messaging.application.engine.TemplateRenderer -- Notification template of N-37 has no value for change
12:27:30.794 [main] WARN com.agilityhub.core.clubs.messaging.application.engine.TemplateRenderer -- Notification template of N-37 has no value for change
12:27:30.794 [main] WARN com.agilityhub.core.clubs.messaging.application.engine.TemplateRenderer -- Notification template of N-37 has no value for change
12:27:30.795 [main] WARN com.agilityhub.core.clubs.messaging.application.engine.TemplateRenderer -- Notification template of N-37 has no value for change
12:27:30.795 [main] WARN com.agilityhub.core.clubs.messaging.application.engine.TemplateRenderer -- Notification template of N-37 has no value for change
12:27:30.795 [main] WARN com.agilityhub.core.clubs.messaging.application.engine.TemplateRenderer -- Notification template of N-37 has no value for change
12:27:30.795 [main] WARN com.agilityhub.core.clubs.messaging.application.engine.TemplateRenderer -- Notification template of N-37 has no value for change
12:27:30.795 [main] WARN com.agilityhub.core.clubs.messaging.application.engine.TemplateRenderer -- Notification template of N-37 has no value for change
12:27:30.795 [main] WARN com.agilityhub.core.clubs.messaging.application.engine.TemplateRenderer -- Notification template of N-37 has no value for change
12:27:30.795 [main] WARN com.agilityhub.core.clubs.messaging.application.engine.TemplateRenderer -- Notification template of N-37 has no value for change
12:27:30.795 [main] WARN com.agilityhub.core.clubs.messaging.application.engine.TemplateRenderer -- Notification template of N-37 has no value for change
12:27:30.796 [main] WARN com.agilityhub.core.clubs.messaging.application.engine.TemplateRenderer -- Notification template of N-37 has no value for change
12:27:30.796 [main] WARN com.agilityhub.core.clubs.messaging.application.engine.TemplateRenderer -- Notification template of N-37 has no value for change
12:27:30.796 [main] WARN com.agilityhub.core.clubs.messaging.application.engine.TemplateRenderer -- Notification template of N-37 has no value for change
12:27:30.796 [main] WARN com.agilityhub.core.clubs.messaging.application.engine.TemplateRenderer -- Notification template of N-37 has no value for change
12:27:30.797 [main] WARN com.agilityhub.core.clubs.messaging.application.engine.TemplateRenderer -- Notification template of N-37 has no value for change
12:27:30.797 [main] WARN com.agilityhub.core.clubs.messaging.application.engine.TemplateRenderer -- Notification template of N-37 has no value for change
12:27:30.797 [main] WARN com.agilityhub.core.clubs.messaging.application.engine.TemplateRenderer -- Notification template of N-37 has no value for change
12:27:30.797 [main] WARN com.agilityhub.core.clubs.messaging.application.engine.TemplateRenderer -- Notification template of N-37 has no value for change
12:27:30.797 [main] WARN com.agilityhub.core.clubs.messaging.application.engine.TemplateRenderer -- Notification template of N-37 has no value for change
12:27:30.797 [main] WARN com.agilityhub.core.clubs.messaging.application.engine.TemplateRenderer -- Notification template of N-37 has no value for change
12:27:30.797 [main] WARN com.agilityhub.core.clubs.messaging.application.engine.TemplateRenderer -- Notification template of N-37 has no value for change
12:27:30.797 [main] WARN com.agilityhub.core.clubs.messaging.application.engine.TemplateRenderer -- Notification template of N-37 has no value for change
12:27:30.798 [main] WARN com.agilityhub.core.clubs.messaging.application.engine.TemplateRenderer -- Notification template of N-37 has no value for change
12:27:30.798 [main] WARN com.agilityhub.core.clubs.messaging.application.engine.TemplateRenderer -- Notification template of N-37 has no value for change
12:27:30.798 [main] WARN com.agilityhub.core.clubs.messaging.application.engine.TemplateRenderer -- Notification template of N-37 has no value for change
12:27:30.798 [main] WARN com.agilityhub.core.clubs.messaging.application.engine.TemplateRenderer -- Notification template of N-37 has no value for change
12:27:30.798 [main] WARN com.agilityhub.core.clubs.messaging.application.engine.TemplateRenderer -- Notification template of N-37 has no value for change
12:27:30.798 [main] WARN com.agilityhub.core.clubs.messaging.application.engine.TemplateRenderer -- Notification template of N-37 has no value for change
12:27:30.798 [main] WARN com.agilityhub.core.clubs.messaging.application.engine.TemplateRenderer -- Notification template of N-37 has no value for change
12:27:30.798 [main] WARN com.agilityhub.core.clubs.messaging.application.engine.TemplateRenderer -- Notification template of N-37 has no value for change
12:27:30.799 [main] WARN com.agilityhub.core.clubs.messaging.application.engine.TemplateRenderer -- Notification template of N-37 has no value for change
12:27:30.799 [main] WARN com.agilityhub.core.clubs.messaging.application.engine.TemplateRenderer -- Notification template of N-37 has no value for change
12:27:30.807 [main] WARN com.agilityhub.core.clubs.messaging.application.engine.TemplateRenderer -- Notification template of N-37 has no value for change
12:27:30.807 [main] WARN com.agilityhub.core.clubs.messaging.application.engine.TemplateRenderer -- Notification template of N-37 has no value for change
12:27:30.809 [main] WARN com.agilityhub.core.clubs.messaging.application.engine.TemplateRenderer -- Notification template of N-37 has no value for change
12:27:30.809 [main] WARN com.agilityhub.core.clubs.messaging.application.engine.TemplateRenderer -- Notification template of N-37 has no value for change
12:27:30.809 [main] WARN com.agilityhub.core.clubs.messaging.application.engine.TemplateRenderer -- Notification template of N-37 has no value for change
12:27:30.809 [main] WARN com.agilityhub.core.clubs.messaging.application.engine.TemplateRenderer -- Notification template of N-37 has no value for change
12:27:30.810 [main] WARN com.agilityhub.core.clubs.messaging.application.engine.TemplateRenderer -- Notification template of N-37 has no value for change
12:27:30.810 [main] WARN com.agilityhub.core.clubs.messaging.application.engine.TemplateRenderer -- Notification template of N-37 has no value for change
12:27:30.811 [main] WARN com.agilityhub.core.clubs.messaging.application.engine.TemplateRenderer -- Notification template of N-37 has no value for change
12:27:30.811 [main] WARN com.agilityhub.core.clubs.messaging.application.engine.TemplateRenderer -- Notification template of N-37 has no value for change
12:27:30.811 [main] WARN com.agilityhub.core.clubs.messaging.application.engine.TemplateRenderer -- Notification template of N-37 has no value for change
12:27:30.811 [main] WARN com.agilityhub.core.clubs.messaging.application.engine.TemplateRenderer -- Notification template of N-37 has no value for change
12:27:30.812 [main] WARN com.agilityhub.core.clubs.messaging.application.engine.TemplateRenderer -- Notification template of N-37 has no value for change
12:27:30.812 [main] WARN com.agilityhub.core.clubs.messaging.application.engine.TemplateRenderer -- Notification template of N-37 has no value for change
12:27:30.812 [main] WARN com.agilityhub.core.clubs.messaging.application.engine.TemplateRenderer -- Notification template of N-37 has no value for change
12:27:30.812 [main] WARN com.agilityhub.core.clubs.messaging.application.engine.TemplateRenderer -- Notification template of N-37 has no value for change
12:27:30.823 [main] WARN com.agilityhub.core.clubs.messaging.application.engine.TemplateRenderer -- Notification template of N-18d has no value for member_name
12:27:30.823 [main] WARN com.agilityhub.core.clubs.messaging.application.engine.TemplateRenderer -- Notification template of N-18d has no value for from_month
12:27:30.823 [main] WARN com.agilityhub.core.clubs.messaging.application.engine.TemplateRenderer -- Notification template of N-18d has no value for to_month
12:27:30.823 [main] WARN com.agilityhub.core.clubs.messaging.application.engine.TemplateRenderer -- Notification template of N-18d has no value for member_name
12:27:30.823 [main] WARN com.agilityhub.core.clubs.messaging.application.engine.TemplateRenderer -- Notification template of N-18d has no value for from_month
12:27:30.823 [main] WARN com.agilityhub.core.clubs.messaging.application.engine.TemplateRenderer -- Notification template of N-18d has no value for to_month
12:27:30.824 [main] WARN com.agilityhub.core.clubs.messaging.application.engine.TemplateRenderer -- Notification template of N-18d has no value for member_name
12:27:30.824 [main] WARN com.agilityhub.core.clubs.messaging.application.engine.TemplateRenderer -- Notification template of N-18d has no value for from_month
12:27:30.824 [main] WARN com.agilityhub.core.clubs.messaging.application.engine.TemplateRenderer -- Notification template of N-18d has no value for to_month
12:27:30.824 [main] WARN com.agilityhub.core.clubs.messaging.application.engine.TemplateRenderer -- Notification template of N-18d has no value for member_name
12:27:30.824 [main] WARN com.agilityhub.core.clubs.messaging.application.engine.TemplateRenderer -- Notification template of N-18d has no value for from_month
12:27:30.824 [main] WARN com.agilityhub.core.clubs.messaging.application.engine.TemplateRenderer -- Notification template of N-18d has no value for to_month
12:27:30.825 [main] WARN com.agilityhub.core.clubs.messaging.application.engine.TemplateRenderer -- Notification template of N-18d has no value for member_name
12:27:30.825 [main] WARN com.agilityhub.core.clubs.messaging.application.engine.TemplateRenderer -- Notification template of N-18d has no value for from_month
12:27:30.825 [main] WARN com.agilityhub.core.clubs.messaging.application.engine.TemplateRenderer -- Notification template of N-18d has no value for to_month
12:27:30.825 [main] WARN com.agilityhub.core.clubs.messaging.application.engine.TemplateRenderer -- Notification template of N-18d has no value for member_name
12:27:30.825 [main] WARN com.agilityhub.core.clubs.messaging.application.engine.TemplateRenderer -- Notification template of N-18d has no value for from_month
12:27:30.825 [main] WARN com.agilityhub.core.clubs.messaging.application.engine.TemplateRenderer -- Notification template of N-18d has no value for to_month
12:27:30.825 [main] WARN com.agilityhub.core.clubs.messaging.application.engine.TemplateRenderer -- Notification template of N-18d has no value for member_name
12:27:30.825 [main] WARN com.agilityhub.core.clubs.messaging.application.engine.TemplateRenderer -- Notification template of N-18d has no value for from_month
12:27:30.825 [main] WARN com.agilityhub.core.clubs.messaging.application.engine.TemplateRenderer -- Notification template of N-18d has no value for to_month
12:27:30.825 [main] WARN com.agilityhub.core.clubs.messaging.application.engine.TemplateRenderer -- Notification template of N-18d has no value for member_name
12:27:30.825 [main] WARN com.agilityhub.core.clubs.messaging.application.engine.TemplateRenderer -- Notification template of N-18d has no value for from_month
12:27:30.825 [main] WARN com.agilityhub.core.clubs.messaging.application.engine.TemplateRenderer -- Notification template of N-18d has no value for to_month
12:27:30.826 [main] WARN com.agilityhub.core.clubs.messaging.application.engine.TemplateRenderer -- Notification template of N-18d has no value for member_name
12:27:30.826 [main] WARN com.agilityhub.core.clubs.messaging.application.engine.TemplateRenderer -- Notification template of N-18d has no value for from_month
12:27:30.826 [main] WARN com.agilityhub.core.clubs.messaging.application.engine.TemplateRenderer -- Notification template of N-18d has no value for to_month
12:27:30.826 [main] WARN com.agilityhub.core.clubs.messaging.application.engine.TemplateRenderer -- Notification template of N-18d has no value for member_name
12:27:30.826 [main] WARN com.agilityhub.core.clubs.messaging.application.engine.TemplateRenderer -- Notification template of N-18d has no value for from_month
12:27:30.826 [main] WARN com.agilityhub.core.clubs.messaging.application.engine.TemplateRenderer -- Notification template of N-18d has no value for to_month
12:27:30.827 [main] WARN com.agilityhub.core.clubs.messaging.application.engine.TemplateRenderer -- Notification template of N-18d has no value for member_name
12:27:30.827 [main] WARN com.agilityhub.core.clubs.messaging.application.engine.TemplateRenderer -- Notification template of N-18d has no value for from_month
12:27:30.827 [main] WARN com.agilityhub.core.clubs.messaging.application.engine.TemplateRenderer -- Notification template of N-18d has no value for to_month
12:27:30.827 [main] WARN com.agilityhub.core.clubs.messaging.application.engine.TemplateRenderer -- Notification template of N-18d has no value for member_name
12:27:30.827 [main] WARN com.agilityhub.core.clubs.messaging.application.engine.TemplateRenderer -- Notification template of N-18d has no value for from_month
12:27:30.827 [main] WARN com.agilityhub.core.clubs.messaging.application.engine.TemplateRenderer -- Notification template of N-18d has no value for to_month
12:27:30.827 [main] WARN com.agilityhub.core.clubs.messaging.application.engine.TemplateRenderer -- Notification template of N-18d has no value for member_name
12:27:30.827 [main] WARN com.agilityhub.core.clubs.messaging.application.engine.TemplateRenderer -- Notification template of N-18d has no value for from_month
12:27:30.827 [main] WARN com.agilityhub.core.clubs.messaging.application.engine.TemplateRenderer -- Notification template of N-18d has no value for to_month
12:27:30.828 [main] WARN com.agilityhub.core.clubs.messaging.application.engine.TemplateRenderer -- Notification template of N-18d has no value for member_name
12:27:30.828 [main] WARN com.agilityhub.core.clubs.messaging.application.engine.TemplateRenderer -- Notification template of N-18d has no value for from_month
12:27:30.828 [main] WARN com.agilityhub.core.clubs.messaging.application.engine.TemplateRenderer -- Notification template of N-18d has no value for to_month
12:27:30.828 [main] WARN com.agilityhub.core.clubs.messaging.application.engine.TemplateRenderer -- Notification template of N-18d has no value for member_name
12:27:30.828 [main] WARN com.agilityhub.core.clubs.messaging.application.engine.TemplateRenderer -- Notification template of N-18d has no value for from_month
12:27:30.828 [main] WARN com.agilityhub.core.clubs.messaging.application.engine.TemplateRenderer -- Notification template of N-18d has no value for to_month
12:27:30.828 [main] WARN com.agilityhub.core.clubs.messaging.application.engine.TemplateRenderer -- Notification template of N-18d has no value for member_name
12:27:30.828 [main] WARN com.agilityhub.core.clubs.messaging.application.engine.TemplateRenderer -- Notification template of N-18d has no value for from_month
12:27:30.828 [main] WARN com.agilityhub.core.clubs.messaging.application.engine.TemplateRenderer -- Notification template of N-18d has no value for to_month
12:27:30.829 [main] WARN com.agilityhub.core.clubs.messaging.application.engine.TemplateRenderer -- Notification template of N-18d has no value for member_name
12:27:30.829 [main] WARN com.agilityhub.core.clubs.messaging.application.engine.TemplateRenderer -- Notification template of N-18d has no value for from_month
12:27:30.829 [main] WARN com.agilityhub.core.clubs.messaging.application.engine.TemplateRenderer -- Notification template of N-18d has no value for to_month
12:27:30.829 [main] WARN com.agilityhub.core.clubs.messaging.application.engine.TemplateRenderer -- Notification template of N-18d has no value for member_name
12:27:30.829 [main] WARN com.agilityhub.core.clubs.messaging.application.engine.TemplateRenderer -- Notification template of N-18d has no value for from_month
12:27:30.829 [main] WARN com.agilityhub.core.clubs.messaging.application.engine.TemplateRenderer -- Notification template of N-18d has no value for to_month
12:27:30.830 [main] WARN com.agilityhub.core.clubs.messaging.application.engine.TemplateRenderer -- Notification template of N-18d has no value for member_name
12:27:30.830 [main] WARN com.agilityhub.core.clubs.messaging.application.engine.TemplateRenderer -- Notification template of N-18d has no value for from_month
12:27:30.830 [main] WARN com.agilityhub.core.clubs.messaging.application.engine.TemplateRenderer -- Notification template of N-18d has no value for to_month
12:27:30.830 [main] WARN com.agilityhub.core.clubs.messaging.application.engine.TemplateRenderer -- Notification template of N-18d has no value for member_name
12:27:30.830 [main] WARN com.agilityhub.core.clubs.messaging.application.engine.TemplateRenderer -- Notification template of N-18d has no value for from_month
12:27:30.830 [main] WARN com.agilityhub.core.clubs.messaging.application.engine.TemplateRenderer -- Notification template of N-18d has no value for to_month
12:27:30.830 [main] WARN com.agilityhub.core.clubs.messaging.application.engine.TemplateRenderer -- Notification template of N-18d has no value for member_name
12:27:30.830 [main] WARN com.agilityhub.core.clubs.messaging.application.engine.TemplateRenderer -- Notification template of N-18d has no value for from_month
12:27:30.830 [main] WARN com.agilityhub.core.clubs.messaging.application.engine.TemplateRenderer -- Notification template of N-18d has no value for to_month
12:27:30.831 [main] WARN com.agilityhub.core.clubs.messaging.application.engine.TemplateRenderer -- Notification template of N-18d has no value for member_name
12:27:30.831 [main] WARN com.agilityhub.core.clubs.messaging.application.engine.TemplateRenderer -- Notification template of N-18d has no value for from_month
12:27:30.831 [main] WARN com.agilityhub.core.clubs.messaging.application.engine.TemplateRenderer -- Notification template of N-18d has no value for to_month
12:27:30.831 [main] WARN com.agilityhub.core.clubs.messaging.application.engine.TemplateRenderer -- Notification template of N-18d has no value for member_name
12:27:30.831 [main] WARN com.agilityhub.core.clubs.messaging.application.engine.TemplateRenderer -- Notification template of N-18d has no value for from_month
12:27:30.831 [main] WARN com.agilityhub.core.clubs.messaging.application.engine.TemplateRenderer -- Notification template of N-18d has no value for to_month
12:27:30.831 [main] WARN com.agilityhub.core.clubs.messaging.application.engine.TemplateRenderer -- Notification template of N-18d has no value for member_name
12:27:30.831 [main] WARN com.agilityhub.core.clubs.messaging.application.engine.TemplateRenderer -- Notification template of N-18d has no value for from_month
12:27:30.831 [main] WARN com.agilityhub.core.clubs.messaging.application.engine.TemplateRenderer -- Notification template of N-18d has no value for to_month
12:27:30.832 [main] WARN com.agilityhub.core.clubs.messaging.application.engine.TemplateRenderer -- Notification template of N-18d has no value for member_name
12:27:30.832 [main] WARN com.agilityhub.core.clubs.messaging.application.engine.TemplateRenderer -- Notification template of N-18d has no value for from_month
12:27:30.832 [main] WARN com.agilityhub.core.clubs.messaging.application.engine.TemplateRenderer -- Notification template of N-18d has no value for to_month
12:27:30.832 [main] WARN com.agilityhub.core.clubs.messaging.application.engine.TemplateRenderer -- Notification template of N-18d has no value for member_name
12:27:30.832 [main] WARN com.agilityhub.core.clubs.messaging.application.engine.TemplateRenderer -- Notification template of N-18d has no value for from_month
12:27:30.832 [main] WARN com.agilityhub.core.clubs.messaging.application.engine.TemplateRenderer -- Notification template of N-18d has no value for to_month
12:27:30.832 [main] WARN com.agilityhub.core.clubs.messaging.application.engine.TemplateRenderer -- Notification template of N-18d has no value for member_name
12:27:30.832 [main] WARN com.agilityhub.core.clubs.messaging.application.engine.TemplateRenderer -- Notification template of N-18d has no value for from_month
12:27:30.832 [main] WARN com.agilityhub.core.clubs.messaging.application.engine.TemplateRenderer -- Notification template of N-18d has no value for to_month
12:27:30.833 [main] WARN com.agilityhub.core.clubs.messaging.application.engine.TemplateRenderer -- Notification template of N-18d has no value for member_name
12:27:30.833 [main] WARN com.agilityhub.core.clubs.messaging.application.engine.TemplateRenderer -- Notification template of N-18d has no value for from_month
12:27:30.833 [main] WARN com.agilityhub.core.clubs.messaging.application.engine.TemplateRenderer -- Notification template of N-18d has no value for to_month
12:27:30.833 [main] WARN com.agilityhub.core.clubs.messaging.application.engine.TemplateRenderer -- Notification template of N-18d has no value for member_name
12:27:30.833 [main] WARN com.agilityhub.core.clubs.messaging.application.engine.TemplateRenderer -- Notification template of N-18d has no value for from_month
12:27:30.833 [main] WARN com.agilityhub.core.clubs.messaging.application.engine.TemplateRenderer -- Notification template of N-18d has no value for to_month
12:27:30.833 [main] WARN com.agilityhub.core.clubs.messaging.application.engine.TemplateRenderer -- Notification template of N-18d has no value for member_name
12:27:30.833 [main] WARN com.agilityhub.core.clubs.messaging.application.engine.TemplateRenderer -- Notification template of N-18d has no value for from_month
12:27:30.833 [main] WARN com.agilityhub.core.clubs.messaging.application.engine.TemplateRenderer -- Notification template of N-18d has no value for to_month
12:27:30.834 [main] WARN com.agilityhub.core.clubs.messaging.application.engine.TemplateRenderer -- Notification template of N-18d has no value for member_name
12:27:30.834 [main] WARN com.agilityhub.core.clubs.messaging.application.engine.TemplateRenderer -- Notification template of N-18d has no value for from_month
12:27:30.834 [main] WARN com.agilityhub.core.clubs.messaging.application.engine.TemplateRenderer -- Notification template of N-18d has no value for to_month
12:27:30.834 [main] WARN com.agilityhub.core.clubs.messaging.application.engine.TemplateRenderer -- Notification template of N-18d has no value for member_name
12:27:30.834 [main] WARN com.agilityhub.core.clubs.messaging.application.engine.TemplateRenderer -- Notification template of N-18d has no value for from_month
12:27:30.834 [main] WARN com.agilityhub.core.clubs.messaging.application.engine.TemplateRenderer -- Notification template of N-18d has no value for to_month
12:27:30.860 [main] WARN com.agilityhub.core.clubs.messaging.application.engine.TemplateRenderer -- Notification template of N-41 has no value for period
12:27:30.860 [main] WARN com.agilityhub.core.clubs.messaging.application.engine.TemplateRenderer -- Notification template of N-41 has no value for pending_count
12:27:30.860 [main] WARN com.agilityhub.core.clubs.messaging.application.engine.TemplateRenderer -- Notification template of N-41 has no value for period
12:27:30.860 [main] WARN com.agilityhub.core.clubs.messaging.application.engine.TemplateRenderer -- Notification template of N-41 has no value for pending_count
12:27:30.861 [main] WARN com.agilityhub.core.clubs.messaging.application.engine.TemplateRenderer -- Notification template of N-41 has no value for period
12:27:30.861 [main] WARN com.agilityhub.core.clubs.messaging.application.engine.TemplateRenderer -- Notification template of N-41 has no value for pending_count
12:27:30.861 [main] WARN com.agilityhub.core.clubs.messaging.application.engine.TemplateRenderer -- Notification template of N-41 has no value for period
12:27:30.861 [main] WARN com.agilityhub.core.clubs.messaging.application.engine.TemplateRenderer -- Notification template of N-41 has no value for pending_count
12:27:30.861 [main] WARN com.agilityhub.core.clubs.messaging.application.engine.TemplateRenderer -- Notification template of N-41 has no value for period
12:27:30.861 [main] WARN com.agilityhub.core.clubs.messaging.application.engine.TemplateRenderer -- Notification template of N-41 has no value for pending_count
12:27:30.862 [main] WARN com.agilityhub.core.clubs.messaging.application.engine.TemplateRenderer -- Notification template of N-41 has no value for period
12:27:30.862 [main] WARN com.agilityhub.core.clubs.messaging.application.engine.TemplateRenderer -- Notification template of N-41 has no value for pending_count
12:27:30.862 [main] WARN com.agilityhub.core.clubs.messaging.application.engine.TemplateRenderer -- Notification template of N-41 has no value for period
12:27:30.862 [main] WARN com.agilityhub.core.clubs.messaging.application.engine.TemplateRenderer -- Notification template of N-41 has no value for pending_count
12:27:30.862 [main] WARN com.agilityhub.core.clubs.messaging.application.engine.TemplateRenderer -- Notification template of N-41 has no value for period
12:27:30.863 [main] WARN com.agilityhub.core.clubs.messaging.application.engine.TemplateRenderer -- Notification template of N-41 has no value for pending_count
12:27:30.864 [main] WARN com.agilityhub.core.clubs.messaging.application.engine.TemplateRenderer -- Notification template of N-41 has no value for period
12:27:30.864 [main] WARN com.agilityhub.core.clubs.messaging.application.engine.TemplateRenderer -- Notification template of N-41 has no value for pending_count
12:27:30.864 [main] WARN com.agilityhub.core.clubs.messaging.application.engine.TemplateRenderer -- Notification template of N-41 has no value for period
12:27:30.864 [main] WARN com.agilityhub.core.clubs.messaging.application.engine.TemplateRenderer -- Notification template of N-41 has no value for pending_count
12:27:30.864 [main] WARN com.agilityhub.core.clubs.messaging.application.engine.TemplateRenderer -- Notification template of N-41 has no value for period
12:27:30.864 [main] WARN com.agilityhub.core.clubs.messaging.application.engine.TemplateRenderer -- Notification template of N-41 has no value for pending_count
12:27:30.864 [main] WARN com.agilityhub.core.clubs.messaging.application.engine.TemplateRenderer -- Notification template of N-41 has no value for period
12:27:30.864 [main] WARN com.agilityhub.core.clubs.messaging.application.engine.TemplateRenderer -- Notification template of N-41 has no value for pending_count
12:27:30.865 [main] WARN com.agilityhub.core.clubs.messaging.application.engine.TemplateRenderer -- Notification template of N-41 has no value for period
12:27:30.865 [main] WARN com.agilityhub.core.clubs.messaging.application.engine.TemplateRenderer -- Notification template of N-41 has no value for pending_count
12:27:30.865 [main] WARN com.agilityhub.core.clubs.messaging.application.engine.TemplateRenderer -- Notification template of N-41 has no value for period
12:27:30.865 [main] WARN com.agilityhub.core.clubs.messaging.application.engine.TemplateRenderer -- Notification template of N-41 has no value for pending_count
12:27:30.865 [main] WARN com.agilityhub.core.clubs.messaging.application.engine.TemplateRenderer -- Notification template of N-41 has no value for period
12:27:30.865 [main] WARN com.agilityhub.core.clubs.messaging.application.engine.TemplateRenderer -- Notification template of N-41 has no value for pending_count
12:27:30.866 [main] WARN com.agilityhub.core.clubs.messaging.application.engine.TemplateRenderer -- Notification template of N-41 has no value for period
12:27:30.866 [main] WARN com.agilityhub.core.clubs.messaging.application.engine.TemplateRenderer -- Notification template of N-41 has no value for pending_count
12:27:30.866 [main] WARN com.agilityhub.core.clubs.messaging.application.engine.TemplateRenderer -- Notification template of N-41 has no value for period
12:27:30.866 [main] WARN com.agilityhub.core.clubs.messaging.application.engine.TemplateRenderer -- Notification template of N-41 has no value for pending_count
12:27:30.867 [main] WARN com.agilityhub.core.clubs.messaging.application.engine.TemplateRenderer -- Notification template of N-41 has no value for period
12:27:30.867 [main] WARN com.agilityhub.core.clubs.messaging.application.engine.TemplateRenderer -- Notification template of N-41 has no value for pending_count
12:27:30.867 [main] WARN com.agilityhub.core.clubs.messaging.application.engine.TemplateRenderer -- Notification template of N-41 has no value for period
12:27:30.867 [main] WARN com.agilityhub.core.clubs.messaging.application.engine.TemplateRenderer -- Notification template of N-41 has no value for pending_count
12:27:30.867 [main] WARN com.agilityhub.core.clubs.messaging.application.engine.TemplateRenderer -- Notification template of N-41 has no value for period
12:27:30.867 [main] WARN com.agilityhub.core.clubs.messaging.application.engine.TemplateRenderer -- Notification template of N-41 has no value for pending_count
12:27:30.868 [main] WARN com.agilityhub.core.clubs.messaging.application.engine.TemplateRenderer -- Notification template of N-41 has no value for period
12:27:30.868 [main] WARN com.agilityhub.core.clubs.messaging.application.engine.TemplateRenderer -- Notification template of N-41 has no value for pending_count
12:27:30.868 [main] WARN com.agilityhub.core.clubs.messaging.application.engine.TemplateRenderer -- Notification template of N-41 has no value for period
12:27:30.868 [main] WARN com.agilityhub.core.clubs.messaging.application.engine.TemplateRenderer -- Notification template of N-41 has no value for pending_count
12:27:30.868 [main] WARN com.agilityhub.core.clubs.messaging.application.engine.TemplateRenderer -- Notification template of N-41 has no value for period
12:27:30.868 [main] WARN com.agilityhub.core.clubs.messaging.application.engine.TemplateRenderer -- Notification template of N-41 has no value for pending_count
12:27:30.868 [main] WARN com.agilityhub.core.clubs.messaging.application.engine.TemplateRenderer -- Notification template of N-41 has no value for period
12:27:30.868 [main] WARN com.agilityhub.core.clubs.messaging.application.engine.TemplateRenderer -- Notification template of N-41 has no value for pending_count
12:27:30.869 [main] WARN com.agilityhub.core.clubs.messaging.application.engine.TemplateRenderer -- Notification template of N-41 has no value for period
12:27:30.869 [main] WARN com.agilityhub.core.clubs.messaging.application.engine.TemplateRenderer -- Notification template of N-41 has no value for pending_count
12:27:30.869 [main] WARN com.agilityhub.core.clubs.messaging.application.engine.TemplateRenderer -- Notification template of N-41 has no value for period
12:27:30.869 [main] WARN com.agilityhub.core.clubs.messaging.application.engine.TemplateRenderer -- Notification template of N-41 has no value for pending_count
12:27:30.870 [main] WARN com.agilityhub.core.clubs.messaging.application.engine.TemplateRenderer -- Notification template of N-41 has no value for period
12:27:30.870 [main] WARN com.agilityhub.core.clubs.messaging.application.engine.TemplateRenderer -- Notification template of N-41 has no value for pending_count
12:27:30.870 [main] WARN com.agilityhub.core.clubs.messaging.application.engine.TemplateRenderer -- Notification template of N-41 has no value for period
12:27:30.870 [main] WARN com.agilityhub.core.clubs.messaging.application.engine.TemplateRenderer -- Notification template of N-41 has no value for pending_count
12:27:30.870 [main] WARN com.agilityhub.core.clubs.messaging.application.engine.TemplateRenderer -- Notification template of N-41 has no value for period
12:27:30.870 [main] WARN com.agilityhub.core.clubs.messaging.application.engine.TemplateRenderer -- Notification template of N-41 has no value for pending_count
12:27:30.871 [main] WARN com.agilityhub.core.clubs.messaging.application.engine.TemplateRenderer -- Notification template of N-41 has no value for period
12:27:30.871 [main] WARN com.agilityhub.core.clubs.messaging.application.engine.TemplateRenderer -- Notification template of N-41 has no value for pending_count
12:27:30.871 [main] WARN com.agilityhub.core.clubs.messaging.application.engine.TemplateRenderer -- Notification template of N-41 has no value for period
12:27:30.871 [main] WARN com.agilityhub.core.clubs.messaging.application.engine.TemplateRenderer -- Notification template of N-41 has no value for pending_count
12:27:30.871 [main] WARN com.agilityhub.core.clubs.messaging.application.engine.TemplateRenderer -- Notification template of N-41 has no value for period
12:27:30.871 [main] WARN com.agilityhub.core.clubs.messaging.application.engine.TemplateRenderer -- Notification template of N-41 has no value for pending_count
12:27:30.872 [main] WARN com.agilityhub.core.clubs.messaging.application.engine.TemplateRenderer -- Notification template of N-42 has no value for job_name
12:27:30.872 [main] WARN com.agilityhub.core.clubs.messaging.application.engine.TemplateRenderer -- Notification template of N-42 has no value for error_count
12:27:30.872 [main] WARN com.agilityhub.core.clubs.messaging.application.engine.TemplateRenderer -- Notification template of N-42 has no value for job_name
12:27:30.872 [main] WARN com.agilityhub.core.clubs.messaging.application.engine.TemplateRenderer -- Notification template of N-42 has no value for error_count
12:27:30.872 [main] WARN com.agilityhub.core.clubs.messaging.application.engine.TemplateRenderer -- Notification template of N-42 has no value for job_name
12:27:30.872 [main] WARN com.agilityhub.core.clubs.messaging.application.engine.TemplateRenderer -- Notification template of N-42 has no value for error_count
12:27:30.872 [main] WARN com.agilityhub.core.clubs.messaging.application.engine.TemplateRenderer -- Notification template of N-42 has no value for job_name
12:27:30.872 [main] WARN com.agilityhub.core.clubs.messaging.application.engine.TemplateRenderer -- Notification template of N-42 has no value for error_count
12:27:30.873 [main] WARN com.agilityhub.core.clubs.messaging.application.engine.TemplateRenderer -- Notification template of N-42 has no value for job_name
12:27:30.873 [main] WARN com.agilityhub.core.clubs.messaging.application.engine.TemplateRenderer -- Notification template of N-42 has no value for error_count
12:27:30.873 [main] WARN com.agilityhub.core.clubs.messaging.application.engine.TemplateRenderer -- Notification template of N-42 has no value for job_name
12:27:30.873 [main] WARN com.agilityhub.core.clubs.messaging.application.engine.TemplateRenderer -- Notification template of N-42 has no value for error_count
12:27:30.873 [main] WARN com.agilityhub.core.clubs.messaging.application.engine.TemplateRenderer -- Notification template of N-42 has no value for job_name
12:27:30.873 [main] WARN com.agilityhub.core.clubs.messaging.application.engine.TemplateRenderer -- Notification template of N-42 has no value for error_count
12:27:30.873 [main] WARN com.agilityhub.core.clubs.messaging.application.engine.TemplateRenderer -- Notification template of N-42 has no value for job_name
12:27:30.873 [main] WARN com.agilityhub.core.clubs.messaging.application.engine.TemplateRenderer -- Notification template of N-42 has no value for error_count
12:27:30.874 [main] WARN com.agilityhub.core.clubs.messaging.application.engine.TemplateRenderer -- Notification template of N-42 has no value for job_name
12:27:30.874 [main] WARN com.agilityhub.core.clubs.messaging.application.engine.TemplateRenderer -- Notification template of N-42 has no value for error_count
12:27:30.874 [main] WARN com.agilityhub.core.clubs.messaging.application.engine.TemplateRenderer -- Notification template of N-42 has no value for job_name
12:27:30.874 [main] WARN com.agilityhub.core.clubs.messaging.application.engine.TemplateRenderer -- Notification template of N-42 has no value for error_count
12:27:30.874 [main] WARN com.agilityhub.core.clubs.messaging.application.engine.TemplateRenderer -- Notification template of N-42 has no value for job_name
12:27:30.874 [main] WARN com.agilityhub.core.clubs.messaging.application.engine.TemplateRenderer -- Notification template of N-42 has no value for error_count
12:27:30.874 [main] WARN com.agilityhub.core.clubs.messaging.application.engine.TemplateRenderer -- Notification template of N-42 has no value for job_name
12:27:30.874 [main] WARN com.agilityhub.core.clubs.messaging.application.engine.TemplateRenderer -- Notification template of N-42 has no value for error_count
12:27:30.874 [main] WARN com.agilityhub.core.clubs.messaging.application.engine.TemplateRenderer -- Notification template of N-42 has no value for job_name
12:27:30.874 [main] WARN com.agilityhub.core.clubs.messaging.application.engine.TemplateRenderer -- Notification template of N-42 has no value for error_count
12:27:30.875 [main] WARN com.agilityhub.core.clubs.messaging.application.engine.TemplateRenderer -- Notification template of N-42 has no value for job_name
12:27:30.875 [main] WARN com.agilityhub.core.clubs.messaging.application.engine.TemplateRenderer -- Notification template of N-42 has no value for error_count
12:27:30.875 [main] WARN com.agilityhub.core.clubs.messaging.application.engine.TemplateRenderer -- Notification template of N-42 has no value for job_name
12:27:30.875 [main] WARN com.agilityhub.core.clubs.messaging.application.engine.TemplateRenderer -- Notification template of N-42 has no value for error_count
12:27:30.875 [main] WARN com.agilityhub.core.clubs.messaging.application.engine.TemplateRenderer -- Notification template of N-42 has no value for job_name
12:27:30.875 [main] WARN com.agilityhub.core.clubs.messaging.application.engine.TemplateRenderer -- Notification template of N-42 has no value for error_count
12:27:30.875 [main] WARN com.agilityhub.core.clubs.messaging.application.engine.TemplateRenderer -- Notification template of N-42 has no value for job_name
12:27:30.875 [main] WARN com.agilityhub.core.clubs.messaging.application.engine.TemplateRenderer -- Notification template of N-42 has no value for error_count
12:27:30.876 [main] WARN com.agilityhub.core.clubs.messaging.application.engine.TemplateRenderer -- Notification template of N-42 has no value for job_name
12:27:30.876 [main] WARN com.agilityhub.core.clubs.messaging.application.engine.TemplateRenderer -- Notification template of N-42 has no value for error_count
12:27:30.876 [main] WARN com.agilityhub.core.clubs.messaging.application.engine.TemplateRenderer -- Notification template of N-42 has no value for job_name
12:27:30.876 [main] WARN com.agilityhub.core.clubs.messaging.application.engine.TemplateRenderer -- Notification template of N-42 has no value for error_count
12:27:30.876 [main] WARN com.agilityhub.core.clubs.messaging.application.engine.TemplateRenderer -- Notification template of N-42 has no value for job_name
12:27:30.876 [main] WARN com.agilityhub.core.clubs.messaging.application.engine.TemplateRenderer -- Notification template of N-42 has no value for error_count
12:27:30.876 [main] WARN com.agilityhub.core.clubs.messaging.application.engine.TemplateRenderer -- Notification template of N-42 has no value for job_name
12:27:30.876 [main] WARN com.agilityhub.core.clubs.messaging.application.engine.TemplateRenderer -- Notification template of N-42 has no value for error_count
12:27:30.876 [main] WARN com.agilityhub.core.clubs.messaging.application.engine.TemplateRenderer -- Notification template of N-42 has no value for job_name
12:27:30.876 [main] WARN com.agilityhub.core.clubs.messaging.application.engine.TemplateRenderer -- Notification template of N-42 has no value for error_count
12:27:30.877 [main] WARN com.agilityhub.core.clubs.messaging.application.engine.TemplateRenderer -- Notification template of N-42 has no value for job_name
12:27:30.877 [main] WARN com.agilityhub.core.clubs.messaging.application.engine.TemplateRenderer -- Notification template of N-42 has no value for error_count
12:27:30.877 [main] WARN com.agilityhub.core.clubs.messaging.application.engine.TemplateRenderer -- Notification template of N-42 has no value for job_name
12:27:30.877 [main] WARN com.agilityhub.core.clubs.messaging.application.engine.TemplateRenderer -- Notification template of N-42 has no value for error_count
12:27:30.877 [main] WARN com.agilityhub.core.clubs.messaging.application.engine.TemplateRenderer -- Notification template of N-42 has no value for job_name
12:27:30.877 [main] WARN com.agilityhub.core.clubs.messaging.application.engine.TemplateRenderer -- Notification template of N-42 has no value for error_count
12:27:30.877 [main] WARN com.agilityhub.core.clubs.messaging.application.engine.TemplateRenderer -- Notification template of N-42 has no value for job_name
12:27:30.877 [main] WARN com.agilityhub.core.clubs.messaging.application.engine.TemplateRenderer -- Notification template of N-42 has no value for error_count
12:27:30.878 [main] WARN com.agilityhub.core.clubs.messaging.application.engine.TemplateRenderer -- Notification template of N-42 has no value for job_name
12:27:30.878 [main] WARN com.agilityhub.core.clubs.messaging.application.engine.TemplateRenderer -- Notification template of N-42 has no value for error_count
12:27:30.878 [main] WARN com.agilityhub.core.clubs.messaging.application.engine.TemplateRenderer -- Notification template of N-42 has no value for job_name
12:27:30.878 [main] WARN com.agilityhub.core.clubs.messaging.application.engine.TemplateRenderer -- Notification template of N-42 has no value for error_count
12:27:30.878 [main] WARN com.agilityhub.core.clubs.messaging.application.engine.TemplateRenderer -- Notification template of N-42 has no value for job_name
12:27:30.878 [main] WARN com.agilityhub.core.clubs.messaging.application.engine.TemplateRenderer -- Notification template of N-42 has no value for error_count
12:27:30.878 [main] WARN com.agilityhub.core.clubs.messaging.application.engine.TemplateRenderer -- Notification template of N-42 has no value for job_name
12:27:30.878 [main] WARN com.agilityhub.core.clubs.messaging.application.engine.TemplateRenderer -- Notification template of N-42 has no value for error_count
12:27:30.879 [main] WARN com.agilityhub.core.clubs.messaging.application.engine.TemplateRenderer -- Notification template of N-42 has no value for job_name
12:27:30.879 [main] WARN com.agilityhub.core.clubs.messaging.application.engine.TemplateRenderer -- Notification template of N-42 has no value for error_count
12:27:30.879 [main] WARN com.agilityhub.core.clubs.messaging.application.engine.TemplateRenderer -- Notification template of N-42 has no value for job_name
12:27:30.879 [main] WARN com.agilityhub.core.clubs.messaging.application.engine.TemplateRenderer -- Notification template of N-42 has no value for error_count
12:27:30.891 [main] WARN com.agilityhub.core.clubs.messaging.application.engine.TemplateRenderer -- Notification template of N-47 has no value for change
12:27:30.891 [main] WARN com.agilityhub.core.clubs.messaging.application.engine.TemplateRenderer -- Notification template of N-47 has no value for change
12:27:30.891 [main] WARN com.agilityhub.core.clubs.messaging.application.engine.TemplateRenderer -- Notification template of N-47 has no value for has_admin_text
12:27:30.892 [main] WARN com.agilityhub.core.clubs.messaging.application.engine.TemplateRenderer -- Notification template of N-47 has no value for change
12:27:30.892 [main] WARN com.agilityhub.core.clubs.messaging.application.engine.TemplateRenderer -- Notification template of N-47 has no value for change
12:27:30.892 [main] WARN com.agilityhub.core.clubs.messaging.application.engine.TemplateRenderer -- Notification template of N-47 has no value for has_admin_text
12:27:30.892 [main] WARN com.agilityhub.core.clubs.messaging.application.engine.TemplateRenderer -- Notification template of N-47 has no value for change
12:27:30.892 [main] WARN com.agilityhub.core.clubs.messaging.application.engine.TemplateRenderer -- Notification template of N-47 has no value for change
12:27:30.892 [main] WARN com.agilityhub.core.clubs.messaging.application.engine.TemplateRenderer -- Notification template of N-47 has no value for has_admin_text
12:27:30.892 [main] WARN com.agilityhub.core.clubs.messaging.application.engine.TemplateRenderer -- Notification template of N-47 has no value for change
12:27:30.892 [main] WARN com.agilityhub.core.clubs.messaging.application.engine.TemplateRenderer -- Notification template of N-47 has no value for change
12:27:30.892 [main] WARN com.agilityhub.core.clubs.messaging.application.engine.TemplateRenderer -- Notification template of N-47 has no value for has_admin_text
12:27:30.893 [main] WARN com.agilityhub.core.clubs.messaging.application.engine.TemplateRenderer -- Notification template of N-47 has no value for change
12:27:30.893 [main] WARN com.agilityhub.core.clubs.messaging.application.engine.TemplateRenderer -- Notification template of N-47 has no value for change
12:27:30.893 [main] WARN com.agilityhub.core.clubs.messaging.application.engine.TemplateRenderer -- Notification template of N-47 has no value for has_admin_text
12:27:30.893 [main] WARN com.agilityhub.core.clubs.messaging.application.engine.TemplateRenderer -- Notification template of N-47 has no value for change
12:27:30.893 [main] WARN com.agilityhub.core.clubs.messaging.application.engine.TemplateRenderer -- Notification template of N-47 has no value for change
12:27:30.893 [main] WARN com.agilityhub.core.clubs.messaging.application.engine.TemplateRenderer -- Notification template of N-47 has no value for has_admin_text
12:27:30.893 [main] WARN com.agilityhub.core.clubs.messaging.application.engine.TemplateRenderer -- Notification template of N-47 has no value for change
12:27:30.893 [main] WARN com.agilityhub.core.clubs.messaging.application.engine.TemplateRenderer -- Notification template of N-47 has no value for change
12:27:30.893 [main] WARN com.agilityhub.core.clubs.messaging.application.engine.TemplateRenderer -- Notification template of N-47 has no value for has_admin_text
12:27:30.893 [main] WARN com.agilityhub.core.clubs.messaging.application.engine.TemplateRenderer -- Notification template of N-47 has no value for change
12:27:30.893 [main] WARN com.agilityhub.core.clubs.messaging.application.engine.TemplateRenderer -- Notification template of N-47 has no value for change
12:27:30.893 [main] WARN com.agilityhub.core.clubs.messaging.application.engine.TemplateRenderer -- Notification template of N-47 has no value for has_admin_text
12:27:30.894 [main] WARN com.agilityhub.core.clubs.messaging.application.engine.TemplateRenderer -- Notification template of N-47 has no value for change
12:27:30.894 [main] WARN com.agilityhub.core.clubs.messaging.application.engine.TemplateRenderer -- Notification template of N-47 has no value for change
12:27:30.894 [main] WARN com.agilityhub.core.clubs.messaging.application.engine.TemplateRenderer -- Notification template of N-47 has no value for has_admin_text
12:27:30.894 [main] WARN com.agilityhub.core.clubs.messaging.application.engine.TemplateRenderer -- Notification template of N-47 has no value for change
12:27:30.894 [main] WARN com.agilityhub.core.clubs.messaging.application.engine.TemplateRenderer -- Notification template of N-47 has no value for change
12:27:30.894 [main] WARN com.agilityhub.core.clubs.messaging.application.engine.TemplateRenderer -- Notification template of N-47 has no value for has_admin_text
12:27:30.894 [main] WARN com.agilityhub.core.clubs.messaging.application.engine.TemplateRenderer -- Notification template of N-47 has no value for change
12:27:30.894 [main] WARN com.agilityhub.core.clubs.messaging.application.engine.TemplateRenderer -- Notification template of N-47 has no value for change
12:27:30.894 [main] WARN com.agilityhub.core.clubs.messaging.application.engine.TemplateRenderer -- Notification template of N-47 has no value for has_admin_text
12:27:30.895 [main] WARN com.agilityhub.core.clubs.messaging.application.engine.TemplateRenderer -- Notification template of N-47 has no value for change
12:27:30.895 [main] WARN com.agilityhub.core.clubs.messaging.application.engine.TemplateRenderer -- Notification template of N-47 has no value for change
12:27:30.895 [main] WARN com.agilityhub.core.clubs.messaging.application.engine.TemplateRenderer -- Notification template of N-47 has no value for has_admin_text
12:27:30.895 [main] WARN com.agilityhub.core.clubs.messaging.application.engine.TemplateRenderer -- Notification template of N-47 has no value for change
12:27:30.895 [main] WARN com.agilityhub.core.clubs.messaging.application.engine.TemplateRenderer -- Notification template of N-47 has no value for change
12:27:30.895 [main] WARN com.agilityhub.core.clubs.messaging.application.engine.TemplateRenderer -- Notification template of N-47 has no value for has_admin_text
12:27:30.895 [main] WARN com.agilityhub.core.clubs.messaging.application.engine.TemplateRenderer -- Notification template of N-47 has no value for change
12:27:30.895 [main] WARN com.agilityhub.core.clubs.messaging.application.engine.TemplateRenderer -- Notification template of N-47 has no value for change
12:27:30.895 [main] WARN com.agilityhub.core.clubs.messaging.application.engine.TemplateRenderer -- Notification template of N-47 has no value for has_admin_text
12:27:30.896 [main] WARN com.agilityhub.core.clubs.messaging.application.engine.TemplateRenderer -- Notification template of N-47 has no value for change
12:27:30.896 [main] WARN com.agilityhub.core.clubs.messaging.application.engine.TemplateRenderer -- Notification template of N-47 has no value for change
12:27:30.896 [main] WARN com.agilityhub.core.clubs.messaging.application.engine.TemplateRenderer -- Notification template of N-47 has no value for has_admin_text
12:27:30.896 [main] WARN com.agilityhub.core.clubs.messaging.application.engine.TemplateRenderer -- Notification template of N-47 has no value for change
12:27:30.896 [main] WARN com.agilityhub.core.clubs.messaging.application.engine.TemplateRenderer -- Notification template of N-47 has no value for change
12:27:30.896 [main] WARN com.agilityhub.core.clubs.messaging.application.engine.TemplateRenderer -- Notification template of N-47 has no value for has_admin_text
12:27:30.896 [main] WARN com.agilityhub.core.clubs.messaging.application.engine.TemplateRenderer -- Notification template of N-47 has no value for change
12:27:30.896 [main] WARN com.agilityhub.core.clubs.messaging.application.engine.TemplateRenderer -- Notification template of N-47 has no value for change
12:27:30.896 [main] WARN com.agilityhub.core.clubs.messaging.application.engine.TemplateRenderer -- Notification template of N-47 has no value for has_admin_text
12:27:30.897 [main] WARN com.agilityhub.core.clubs.messaging.application.engine.TemplateRenderer -- Notification template of N-47 has no value for change
12:27:30.897 [main] WARN com.agilityhub.core.clubs.messaging.application.engine.TemplateRenderer -- Notification template of N-47 has no value for change
12:27:30.897 [main] WARN com.agilityhub.core.clubs.messaging.application.engine.TemplateRenderer -- Notification template of N-47 has no value for has_admin_text
12:27:30.897 [main] WARN com.agilityhub.core.clubs.messaging.application.engine.TemplateRenderer -- Notification template of N-47 has no value for change
12:27:30.897 [main] WARN com.agilityhub.core.clubs.messaging.application.engine.TemplateRenderer -- Notification template of N-47 has no value for change
12:27:30.897 [main] WARN com.agilityhub.core.clubs.messaging.application.engine.TemplateRenderer -- Notification template of N-47 has no value for has_admin_text
12:27:30.898 [main] WARN com.agilityhub.core.clubs.messaging.application.engine.TemplateRenderer -- Notification template of N-47 has no value for change
12:27:30.898 [main] WARN com.agilityhub.core.clubs.messaging.application.engine.TemplateRenderer -- Notification template of N-47 has no value for change
12:27:30.898 [main] WARN com.agilityhub.core.clubs.messaging.application.engine.TemplateRenderer -- Notification template of N-47 has no value for has_admin_text
12:27:30.898 [main] WARN com.agilityhub.core.clubs.messaging.application.engine.TemplateRenderer -- Notification template of N-47 has no value for change
12:27:30.898 [main] WARN com.agilityhub.core.clubs.messaging.application.engine.TemplateRenderer -- Notification template of N-47 has no value for change
12:27:30.898 [main] WARN com.agilityhub.core.clubs.messaging.application.engine.TemplateRenderer -- Notification template of N-47 has no value for has_admin_text
12:27:30.899 [main] WARN com.agilityhub.core.clubs.messaging.application.engine.TemplateRenderer -- Notification template of N-47 has no value for change
12:27:30.899 [main] WARN com.agilityhub.core.clubs.messaging.application.engine.TemplateRenderer -- Notification template of N-47 has no value for change
12:27:30.899 [main] WARN com.agilityhub.core.clubs.messaging.application.engine.TemplateRenderer -- Notification template of N-47 has no value for has_admin_text
12:27:30.899 [main] WARN com.agilityhub.core.clubs.messaging.application.engine.TemplateRenderer -- Notification template of N-47 has no value for change
12:27:30.899 [main] WARN com.agilityhub.core.clubs.messaging.application.engine.TemplateRenderer -- Notification template of N-47 has no value for change
12:27:30.899 [main] WARN com.agilityhub.core.clubs.messaging.application.engine.TemplateRenderer -- Notification template of N-47 has no value for has_admin_text
12:27:30.899 [main] WARN com.agilityhub.core.clubs.messaging.application.engine.TemplateRenderer -- Notification template of N-47 has no value for change
12:27:30.899 [main] WARN com.agilityhub.core.clubs.messaging.application.engine.TemplateRenderer -- Notification template of N-47 has no value for change
12:27:30.899 [main] WARN com.agilityhub.core.clubs.messaging.application.engine.TemplateRenderer -- Notification template of N-47 has no value for has_admin_text
12:27:30.900 [main] WARN com.agilityhub.core.clubs.messaging.application.engine.TemplateRenderer -- Notification template of N-47 has no value for change
12:27:30.900 [main] WARN com.agilityhub.core.clubs.messaging.application.engine.TemplateRenderer -- Notification template of N-47 has no value for change
12:27:30.900 [main] WARN com.agilityhub.core.clubs.messaging.application.engine.TemplateRenderer -- Notification template of N-47 has no value for has_admin_text
12:27:30.900 [main] WARN com.agilityhub.core.clubs.messaging.application.engine.TemplateRenderer -- Notification template of N-47 has no value for change
12:27:30.900 [main] WARN com.agilityhub.core.clubs.messaging.application.engine.TemplateRenderer -- Notification template of N-47 has no value for change
12:27:30.900 [main] WARN com.agilityhub.core.clubs.messaging.application.engine.TemplateRenderer -- Notification template of N-47 has no value for has_admin_text
12:27:30.900 [main] WARN com.agilityhub.core.clubs.messaging.application.engine.TemplateRenderer -- Notification template of N-47 has no value for change
12:27:30.900 [main] WARN com.agilityhub.core.clubs.messaging.application.engine.TemplateRenderer -- Notification template of N-47 has no value for change
12:27:30.900 [main] WARN com.agilityhub.core.clubs.messaging.application.engine.TemplateRenderer -- Notification template of N-47 has no value for has_admin_text
12:27:30.900 [main] WARN com.agilityhub.core.clubs.messaging.application.engine.TemplateRenderer -- Notification template of N-47 has no value for change
12:27:30.900 [main] WARN com.agilityhub.core.clubs.messaging.application.engine.TemplateRenderer -- Notification template of N-47 has no value for change
12:27:30.900 [main] WARN com.agilityhub.core.clubs.messaging.application.engine.TemplateRenderer -- Notification template of N-47 has no value for has_admin_text
12:27:30.901 [main] WARN com.agilityhub.core.clubs.messaging.application.engine.TemplateRenderer -- Notification template of N-47 has no value for change
12:27:30.901 [main] WARN com.agilityhub.core.clubs.messaging.application.engine.TemplateRenderer -- Notification template of N-47 has no value for change
12:27:30.901 [main] WARN com.agilityhub.core.clubs.messaging.application.engine.TemplateRenderer -- Notification template of N-47 has no value for has_admin_text
12:27:30.901 [main] WARN com.agilityhub.core.clubs.messaging.application.engine.TemplateRenderer -- Notification template of N-47 has no value for change
12:27:30.901 [main] WARN com.agilityhub.core.clubs.messaging.application.engine.TemplateRenderer -- Notification template of N-47 has no value for change
12:27:30.901 [main] WARN com.agilityhub.core.clubs.messaging.application.engine.TemplateRenderer -- Notification template of N-47 has no value for has_admin_text
12:27:30.902 [main] WARN com.agilityhub.core.clubs.messaging.application.engine.TemplateRenderer -- Notification template of N-47 has no value for change
12:27:30.902 [main] WARN com.agilityhub.core.clubs.messaging.application.engine.TemplateRenderer -- Notification template of N-47 has no value for change
12:27:30.902 [main] WARN com.agilityhub.core.clubs.messaging.application.engine.TemplateRenderer -- Notification template of N-47 has no value for has_admin_text
12:27:30.902 [main] WARN com.agilityhub.core.clubs.messaging.application.engine.TemplateRenderer -- Notification template of N-47 has no value for change
12:27:30.902 [main] WARN com.agilityhub.core.clubs.messaging.application.engine.TemplateRenderer -- Notification template of N-47 has no value for change
12:27:30.902 [main] WARN com.agilityhub.core.clubs.messaging.application.engine.TemplateRenderer -- Notification template of N-47 has no value for has_admin_text
12:27:30.902 [main] WARN com.agilityhub.core.clubs.messaging.application.engine.TemplateRenderer -- Notification template of N-47 has no value for change
12:27:30.902 [main] WARN com.agilityhub.core.clubs.messaging.application.engine.TemplateRenderer -- Notification template of N-47 has no value for change
12:27:30.902 [main] WARN com.agilityhub.core.clubs.messaging.application.engine.TemplateRenderer -- Notification template of N-47 has no value for has_admin_text
12:27:30.903 [main] WARN com.agilityhub.core.clubs.messaging.application.engine.TemplateRenderer -- Notification template of N-47 has no value for change
12:27:30.903 [main] WARN com.agilityhub.core.clubs.messaging.application.engine.TemplateRenderer -- Notification template of N-47 has no value for change
12:27:30.903 [main] WARN com.agilityhub.core.clubs.messaging.application.engine.TemplateRenderer -- Notification template of N-47 has no value for has_admin_text
12:27:30.903 [main] WARN com.agilityhub.core.clubs.messaging.application.engine.TemplateRenderer -- Notification template of N-47 has no value for change
12:27:30.903 [main] WARN com.agilityhub.core.clubs.messaging.application.engine.TemplateRenderer -- Notification template of N-47 has no value for change
12:27:30.903 [main] WARN com.agilityhub.core.clubs.messaging.application.engine.TemplateRenderer -- Notification template of N-47 has no value for has_admin_text
12:27:30.903 [main] WARN com.agilityhub.core.clubs.messaging.application.engine.TemplateRenderer -- Notification template of N-47 has no value for change
12:27:30.903 [main] WARN com.agilityhub.core.clubs.messaging.application.engine.TemplateRenderer -- Notification template of N-47 has no value for change
12:27:30.903 [main] WARN com.agilityhub.core.clubs.messaging.application.engine.TemplateRenderer -- Notification template of N-47 has no value for has_admin_text
12:27:30.904 [main] WARN com.agilityhub.core.clubs.messaging.application.engine.TemplateRenderer -- Notification template of N-47 has no value for change
12:27:30.904 [main] WARN com.agilityhub.core.clubs.messaging.application.engine.TemplateRenderer -- Notification template of N-47 has no value for change
12:27:30.904 [main] WARN com.agilityhub.core.clubs.messaging.application.engine.TemplateRenderer -- Notification template of N-47 has no value for has_admin_text
12:27:30.904 [main] WARN com.agilityhub.core.clubs.messaging.application.engine.TemplateRenderer -- Notification template of N-47 has no value for change
12:27:30.904 [main] WARN com.agilityhub.core.clubs.messaging.application.engine.TemplateRenderer -- Notification template of N-47 has no value for change
12:27:30.904 [main] WARN com.agilityhub.core.clubs.messaging.application.engine.TemplateRenderer -- Notification template of N-47 has no value for has_admin_text
12:27:30.905 [main] WARN com.agilityhub.core.clubs.messaging.application.engine.TemplateRenderer -- Notification template of N-47 has no value for change
12:27:30.905 [main] WARN com.agilityhub.core.clubs.messaging.application.engine.TemplateRenderer -- Notification template of N-47 has no value for change
12:27:30.905 [main] WARN com.agilityhub.core.clubs.messaging.application.engine.TemplateRenderer -- Notification template of N-47 has no value for has_admin_text
12:27:30.905 [main] WARN com.agilityhub.core.clubs.messaging.application.engine.TemplateRenderer -- Notification template of N-47 has no value for change
12:27:30.905 [main] WARN com.agilityhub.core.clubs.messaging.application.engine.TemplateRenderer -- Notification template of N-47 has no value for change
12:27:30.905 [main] WARN com.agilityhub.core.clubs.messaging.application.engine.TemplateRenderer -- Notification template of N-47 has no value for has_admin_text
12:27:30.906 [main] WARN com.agilityhub.core.clubs.messaging.application.engine.TemplateRenderer -- Notification template of N-47 has no value for change
12:27:30.906 [main] WARN com.agilityhub.core.clubs.messaging.application.engine.TemplateRenderer -- Notification template of N-47 has no value for change
12:27:30.906 [main] WARN com.agilityhub.core.clubs.messaging.application.engine.TemplateRenderer -- Notification template of N-47 has no value for has_admin_text
12:27:30.906 [main] WARN com.agilityhub.core.clubs.messaging.application.engine.TemplateRenderer -- Notification template of N-47 has no value for change
12:27:30.906 [main] WARN com.agilityhub.core.clubs.messaging.application.engine.TemplateRenderer -- Notification template of N-47 has no value for change
12:27:30.906 [main] WARN com.agilityhub.core.clubs.messaging.application.engine.TemplateRenderer -- Notification template of N-47 has no value for has_admin_text
12:27:30.907 [main] WARN com.agilityhub.core.clubs.messaging.application.engine.TemplateRenderer -- Notification template of N-47 has no value for change
12:27:30.907 [main] WARN com.agilityhub.core.clubs.messaging.application.engine.TemplateRenderer -- Notification template of N-47 has no value for change
12:27:30.907 [main] WARN com.agilityhub.core.clubs.messaging.application.engine.TemplateRenderer -- Notification template of N-47 has no value for has_admin_text
12:27:30.907 [main] WARN com.agilityhub.core.clubs.messaging.application.engine.TemplateRenderer -- Notification template of N-47 has no value for change
12:27:30.907 [main] WARN com.agilityhub.core.clubs.messaging.application.engine.TemplateRenderer -- Notification template of N-47 has no value for change
12:27:30.907 [main] WARN com.agilityhub.core.clubs.messaging.application.engine.TemplateRenderer -- Notification template of N-47 has no value for has_admin_text
12:27:30.908 [main] WARN com.agilityhub.core.clubs.messaging.application.engine.TemplateRenderer -- Notification template of N-47 has no value for change
12:27:30.908 [main] WARN com.agilityhub.core.clubs.messaging.application.engine.TemplateRenderer -- Notification template of N-47 has no value for change
12:27:30.908 [main] WARN com.agilityhub.core.clubs.messaging.application.engine.TemplateRenderer -- Notification template of N-47 has no value for has_admin_text
12:27:30.908 [main] WARN com.agilityhub.core.clubs.messaging.application.engine.TemplateRenderer -- Notification template of N-47 has no value for change
12:27:30.908 [main] WARN com.agilityhub.core.clubs.messaging.application.engine.TemplateRenderer -- Notification template of N-47 has no value for change
12:27:30.908 [main] WARN com.agilityhub.core.clubs.messaging.application.engine.TemplateRenderer -- Notification template of N-47 has no value for has_admin_text
12:27:30.908 [main] WARN com.agilityhub.core.clubs.messaging.application.engine.TemplateRenderer -- Notification template of N-47 has no value for change
12:27:30.908 [main] WARN com.agilityhub.core.clubs.messaging.application.engine.TemplateRenderer -- Notification template of N-47 has no value for change
12:27:30.908 [main] WARN com.agilityhub.core.clubs.messaging.application.engine.TemplateRenderer -- Notification template of N-47 has no value for has_admin_text
12:27:30.908 [main] WARN com.agilityhub.core.clubs.messaging.application.engine.TemplateRenderer -- Notification template of N-47 has no value for change
12:27:30.908 [main] WARN com.agilityhub.core.clubs.messaging.application.engine.TemplateRenderer -- Notification template of N-47 has no value for change
12:27:30.908 [main] WARN com.agilityhub.core.clubs.messaging.application.engine.TemplateRenderer -- Notification template of N-47 has no value for has_admin_text
12:27:30.909 [main] WARN com.agilityhub.core.clubs.messaging.application.engine.TemplateRenderer -- Notification template of N-49 has no value for cap
12:27:30.909 [main] WARN com.agilityhub.core.clubs.messaging.application.engine.TemplateRenderer -- Notification template of N-49 has no value for month
12:27:30.909 [main] WARN com.agilityhub.core.clubs.messaging.application.engine.TemplateRenderer -- Notification template of N-49 has no value for cap
12:27:30.909 [main] WARN com.agilityhub.core.clubs.messaging.application.engine.TemplateRenderer -- Notification template of N-49 has no value for month
12:27:30.910 [main] WARN com.agilityhub.core.clubs.messaging.application.engine.TemplateRenderer -- Notification template of N-49 has no value for cap
12:27:30.910 [main] WARN com.agilityhub.core.clubs.messaging.application.engine.TemplateRenderer -- Notification template of N-49 has no value for month
12:27:30.911 [main] WARN com.agilityhub.core.clubs.messaging.application.engine.TemplateRenderer -- Notification template of N-49 has no value for cap
12:27:30.911 [main] WARN com.agilityhub.core.clubs.messaging.application.engine.TemplateRenderer -- Notification template of N-49 has no value for month
12:27:30.912 [main] WARN com.agilityhub.core.clubs.messaging.application.engine.TemplateRenderer -- Notification template of N-49 has no value for cap
12:27:30.912 [main] WARN com.agilityhub.core.clubs.messaging.application.engine.TemplateRenderer -- Notification template of N-49 has no value for month
12:27:30.912 [main] WARN com.agilityhub.core.clubs.messaging.application.engine.TemplateRenderer -- Notification template of N-49 has no value for cap
12:27:30.912 [main] WARN com.agilityhub.core.clubs.messaging.application.engine.TemplateRenderer -- Notification template of N-49 has no value for month
12:27:30.913 [main] WARN com.agilityhub.core.clubs.messaging.application.engine.TemplateRenderer -- Notification template of N-49 has no value for cap
12:27:30.913 [main] WARN com.agilityhub.core.clubs.messaging.application.engine.TemplateRenderer -- Notification template of N-49 has no value for month
12:27:30.913 [main] WARN com.agilityhub.core.clubs.messaging.application.engine.TemplateRenderer -- Notification template of N-49 has no value for cap
12:27:30.913 [main] WARN com.agilityhub.core.clubs.messaging.application.engine.TemplateRenderer -- Notification template of N-49 has no value for month
12:27:30.914 [main] WARN com.agilityhub.core.clubs.messaging.application.engine.TemplateRenderer -- Notification template of N-49 has no value for cap
12:27:30.914 [main] WARN com.agilityhub.core.clubs.messaging.application.engine.TemplateRenderer -- Notification template of N-49 has no value for month
12:27:30.914 [main] WARN com.agilityhub.core.clubs.messaging.application.engine.TemplateRenderer -- Notification template of N-49 has no value for cap
12:27:30.914 [main] WARN com.agilityhub.core.clubs.messaging.application.engine.TemplateRenderer -- Notification template of N-49 has no value for month
12:27:30.915 [main] WARN com.agilityhub.core.clubs.messaging.application.engine.TemplateRenderer -- Notification template of N-49 has no value for cap
12:27:30.915 [main] WARN com.agilityhub.core.clubs.messaging.application.engine.TemplateRenderer -- Notification template of N-49 has no value for month
12:27:30.915 [main] WARN com.agilityhub.core.clubs.messaging.application.engine.TemplateRenderer -- Notification template of N-49 has no value for cap
12:27:30.915 [main] WARN com.agilityhub.core.clubs.messaging.application.engine.TemplateRenderer -- Notification template of N-49 has no value for month
12:27:30.916 [main] WARN com.agilityhub.core.clubs.messaging.application.engine.TemplateRenderer -- Notification template of N-49 has no value for cap
12:27:30.916 [main] WARN com.agilityhub.core.clubs.messaging.application.engine.TemplateRenderer -- Notification template of N-49 has no value for month
12:27:30.917 [main] WARN com.agilityhub.core.clubs.messaging.application.engine.TemplateRenderer -- Notification template of N-49 has no value for cap
12:27:30.917 [main] WARN com.agilityhub.core.clubs.messaging.application.engine.TemplateRenderer -- Notification template of N-49 has no value for month
12:27:30.918 [main] WARN com.agilityhub.core.clubs.messaging.application.engine.TemplateRenderer -- Notification template of N-49 has no value for cap
12:27:30.918 [main] WARN com.agilityhub.core.clubs.messaging.application.engine.TemplateRenderer -- Notification template of N-49 has no value for month
12:27:30.918 [main] WARN com.agilityhub.core.clubs.messaging.application.engine.TemplateRenderer -- Notification template of N-49 has no value for cap
12:27:30.918 [main] WARN com.agilityhub.core.clubs.messaging.application.engine.TemplateRenderer -- Notification template of N-49 has no value for month
12:27:30.919 [main] WARN com.agilityhub.core.clubs.messaging.application.engine.TemplateRenderer -- Notification template of N-51 has no value for email
12:27:30.919 [main] WARN com.agilityhub.core.clubs.messaging.application.engine.TemplateRenderer -- Notification template of N-51 has no value for member_name
12:27:30.919 [main] WARN com.agilityhub.core.clubs.messaging.application.engine.TemplateRenderer -- Notification template of N-51 has no value for email
12:27:30.919 [main] WARN com.agilityhub.core.clubs.messaging.application.engine.TemplateRenderer -- Notification template of N-51 has no value for member_name
12:27:30.919 [main] WARN com.agilityhub.core.clubs.messaging.application.engine.TemplateRenderer -- Notification template of N-51 has no value for email
12:27:30.919 [main] WARN com.agilityhub.core.clubs.messaging.application.engine.TemplateRenderer -- Notification template of N-51 has no value for member_name
12:27:30.920 [main] WARN com.agilityhub.core.clubs.messaging.application.engine.TemplateRenderer -- Notification template of N-51 has no value for email
12:27:30.920 [main] WARN com.agilityhub.core.clubs.messaging.application.engine.TemplateRenderer -- Notification template of N-51 has no value for member_name
12:27:30.920 [main] WARN com.agilityhub.core.clubs.messaging.application.engine.TemplateRenderer -- Notification template of N-51 has no value for email
12:27:30.920 [main] WARN com.agilityhub.core.clubs.messaging.application.engine.TemplateRenderer -- Notification template of N-51 has no value for member_name
12:27:30.920 [main] WARN com.agilityhub.core.clubs.messaging.application.engine.TemplateRenderer -- Notification template of N-51 has no value for email
12:27:30.920 [main] WARN com.agilityhub.core.clubs.messaging.application.engine.TemplateRenderer -- Notification template of N-51 has no value for member_name
12:27:30.920 [main] WARN com.agilityhub.core.clubs.messaging.application.engine.TemplateRenderer -- Notification template of N-51 has no value for email
12:27:30.920 [main] WARN com.agilityhub.core.clubs.messaging.application.engine.TemplateRenderer -- Notification template of N-51 has no value for member_name
12:27:30.921 [main] WARN com.agilityhub.core.clubs.messaging.application.engine.TemplateRenderer -- Notification template of N-51 has no value for email
12:27:30.921 [main] WARN com.agilityhub.core.clubs.messaging.application.engine.TemplateRenderer -- Notification template of N-51 has no value for member_name
12:27:30.921 [main] WARN com.agilityhub.core.clubs.messaging.application.engine.TemplateRenderer -- Notification template of N-51 has no value for email
12:27:30.921 [main] WARN com.agilityhub.core.clubs.messaging.application.engine.TemplateRenderer -- Notification template of N-51 has no value for member_name
12:27:30.921 [main] WARN com.agilityhub.core.clubs.messaging.application.engine.TemplateRenderer -- Notification template of N-51 has no value for email
12:27:30.921 [main] WARN com.agilityhub.core.clubs.messaging.application.engine.TemplateRenderer -- Notification template of N-51 has no value for member_name
12:27:30.921 [main] WARN com.agilityhub.core.clubs.messaging.application.engine.TemplateRenderer -- Notification template of N-51 has no value for email
12:27:30.921 [main] WARN com.agilityhub.core.clubs.messaging.application.engine.TemplateRenderer -- Notification template of N-51 has no value for member_name
12:27:30.921 [main] WARN com.agilityhub.core.clubs.messaging.application.engine.TemplateRenderer -- Notification template of N-51 has no value for email
12:27:30.921 [main] WARN com.agilityhub.core.clubs.messaging.application.engine.TemplateRenderer -- Notification template of N-51 has no value for member_name
12:27:30.922 [main] WARN com.agilityhub.core.clubs.messaging.application.engine.TemplateRenderer -- Notification template of N-51 has no value for email
12:27:30.922 [main] WARN com.agilityhub.core.clubs.messaging.application.engine.TemplateRenderer -- Notification template of N-51 has no value for member_name
12:27:30.922 [main] WARN com.agilityhub.core.clubs.messaging.application.engine.TemplateRenderer -- Notification template of N-51 has no value for email
12:27:30.922 [main] WARN com.agilityhub.core.clubs.messaging.application.engine.TemplateRenderer -- Notification template of N-51 has no value for member_name
12:27:30.922 [main] WARN com.agilityhub.core.clubs.messaging.application.engine.TemplateRenderer -- Notification template of N-51 has no value for email
12:27:30.922 [main] WARN com.agilityhub.core.clubs.messaging.application.engine.TemplateRenderer -- Notification template of N-51 has no value for member_name
12:27:30.922 [main] WARN com.agilityhub.core.clubs.messaging.application.engine.TemplateRenderer -- Notification template of N-51 has no value for email
12:27:30.922 [main] WARN com.agilityhub.core.clubs.messaging.application.engine.TemplateRenderer -- Notification template of N-51 has no value for member_name
12:27:30.923 [main] WARN com.agilityhub.core.clubs.messaging.application.engine.TemplateRenderer -- Notification template of N-51 has no value for email
12:27:30.923 [main] WARN com.agilityhub.core.clubs.messaging.application.engine.TemplateRenderer -- Notification template of N-51 has no value for member_name
12:27:30.923 [main] WARN com.agilityhub.core.clubs.messaging.application.engine.TemplateRenderer -- Notification template of N-51 has no value for email
12:27:30.923 [main] WARN com.agilityhub.core.clubs.messaging.application.engine.TemplateRenderer -- Notification template of N-51 has no value for member_name
12:27:30.923 [main] WARN com.agilityhub.core.clubs.messaging.application.engine.TemplateRenderer -- Notification template of N-51 has no value for email
12:27:30.923 [main] WARN com.agilityhub.core.clubs.messaging.application.engine.TemplateRenderer -- Notification template of N-51 has no value for member_name
12:27:30.923 [main] WARN com.agilityhub.core.clubs.messaging.application.engine.TemplateRenderer -- Notification template of N-51 has no value for email
12:27:30.923 [main] WARN com.agilityhub.core.clubs.messaging.application.engine.TemplateRenderer -- Notification template of N-51 has no value for member_name
12:27:30.923 [main] WARN com.agilityhub.core.clubs.messaging.application.engine.TemplateRenderer -- Notification template of N-51 has no value for email
12:27:30.923 [main] WARN com.agilityhub.core.clubs.messaging.application.engine.TemplateRenderer -- Notification template of N-51 has no value for member_name
12:27:30.924 [main] WARN com.agilityhub.core.clubs.messaging.application.engine.TemplateRenderer -- Notification template of N-51 has no value for email
12:27:30.924 [main] WARN com.agilityhub.core.clubs.messaging.application.engine.TemplateRenderer -- Notification template of N-51 has no value for member_name
12:27:30.924 [main] WARN com.agilityhub.core.clubs.messaging.application.engine.TemplateRenderer -- Notification template of N-51 has no value for email
12:27:30.924 [main] WARN com.agilityhub.core.clubs.messaging.application.engine.TemplateRenderer -- Notification template of N-51 has no value for member_name
12:27:30.924 [main] WARN com.agilityhub.core.clubs.messaging.application.engine.TemplateRenderer -- Notification template of N-51 has no value for email
12:27:30.924 [main] WARN com.agilityhub.core.clubs.messaging.application.engine.TemplateRenderer -- Notification template of N-51 has no value for member_name
12:27:30.924 [main] WARN com.agilityhub.core.clubs.messaging.application.engine.TemplateRenderer -- Notification template of N-51 has no value for email
12:27:30.924 [main] WARN com.agilityhub.core.clubs.messaging.application.engine.TemplateRenderer -- Notification template of N-51 has no value for member_name
12:27:30.924 [main] WARN com.agilityhub.core.clubs.messaging.application.engine.TemplateRenderer -- Notification template of N-51 has no value for email
12:27:30.924 [main] WARN com.agilityhub.core.clubs.messaging.application.engine.TemplateRenderer -- Notification template of N-51 has no value for member_name
12:27:30.925 [main] WARN com.agilityhub.core.clubs.messaging.application.engine.TemplateRenderer -- Notification template of N-51 has no value for email
12:27:30.925 [main] WARN com.agilityhub.core.clubs.messaging.application.engine.TemplateRenderer -- Notification template of N-51 has no value for member_name
12:27:30.925 [main] WARN com.agilityhub.core.clubs.messaging.application.engine.TemplateRenderer -- Notification template of N-51 has no value for email
12:27:30.925 [main] WARN com.agilityhub.core.clubs.messaging.application.engine.TemplateRenderer -- Notification template of N-51 has no value for member_name
12:27:30.925 [main] WARN com.agilityhub.core.clubs.messaging.application.engine.TemplateRenderer -- Notification template of N-51 has no value for email
12:27:30.925 [main] WARN com.agilityhub.core.clubs.messaging.application.engine.TemplateRenderer -- Notification template of N-51 has no value for member_name
12:27:30.925 [main] WARN com.agilityhub.core.clubs.messaging.application.engine.TemplateRenderer -- Notification template of N-51 has no value for email
12:27:30.925 [main] WARN com.agilityhub.core.clubs.messaging.application.engine.TemplateRenderer -- Notification template of N-51 has no value for member_name
12:27:30.925 [main] WARN com.agilityhub.core.clubs.messaging.application.engine.TemplateRenderer -- Notification template of N-51 has no value for email
12:27:30.925 [main] WARN com.agilityhub.core.clubs.messaging.application.engine.TemplateRenderer -- Notification template of N-51 has no value for member_name
12:27:30.926 [main] WARN com.agilityhub.core.clubs.messaging.application.engine.TemplateRenderer -- Notification template of N-51 has no value for email
12:27:30.926 [main] WARN com.agilityhub.core.clubs.messaging.application.engine.TemplateRenderer -- Notification template of N-51 has no value for member_name
12:27:30.928 [main] WARN com.agilityhub.core.clubs.messaging.application.engine.TemplateRenderer -- Notification template of N-54 has no value for class_date
12:27:30.928 [main] WARN com.agilityhub.core.clubs.messaging.application.engine.TemplateRenderer -- Notification template of N-54 has no value for class_time
12:27:30.928 [main] WARN com.agilityhub.core.clubs.messaging.application.engine.TemplateRenderer -- Notification template of N-54 has no value for class_description
12:27:30.928 [main] WARN com.agilityhub.core.clubs.messaging.application.engine.TemplateRenderer -- Notification template of N-54 has no value for ring_name
12:27:30.928 [main] WARN com.agilityhub.core.clubs.messaging.application.engine.TemplateRenderer -- Notification template of N-54 has no value for dogs_count
12:27:30.929 [main] WARN com.agilityhub.core.clubs.messaging.application.engine.TemplateRenderer -- Notification template of N-54 has no value for class_date
12:27:30.929 [main] WARN com.agilityhub.core.clubs.messaging.application.engine.TemplateRenderer -- Notification template of N-54 has no value for class_time
12:27:30.929 [main] WARN com.agilityhub.core.clubs.messaging.application.engine.TemplateRenderer -- Notification template of N-54 has no value for class_description
12:27:30.929 [main] WARN com.agilityhub.core.clubs.messaging.application.engine.TemplateRenderer -- Notification template of N-54 has no value for ring_name
12:27:30.929 [main] WARN com.agilityhub.core.clubs.messaging.application.engine.TemplateRenderer -- Notification template of N-54 has no value for dogs_count
12:27:30.929 [main] WARN com.agilityhub.core.clubs.messaging.application.engine.TemplateRenderer -- Notification template of N-54 has no value for class_date
12:27:30.929 [main] WARN com.agilityhub.core.clubs.messaging.application.engine.TemplateRenderer -- Notification template of N-54 has no value for class_time
12:27:30.929 [main] WARN com.agilityhub.core.clubs.messaging.application.engine.TemplateRenderer -- Notification template of N-54 has no value for class_description
12:27:30.929 [main] WARN com.agilityhub.core.clubs.messaging.application.engine.TemplateRenderer -- Notification template of N-54 has no value for ring_name
12:27:30.929 [main] WARN com.agilityhub.core.clubs.messaging.application.engine.TemplateRenderer -- Notification template of N-54 has no value for dogs_count
12:27:30.929 [main] WARN com.agilityhub.core.clubs.messaging.application.engine.TemplateRenderer -- Notification template of N-54 has no value for class_date
12:27:30.929 [main] WARN com.agilityhub.core.clubs.messaging.application.engine.TemplateRenderer -- Notification template of N-54 has no value for class_time
12:27:30.929 [main] WARN com.agilityhub.core.clubs.messaging.application.engine.TemplateRenderer -- Notification template of N-54 has no value for class_description
12:27:30.929 [main] WARN com.agilityhub.core.clubs.messaging.application.engine.TemplateRenderer -- Notification template of N-54 has no value for ring_name
12:27:30.929 [main] WARN com.agilityhub.core.clubs.messaging.application.engine.TemplateRenderer -- Notification template of N-54 has no value for dogs_count
12:27:30.929 [main] WARN com.agilityhub.core.clubs.messaging.application.engine.TemplateRenderer -- Notification template of N-54 has no value for class_date
12:27:30.929 [main] WARN com.agilityhub.core.clubs.messaging.application.engine.TemplateRenderer -- Notification template of N-54 has no value for class_time
12:27:30.929 [main] WARN com.agilityhub.core.clubs.messaging.application.engine.TemplateRenderer -- Notification template of N-54 has no value for class_description
12:27:30.929 [main] WARN com.agilityhub.core.clubs.messaging.application.engine.TemplateRenderer -- Notification template of N-54 has no value for ring_name
12:27:30.929 [main] WARN com.agilityhub.core.clubs.messaging.application.engine.TemplateRenderer -- Notification template of N-54 has no value for dogs_count
12:27:30.929 [main] WARN com.agilityhub.core.clubs.messaging.application.engine.TemplateRenderer -- Notification template of N-54 has no value for class_date
12:27:30.929 [main] WARN com.agilityhub.core.clubs.messaging.application.engine.TemplateRenderer -- Notification template of N-54 has no value for class_time
12:27:30.929 [main] WARN com.agilityhub.core.clubs.messaging.application.engine.TemplateRenderer -- Notification template of N-54 has no value for class_description
12:27:30.929 [main] WARN com.agilityhub.core.clubs.messaging.application.engine.TemplateRenderer -- Notification template of N-54 has no value for ring_name
12:27:30.929 [main] WARN com.agilityhub.core.clubs.messaging.application.engine.TemplateRenderer -- Notification template of N-54 has no value for dogs_count
12:27:30.930 [main] WARN com.agilityhub.core.clubs.messaging.application.engine.TemplateRenderer -- Notification template of N-54 has no value for class_date
12:27:30.930 [main] WARN com.agilityhub.core.clubs.messaging.application.engine.TemplateRenderer -- Notification template of N-54 has no value for class_time
12:27:30.930 [main] WARN com.agilityhub.core.clubs.messaging.application.engine.TemplateRenderer -- Notification template of N-54 has no value for class_description
12:27:30.930 [main] WARN com.agilityhub.core.clubs.messaging.application.engine.TemplateRenderer -- Notification template of N-54 has no value for ring_name
12:27:30.930 [main] WARN com.agilityhub.core.clubs.messaging.application.engine.TemplateRenderer -- Notification template of N-54 has no value for dogs_count
12:27:30.930 [main] WARN com.agilityhub.core.clubs.messaging.application.engine.TemplateRenderer -- Notification template of N-54 has no value for class_date
12:27:30.930 [main] WARN com.agilityhub.core.clubs.messaging.application.engine.TemplateRenderer -- Notification template of N-54 has no value for class_time
12:27:30.930 [main] WARN com.agilityhub.core.clubs.messaging.application.engine.TemplateRenderer -- Notification template of N-54 has no value for class_description
12:27:30.930 [main] WARN com.agilityhub.core.clubs.messaging.application.engine.TemplateRenderer -- Notification template of N-54 has no value for ring_name
12:27:30.930 [main] WARN com.agilityhub.core.clubs.messaging.application.engine.TemplateRenderer -- Notification template of N-54 has no value for dogs_count
12:27:30.930 [main] WARN com.agilityhub.core.clubs.messaging.application.engine.TemplateRenderer -- Notification template of N-54 has no value for class_date
12:27:30.930 [main] WARN com.agilityhub.core.clubs.messaging.application.engine.TemplateRenderer -- Notification template of N-54 has no value for class_time
12:27:30.930 [main] WARN com.agilityhub.core.clubs.messaging.application.engine.TemplateRenderer -- Notification template of N-54 has no value for class_description
12:27:30.930 [main] WARN com.agilityhub.core.clubs.messaging.application.engine.TemplateRenderer -- Notification template of N-54 has no value for ring_name
12:27:30.930 [main] WARN com.agilityhub.core.clubs.messaging.application.engine.TemplateRenderer -- Notification template of N-54 has no value for dogs_count
12:27:30.930 [main] WARN com.agilityhub.core.clubs.messaging.application.engine.TemplateRenderer -- Notification template of N-54 has no value for class_date
12:27:30.930 [main] WARN com.agilityhub.core.clubs.messaging.application.engine.TemplateRenderer -- Notification template of N-54 has no value for class_time
12:27:30.930 [main] WARN com.agilityhub.core.clubs.messaging.application.engine.TemplateRenderer -- Notification template of N-54 has no value for class_description
12:27:30.930 [main] WARN com.agilityhub.core.clubs.messaging.application.engine.TemplateRenderer -- Notification template of N-54 has no value for ring_name
12:27:30.930 [main] WARN com.agilityhub.core.clubs.messaging.application.engine.TemplateRenderer -- Notification template of N-54 has no value for dogs_count
12:27:30.931 [main] WARN com.agilityhub.core.clubs.messaging.application.engine.TemplateRenderer -- Notification template of N-54 has no value for class_date
12:27:30.931 [main] WARN com.agilityhub.core.clubs.messaging.application.engine.TemplateRenderer -- Notification template of N-54 has no value for class_time
12:27:30.931 [main] WARN com.agilityhub.core.clubs.messaging.application.engine.TemplateRenderer -- Notification template of N-54 has no value for class_description
12:27:30.931 [main] WARN com.agilityhub.core.clubs.messaging.application.engine.TemplateRenderer -- Notification template of N-54 has no value for ring_name
12:27:30.931 [main] WARN com.agilityhub.core.clubs.messaging.application.engine.TemplateRenderer -- Notification template of N-54 has no value for dogs_count
12:27:30.931 [main] WARN com.agilityhub.core.clubs.messaging.application.engine.TemplateRenderer -- Notification template of N-54 has no value for class_date
12:27:30.931 [main] WARN com.agilityhub.core.clubs.messaging.application.engine.TemplateRenderer -- Notification template of N-54 has no value for class_time
12:27:30.931 [main] WARN com.agilityhub.core.clubs.messaging.application.engine.TemplateRenderer -- Notification template of N-54 has no value for class_description
12:27:30.931 [main] WARN com.agilityhub.core.clubs.messaging.application.engine.TemplateRenderer -- Notification template of N-54 has no value for ring_name
12:27:30.931 [main] WARN com.agilityhub.core.clubs.messaging.application.engine.TemplateRenderer -- Notification template of N-54 has no value for dogs_count
12:27:30.931 [main] WARN com.agilityhub.core.clubs.messaging.application.engine.TemplateRenderer -- Notification template of N-54 has no value for class_date
12:27:30.931 [main] WARN com.agilityhub.core.clubs.messaging.application.engine.TemplateRenderer -- Notification template of N-54 has no value for class_time
12:27:30.931 [main] WARN com.agilityhub.core.clubs.messaging.application.engine.TemplateRenderer -- Notification template of N-54 has no value for class_description
12:27:30.931 [main] WARN com.agilityhub.core.clubs.messaging.application.engine.TemplateRenderer -- Notification template of N-54 has no value for ring_name
12:27:30.931 [main] WARN com.agilityhub.core.clubs.messaging.application.engine.TemplateRenderer -- Notification template of N-54 has no value for dogs_count
12:27:30.931 [main] WARN com.agilityhub.core.clubs.messaging.application.engine.TemplateRenderer -- Notification template of N-54 has no value for class_date
12:27:30.931 [main] WARN com.agilityhub.core.clubs.messaging.application.engine.TemplateRenderer -- Notification template of N-54 has no value for class_time
12:27:30.931 [main] WARN com.agilityhub.core.clubs.messaging.application.engine.TemplateRenderer -- Notification template of N-54 has no value for class_description
12:27:30.931 [main] WARN com.agilityhub.core.clubs.messaging.application.engine.TemplateRenderer -- Notification template of N-54 has no value for ring_name
12:27:30.931 [main] WARN com.agilityhub.core.clubs.messaging.application.engine.TemplateRenderer -- Notification template of N-54 has no value for dogs_count
12:27:30.931 [main] WARN com.agilityhub.core.clubs.messaging.application.engine.TemplateRenderer -- Notification template of N-54 has no value for class_date
12:27:30.931 [main] WARN com.agilityhub.core.clubs.messaging.application.engine.TemplateRenderer -- Notification template of N-54 has no value for class_time
12:27:30.931 [main] WARN com.agilityhub.core.clubs.messaging.application.engine.TemplateRenderer -- Notification template of N-54 has no value for class_description
12:27:30.931 [main] WARN com.agilityhub.core.clubs.messaging.application.engine.TemplateRenderer -- Notification template of N-54 has no value for ring_name
12:27:30.931 [main] WARN com.agilityhub.core.clubs.messaging.application.engine.TemplateRenderer -- Notification template of N-54 has no value for dogs_count
12:27:30.932 [main] WARN com.agilityhub.core.clubs.messaging.application.engine.TemplateRenderer -- Notification template of N-54 has no value for class_date
12:27:30.932 [main] WARN com.agilityhub.core.clubs.messaging.application.engine.TemplateRenderer -- Notification template of N-54 has no value for class_time
12:27:30.932 [main] WARN com.agilityhub.core.clubs.messaging.application.engine.TemplateRenderer -- Notification template of N-54 has no value for class_description
12:27:30.932 [main] WARN com.agilityhub.core.clubs.messaging.application.engine.TemplateRenderer -- Notification template of N-54 has no value for ring_name
12:27:30.932 [main] WARN com.agilityhub.core.clubs.messaging.application.engine.TemplateRenderer -- Notification template of N-54 has no value for dogs_count
12:27:30.932 [main] WARN com.agilityhub.core.clubs.messaging.application.engine.TemplateRenderer -- Notification template of N-54 has no value for class_date
12:27:30.932 [main] WARN com.agilityhub.core.clubs.messaging.application.engine.TemplateRenderer -- Notification template of N-54 has no value for class_time
12:27:30.932 [main] WARN com.agilityhub.core.clubs.messaging.application.engine.TemplateRenderer -- Notification template of N-54 has no value for class_description
12:27:30.932 [main] WARN com.agilityhub.core.clubs.messaging.application.engine.TemplateRenderer -- Notification template of N-54 has no value for ring_name
12:27:30.932 [main] WARN com.agilityhub.core.clubs.messaging.application.engine.TemplateRenderer -- Notification template of N-54 has no value for dogs_count
12:27:30.932 [main] WARN com.agilityhub.core.clubs.messaging.application.engine.TemplateRenderer -- Notification template of N-54 has no value for class_date
12:27:30.932 [main] WARN com.agilityhub.core.clubs.messaging.application.engine.TemplateRenderer -- Notification template of N-54 has no value for class_time
12:27:30.932 [main] WARN com.agilityhub.core.clubs.messaging.application.engine.TemplateRenderer -- Notification template of N-54 has no value for class_description
12:27:30.932 [main] WARN com.agilityhub.core.clubs.messaging.application.engine.TemplateRenderer -- Notification template of N-54 has no value for ring_name
12:27:30.932 [main] WARN com.agilityhub.core.clubs.messaging.application.engine.TemplateRenderer -- Notification template of N-54 has no value for dogs_count
12:27:30.932 [main] WARN com.agilityhub.core.clubs.messaging.application.engine.TemplateRenderer -- Notification template of N-54 has no value for class_date
12:27:30.932 [main] WARN com.agilityhub.core.clubs.messaging.application.engine.TemplateRenderer -- Notification template of N-54 has no value for class_time
12:27:30.932 [main] WARN com.agilityhub.core.clubs.messaging.application.engine.TemplateRenderer -- Notification template of N-54 has no value for class_description
12:27:30.932 [main] WARN com.agilityhub.core.clubs.messaging.application.engine.TemplateRenderer -- Notification template of N-54 has no value for ring_name
12:27:30.932 [main] WARN com.agilityhub.core.clubs.messaging.application.engine.TemplateRenderer -- Notification template of N-54 has no value for dogs_count
12:27:30.933 [main] WARN com.agilityhub.core.clubs.messaging.application.engine.TemplateRenderer -- Notification template of N-54 has no value for class_date
12:27:30.933 [main] WARN com.agilityhub.core.clubs.messaging.application.engine.TemplateRenderer -- Notification template of N-54 has no value for class_time
12:27:30.933 [main] WARN com.agilityhub.core.clubs.messaging.application.engine.TemplateRenderer -- Notification template of N-54 has no value for class_description
12:27:30.933 [main] WARN com.agilityhub.core.clubs.messaging.application.engine.TemplateRenderer -- Notification template of N-54 has no value for ring_name
12:27:30.933 [main] WARN com.agilityhub.core.clubs.messaging.application.engine.TemplateRenderer -- Notification template of N-54 has no value for dogs_count
12:27:30.933 [main] WARN com.agilityhub.core.clubs.messaging.application.engine.TemplateRenderer -- Notification template of N-54 has no value for class_date
12:27:30.933 [main] WARN com.agilityhub.core.clubs.messaging.application.engine.TemplateRenderer -- Notification template of N-54 has no value for class_time
12:27:30.933 [main] WARN com.agilityhub.core.clubs.messaging.application.engine.TemplateRenderer -- Notification template of N-54 has no value for class_description
12:27:30.933 [main] WARN com.agilityhub.core.clubs.messaging.application.engine.TemplateRenderer -- Notification template of N-54 has no value for ring_name
12:27:30.933 [main] WARN com.agilityhub.core.clubs.messaging.application.engine.TemplateRenderer -- Notification template of N-54 has no value for dogs_count
12:27:30.933 [main] WARN com.agilityhub.core.clubs.messaging.application.engine.TemplateRenderer -- Notification template of N-54 has no value for class_date
12:27:30.933 [main] WARN com.agilityhub.core.clubs.messaging.application.engine.TemplateRenderer -- Notification template of N-54 has no value for class_time
12:27:30.933 [main] WARN com.agilityhub.core.clubs.messaging.application.engine.TemplateRenderer -- Notification template of N-54 has no value for class_description
12:27:30.933 [main] WARN com.agilityhub.core.clubs.messaging.application.engine.TemplateRenderer -- Notification template of N-54 has no value for ring_name
12:27:30.933 [main] WARN com.agilityhub.core.clubs.messaging.application.engine.TemplateRenderer -- Notification template of N-54 has no value for dogs_count
12:27:30.933 [main] WARN com.agilityhub.core.clubs.messaging.application.engine.TemplateRenderer -- Notification template of N-54 has no value for class_date
12:27:30.933 [main] WARN com.agilityhub.core.clubs.messaging.application.engine.TemplateRenderer -- Notification template of N-54 has no value for class_time
12:27:30.933 [main] WARN com.agilityhub.core.clubs.messaging.application.engine.TemplateRenderer -- Notification template of N-54 has no value for class_description
12:27:30.933 [main] WARN com.agilityhub.core.clubs.messaging.application.engine.TemplateRenderer -- Notification template of N-54 has no value for ring_name
12:27:30.933 [main] WARN com.agilityhub.core.clubs.messaging.application.engine.TemplateRenderer -- Notification template of N-54 has no value for dogs_count
12:27:30.933 [main] WARN com.agilityhub.core.clubs.messaging.application.engine.TemplateRenderer -- Notification template of N-54 has no value for class_date
12:27:30.933 [main] WARN com.agilityhub.core.clubs.messaging.application.engine.TemplateRenderer -- Notification template of N-54 has no value for class_time
12:27:30.933 [main] WARN com.agilityhub.core.clubs.messaging.application.engine.TemplateRenderer -- Notification template of N-54 has no value for class_description
12:27:30.933 [main] WARN com.agilityhub.core.clubs.messaging.application.engine.TemplateRenderer -- Notification template of N-54 has no value for ring_name
12:27:30.933 [main] WARN com.agilityhub.core.clubs.messaging.application.engine.TemplateRenderer -- Notification template of N-54 has no value for dogs_count
12:27:30.934 [main] WARN com.agilityhub.core.clubs.messaging.application.engine.TemplateRenderer -- Notification template of N-54 has no value for class_date
12:27:30.934 [main] WARN com.agilityhub.core.clubs.messaging.application.engine.TemplateRenderer -- Notification template of N-54 has no value for class_time
12:27:30.934 [main] WARN com.agilityhub.core.clubs.messaging.application.engine.TemplateRenderer -- Notification template of N-54 has no value for class_description
12:27:30.934 [main] WARN com.agilityhub.core.clubs.messaging.application.engine.TemplateRenderer -- Notification template of N-54 has no value for ring_name
12:27:30.934 [main] WARN com.agilityhub.core.clubs.messaging.application.engine.TemplateRenderer -- Notification template of N-54 has no value for dogs_count
12:27:30.934 [main] WARN com.agilityhub.core.clubs.messaging.application.engine.TemplateRenderer -- Notification template of N-54 has no value for class_date
12:27:30.934 [main] WARN com.agilityhub.core.clubs.messaging.application.engine.TemplateRenderer -- Notification template of N-54 has no value for class_time
12:27:30.934 [main] WARN com.agilityhub.core.clubs.messaging.application.engine.TemplateRenderer -- Notification template of N-54 has no value for class_description
12:27:30.934 [main] WARN com.agilityhub.core.clubs.messaging.application.engine.TemplateRenderer -- Notification template of N-54 has no value for ring_name
12:27:30.934 [main] WARN com.agilityhub.core.clubs.messaging.application.engine.TemplateRenderer -- Notification template of N-54 has no value for dogs_count
12:27:30.934 [main] WARN com.agilityhub.core.clubs.messaging.application.engine.TemplateRenderer -- Notification template of N-54 has no value for class_date
12:27:30.934 [main] WARN com.agilityhub.core.clubs.messaging.application.engine.TemplateRenderer -- Notification template of N-54 has no value for class_time
12:27:30.934 [main] WARN com.agilityhub.core.clubs.messaging.application.engine.TemplateRenderer -- Notification template of N-54 has no value for class_description
12:27:30.934 [main] WARN com.agilityhub.core.clubs.messaging.application.engine.TemplateRenderer -- Notification template of N-54 has no value for ring_name
12:27:30.934 [main] WARN com.agilityhub.core.clubs.messaging.application.engine.TemplateRenderer -- Notification template of N-54 has no value for dogs_count
12:27:30.934 [main] WARN com.agilityhub.core.clubs.messaging.application.engine.TemplateRenderer -- Notification template of N-54 has no value for class_date
12:27:30.934 [main] WARN com.agilityhub.core.clubs.messaging.application.engine.TemplateRenderer -- Notification template of N-54 has no value for class_time
12:27:30.934 [main] WARN com.agilityhub.core.clubs.messaging.application.engine.TemplateRenderer -- Notification template of N-54 has no value for class_description
12:27:30.934 [main] WARN com.agilityhub.core.clubs.messaging.application.engine.TemplateRenderer -- Notification template of N-54 has no value for ring_name
12:27:30.934 [main] WARN com.agilityhub.core.clubs.messaging.application.engine.TemplateRenderer -- Notification template of N-54 has no value for dogs_count
12:27:30.934 [main] WARN com.agilityhub.core.clubs.messaging.application.engine.TemplateRenderer -- Notification template of N-54 has no value for class_date
12:27:30.934 [main] WARN com.agilityhub.core.clubs.messaging.application.engine.TemplateRenderer -- Notification template of N-54 has no value for class_time
12:27:30.934 [main] WARN com.agilityhub.core.clubs.messaging.application.engine.TemplateRenderer -- Notification template of N-54 has no value for class_description
12:27:30.934 [main] WARN com.agilityhub.core.clubs.messaging.application.engine.TemplateRenderer -- Notification template of N-54 has no value for ring_name
12:27:30.934 [main] WARN com.agilityhub.core.clubs.messaging.application.engine.TemplateRenderer -- Notification template of N-54 has no value for dogs_count
12:27:30.935 [main] WARN com.agilityhub.core.clubs.messaging.application.engine.TemplateRenderer -- Notification template of N-54 has no value for class_date
12:27:30.935 [main] WARN com.agilityhub.core.clubs.messaging.application.engine.TemplateRenderer -- Notification template of N-54 has no value for class_time
12:27:30.935 [main] WARN com.agilityhub.core.clubs.messaging.application.engine.TemplateRenderer -- Notification template of N-54 has no value for class_description
12:27:30.935 [main] WARN com.agilityhub.core.clubs.messaging.application.engine.TemplateRenderer -- Notification template of N-54 has no value for ring_name
12:27:30.935 [main] WARN com.agilityhub.core.clubs.messaging.application.engine.TemplateRenderer -- Notification template of N-54 has no value for dogs_count
12:27:30.935 [main] WARN com.agilityhub.core.clubs.messaging.application.engine.TemplateRenderer -- Notification template of N-54 has no value for class_date
12:27:30.935 [main] WARN com.agilityhub.core.clubs.messaging.application.engine.TemplateRenderer -- Notification template of N-54 has no value for class_time
12:27:30.935 [main] WARN com.agilityhub.core.clubs.messaging.application.engine.TemplateRenderer -- Notification template of N-54 has no value for class_description
12:27:30.935 [main] WARN com.agilityhub.core.clubs.messaging.application.engine.TemplateRenderer -- Notification template of N-54 has no value for ring_name
12:27:30.935 [main] WARN com.agilityhub.core.clubs.messaging.application.engine.TemplateRenderer -- Notification template of N-54 has no value for dogs_count
12:27:30.935 [main] WARN com.agilityhub.core.clubs.messaging.application.engine.TemplateRenderer -- Notification template of N-54 has no value for class_date
12:27:30.935 [main] WARN com.agilityhub.core.clubs.messaging.application.engine.TemplateRenderer -- Notification template of N-54 has no value for class_time
12:27:30.935 [main] WARN com.agilityhub.core.clubs.messaging.application.engine.TemplateRenderer -- Notification template of N-54 has no value for class_description
12:27:30.935 [main] WARN com.agilityhub.core.clubs.messaging.application.engine.TemplateRenderer -- Notification template of N-54 has no value for ring_name
12:27:30.935 [main] WARN com.agilityhub.core.clubs.messaging.application.engine.TemplateRenderer -- Notification template of N-54 has no value for dogs_count
12:27:30.935 [main] WARN com.agilityhub.core.clubs.messaging.application.engine.TemplateRenderer -- Notification template of N-54 has no value for class_date
12:27:30.935 [main] WARN com.agilityhub.core.clubs.messaging.application.engine.TemplateRenderer -- Notification template of N-54 has no value for class_time
12:27:30.935 [main] WARN com.agilityhub.core.clubs.messaging.application.engine.TemplateRenderer -- Notification template of N-54 has no value for class_description
12:27:30.935 [main] WARN com.agilityhub.core.clubs.messaging.application.engine.TemplateRenderer -- Notification template of N-54 has no value for ring_name
12:27:30.935 [main] WARN com.agilityhub.core.clubs.messaging.application.engine.TemplateRenderer -- Notification template of N-54 has no value for dogs_count
12:27:30.936 [main] WARN com.agilityhub.core.clubs.messaging.application.engine.TemplateRenderer -- Notification template of N-54 has no value for class_date
12:27:30.936 [main] WARN com.agilityhub.core.clubs.messaging.application.engine.TemplateRenderer -- Notification template of N-54 has no value for class_time
12:27:30.936 [main] WARN com.agilityhub.core.clubs.messaging.application.engine.TemplateRenderer -- Notification template of N-54 has no value for class_description
12:27:30.936 [main] WARN com.agilityhub.core.clubs.messaging.application.engine.TemplateRenderer -- Notification template of N-54 has no value for ring_name
12:27:30.936 [main] WARN com.agilityhub.core.clubs.messaging.application.engine.TemplateRenderer -- Notification template of N-54 has no value for dogs_count
12:27:30.936 [main] WARN com.agilityhub.core.clubs.messaging.application.engine.TemplateRenderer -- Notification template of N-54 has no value for class_date
12:27:30.936 [main] WARN com.agilityhub.core.clubs.messaging.application.engine.TemplateRenderer -- Notification template of N-54 has no value for class_time
12:27:30.936 [main] WARN com.agilityhub.core.clubs.messaging.application.engine.TemplateRenderer -- Notification template of N-54 has no value for class_description
12:27:30.936 [main] WARN com.agilityhub.core.clubs.messaging.application.engine.TemplateRenderer -- Notification template of N-54 has no value for ring_name
12:27:30.936 [main] WARN com.agilityhub.core.clubs.messaging.application.engine.TemplateRenderer -- Notification template of N-54 has no value for dogs_count
12:27:30.936 [main] WARN com.agilityhub.core.clubs.messaging.application.engine.TemplateRenderer -- Notification template of N-54 has no value for class_date
12:27:30.936 [main] WARN com.agilityhub.core.clubs.messaging.application.engine.TemplateRenderer -- Notification template of N-54 has no value for class_time
12:27:30.936 [main] WARN com.agilityhub.core.clubs.messaging.application.engine.TemplateRenderer -- Notification template of N-54 has no value for class_description
12:27:30.936 [main] WARN com.agilityhub.core.clubs.messaging.application.engine.TemplateRenderer -- Notification template of N-54 has no value for ring_name
12:27:30.936 [main] WARN com.agilityhub.core.clubs.messaging.application.engine.TemplateRenderer -- Notification template of N-54 has no value for dogs_count
12:27:30.936 [main] WARN com.agilityhub.core.clubs.messaging.application.engine.TemplateRenderer -- Notification template of N-54 has no value for class_date
12:27:30.936 [main] WARN com.agilityhub.core.clubs.messaging.application.engine.TemplateRenderer -- Notification template of N-54 has no value for class_time
12:27:30.936 [main] WARN com.agilityhub.core.clubs.messaging.application.engine.TemplateRenderer -- Notification template of N-54 has no value for class_description
12:27:30.936 [main] WARN com.agilityhub.core.clubs.messaging.application.engine.TemplateRenderer -- Notification template of N-54 has no value for ring_name
12:27:30.936 [main] WARN com.agilityhub.core.clubs.messaging.application.engine.TemplateRenderer -- Notification template of N-54 has no value for dogs_count
12:27:30.936 [main] WARN com.agilityhub.core.clubs.messaging.application.engine.TemplateRenderer -- Notification template of N-54 has no value for class_date
12:27:30.936 [main] WARN com.agilityhub.core.clubs.messaging.application.engine.TemplateRenderer -- Notification template of N-54 has no value for class_time
12:27:30.936 [main] WARN com.agilityhub.core.clubs.messaging.application.engine.TemplateRenderer -- Notification template of N-54 has no value for class_description
12:27:30.936 [main] WARN com.agilityhub.core.clubs.messaging.application.engine.TemplateRenderer -- Notification template of N-54 has no value for ring_name
12:27:30.936 [main] WARN com.agilityhub.core.clubs.messaging.application.engine.TemplateRenderer -- Notification template of N-54 has no value for dogs_count
12:27:30.937 [main] WARN com.agilityhub.core.clubs.messaging.application.engine.TemplateRenderer -- Notification template of N-54 has no value for class_date
12:27:30.937 [main] WARN com.agilityhub.core.clubs.messaging.application.engine.TemplateRenderer -- Notification template of N-54 has no value for class_time
12:27:30.937 [main] WARN com.agilityhub.core.clubs.messaging.application.engine.TemplateRenderer -- Notification template of N-54 has no value for class_description
12:27:30.937 [main] WARN com.agilityhub.core.clubs.messaging.application.engine.TemplateRenderer -- Notification template of N-54 has no value for ring_name
12:27:30.937 [main] WARN com.agilityhub.core.clubs.messaging.application.engine.TemplateRenderer -- Notification template of N-54 has no value for dogs_count
12:27:30.937 [main] WARN com.agilityhub.core.clubs.messaging.application.engine.TemplateRenderer -- Notification template of N-54 has no value for class_date
12:27:30.937 [main] WARN com.agilityhub.core.clubs.messaging.application.engine.TemplateRenderer -- Notification template of N-54 has no value for class_time
12:27:30.937 [main] WARN com.agilityhub.core.clubs.messaging.application.engine.TemplateRenderer -- Notification template of N-54 has no value for class_description
12:27:30.937 [main] WARN com.agilityhub.core.clubs.messaging.application.engine.TemplateRenderer -- Notification template of N-54 has no value for ring_name
12:27:30.937 [main] WARN com.agilityhub.core.clubs.messaging.application.engine.TemplateRenderer -- Notification template of N-54 has no value for dogs_count
12:27:30.937 [main] WARN com.agilityhub.core.clubs.messaging.application.engine.TemplateRenderer -- Notification template of N-54 has no value for class_date
12:27:30.937 [main] WARN com.agilityhub.core.clubs.messaging.application.engine.TemplateRenderer -- Notification template of N-54 has no value for class_time
12:27:30.937 [main] WARN com.agilityhub.core.clubs.messaging.application.engine.TemplateRenderer -- Notification template of N-54 has no value for class_description
12:27:30.937 [main] WARN com.agilityhub.core.clubs.messaging.application.engine.TemplateRenderer -- Notification template of N-54 has no value for ring_name
12:27:30.937 [main] WARN com.agilityhub.core.clubs.messaging.application.engine.TemplateRenderer -- Notification template of N-54 has no value for dogs_count
12:27:30.937 [main] WARN com.agilityhub.core.clubs.messaging.application.engine.TemplateRenderer -- Notification template of N-54 has no value for class_date
12:27:30.937 [main] WARN com.agilityhub.core.clubs.messaging.application.engine.TemplateRenderer -- Notification template of N-54 has no value for class_time
12:27:30.937 [main] WARN com.agilityhub.core.clubs.messaging.application.engine.TemplateRenderer -- Notification template of N-54 has no value for class_description
12:27:30.937 [main] WARN com.agilityhub.core.clubs.messaging.application.engine.TemplateRenderer -- Notification template of N-54 has no value for ring_name
12:27:30.937 [main] WARN com.agilityhub.core.clubs.messaging.application.engine.TemplateRenderer -- Notification template of N-54 has no value for dogs_count
12:27:30.938 [main] WARN com.agilityhub.core.clubs.messaging.application.engine.TemplateRenderer -- Notification template of N-54 has no value for class_date
12:27:30.938 [main] WARN com.agilityhub.core.clubs.messaging.application.engine.TemplateRenderer -- Notification template of N-54 has no value for class_time
12:27:30.938 [main] WARN com.agilityhub.core.clubs.messaging.application.engine.TemplateRenderer -- Notification template of N-54 has no value for class_description
12:27:30.938 [main] WARN com.agilityhub.core.clubs.messaging.application.engine.TemplateRenderer -- Notification template of N-54 has no value for ring_name
12:27:30.938 [main] WARN com.agilityhub.core.clubs.messaging.application.engine.TemplateRenderer -- Notification template of N-54 has no value for dogs_count
12:27:30.938 [main] WARN com.agilityhub.core.clubs.messaging.application.engine.TemplateRenderer -- Notification template of N-54 has no value for class_date
12:27:30.938 [main] WARN com.agilityhub.core.clubs.messaging.application.engine.TemplateRenderer -- Notification template of N-54 has no value for class_time
12:27:30.938 [main] WARN com.agilityhub.core.clubs.messaging.application.engine.TemplateRenderer -- Notification template of N-54 has no value for class_description
12:27:30.938 [main] WARN com.agilityhub.core.clubs.messaging.application.engine.TemplateRenderer -- Notification template of N-54 has no value for ring_name
12:27:30.938 [main] WARN com.agilityhub.core.clubs.messaging.application.engine.TemplateRenderer -- Notification template of N-54 has no value for dogs_count
12:27:30.938 [main] WARN com.agilityhub.core.clubs.messaging.application.engine.TemplateRenderer -- Notification template of N-54 has no value for class_date
12:27:30.938 [main] WARN com.agilityhub.core.clubs.messaging.application.engine.TemplateRenderer -- Notification template of N-54 has no value for class_time
12:27:30.938 [main] WARN com.agilityhub.core.clubs.messaging.application.engine.TemplateRenderer -- Notification template of N-54 has no value for class_description
12:27:30.938 [main] WARN com.agilityhub.core.clubs.messaging.application.engine.TemplateRenderer -- Notification template of N-54 has no value for ring_name
12:27:30.938 [main] WARN com.agilityhub.core.clubs.messaging.application.engine.TemplateRenderer -- Notification template of N-54 has no value for dogs_count
12:27:30.938 [main] WARN com.agilityhub.core.clubs.messaging.application.engine.TemplateRenderer -- Notification template of N-54 has no value for class_date
12:27:30.938 [main] WARN com.agilityhub.core.clubs.messaging.application.engine.TemplateRenderer -- Notification template of N-54 has no value for class_time
12:27:30.938 [main] WARN com.agilityhub.core.clubs.messaging.application.engine.TemplateRenderer -- Notification template of N-54 has no value for class_description
12:27:30.938 [main] WARN com.agilityhub.core.clubs.messaging.application.engine.TemplateRenderer -- Notification template of N-54 has no value for ring_name
12:27:30.938 [main] WARN com.agilityhub.core.clubs.messaging.application.engine.TemplateRenderer -- Notification template of N-54 has no value for dogs_count
12:27:30.938 [main] WARN com.agilityhub.core.clubs.messaging.application.engine.TemplateRenderer -- Notification template of N-54 has no value for class_date
12:27:30.938 [main] WARN com.agilityhub.core.clubs.messaging.application.engine.TemplateRenderer -- Notification template of N-54 has no value for class_time
12:27:30.938 [main] WARN com.agilityhub.core.clubs.messaging.application.engine.TemplateRenderer -- Notification template of N-54 has no value for class_description
12:27:30.938 [main] WARN com.agilityhub.core.clubs.messaging.application.engine.TemplateRenderer -- Notification template of N-54 has no value for ring_name
12:27:30.938 [main] WARN com.agilityhub.core.clubs.messaging.application.engine.TemplateRenderer -- Notification template of N-54 has no value for dogs_count
12:27:30.939 [main] WARN com.agilityhub.core.clubs.messaging.application.engine.TemplateRenderer -- Notification template of N-54 has no value for class_date
12:27:30.939 [main] WARN com.agilityhub.core.clubs.messaging.application.engine.TemplateRenderer -- Notification template of N-54 has no value for class_time
12:27:30.939 [main] WARN com.agilityhub.core.clubs.messaging.application.engine.TemplateRenderer -- Notification template of N-54 has no value for class_description
12:27:30.939 [main] WARN com.agilityhub.core.clubs.messaging.application.engine.TemplateRenderer -- Notification template of N-54 has no value for ring_name
12:27:30.939 [main] WARN com.agilityhub.core.clubs.messaging.application.engine.TemplateRenderer -- Notification template of N-54 has no value for dogs_count
12:27:30.939 [main] WARN com.agilityhub.core.clubs.messaging.application.engine.TemplateRenderer -- Notification template of N-54 has no value for class_date
12:27:30.939 [main] WARN com.agilityhub.core.clubs.messaging.application.engine.TemplateRenderer -- Notification template of N-54 has no value for class_time
12:27:30.939 [main] WARN com.agilityhub.core.clubs.messaging.application.engine.TemplateRenderer -- Notification template of N-54 has no value for class_description
12:27:30.939 [main] WARN com.agilityhub.core.clubs.messaging.application.engine.TemplateRenderer -- Notification template of N-54 has no value for ring_name
12:27:30.939 [main] WARN com.agilityhub.core.clubs.messaging.application.engine.TemplateRenderer -- Notification template of N-54 has no value for dogs_count
12:27:30.939 [main] WARN com.agilityhub.core.clubs.messaging.application.engine.TemplateRenderer -- Notification template of N-54 has no value for class_date
12:27:30.939 [main] WARN com.agilityhub.core.clubs.messaging.application.engine.TemplateRenderer -- Notification template of N-54 has no value for class_time
12:27:30.939 [main] WARN com.agilityhub.core.clubs.messaging.application.engine.TemplateRenderer -- Notification template of N-54 has no value for class_description
12:27:30.939 [main] WARN com.agilityhub.core.clubs.messaging.application.engine.TemplateRenderer -- Notification template of N-54 has no value for ring_name
12:27:30.939 [main] WARN com.agilityhub.core.clubs.messaging.application.engine.TemplateRenderer -- Notification template of N-54 has no value for dogs_count
12:27:30.939 [main] WARN com.agilityhub.core.clubs.messaging.application.engine.TemplateRenderer -- Notification template of N-54 has no value for class_date
12:27:30.939 [main] WARN com.agilityhub.core.clubs.messaging.application.engine.TemplateRenderer -- Notification template of N-54 has no value for class_time
12:27:30.939 [main] WARN com.agilityhub.core.clubs.messaging.application.engine.TemplateRenderer -- Notification template of N-54 has no value for class_description
12:27:30.939 [main] WARN com.agilityhub.core.clubs.messaging.application.engine.TemplateRenderer -- Notification template of N-54 has no value for ring_name
12:27:30.939 [main] WARN com.agilityhub.core.clubs.messaging.application.engine.TemplateRenderer -- Notification template of N-54 has no value for dogs_count
12:27:30.940 [main] WARN com.agilityhub.core.clubs.messaging.application.engine.TemplateRenderer -- Notification template of N-54 has no value for class_date
12:27:30.940 [main] WARN com.agilityhub.core.clubs.messaging.application.engine.TemplateRenderer -- Notification template of N-54 has no value for class_time
12:27:30.940 [main] WARN com.agilityhub.core.clubs.messaging.application.engine.TemplateRenderer -- Notification template of N-54 has no value for class_description
12:27:30.940 [main] WARN com.agilityhub.core.clubs.messaging.application.engine.TemplateRenderer -- Notification template of N-54 has no value for ring_name
12:27:30.940 [main] WARN com.agilityhub.core.clubs.messaging.application.engine.TemplateRenderer -- Notification template of N-54 has no value for dogs_count
12:27:30.940 [main] WARN com.agilityhub.core.clubs.messaging.application.engine.TemplateRenderer -- Notification template of N-54 has no value for class_date
12:27:30.940 [main] WARN com.agilityhub.core.clubs.messaging.application.engine.TemplateRenderer -- Notification template of N-54 has no value for class_time
12:27:30.940 [main] WARN com.agilityhub.core.clubs.messaging.application.engine.TemplateRenderer -- Notification template of N-54 has no value for class_description
12:27:30.940 [main] WARN com.agilityhub.core.clubs.messaging.application.engine.TemplateRenderer -- Notification template of N-54 has no value for ring_name
12:27:30.940 [main] WARN com.agilityhub.core.clubs.messaging.application.engine.TemplateRenderer -- Notification template of N-54 has no value for dogs_count
12:27:30.940 [main] WARN com.agilityhub.core.clubs.messaging.application.engine.TemplateRenderer -- Notification template of N-54 has no value for class_date
12:27:30.940 [main] WARN com.agilityhub.core.clubs.messaging.application.engine.TemplateRenderer -- Notification template of N-54 has no value for class_time
12:27:30.940 [main] WARN com.agilityhub.core.clubs.messaging.application.engine.TemplateRenderer -- Notification template of N-54 has no value for class_description
12:27:30.940 [main] WARN com.agilityhub.core.clubs.messaging.application.engine.TemplateRenderer -- Notification template of N-54 has no value for ring_name
12:27:30.940 [main] WARN com.agilityhub.core.clubs.messaging.application.engine.TemplateRenderer -- Notification template of N-54 has no value for dogs_count
12:27:30.940 [main] WARN com.agilityhub.core.clubs.messaging.application.engine.TemplateRenderer -- Notification template of N-54 has no value for class_date
12:27:30.940 [main] WARN com.agilityhub.core.clubs.messaging.application.engine.TemplateRenderer -- Notification template of N-54 has no value for class_time
12:27:30.940 [main] WARN com.agilityhub.core.clubs.messaging.application.engine.TemplateRenderer -- Notification template of N-54 has no value for class_description
12:27:30.940 [main] WARN com.agilityhub.core.clubs.messaging.application.engine.TemplateRenderer -- Notification template of N-54 has no value for ring_name
12:27:30.940 [main] WARN com.agilityhub.core.clubs.messaging.application.engine.TemplateRenderer -- Notification template of N-54 has no value for dogs_count
12:27:30.941 [main] WARN com.agilityhub.core.clubs.messaging.application.engine.TemplateRenderer -- Notification template of N-54 has no value for class_date
12:27:30.941 [main] WARN com.agilityhub.core.clubs.messaging.application.engine.TemplateRenderer -- Notification template of N-54 has no value for class_time
12:27:30.941 [main] WARN com.agilityhub.core.clubs.messaging.application.engine.TemplateRenderer -- Notification template of N-54 has no value for class_description
12:27:30.941 [main] WARN com.agilityhub.core.clubs.messaging.application.engine.TemplateRenderer -- Notification template of N-54 has no value for ring_name
12:27:30.941 [main] WARN com.agilityhub.core.clubs.messaging.application.engine.TemplateRenderer -- Notification template of N-54 has no value for dogs_count
12:27:30.941 [main] WARN com.agilityhub.core.clubs.messaging.application.engine.TemplateRenderer -- Notification template of N-54 has no value for class_date
12:27:30.941 [main] WARN com.agilityhub.core.clubs.messaging.application.engine.TemplateRenderer -- Notification template of N-54 has no value for class_time
12:27:30.941 [main] WARN com.agilityhub.core.clubs.messaging.application.engine.TemplateRenderer -- Notification template of N-54 has no value for class_description
12:27:30.941 [main] WARN com.agilityhub.core.clubs.messaging.application.engine.TemplateRenderer -- Notification template of N-54 has no value for ring_name
12:27:30.941 [main] WARN com.agilityhub.core.clubs.messaging.application.engine.TemplateRenderer -- Notification template of N-54 has no value for dogs_count
12:27:30.941 [main] WARN com.agilityhub.core.clubs.messaging.application.engine.TemplateRenderer -- Notification template of N-54 has no value for class_date
12:27:30.941 [main] WARN com.agilityhub.core.clubs.messaging.application.engine.TemplateRenderer -- Notification template of N-54 has no value for class_time
12:27:30.941 [main] WARN com.agilityhub.core.clubs.messaging.application.engine.TemplateRenderer -- Notification template of N-54 has no value for class_description
12:27:30.941 [main] WARN com.agilityhub.core.clubs.messaging.application.engine.TemplateRenderer -- Notification template of N-54 has no value for ring_name
12:27:30.941 [main] WARN com.agilityhub.core.clubs.messaging.application.engine.TemplateRenderer -- Notification template of N-54 has no value for dogs_count
12:27:30.941 [main] WARN com.agilityhub.core.clubs.messaging.application.engine.TemplateRenderer -- Notification template of N-54 has no value for class_date
12:27:30.941 [main] WARN com.agilityhub.core.clubs.messaging.application.engine.TemplateRenderer -- Notification template of N-54 has no value for class_time
12:27:30.941 [main] WARN com.agilityhub.core.clubs.messaging.application.engine.TemplateRenderer -- Notification template of N-54 has no value for class_description
12:27:30.941 [main] WARN com.agilityhub.core.clubs.messaging.application.engine.TemplateRenderer -- Notification template of N-54 has no value for ring_name
12:27:30.941 [main] WARN com.agilityhub.core.clubs.messaging.application.engine.TemplateRenderer -- Notification template of N-54 has no value for dogs_count
12:27:30.942 [main] WARN com.agilityhub.core.clubs.messaging.application.engine.TemplateRenderer -- Notification template of N-54 has no value for class_date
12:27:30.942 [main] WARN com.agilityhub.core.clubs.messaging.application.engine.TemplateRenderer -- Notification template of N-54 has no value for class_time
12:27:30.942 [main] WARN com.agilityhub.core.clubs.messaging.application.engine.TemplateRenderer -- Notification template of N-54 has no value for class_description
12:27:30.942 [main] WARN com.agilityhub.core.clubs.messaging.application.engine.TemplateRenderer -- Notification template of N-54 has no value for ring_name
12:27:30.942 [main] WARN com.agilityhub.core.clubs.messaging.application.engine.TemplateRenderer -- Notification template of N-54 has no value for dogs_count
12:27:30.942 [main] WARN com.agilityhub.core.clubs.messaging.application.engine.TemplateRenderer -- Notification template of N-54 has no value for class_date
12:27:30.942 [main] WARN com.agilityhub.core.clubs.messaging.application.engine.TemplateRenderer -- Notification template of N-54 has no value for class_time
12:27:30.942 [main] WARN com.agilityhub.core.clubs.messaging.application.engine.TemplateRenderer -- Notification template of N-54 has no value for class_description
12:27:30.942 [main] WARN com.agilityhub.core.clubs.messaging.application.engine.TemplateRenderer -- Notification template of N-54 has no value for ring_name
12:27:30.942 [main] WARN com.agilityhub.core.clubs.messaging.application.engine.TemplateRenderer -- Notification template of N-54 has no value for dogs_count
12:27:30.942 [main] WARN com.agilityhub.core.clubs.messaging.application.engine.TemplateRenderer -- Notification template of N-54 has no value for class_date
12:27:30.942 [main] WARN com.agilityhub.core.clubs.messaging.application.engine.TemplateRenderer -- Notification template of N-54 has no value for class_time
12:27:30.942 [main] WARN com.agilityhub.core.clubs.messaging.application.engine.TemplateRenderer -- Notification template of N-54 has no value for class_description
12:27:30.942 [main] WARN com.agilityhub.core.clubs.messaging.application.engine.TemplateRenderer -- Notification template of N-54 has no value for ring_name
12:27:30.942 [main] WARN com.agilityhub.core.clubs.messaging.application.engine.TemplateRenderer -- Notification template of N-54 has no value for dogs_count
12:27:30.942 [main] WARN com.agilityhub.core.clubs.messaging.application.engine.TemplateRenderer -- Notification template of N-54 has no value for class_date
12:27:30.942 [main] WARN com.agilityhub.core.clubs.messaging.application.engine.TemplateRenderer -- Notification template of N-54 has no value for class_time
12:27:30.942 [main] WARN com.agilityhub.core.clubs.messaging.application.engine.TemplateRenderer -- Notification template of N-54 has no value for class_description
12:27:30.942 [main] WARN com.agilityhub.core.clubs.messaging.application.engine.TemplateRenderer -- Notification template of N-54 has no value for ring_name
12:27:30.942 [main] WARN com.agilityhub.core.clubs.messaging.application.engine.TemplateRenderer -- Notification template of N-54 has no value for dogs_count
12:27:30.942 [main] WARN com.agilityhub.core.clubs.messaging.application.engine.TemplateRenderer -- Notification template of N-54 has no value for class_date
12:27:30.942 [main] WARN com.agilityhub.core.clubs.messaging.application.engine.TemplateRenderer -- Notification template of N-54 has no value for class_time
12:27:30.942 [main] WARN com.agilityhub.core.clubs.messaging.application.engine.TemplateRenderer -- Notification template of N-54 has no value for class_description
12:27:30.942 [main] WARN com.agilityhub.core.clubs.messaging.application.engine.TemplateRenderer -- Notification template of N-54 has no value for ring_name
12:27:30.942 [main] WARN com.agilityhub.core.clubs.messaging.application.engine.TemplateRenderer -- Notification template of N-54 has no value for dogs_count
E7-T04 engine matrix: 2520 cases over 56 R1 codes; per code {N-01=48, N-02=32, N-03=16, N-04=32, N-05=32, N-06=48, N-07=48, N-08a=112, N-08b=80, N-09=32, N-10=48, N-11a=48, N-11b=48, N-13=48, N-14=32, N-15=96, N-16=80, N-17=64, N-18a=48, N-18b=48, N-18c=48, N-18d=48, N-19=32, N-20=48, N-21=48, N-22=48, N-23=32, N-24=48, N-25=16, N-26=16, N-27=16, N-28=32, N-29=32, N-30=48, N-31=48, N-32a=48, N-32b=48, N-32c=72, N-32d=72, N-33=48, N-34=32, N-35=48, N-36=48, N-37=32, N-38=48, N-39=16, N-40=32, N-41=48, N-42=32, N-43=16, N-46=48, N-47=72, N-49=48, N-51=32, N-52=16, N-54=64}; without event: [N-50, N-53]; plus 160 cases of N-24 sent with a CUSTOM template {N-24 CUSTOM CLUB_CHANGES=64, N-24 CUSTOM CLUB_NEWS=48, N-24 CUSTOM PERSONAL=48}
12:27:31.111 [main] WARN com.agilityhub.core.clubs.messaging.application.engine.TemplateRenderer -- Notification template of N-04 uses the unknown variable unknown_var
12:27:31.111 [main] WARN com.agilityhub.core.clubs.messaging.application.engine.TemplateRenderer -- Notification template of N-04 is not valid ICU; rendered as plain text
12:27:31.111 [main] WARN com.agilityhub.core.clubs.messaging.application.engine.TemplateRenderer -- Notification template of N-37 has no value for change
12:27:31.111 [main] WARN com.agilityhub.core.clubs.messaging.application.engine.TemplateRenderer -- Notification template of N-17 has no value for dogs_count
12:27:31.111 [main] WARN com.agilityhub.core.clubs.messaging.application.engine.TemplateRenderer -- Notification template of N-17 has no value for club_name
E7-T03 seed: 51 templates per locale (ca, es, en); without a template: [N-25, N-26, N-27, N-39, N-43, N-44, N-45, N-48, N-52, N-53]
NotificationCatalog parity: 61 rows (43 main + 18 Annex A) = 61 codes; N-12 absent
NotificationCatalog variables: 75 used, 0 outside the catalog lists
T-11-02 truth table: 61 catalog codes, 9792 code x audience x row combinations
Imported: 0 created, 0 linked, 0 skipped, 1 errors
Reasons: {INVALID_PASSWORD=1}
VALIDATION_ERROR {}
Usage: identity:import-learn <csv> [--dry-run] [--platform-admins=a@x,b@y]
Usage: identity:import-learn <csv> [--dry-run] [--platform-admins=a@x,b@y]
Usage: identity:import-learn <csv> [--dry-run] [--platform-admins=a@x,b@y]
Usage: identity:import-learn <csv> [--dry-run] [--platform-admins=a@x,b@y]
Usage: identity:import-learn <csv> [--dry-run] [--platform-admins=a@x,b@y]
Usage: identity:import-learn <csv> [--dry-run] [--platform-admins=a@x,b@y]
Usage: identity:import-learn <csv> [--dry-run] [--platform-admins=a@x,b@y]
Usage: identity:import-learn <csv> [--dry-run] [--platform-admins=a@x,b@y]
Usage: identity:import-learn <csv> [--dry-run] [--platform-admins=a@x,b@y]
Imported: 1 created, 0 linked, 0 skipped, 0 errors
Reasons: {NEW_ACCOUNT=1}
Dry run: 1 would create, 0 would link, 0 skipped, 0 errors
Reasons: {NEW_ACCOUNT=1}
12:27:32.662 [main] WARN org.springframework.security.crypto.argon2.Argon2PasswordEncoder -- Malformed password hash
java.lang.IllegalArgumentException: Invalid encoded Argon2-hash
	at org.springframework.security.crypto.argon2.Argon2EncodingUtils.decode(Argon2EncodingUtils.java:107)
	at org.springframework.security.crypto.argon2.Argon2PasswordEncoder.matches(Argon2PasswordEncoder.java:137)
	at com.agilityhub.core.identity.application.PasswordHasher.verify(PasswordHasher.java:21)
	at com.agilityhub.core.identity.application.PasswordHasherTest.T_01_02_missingAndUnusableHashesFailThroughDummyVerification(PasswordHasherTest.java:40)
	at java.base/jdk.internal.reflect.DirectMethodHandleAccessor.invoke(DirectMethodHandleAccessor.java:103)
	at java.base/java.lang.reflect.Method.invoke(Method.java:580)
	at org.junit.platform.commons.util.ReflectionUtils.invokeMethod(ReflectionUtils.java:775)
	at org.junit.platform.commons.support.ReflectionSupport.invokeMethod(ReflectionSupport.java:479)
	at org.junit.jupiter.engine.execution.MethodInvocation.proceed(MethodInvocation.java:60)
	at org.junit.jupiter.engine.execution.InvocationInterceptorChain$ValidatingInvocation.proceed(InvocationInterceptorChain.java:131)
	at org.junit.jupiter.engine.extension.TimeoutExtension.intercept(TimeoutExtension.java:161)
	at org.junit.jupiter.engine.extension.TimeoutExtension.interceptTestableMethod(TimeoutExtension.java:152)
	at org.junit.jupiter.engine.extension.TimeoutExtension.interceptTestMethod(TimeoutExtension.java:91)
	at org.junit.jupiter.engine.execution.InterceptingExecutableInvoker$ReflectiveInterceptorCall.lambda$ofVoidMethod$0(InterceptingExecutableInvoker.java:112)
	at org.junit.jupiter.engine.execution.InterceptingExecutableInvoker.lambda$invoke$0(InterceptingExecutableInvoker.java:94)
	at org.junit.jupiter.engine.execution.InvocationInterceptorChain$InterceptedInvocation.proceed(InvocationInterceptorChain.java:106)
	at org.junit.jupiter.engine.execution.InvocationInterceptorChain.proceed(InvocationInterceptorChain.java:64)
	at org.junit.jupiter.engine.execution.InvocationInterceptorChain.chainAndInvoke(InvocationInterceptorChain.java:45)
	at org.junit.jupiter.engine.execution.InvocationInterceptorChain.invoke(InvocationInterceptorChain.java:37)
	at org.junit.jupiter.engine.execution.InterceptingExecutableInvoker.invoke(InterceptingExecutableInvoker.java:93)
	at org.junit.jupiter.engine.execution.InterceptingExecutableInvoker.invoke(InterceptingExecutableInvoker.java:87)
	at org.junit.jupiter.engine.descriptor.TestMethodTestDescriptor.lambda$invokeTestMethod$7(TestMethodTestDescriptor.java:216)
	at org.junit.platform.engine.support.hierarchical.ThrowableCollector.execute(ThrowableCollector.java:73)
	at org.junit.jupiter.engine.descriptor.TestMethodTestDescriptor.invokeTestMethod(TestMethodTestDescriptor.java:212)
	at org.junit.jupiter.engine.descriptor.TestMethodTestDescriptor.execute(TestMethodTestDescriptor.java:137)
	at org.junit.jupiter.engine.descriptor.TestMethodTestDescriptor.execute(TestMethodTestDescriptor.java:69)
	at org.junit.platform.engine.support.hierarchical.NodeTestTask.lambda$executeRecursively$6(NodeTestTask.java:156)
	at org.junit.platform.engine.support.hierarchical.ThrowableCollector.execute(ThrowableCollector.java:73)
	at org.junit.platform.engine.support.hierarchical.NodeTestTask.lambda$executeRecursively$8(NodeTestTask.java:146)
	at org.junit.platform.engine.support.hierarchical.Node.around(Node.java:137)
	at org.junit.platform.engine.support.hierarchical.NodeTestTask.lambda$executeRecursively$9(NodeTestTask.java:144)
	at org.junit.platform.engine.support.hierarchical.ThrowableCollector.execute(ThrowableCollector.java:73)
	at org.junit.platform.engine.support.hierarchical.NodeTestTask.executeRecursively(NodeTestTask.java:143)
	at org.junit.platform.engine.support.hierarchical.NodeTestTask.execute(NodeTestTask.java:100)
	at java.base/java.util.ArrayList.forEach(ArrayList.java:1596)
	at org.junit.platform.engine.support.hierarchical.SameThreadHierarchicalTestExecutorService.invokeAll(SameThreadHierarchicalTestExecutorService.java:41)
	at org.junit.platform.engine.support.hierarchical.NodeTestTask.lambda$executeRecursively$6(NodeTestTask.java:160)
	at org.junit.platform.engine.support.hierarchical.ThrowableCollector.execute(ThrowableCollector.java:73)
	at org.junit.platform.engine.support.hierarchical.NodeTestTask.lambda$executeRecursively$8(NodeTestTask.java:146)
	at org.junit.platform.engine.support.hierarchical.Node.around(Node.java:137)
	at org.junit.platform.engine.support.hierarchical.NodeTestTask.lambda$executeRecursively$9(NodeTestTask.java:144)
	at org.junit.platform.engine.support.hierarchical.ThrowableCollector.execute(ThrowableCollector.java:73)
	at org.junit.platform.engine.support.hierarchical.NodeTestTask.executeRecursively(NodeTestTask.java:143)
	at org.junit.platform.engine.support.hierarchical.NodeTestTask.execute(NodeTestTask.java:100)
	at java.base/java.util.ArrayList.forEach(ArrayList.java:1596)
	at org.junit.platform.engine.support.hierarchical.SameThreadHierarchicalTestExecutorService.invokeAll(SameThreadHierarchicalTestExecutorService.java:41)
	at org.junit.platform.engine.support.hierarchical.NodeTestTask.lambda$executeRecursively$6(NodeTestTask.java:160)
	at org.junit.platform.engine.support.hierarchical.ThrowableCollector.execute(ThrowableCollector.java:73)
	at org.junit.platform.engine.support.hierarchical.NodeTestTask.lambda$executeRecursively$8(NodeTestTask.java:146)
	at org.junit.platform.engine.support.hierarchical.Node.around(Node.java:137)
	at org.junit.platform.engine.support.hierarchical.NodeTestTask.lambda$executeRecursively$9(NodeTestTask.java:144)
	at org.junit.platform.engine.support.hierarchical.ThrowableCollector.execute(ThrowableCollector.java:73)
	at org.junit.platform.engine.support.hierarchical.NodeTestTask.executeRecursively(NodeTestTask.java:143)
	at org.junit.platform.engine.support.hierarchical.NodeTestTask.execute(NodeTestTask.java:100)
	at org.junit.platform.engine.support.hierarchical.SameThreadHierarchicalTestExecutorService.submit(SameThreadHierarchicalTestExecutorService.java:35)
	at org.junit.platform.engine.support.hierarchical.HierarchicalTestExecutor.execute(HierarchicalTestExecutor.java:57)
	at org.junit.platform.engine.support.hierarchical.HierarchicalTestEngine.execute(HierarchicalTestEngine.java:54)
	at org.junit.platform.launcher.core.EngineExecutionOrchestrator.execute(EngineExecutionOrchestrator.java:201)
	at org.junit.platform.launcher.core.EngineExecutionOrchestrator.execute(EngineExecutionOrchestrator.java:170)
	at org.junit.platform.launcher.core.EngineExecutionOrchestrator.execute(EngineExecutionOrchestrator.java:94)
	at org.junit.platform.launcher.core.EngineExecutionOrchestrator.lambda$execute$0(EngineExecutionOrchestrator.java:59)
	at org.junit.platform.launcher.core.EngineExecutionOrchestrator.withInterceptedStreams(EngineExecutionOrchestrator.java:142)
	at org.junit.platform.launcher.core.EngineExecutionOrchestrator.execute(EngineExecutionOrchestrator.java:58)
	at org.junit.platform.launcher.core.DefaultLauncher.execute(DefaultLauncher.java:103)
	at org.junit.platform.launcher.core.DefaultLauncher.execute(DefaultLauncher.java:85)
	at org.junit.platform.launcher.core.DelegatingLauncher.execute(DelegatingLauncher.java:47)
	at org.junit.platform.launcher.core.InterceptingLauncher.lambda$execute$1(InterceptingLauncher.java:39)
	at org.junit.platform.launcher.core.ClasspathAlignmentCheckingLauncherInterceptor.intercept(ClasspathAlignmentCheckingLauncherInterceptor.java:25)
	at org.junit.platform.launcher.core.InterceptingLauncher.execute(InterceptingLauncher.java:38)
	at org.junit.platform.launcher.core.DelegatingLauncher.execute(DelegatingLauncher.java:47)
	at org.apache.maven.surefire.junitplatform.LauncherAdapter.executeWithoutCancellationToken(LauncherAdapter.java:60)
	at org.apache.maven.surefire.junitplatform.LauncherAdapter.execute(LauncherAdapter.java:52)
	at org.apache.maven.surefire.junitplatform.JUnitPlatformProvider.execute(JUnitPlatformProvider.java:203)
	at org.apache.maven.surefire.junitplatform.JUnitPlatformProvider.invokeAllTests(JUnitPlatformProvider.java:168)
	at org.apache.maven.surefire.junitplatform.JUnitPlatformProvider.invoke(JUnitPlatformProvider.java:136)
	at org.apache.maven.surefire.booter.ForkedBooter.runSuitesInProcess(ForkedBooter.java:385)
	at org.apache.maven.surefire.booter.ForkedBooter.execute(ForkedBooter.java:162)
	at org.apache.maven.surefire.booter.ForkedBooter.run(ForkedBooter.java:507)
	at org.apache.maven.surefire.booter.ForkedBooter.main(ForkedBooter.java:495)
12:27:33.989 [main] WARN com.agilityhub.core.identity.application.CompromisedPasswords -- Compromised password check unavailable; continuing per A2
12:27:34.011 [main] WARN com.agilityhub.core.identity.application.CompromisedPasswords -- Compromised password check unavailable; continuing per A2
12:27:34.012 [main] WARN com.agilityhub.core.identity.application.CompromisedPasswords -- Compromised password check unavailable; continuing per A2
12:27:34.204 [main] WARN com.agilityhub.core.platform.application.ClubConfigService -- ParameterInvalidOverride clubId=club-a key=training.capacityPerRingSlot error=PARAMETER_INVALID
12:27:34.204 [main] WARN com.agilityhub.core.platform.application.ClubConfigService -- ParameterInvalidOverride clubId=club-a key=signup.enabled error=PARAMETER_INVALID
12:27:34.204 [main] WARN com.agilityhub.core.platform.application.ClubConfigService -- ParameterInvalidOverride clubId=club-a key=retired.key error=UNKNOWN_PARAMETER
12:27:34.204 [main] WARN com.agilityhub.core.platform.application.ClubConfigService -- ParameterInvalidOverride clubId=club-a key=training.capacityPerRingSlot error=PARAMETER_INVALID
FREE_TRAINING dependsOn=[] selfService=false MINIM=false CANIC=true
BILLING dependsOn=[] selfService=false MINIM=false CANIC=true
PACKS dependsOn=[BILLING] selfService=false MINIM=false CANIC=true
SINGLE_CLASS dependsOn=[BILLING] selfService=false MINIM=false CANIC=false
ACTIVITIES dependsOn=[] selfService=false MINIM=false CANIC=true
FAMILY_GROUP dependsOn=[] selfService=false MINIM=false CANIC=true
WAITLIST dependsOn=[] selfService=false MINIM=true CANIC=true
TASKS dependsOn=[] selfService=false MINIM=false CANIC=true
FAQ dependsOn=[] selfService=true MINIM=true CANIC=true
SMS dependsOn=[] selfService=false MINIM=false CANIC=true
PUSH dependsOn=[] selfService=true MINIM=true CANIC=true
INACTIVITY dependsOn=[] selfService=false MINIM=false CANIC=true
COURSES dependsOn=[] selfService=false MINIM=false CANIC=true
LEARN_LINK dependsOn=[] selfService=true MINIM=false CANIC=true
STATS dependsOn=[] selfService=false MINIM=false CANIC=false
SOCIAL_LEAGUE dependsOn=[STATS] selfService=false MINIM=false CANIC=false
Audit coverage: ACTIVITY_PUBLISHED -> ActivityIT.T_07_10_publicationCreatesFiveBlocksAndTitleCellsWithAtomicReplay
Audit coverage: ACTIVITY_CANCELLED -> ActivityIT.T_07_13_cancellationNotifiesActiveAndWaitingAndZeroesCounters
Audit coverage: ACTIVITY_UPDATED -> ActivityIT.T_07_10_publicationCreatesFiveBlocksAndTitleCellsWithAtomicReplay
Audit coverage: ACTIVITY_REGISTERED_BY_CLUB -> ActivityIT.T_07_23_impersonationRecordsBothActorsAndClubChangeChannels
Audit coverage: ACTIVITY_REGISTRATION_CANCELLED_BY_CLUB -> ActivityIT.T_07_23_impersonationRecordsBothActorsAndClubChangeChannels
Audit coverage: WEEK_VALIDATED -> CalendarIT.T_06_12_validateAtomicallyAndExposeDraftsOnlyAfterValidation
Audit coverage: CLASS_CANCELLED -> CalendarIT.T_06_14_T_06_15_T_06_34_cancellationRollsBackAndDeliversEveryDogInRecipientLocaleOnce
Audit coverage: CLASS_UPDATED_WITH_BOOKINGS -> CalendarIT.T_06_13_editPresenceCapacityVersionExemptionAndLocalizedChangeNotifications
Audit coverage: CLASS_RISK_EXEMPTION_CHANGED -> CalendarIT.T_06_13_editPresenceCapacityVersionExemptionAndLocalizedChangeNotifications
Audit coverage: RING_BLOCK_CREATED -> CalendarIT.R_14_09_anInstructorsAuditedActionIsStoredBackofficeAndItsEventKeepsInstructor, CalendarIT.T_06_16_T_06_32_ringBlockLifecycleConflictsTimeRulesRolesAndRedaction
Audit coverage: RING_BLOCK_CANCELLED -> CalendarIT.T_06_16_T_06_32_ringBlockLifecycleConflictsTimeRulesRolesAndRedaction
Audit coverage: TEMPLATE_CLASS_DELETED -> PlanningIT.T_06_01_T_06_09_templateCrudCopyNullResetsAuditEventsAndUsage
Audit coverage: TEMPLATE_BAND_DELETED -> PlanningIT.T_06_01_T_06_09_templateCrudCopyNullResetsAuditEventsAndUsage
Audit coverage: MEMBER_VALIDATED -> SignupIT.T_04_17_publicSignupAndValidationAreAtomicOnRealCensusEntities
Audit coverage: SIGNUP_REJECTED -> SignupIT.T_04_19_rejectionCancelsDuePaymentsAndCannotRepeat
Audit coverage: SIGNUP_SUBMITTED -> SignupSecurityFixesIT.R_04_06_R_14_09_theReusedDogsSubmittedValuesAreAuditedLikeTheMembers, SignupSecurityFixesIT.T_04_12_readmissionKeepsTheLeftRecordUntilValidationWhichAppliesTheSubmittedValues
Audit coverage: MEMBER_UPDATED -> CensusIT.T_03_12_memberEditsUseVersionUniquenessAndExactAuditDiff, NotificationPreferencesIT.T_11_20_theD10SaveIsAuditedWithTheActorAndPublishesTheChange
Audit coverage: SIGNUP_EDITED -> CensusIT.T_03_12_memberEditsUseVersionUniquenessAndExactAuditDiff, SignupIT.T_04_20_pendingEditsEmitSignupEditedAndRejectStaleVersion
Audit coverage: MEMBER_PAYMENT_METHOD_CHANGED -> CensusIT.T_03_13_paymentMethodsAreValidatedAndAlwaysMasked
Audit coverage: MEMBER_STATUS_CHANGED -> CensusIT.T_03_06_T_03_31_memberLeaveDeactivatesDogsAndReactivationKeepsTheirStatus
Audit coverage: BOOKING_CREATED_BY_CLUB -> BookingsIT.T_08_27_impersonatedBookingAndCancellationAreBackofficeAuditedAndNotifiedWithN36
Audit coverage: BOOKING_CANCELLED_BY_CLUB -> BookingsIT.T_08_27_impersonatedBookingAndCancellationAreBackofficeAuditedAndNotifiedWithN36
Audit coverage: BOOKING_CANCELLED_LATE -> BookingsIT.T_08_18_cancellationInTimeLateAndRejectedWithSeatReleaseAndMinimumAlert, BookingsIT.T_08_27_impersonatedBookingAndCancellationAreBackofficeAuditedAndNotifiedWithN36
Audit coverage: TRAINING_BOOKED_BY_CLUB -> TrainingIT.T_09_23_impersonationIsBackofficeAuditedMayOverrideTheLimitAndCancelLateWithAReason
Audit coverage: TRAINING_CANCELLED_BY_CLUB -> TrainingIT.T_09_23_impersonationIsBackofficeAuditedMayOverrideTheLimitAndCancelLateWithAReason
Audit coverage: ATTENDANCE_OVERRIDDEN -> AttendanceIT.T_10_01_anAdminMarksOutsideTheWindowAuditedAndAnInstructorIsRefused
Audit coverage: BOOKING_BLOCK_SET -> CensusIT.T_03_14_bookingBlocksAreReversibleAndRejectDuplicateChanges
Audit coverage: BOOKING_BLOCK_CLEARED -> CensusIT.T_03_14_bookingBlocksAreReversibleAndRejectDuplicateChanges
Audit coverage: ACCESS_RESENT -> CensusIT.T_03_16_accessResendPublishesAndDeliversN27Once
Audit coverage: DOG_UPDATED -> CensusIT.T_03_05_T_03_23_uploadOwnershipFileValidationAndSoftRemoval, FollowupIT.T_10_15_T_10_22_theImpersonatedOwnerCompletesAuditedAndStaffRoutesRejectTheToken, FollowupIT.T_10_17_observationsAreVersionedAuditedAndNeverReachAMember
Audit coverage: DOG_LEVEL_CHANGED -> CensusIT.T_03_19_levelChangeKeepsBookingsAndEmitsNoWarnings, SignupIT.T_04_17_publicSignupAndValidationAreAtomicOnRealCensusEntities
Audit coverage: DOG_FREE_TRAINING_CHANGED -> CensusIT.T_03_20_freeOverrideOnlyEmitsAnEventForEffectiveChanges
Audit coverage: DOG_TRANSFERRED -> CensusIT.T_03_21_transferPreservesDogDataAndClearsSelections
Audit coverage: DOG_DEACTIVATED -> CensusIT.T_03_22_deactivationChecksWaitlistsAndReactivationRequiresAnActiveOwner
Audit coverage: DOG_REACTIVATED -> CensusIT.T_03_22_deactivationChecksWaitlistsAndReactivationRequiresAnActiveOwner
Audit coverage: DOG_DOCUMENT_FILE_REMOVED -> CensusIT.T_03_05_T_03_23_uploadOwnershipFileValidationAndSoftRemoval
Audit coverage: FAMILY_GROUP_CHANGED -> CensusIT.T_03_28_familyMembershipHolderUpdatesAndDissolutionAreAtomic
Audit coverage: MEMBER_ROLES_CHANGED -> TeamIT.T_05_13_createReactivateRolesAndAtomicAudit
Audit coverage: DATA_EXPORTED -> AccountingExportIT.T_12_19_csvContainsEveryInvoiceLineAndLocalizedAmountsWithBom, ExportEngineIT.T_14_15_localizedHeadersMaskedValuesDatesAndReadyJobs, UniversalListsIT.T_03_11_exportsMaskFilesAndWriteTransactionalAuditOutbox
Audit coverage: CATALOG_CHANGED -> CatalogsIT.T_05_06_T_05_19_T_05_20_catalogCrudOrderVersionAuditAndOutbox, ClubPagesIT.T_05_CP_05_auditOutboxAndPageWritesCommitAndRollbackTogether, DemoSeedsIT.T_05_21_catalogSeedAppliesExportsUpdatesAndRepeatsWithoutWrites, MessageTemplatesIT.T_11_16_aCustomTemplateIsCreatedSavedWithItsVersionAndArchived, PlansIT.T_05_02_supersessionResolvesBothBoundariesAndEmitsTwoAtomicChanges, TeamIT.T_05_13_createReactivateRolesAndAtomicAudit
Audit coverage: ANNOUNCEMENT_SENT -> AnnouncementsIT.T_11_18_n24ToTheMembersOfTheListFiltersWithTheirOwnPreferencesAuditedAndReplayedByItsKey
Audit coverage: MIGRATION_APPLIED -> PlayoffMigrationIT.T_18_01_fixtureIncidentsSplitPeopleAndDogsWithoutSignupRejections
Audit coverage: PLATFORM_ROLES_CHANGED -> PlatformRolesIT.T_17_09_globalReadReplaceAndRemovalAuditOnlyRolePathWithoutDomainEvent
Audit coverage: ONBOARDING_COMPLETED -> OnboardingIT.T_01_26_importedAccountAcceptsOnceWithVersionTimeAndTransactionalAudit
Audit coverage: IMPERSONATION_STARTED -> ImpersonationHandoffIT.T_01_11_claimsMemberViewAuditedMutationAndRevocation
Audit coverage: ACCOUNT_EMAIL_STATUS_CHANGED -> SendGridWebhookIT.T_11_11_T_11_22_engineMailDeliveredSoftAndHardBouncesPerContactAddressAndTheAccountMarkCoexists, SendGridWebhookIT.T_11_22_validSignatureUpdatesAccountAuditAndDeliveryExactlyOnce
Audit coverage: PARAMETER_CHANGED -> AuditedAspectIT.T_14_12_parameterEntryCommitsAtomicallyWithAggregateAndOutboxAndCapturesMetadata, SettingsIT.T_02_03_R_02_04_theD11BlocksFollowTheCatalogAndOnlyTheClubKeysAreEditable, SettingsIT.T_02_08_parameterHistoryAuditOutboxCacheAndVersionedReset
Audit coverage: CLUB_UPDATED -> AuditedAspectIT.T_14_12_manualWriterMasksAndFreezesMutableSnapshotsBeforeCommit, ClubDefinitionsIT.T_02_12_canicMatchesBrandingAndParametersFixturesAndSecondApplyDoesNotWrite, SettingsIT.R_02_02_R_02_06_displayCityIsEditedWithTheClubAndTheTaxIdFollowsTheCountryProfile, SettingsIT.T_02_11_clubProjectionAndAllowlistedUpdatesAuditAndRefreshBranding
Audit coverage: CLUB_MODULES_CHANGED -> AuditedAspectIT.T_14_11_lastChangeUsesLatestTimestampAndSeparatesTenantsAndTargets, SettingsIT.T_02_09_selfServiceModulesAuditOutboxDependenciesAndBranding
Audit coverage: CLUB_STATUS_CHANGED -> AuditedAspectIT.T_14_11_platformEntriesHaveNullClubIdAndExplicitIsolatedQuery
Audit coverage: JOB_TRIGGERED -> JobFrameworkIT.T_15_08_manualTriggerIsAuditedAndRefusedWhileRunning, JobsApiIT.T_15_08_manualTriggerRunsTheProcessEvenSwitchedOffIsAuditedAndGuarded
Audit coverage: INVOICE_MARKED_PAID -> InvoiceActionsIT.T_12_14_fourCashInvoicesPaidInBulkAllOrNone
Audit coverage: INVOICE_MARKED_FAILED -> InvoiceActionsIT.T_12_14_T_12_30_aBankReturnFailsACollectingInvoiceAndAPaidOneWithItsSepaCollectionAndNotifiesTheAdmins
Audit coverage: INVOICE_CANCELLED -> InvoiceActionsIT.T_12_18_aManualAdjustmentIsNumberedInSequenceAndOnlyPendingOrFailedInvoicesAreCancelled
Audit coverage: INVOICE_CREATED_MANUAL -> InvoiceActionsIT.T_12_18_aManualAdjustmentIsNumberedInSequenceAndOnlyPendingOrFailedInvoicesAreCancelled
Audit coverage: REMITTANCE_GENERATED -> BillingCycleIT.T_12_09_T_12_29_theRunNumbersTheInvoicesAdvancesOnlyTheIncludedMembersAndAuditsOnce, BillingCycleIT.T_12_18_R_12_19_aManualSepaReceiptWithIncludeInNextRunJoinsTheNextRemittanceAndARollbackReturnsIt
Audit coverage: REMITTANCE_ROLLED_BACK -> BillingCycleIT.T_12_13_R_12_14_aRollbackReissuesItsWholeBlockAlsoAfterTheAdminCancelledOneOfItsReceipts, BillingCycleIT.T_12_13_aRollbackGivesBackNumbersDatesAndChargesAndASecondRunReproducesTheNumbers
Audit coverage: REMITTANCE_SUBMITTED -> RemittancesIT.T_12_30_aSubmittedRemittanceEndsTheRollbackAndTheSubmissionIsAuditedOnce
Audit coverage: PAYMENT_REFUNDED -> CardPaymentsIT.T_12_17_partialAndTotalRefundKeepInvoicePaidAndRejectOverRefund
Audit coverage: CARD_CHARGES_STARTED -> CardPaymentsIT.T_12_15_runDuplicateAndOutOfOrderEventsKeepOnePayment
Audit coverage: UPFRONT_PAYMENT_RECORDED -> CardPaymentsIT.T_12_16_manualAuditAndExpiredSignupStillRecordsCapturedRemainder, LifecycleIT.T_12_07_manualPaymentOpensOnlyWhenFullyPaidAndRecordsTheWholeMovementCycle
Audit coverage: PACK_ADJUSTED -> LifecycleIT.T_12_07_adjustWritesTheBalanceAndItsAuditInOneTransaction
Audit coverage: MEMBER_PLAN_CHANGED -> LifecycleIT.T_13_20_packToMonthlyWritesDiscountedDueEntryAndAuditsWithoutMovingInvoiceDate
Audit coverage: INACTIVITY_RESOLVED -> LifecycleIT.T_13_08_requestUsesDeadlineAndReplaysTheSameKey
Audit coverage: LEAVE_RESOLVED -> LifecycleIT.T_13_15_onePendingRequestAndDisabledNps
Audit coverage: LEAVE_CANCELLED -> LifecycleIT.T_13_18_T_13_19_directLeaveSupersedesPendingAndCancellationClearsTheDate
catalog.yaml parameter keys: 149
CATALEG_PARAMETRES.md expanded effective parameter keys: 149
Markdown grouped keys/jobs expanded; Club binding rows excluded; Annex amendments folded
12:27:39.239 [main] INFO org.springframework.boot.test.context.SpringBootTestContextBootstrapper -- Found @SpringBootConfiguration com.agilityhub.core.CoreApplication for test class com.agilityhub.core.shared.api.HealthControllerTest

  .   ____          _            __ _ _
 /\\ / ___'_ __ _ _(_)_ __  __ _ \ \ \ \
( ( )\___ | '_ | '_| | '_ \/ _` | \ \ \ \
 \\/  ___)| |_)| | | | | || (_| |  ) ) ) )
  '  |____| .__|_| |_|_| |_\__, | / / / /
 =========|_|==============|___/=/_/_/_/

 :: Spring Boot ::               (v3.5.16)

2026-10-09T12:27:39.348+02:00 INFO  [main] c.a.core.shared.api.HealthControllerTest traceId= clubId= accountId= : Starting HealthControllerTest using Java [redacted] with PID 40158 (started by jordib in /Users/jordib/dev/agilityhub/agilityhub-core-api-c)
2026-10-09T12:27:39.349+02:00 INFO  [main] c.a.core.shared.api.HealthControllerTest traceId= clubId= accountId= : The following 1 profile is active: "test"
2026-10-09T12:27:40.145+02:00 INFO  [main] o.s.b.t.m.w.SpringBootMockServletContext traceId= clubId= accountId= : Initializing Spring TestDispatcherServlet ''
2026-10-09T12:27:40.145+02:00 INFO  [main] o.s.t.web.servlet.TestDispatcherServlet traceId= clubId= accountId= : Initializing Servlet ''
2026-10-09T12:27:40.145+02:00 INFO  [main] o.s.t.web.servlet.TestDispatcherServlet traceId= clubId= accountId= : Completed initialization in 0 ms
2026-10-09T12:27:40.153+02:00 INFO  [main] c.a.core.shared.api.HealthControllerTest traceId= clubId= accountId= : Started HealthControllerTest in 0.885 seconds (process running for 29.494)
2026-10-09T12:27:40.163+02:00 WARN  [main] c.a.core.shared.api.HealthController traceId=155f4135-6de3-4be2-baca-885f87e10a48 clubId=- accountId=- : Health DOWN: the database did not answer a ping within 1000 ms traceId=155f4135-6de3-4be2-baca-885f87e10a48
2026-10-09T12:27:40.174+02:00 WARN  [main] c.a.core.shared.api.ApiExceptionHandler traceId=e01a3806-3efa-4822-826d-e77e074e0ef9 clubId=- accountId=- : Framework request rejected status=404 code=NOT_FOUND traceId=e01a3806-3efa-4822-826d-e77e074e0ef9
2026-10-09T12:27:40.186+02:00 WARN  [main] c.a.core.shared.api.ApiExceptionHandler traceId=2ee0bd29-c56d-4096-b50c-4b366f41fa4b clubId=- accountId=- : Framework request rejected status=405 code=METHOD_NOT_ALLOWED traceId=2ee0bd29-c56d-4096-b50c-4b366f41fa4b
2026-10-09T12:27:40.201+02:00 WARN  [main] c.a.core.shared.api.ApiExceptionHandler traceId=2ec275ff-c457-4226-bdc2-c01a7dc4712e clubId=- accountId=- : Framework request rejected status=404 code=NOT_FOUND traceId=2ec275ff-c457-4226-bdc2-c01a7dc4712e
2026-10-09T12:27:40.300+02:00 INFO  [main] o.s.mock.web.MockServletContext traceId= clubId= accountId= : Initializing Spring TestDispatcherServlet ''
2026-10-09T12:27:40.301+02:00 INFO  [main] o.s.t.web.servlet.TestDispatcherServlet traceId= clubId= accountId= : Initializing Servlet ''
2026-10-09T12:27:40.301+02:00 INFO  [main] o.s.t.web.servlet.TestDispatcherServlet traceId= clubId= accountId= : Completed initialization in 0 ms
2026-10-09T12:27:40.301+02:00 WARN  [main] c.a.core.shared.api.ApiExceptionHandler traceId=134c5346-9853-401e-9b50-520f566474b3 clubId=- accountId=- : Framework request rejected status=405 code=METHOD_NOT_ALLOWED traceId=134c5346-9853-401e-9b50-520f566474b3
2026-10-09T12:27:40.306+02:00 WARN  [main] c.a.core.shared.api.ApiExceptionHandler traceId=e646addc-be24-421e-9512-f631d8b218ab clubId=- accountId=- : Framework request rejected code=VALIDATION_ERROR traceId=e646addc-[redacted]
2026-10-09T12:27:40.307+02:00 WARN  [main] c.a.core.shared.api.ApiExceptionHandler traceId=667be2b8-a946-4a6f-a2f3-ac58a850b5c3 clubId=- accountId=- : Framework request rejected status=415 code=UNSUPPORTED_MEDIA_TYPE traceId=667be2b8-a946-4a6f-a2f3-ac58a850b5c3
2026-10-09T12:27:40.308+02:00 WARN  [main] c.a.core.shared.api.ApiExceptionHandler traceId=3232e4eb-e4d9-409a-b775-5703cc834cb8 clubId=- accountId=- : Framework request rejected status=406 code=NOT_ACCEPTABLE traceId=3232e4eb-e4d9-409a-b775-5703cc834cb8
2026-10-09T12:27:40.308+02:00 WARN  [main] c.a.core.shared.api.ApiExceptionHandler traceId=f20c6758-d121-4867-b79b-13560b217082 clubId=- accountId=- : Framework request rejected status=400 code=VALIDATION_ERROR traceId=f20c6758-d121-4867-b79b-13560b217082
2026-10-09T12:27:40.309+02:00 WARN  [main] o.s.web.servlet.PageNotFound traceId=9d8a708d-7605-44bd-a338-75727fe6761f clubId=- accountId=- : No mapping for GET /missing
2026-10-09T12:27:40.309+02:00 WARN  [main] c.a.core.shared.api.ApiExceptionHandler traceId=9d8a708d-7605-44bd-a338-75727fe6761f clubId=- accountId=- : Framework request rejected status=404 code=NOT_FOUND traceId=9d8a708d-7605-44bd-a338-75727fe6761f
2026-10-09T12:27:40.309+02:00 WARN  [main] c.a.core.shared.api.ApiExceptionHandler traceId=852c9649-ef7b-4f52-acf7-2fd863f6e045 clubId=- accountId=- : Framework request rejected code=FILE_TOO_LARGE traceId=852c9649-ef7b-4f52-acf7-2fd863f6e045
2026-10-09T12:27:40.312+02:00 INFO  [main] o.s.mock.web.MockServletContext traceId= clubId= accountId= : Initializing Spring TestDispatcherServlet ''
2026-10-09T12:27:40.313+02:00 INFO  [main] o.s.t.web.servlet.TestDispatcherServlet traceId= clubId= accountId= : Initializing Servlet ''
2026-10-09T12:27:40.313+02:00 INFO  [main] o.s.t.web.servlet.TestDispatcherServlet traceId= clubId= accountId= : Completed initialization in 0 ms
2026-10-09T12:27:40.316+02:00 INFO  [main] o.s.mock.web.MockServletContext traceId= clubId= accountId= : Initializing Spring TestDispatcherServlet ''
2026-10-09T12:27:40.316+02:00 INFO  [main] o.s.t.web.servlet.TestDispatcherServlet traceId= clubId= accountId= : Initializing Servlet ''
2026-10-09T12:27:40.316+02:00 INFO  [main] o.s.t.web.servlet.TestDispatcherServlet traceId= clubId= accountId= : Completed initialization in 0 ms
2026-10-09T12:27:40.316+02:00 ERROR [main] c.a.core.shared.api.ApiExceptionHandler traceId=385826d8-00d7-4ce7-b5f6-6da1afde8d98 clubId=- accountId=- : Unhandled request exception traceId=385826d8-00d7-4ce7-b5f6-6da1afde8d98
java.lang.IllegalStateException
	at com.agilityhub.core.shared.api.ApiExceptionHandlerTest$TestController.unexpected(ApiExceptionHandlerTest.java:148)
	at java.base/jdk.internal.reflect.DirectMethodHandleAccessor.invoke(DirectMethodHandleAccessor.java:103)
	at java.base/java.lang.reflect.Method.invoke(Method.java:580)
	at org.springframework.web.method.support.InvocableHandlerMethod.doInvoke(InvocableHandlerMethod.java:258)
	at org.springframework.web.method.support.InvocableHandlerMethod.invokeForRequest(InvocableHandlerMethod.java:191)
	at org.springframework.web.servlet.mvc.method.annotation.ServletInvocableHandlerMethod.invokeAndHandle(ServletInvocableHandlerMethod.java:118)
	at org.springframework.web.servlet.mvc.method.annotation.RequestMappingHandlerAdapter.invokeHandlerMethod(RequestMappingHandlerAdapter.java:991)
	at org.springframework.web.servlet.mvc.method.annotation.RequestMappingHandlerAdapter.handleInternal(RequestMappingHandlerAdapter.java:896)
	at org.springframework.web.servlet.mvc.method.AbstractHandlerMethodAdapter.handle(AbstractHandlerMethodAdapter.java:87)
	at org.springframework.web.servlet.DispatcherServlet.doDispatch(DispatcherServlet.java:1089)
	at org.springframework.web.servlet.DispatcherServlet.doService(DispatcherServlet.java:979)
	at org.springframework.web.servlet.FrameworkServlet.processRequest(FrameworkServlet.java:1014)
	at org.springframework.web.servlet.FrameworkServlet.doGet(FrameworkServlet.java:903)
	at jakarta.servlet.http.HttpServlet.service(HttpServlet.java:564)
	at org.springframework.web.servlet.FrameworkServlet.service(FrameworkServlet.java:885)
	at org.springframework.test.web.servlet.TestDispatcherServlet.service(TestDispatcherServlet.java:72)
	at jakarta.servlet.http.HttpServlet.service(HttpServlet.java:658)
	at org.springframework.mock.web.MockFilterChain$ServletFilterProxy.doFilter(MockFilterChain.java:165)
	at org.springframework.mock.web.MockFilterChain.doFilter(MockFilterChain.java:132)
	at com.agilityhub.core.shared.api.RequestTraceFilter.doFilterInternal(RequestTraceFilter.java:43)
	at org.springframework.web.filter.OncePerRequestFilter.doFilter(OncePerRequestFilter.java:116)
	at org.springframework.mock.web.MockFilterChain.doFilter(MockFilterChain.java:132)
	at org.springframework.test.web.servlet.MockMvc.perform(MockMvc.java:201)
	at com.agilityhub.core.shared.api.ApiExceptionHandlerTest.E3_T06_INC02_unhandledFailureLogsOneFullExceptionWithTheResponseTrace(ApiExceptionHandlerTest.java:76)
	at java.base/jdk.internal.reflect.DirectMethodHandleAccessor.invoke(DirectMethodHandleAccessor.java:103)
	at java.base/java.lang.reflect.Method.invoke(Method.java:580)
	at org.junit.platform.commons.util.ReflectionUtils.invokeMethod(ReflectionUtils.java:775)
	at org.junit.platform.commons.support.ReflectionSupport.invokeMethod(ReflectionSupport.java:479)
	at org.junit.jupiter.engine.execution.MethodInvocation.proceed(MethodInvocation.java:60)
	at org.junit.jupiter.engine.execution.InvocationInterceptorChain$ValidatingInvocation.proceed(InvocationInterceptorChain.java:131)
	at org.junit.jupiter.params.ArgumentCountValidator.interceptTestTemplateMethod(ArgumentCountValidator.java:45)
	at org.junit.jupiter.engine.execution.InterceptingExecutableInvoker$ReflectiveInterceptorCall.lambda$ofVoidMethod$0(InterceptingExecutableInvoker.java:112)
	at org.junit.jupiter.engine.execution.InterceptingExecutableInvoker.lambda$invoke$0(InterceptingExecutableInvoker.java:94)
	at org.junit.jupiter.engine.execution.InvocationInterceptorChain$InterceptedInvocation.proceed(InvocationInterceptorChain.java:106)
	at org.junit.jupiter.engine.extension.TimeoutExtension.intercept(TimeoutExtension.java:161)
	at org.junit.jupiter.engine.extension.TimeoutExtension.interceptTestableMethod(TimeoutExtension.java:152)
	at org.junit.jupiter.engine.extension.TimeoutExtension.interceptTestTemplateMethod(TimeoutExtension.java:99)
	at org.junit.jupiter.engine.execution.InterceptingExecutableInvoker$ReflectiveInterceptorCall.lambda$ofVoidMethod$0(InterceptingExecutableInvoker.java:112)
	at org.junit.jupiter.engine.execution.InterceptingExecutableInvoker.lambda$invoke$0(InterceptingExecutableInvoker.java:94)
	at org.junit.jupiter.engine.execution.InvocationInterceptorChain$InterceptedInvocation.proceed(InvocationInterceptorChain.java:106)
	at org.junit.jupiter.engine.execution.InvocationInterceptorChain.proceed(InvocationInterceptorChain.java:64)
	at org.junit.jupiter.engine.execution.InvocationInterceptorChain.chainAndInvoke(InvocationInterceptorChain.java:45)
	at org.junit.jupiter.engine.execution.InvocationInterceptorChain.invoke(InvocationInterceptorChain.java:37)
	at org.junit.jupiter.engine.execution.InterceptingExecutableInvoker.invoke(InterceptingExecutableInvoker.java:93)
	at org.junit.jupiter.engine.execution.InterceptingExecutableInvoker.invoke(InterceptingExecutableInvoker.java:87)
	at org.junit.jupiter.engine.descriptor.TestMethodTestDescriptor.lambda$invokeTestMethod$7(TestMethodTestDescriptor.java:216)
	at org.junit.platform.engine.support.hierarchical.ThrowableCollector.execute(ThrowableCollector.java:73)
	at org.junit.jupiter.engine.descriptor.TestMethodTestDescriptor.invokeTestMethod(TestMethodTestDescriptor.java:212)
	at org.junit.jupiter.engine.descriptor.TestMethodTestDescriptor.execute(TestMethodTestDescriptor.java:137)
	at org.junit.jupiter.engine.descriptor.TestMethodTestDescriptor.execute(TestMethodTestDescriptor.java:69)
	at org.junit.platform.engine.support.hierarchical.NodeTestTask.lambda$executeRecursively$6(NodeTestTask.java:156)
	at org.junit.platform.engine.support.hierarchical.ThrowableCollector.execute(ThrowableCollector.java:73)
	at org.junit.platform.engine.support.hierarchical.NodeTestTask.lambda$executeRecursively$8(NodeTestTask.java:146)
	at org.junit.platform.engine.support.hierarchical.Node.around(Node.java:137)
	at org.junit.platform.engine.support.hierarchical.NodeTestTask.lambda$executeRecursively$9(NodeTestTask.java:144)
	at org.junit.platform.engine.support.hierarchical.ThrowableCollector.execute(ThrowableCollector.java:73)
	at org.junit.platform.engine.support.hierarchical.NodeTestTask.executeRecursively(NodeTestTask.java:143)
	at org.junit.platform.engine.support.hierarchical.NodeTestTask.execute(NodeTestTask.java:100)
	at org.junit.platform.engine.support.hierarchical.SameThreadHierarchicalTestExecutorService.submit(SameThreadHierarchicalTestExecutorService.java:35)
	at org.junit.platform.engine.support.hierarchical.NodeTestTask$DefaultDynamicTestExecutor.execute(NodeTestTask.java:231)
	at org.junit.platform.engine.support.hierarchical.NodeTestTask$DefaultDynamicTestExecutor.execute(NodeTestTask.java:209)
	at org.junit.jupiter.engine.descriptor.TestTemplateTestDescriptor.execute(TestTemplateTestDescriptor.java:157)
	at org.junit.jupiter.engine.descriptor.TestTemplateTestDescriptor.lambda$executeForProvider$0(TestTemplateTestDescriptor.java:115)
	at java.base/java.util.Optional.ifPresent(Optional.java:178)
	at org.junit.jupiter.engine.descriptor.TestTemplateTestDescriptor.lambda$executeForProvider$1(TestTemplateTestDescriptor.java:115)
	at java.base/java.util.stream.ForEachOps$ForEachOp$OfRef.accept(ForEachOps.java:184)
	at java.base/java.util.stream.ReferencePipeline$3$1.accept(ReferencePipeline.java:197)
	at java.base/java.util.stream.ForEachOps$ForEachOp$OfRef.accept(ForEachOps.java:184)
	at java.base/java.util.ArrayList$ArrayListSpliterator.forEachRemaining(ArrayList.java:1708)
	at java.base/java.util.stream.ReferencePipeline$Head.forEach(ReferencePipeline.java:762)
	at java.base/java.util.stream.ReferencePipeline$7$1.accept(ReferencePipeline.java:276)
	at java.base/java.util.ArrayList$ArrayListSpliterator.forEachRemaining(ArrayList.java:1708)
	at java.base/java.util.stream.AbstractPipeline.copyInto(AbstractPipeline.java:509)
	at java.base/java.util.stream.AbstractPipeline.wrapAndCopyInto(AbstractPipeline.java:499)
	at java.base/java.util.stream.ForEachOps$ForEachOp.evaluateSequential(ForEachOps.java:151)
	at java.base/java.util.stream.ForEachOps$ForEachOp$OfRef.evaluateSequential(ForEachOps.java:174)
	at java.base/java.util.stream.AbstractPipeline.evaluate(AbstractPipeline.java:234)
	at java.base/java.util.stream.ReferencePipeline.forEach(ReferencePipeline.java:596)
	at java.base/java.util.stream.ReferencePipeline$7$1.accept(ReferencePipeline.java:276)
	at java.base/java.util.stream.ReferencePipeline$3$1.accept(ReferencePipeline.java:197)
	at java.base/java.util.stream.ReferencePipeline$3$1.accept(ReferencePipeline.java:197)
	at java.base/java.util.stream.ReferencePipeline$3$1.accept(ReferencePipeline.java:197)
	at java.base/java.util.ArrayList$ArrayListSpliterator.forEachRemaining(ArrayList.java:1708)
	at java.base/java.util.stream.AbstractPipeline.copyInto(AbstractPipeline.java:509)
	at java.base/java.util.stream.AbstractPipeline.wrapAndCopyInto(AbstractPipeline.java:499)
	at java.base/java.util.stream.ForEachOps$ForEachOp.evaluateSequential(ForEachOps.java:151)
	at java.base/java.util.stream.ForEachOps$ForEachOp$OfRef.evaluateSequential(ForEachOps.java:174)
	at java.base/java.util.stream.AbstractPipeline.evaluate(AbstractPipeline.java:234)
	at java.base/java.util.stream.ReferencePipeline.forEach(ReferencePipeline.java:596)
	at org.junit.jupiter.engine.descriptor.TestTemplateTestDescriptor.executeForProvider(TestTemplateTestDescriptor.java:114)
	at org.junit.jupiter.engine.descriptor.TestTemplateTestDescriptor.execute(TestTemplateTestDescriptor.java:103)
	at org.junit.jupiter.engine.descriptor.TestTemplateTestDescriptor.execute(TestTemplateTestDescriptor.java:43)
	at org.junit.platform.engine.support.hierarchical.NodeTestTask.lambda$executeRecursively$6(NodeTestTask.java:156)
	at org.junit.platform.engine.support.hierarchical.ThrowableCollector.execute(ThrowableCollector.java:73)
	at org.junit.platform.engine.support.hierarchical.NodeTestTask.lambda$executeRecursively$8(NodeTestTask.java:146)
	at org.junit.platform.engine.support.hierarchical.Node.around(Node.java:137)
	at org.junit.platform.engine.support.hierarchical.NodeTestTask.lambda$executeRecursively$9(NodeTestTask.java:144)
	at org.junit.platform.engine.support.hierarchical.ThrowableCollector.execute(ThrowableCollector.java:73)
	at org.junit.platform.engine.support.hierarchical.NodeTestTask.executeRecursively(NodeTestTask.java:143)
	at org.junit.platform.engine.support.hierarchical.NodeTestTask.execute(NodeTestTask.java:100)
	at java.base/java.util.ArrayList.forEach(ArrayList.java:1596)
	at org.junit.platform.engine.support.hierarchical.SameThreadHierarchicalTestExecutorService.invokeAll(SameThreadHierarchicalTestExecutorService.java:41)
	at org.junit.platform.engine.support.hierarchical.NodeTestTask.lambda$executeRecursively$6(NodeTestTask.java:160)
	at org.junit.platform.engine.support.hierarchical.ThrowableCollector.execute(ThrowableCollector.java:73)
	at org.junit.platform.engine.support.hierarchical.NodeTestTask.lambda$executeRecursively$8(NodeTestTask.java:146)
	at org.junit.platform.engine.support.hierarchical.Node.around(Node.java:137)
	at org.junit.platform.engine.support.hierarchical.NodeTestTask.lambda$executeRecursively$9(NodeTestTask.java:144)
	at org.junit.platform.engine.support.hierarchical.ThrowableCollector.execute(ThrowableCollector.java:73)
	at org.junit.platform.engine.support.hierarchical.NodeTestTask.executeRecursively(NodeTestTask.java:143)
	at org.junit.platform.engine.support.hierarchical.NodeTestTask.execute(NodeTestTask.java:100)
	at java.base/java.util.ArrayList.forEach(ArrayList.java:1596)
	at org.junit.platform.engine.support.hierarchical.SameThreadHierarchicalTestExecutorService.invokeAll(SameThreadHierarchicalTestExecutorService.java:41)
	at org.junit.platform.engine.support.hierarchical.NodeTestTask.lambda$executeRecursively$6(NodeTestTask.java:160)
	at org.junit.platform.engine.support.hierarchical.ThrowableCollector.execute(ThrowableCollector.java:73)
	at org.junit.platform.engine.support.hierarchical.NodeTestTask.lambda$executeRecursively$8(NodeTestTask.java:146)
	at org.junit.platform.engine.support.hierarchical.Node.around(Node.java:137)
	at org.junit.platform.engine.support.hierarchical.NodeTestTask.lambda$executeRecursively$9(NodeTestTask.java:144)
	at org.junit.platform.engine.support.hierarchical.ThrowableCollector.execute(ThrowableCollector.java:73)
	at org.junit.platform.engine.support.hierarchical.NodeTestTask.executeRecursively(NodeTestTask.java:143)
	at org.junit.platform.engine.support.hierarchical.NodeTestTask.execute(NodeTestTask.java:100)
	at org.junit.platform.engine.support.hierarchical.SameThreadHierarchicalTestExecutorService.submit(SameThreadHierarchicalTestExecutorService.java:35)
	at org.junit.platform.engine.support.hierarchical.HierarchicalTestExecutor.execute(HierarchicalTestExecutor.java:57)
	at org.junit.platform.engine.support.hierarchical.HierarchicalTestEngine.execute(HierarchicalTestEngine.java:54)
	at org.junit.platform.launcher.core.EngineExecutionOrchestrator.execute(EngineExecutionOrchestrator.java:201)
	at org.junit.platform.launcher.core.EngineExecutionOrchestrator.execute(EngineExecutionOrchestrator.java:170)
	at org.junit.platform.launcher.core.EngineExecutionOrchestrator.execute(EngineExecutionOrchestrator.java:94)
	at org.junit.platform.launcher.core.EngineExecutionOrchestrator.lambda$execute$0(EngineExecutionOrchestrator.java:59)
	at org.junit.platform.launcher.core.EngineExecutionOrchestrator.withInterceptedStreams(EngineExecutionOrchestrator.java:142)
	at org.junit.platform.launcher.core.EngineExecutionOrchestrator.execute(EngineExecutionOrchestrator.java:58)
	at org.junit.platform.launcher.core.DefaultLauncher.execute(DefaultLauncher.java:103)
	at org.junit.platform.launcher.core.DefaultLauncher.execute(DefaultLauncher.java:85)
	at org.junit.platform.launcher.core.DelegatingLauncher.execute(DelegatingLauncher.java:47)
	at org.junit.platform.launcher.core.InterceptingLauncher.lambda$execute$1(InterceptingLauncher.java:39)
	at org.junit.platform.launcher.core.ClasspathAlignmentCheckingLauncherInterceptor.intercept(ClasspathAlignmentCheckingLauncherInterceptor.java:25)
	at org.junit.platform.launcher.core.InterceptingLauncher.execute(InterceptingLauncher.java:38)
	at org.junit.platform.launcher.core.DelegatingLauncher.execute(DelegatingLauncher.java:47)
	at org.apache.maven.surefire.junitplatform.LauncherAdapter.executeWithoutCancellationToken(LauncherAdapter.java:60)
	at org.apache.maven.surefire.junitplatform.LauncherAdapter.execute(LauncherAdapter.java:52)
	at org.apache.maven.surefire.junitplatform.JUnitPlatformProvider.execute(JUnitPlatformProvider.java:203)
	at org.apache.maven.surefire.junitplatform.JUnitPlatformProvider.invokeAllTests(JUnitPlatformProvider.java:168)
	at org.apache.maven.surefire.junitplatform.JUnitPlatformProvider.invoke(JUnitPlatformProvider.java:136)
	at org.apache.maven.surefire.booter.ForkedBooter.runSuitesInProcess(ForkedBooter.java:385)
	at org.apache.maven.surefire.booter.ForkedBooter.execute(ForkedBooter.java:162)
	at org.apache.maven.surefire.booter.ForkedBooter.run(ForkedBooter.java:507)
	at org.apache.maven.surefire.booter.ForkedBooter.main(ForkedBooter.java:495)
Caused by: java.lang.IllegalArgumentException
	at com.agilityhub.core.shared.api.ApiExceptionHandlerTest$TestController.unexpected(ApiExceptionHandlerTest.java:148)
	at java.base/jdk.internal.reflect.DirectMethodHandleAccessor.invoke(DirectMethodHandleAccessor.java:103)
	at java.base/java.lang.reflect.Method.invoke(Method.java:580)
	at org.springframework.web.method.support.InvocableHandlerMethod.doInvoke(InvocableHandlerMethod.java:258)
	at org.springframework.web.method.support.InvocableHandlerMethod.invokeForRequest(InvocableHandlerMethod.java:191)
	at org.springframework.web.servlet.mvc.method.annotation.ServletInvocableHandlerMethod.invokeAndHandle(ServletInvocableHandlerMethod.java:118)
	at org.springframework.web.servlet.mvc.method.annotation.RequestMappingHandlerAdapter.invokeHandlerMethod(RequestMappingHandlerAdapter.java:991)
	at org.springframework.web.servlet.mvc.method.annotation.RequestMappingHandlerAdapter.handleInternal(RequestMappingHandlerAdapter.java:896)
	at org.springframework.web.servlet.mvc.method.AbstractHandlerMethodAdapter.handle(AbstractHandlerMethodAdapter.java:87)
	at org.springframework.web.servlet.DispatcherServlet.doDispatch(DispatcherServlet.java:1089)
	at org.springframework.web.servlet.DispatcherServlet.doService(DispatcherServlet.java:979)
	at org.springframework.web.servlet.FrameworkServlet.processRequest(FrameworkServlet.java:1014)
	at org.springframework.web.servlet.FrameworkServlet.doGet(FrameworkServlet.java:903)
	at jakarta.servlet.http.HttpServlet.service(HttpServlet.java:564)
	at org.springframework.web.servlet.FrameworkServlet.service(FrameworkServlet.java:885)
	at org.springframework.test.web.servlet.TestDispatcherServlet.service(TestDispatcherServlet.java:72)
	at jakarta.servlet.http.HttpServlet.service(HttpServlet.java:658)
	at org.springframework.mock.web.MockFilterChain$ServletFilterProxy.doFilter(MockFilterChain.java:165)
	at org.springframework.mock.web.MockFilterChain.doFilter(MockFilterChain.java:132)
	at com.agilityhub.core.shared.api.RequestTraceFilter.doFilterInternal(RequestTraceFilter.java:43)
	at org.springframework.web.filter.OncePerRequestFilter.doFilter(OncePerRequestFilter.java:116)
	at org.springframework.mock.web.MockFilterChain.doFilter(MockFilterChain.java:132)
	at org.springframework.test.web.servlet.MockMvc.perform(MockMvc.java:201)
	at com.agilityhub.core.shared.api.ApiExceptionHandlerTest.E3_T06_INC02_unhandledFailureLogsOneFullExceptionWithTheResponseTrace(ApiExceptionHandlerTest.java:76)
	at java.base/jdk.internal.reflect.DirectMethodHandleAccessor.invoke(DirectMethodHandleAccessor.java:103)
	at java.base/java.lang.reflect.Method.invoke(Method.java:580)
	at org.junit.platform.commons.util.ReflectionUtils.invokeMethod(ReflectionUtils.java:775)
	at org.junit.platform.commons.support.ReflectionSupport.invokeMethod(ReflectionSupport.java:479)
	at org.junit.jupiter.engine.execution.MethodInvocation.proceed(MethodInvocation.java:60)
	at org.junit.jupiter.engine.execution.InvocationInterceptorChain$ValidatingInvocation.proceed(InvocationInterceptorChain.java:131)
	at org.junit.jupiter.params.ArgumentCountValidator.interceptTestTemplateMethod(ArgumentCountValidator.java:45)
	at org.junit.jupiter.engine.execution.InterceptingExecutableInvoker$ReflectiveInterceptorCall.lambda$ofVoidMethod$0(InterceptingExecutableInvoker.java:112)
	at org.junit.jupiter.engine.execution.InterceptingExecutableInvoker.lambda$invoke$0(InterceptingExecutableInvoker.java:94)
	at org.junit.jupiter.engine.execution.InvocationInterceptorChain$InterceptedInvocation.proceed(InvocationInterceptorChain.java:106)
	at org.junit.jupiter.engine.extension.TimeoutExtension.intercept(TimeoutExtension.java:161)
	at org.junit.jupiter.engine.extension.TimeoutExtension.interceptTestableMethod(TimeoutExtension.java:152)
	at org.junit.jupiter.engine.extension.TimeoutExtension.interceptTestTemplateMethod(TimeoutExtension.java:99)
	at org.junit.jupiter.engine.execution.InterceptingExecutableInvoker$ReflectiveInterceptorCall.lambda$ofVoidMethod$0(InterceptingExecutableInvoker.java:112)
	at org.junit.jupiter.engine.execution.InterceptingExecutableInvoker.lambda$invoke$0(InterceptingExecutableInvoker.java:94)
	at org.junit.jupiter.engine.execution.InvocationInterceptorChain$InterceptedInvocation.proceed(InvocationInterceptorChain.java:106)
	at org.junit.jupiter.engine.execution.InvocationInterceptorChain.proceed(InvocationInterceptorChain.java:64)
	at org.junit.jupiter.engine.execution.InvocationInterceptorChain.chainAndInvoke(InvocationInterceptorChain.java:45)
	at org.junit.jupiter.engine.execution.InvocationInterceptorChain.invoke(InvocationInterceptorChain.java:37)
	at org.junit.jupiter.engine.execution.InterceptingExecutableInvoker.invoke(InterceptingExecutableInvoker.java:93)
	at org.junit.jupiter.engine.execution.InterceptingExecutableInvoker.invoke(InterceptingExecutableInvoker.java:87)
	at org.junit.jupiter.engine.descriptor.TestMethodTestDescriptor.lambda$invokeTestMethod$7(TestMethodTestDescriptor.java:216)
	at org.junit.platform.engine.support.hierarchical.ThrowableCollector.execute(ThrowableCollector.java:73)
	at org.junit.jupiter.engine.descriptor.TestMethodTestDescriptor.invokeTestMethod(TestMethodTestDescriptor.java:212)
	at org.junit.jupiter.engine.descriptor.TestMethodTestDescriptor.execute(TestMethodTestDescriptor.java:137)
	at org.junit.jupiter.engine.descriptor.TestMethodTestDescriptor.execute(TestMethodTestDescriptor.java:69)
	at org.junit.platform.engine.support.hierarchical.NodeTestTask.lambda$executeRecursively$6(NodeTestTask.java:156)
	at org.junit.platform.engine.support.hierarchical.ThrowableCollector.execute(ThrowableCollector.java:73)
	at org.junit.platform.engine.support.hierarchical.NodeTestTask.lambda$executeRecursively$8(NodeTestTask.java:146)
	at org.junit.platform.engine.support.hierarchical.Node.around(Node.java:137)
	at org.junit.platform.engine.support.hierarchical.NodeTestTask.lambda$executeRecursively$9(NodeTestTask.java:144)
	at org.junit.platform.engine.support.hierarchical.ThrowableCollector.execute(ThrowableCollector.java:73)
	at org.junit.platform.engine.support.hierarchical.NodeTestTask.executeRecursively(NodeTestTask.java:143)
	at org.junit.platform.engine.support.hierarchical.NodeTestTask.execute(NodeTestTask.java:100)
	at org.junit.platform.engine.support.hierarchical.SameThreadHierarchicalTestExecutorService.submit(SameThreadHierarchicalTestExecutorService.java:35)
	at org.junit.platform.engine.support.hierarchical.NodeTestTask$DefaultDynamicTestExecutor.execute(NodeTestTask.java:231)
	at org.junit.platform.engine.support.hierarchical.NodeTestTask$DefaultDynamicTestExecutor.execute(NodeTestTask.java:209)
	at org.junit.jupiter.engine.descriptor.TestTemplateTestDescriptor.execute(TestTemplateTestDescriptor.java:157)
	at org.junit.jupiter.engine.descriptor.TestTemplateTestDescriptor.lambda$executeForProvider$0(TestTemplateTestDescriptor.java:115)
	at java.base/java.util.Optional.ifPresent(Optional.java:178)
	at org.junit.jupiter.engine.descriptor.TestTemplateTestDescriptor.lambda$executeForProvider$1(TestTemplateTestDescriptor.java:115)
	at java.base/java.util.stream.ForEachOps$ForEachOp$OfRef.accept(ForEachOps.java:184)
	at java.base/java.util.stream.ReferencePipeline$3$1.accept(ReferencePipeline.java:197)
	at java.base/java.util.stream.ForEachOps$ForEachOp$OfRef.accept(ForEachOps.java:184)
	at java.base/java.util.ArrayList$ArrayListSpliterator.forEachRemaining(ArrayList.java:1708)
	at java.base/java.util.stream.ReferencePipeline$Head.forEach(ReferencePipeline.java:762)
	at java.base/java.util.stream.ReferencePipeline$7$1.accept(ReferencePipeline.java:276)
	at java.base/java.util.ArrayList$ArrayListSpliterator.forEachRemaining(ArrayList.java:1708)
	at java.base/java.util.stream.AbstractPipeline.copyInto(AbstractPipeline.java:509)
	at java.base/java.util.stream.AbstractPipeline.wrapAndCopyInto(AbstractPipeline.java:499)
	at java.base/java.util.stream.ForEachOps$ForEachOp.evaluateSequential(ForEachOps.java:151)
	at java.base/java.util.stream.ForEachOps$ForEachOp$OfRef.evaluateSequential(ForEachOps.java:174)
	at java.base/java.util.stream.AbstractPipeline.evaluate(AbstractPipeline.java:234)
	at java.base/java.util.stream.ReferencePipeline.forEach(ReferencePipeline.java:596)
	at java.base/java.util.stream.ReferencePipeline$7$1.accept(ReferencePipeline.java:276)
	at java.base/java.util.stream.ReferencePipeline$3$1.accept(ReferencePipeline.java:197)
	at java.base/java.util.stream.ReferencePipeline$3$1.accept(ReferencePipeline.java:197)
	at java.base/java.util.stream.ReferencePipeline$3$1.accept(ReferencePipeline.java:197)
	at java.base/java.util.ArrayList$ArrayListSpliterator.forEachRemaining(ArrayList.java:1708)
	at java.base/java.util.stream.AbstractPipeline.copyInto(AbstractPipeline.java:509)
	at java.base/java.util.stream.AbstractPipeline.wrapAndCopyInto(AbstractPipeline.java:499)
	at java.base/java.util.stream.ForEachOps$ForEachOp.evaluateSequential(ForEachOps.java:151)
	at java.base/java.util.stream.ForEachOps$ForEachOp$OfRef.evaluateSequential(ForEachOps.java:174)
	at java.base/java.util.stream.AbstractPipeline.evaluate(AbstractPipeline.java:234)
	at java.base/java.util.stream.ReferencePipeline.forEach(ReferencePipeline.java:596)
	at org.junit.jupiter.engine.descriptor.TestTemplateTestDescriptor.executeForProvider(TestTemplateTestDescriptor.java:114)
	at org.junit.jupiter.engine.descriptor.TestTemplateTestDescriptor.execute(TestTemplateTestDescriptor.java:103)
	at org.junit.jupiter.engine.descriptor.TestTemplateTestDescriptor.execute(TestTemplateTestDescriptor.java:43)
	at org.junit.platform.engine.support.hierarchical.NodeTestTask.lambda$executeRecursively$6(NodeTestTask.java:156)
	at org.junit.platform.engine.support.hierarchical.ThrowableCollector.execute(ThrowableCollector.java:73)
	at org.junit.platform.engine.support.hierarchical.NodeTestTask.lambda$executeRecursively$8(NodeTestTask.java:146)
	at org.junit.platform.engine.support.hierarchical.Node.around(Node.java:137)
	at org.junit.platform.engine.support.hierarchical.NodeTestTask.lambda$executeRecursively$9(NodeTestTask.java:144)
	at org.junit.platform.engine.support.hierarchical.ThrowableCollector.execute(ThrowableCollector.java:73)
	at org.junit.platform.engine.support.hierarchical.NodeTestTask.executeRecursively(NodeTestTask.java:143)
	at org.junit.platform.engine.support.hierarchical.NodeTestTask.execute(NodeTestTask.java:100)
	at java.base/java.util.ArrayList.forEach(ArrayList.java:1596)
	at org.junit.platform.engine.support.hierarchical.SameThreadHierarchicalTestExecutorService.invokeAll(SameThreadHierarchicalTestExecutorService.java:41)
	at org.junit.platform.engine.support.hierarchical.NodeTestTask.lambda$executeRecursively$6(NodeTestTask.java:160)
	at org.junit.platform.engine.support.hierarchical.ThrowableCollector.execute(ThrowableCollector.java:73)
	at org.junit.platform.engine.support.hierarchical.NodeTestTask.lambda$executeRecursively$8(NodeTestTask.java:146)
	at org.junit.platform.engine.support.hierarchical.Node.around(Node.java:137)
	at org.junit.platform.engine.support.hierarchical.NodeTestTask.lambda$executeRecursively$9(NodeTestTask.java:144)
	at org.junit.platform.engine.support.hierarchical.ThrowableCollector.execute(ThrowableCollector.java:73)
	at org.junit.platform.engine.support.hierarchical.NodeTestTask.executeRecursively(NodeTestTask.java:143)
	at org.junit.platform.engine.support.hierarchical.NodeTestTask.execute(NodeTestTask.java:100)
	at java.base/java.util.ArrayList.forEach(ArrayList.java:1596)
	at org.junit.platform.engine.support.hierarchical.SameThreadHierarchicalTestExecutorService.invokeAll(SameThreadHierarchicalTestExecutorService.java:41)
	at org.junit.platform.engine.support.hierarchical.NodeTestTask.lambda$executeRecursively$6(NodeTestTask.java:160)
	at org.junit.platform.engine.support.hierarchical.ThrowableCollector.execute(ThrowableCollector.java:73)
	at org.junit.platform.engine.support.hierarchical.NodeTestTask.lambda$executeRecursively$8(NodeTestTask.java:146)
	at org.junit.platform.engine.support.hierarchical.Node.around(Node.java:137)
	at org.junit.platform.engine.support.hierarchical.NodeTestTask.lambda$executeRecursively$9(NodeTestTask.java:144)
	at org.junit.platform.engine.support.hierarchical.ThrowableCollector.execute(ThrowableCollector.java:73)
	at org.junit.platform.engine.support.hierarchical.NodeTestTask.executeRecursively(NodeTestTask.java:143)
	at org.junit.platform.engine.support.hierarchical.NodeTestTask.execute(NodeTestTask.java:100)
	at org.junit.platform.engine.support.hierarchical.SameThreadHierarchicalTestExecutorService.submit(SameThreadHierarchicalTestExecutorService.java:35)
	at org.junit.platform.engine.support.hierarchical.HierarchicalTestExecutor.execute(HierarchicalTestExecutor.java:57)
	at org.junit.platform.engine.support.hierarchical.HierarchicalTestEngine.execute(HierarchicalTestEngine.java:54)
	at org.junit.platform.launcher.core.EngineExecutionOrchestrator.execute(EngineExecutionOrchestrator.java:201)
	at org.junit.platform.launcher.core.EngineExecutionOrchestrator.execute(EngineExecutionOrchestrator.java:170)
	at org.junit.platform.launcher.core.EngineExecutionOrchestrator.execute(EngineExecutionOrchestrator.java:94)
	at org.junit.platform.launcher.core.EngineExecutionOrchestrator.lambda$execute$0(EngineExecutionOrchestrator.java:59)
	at org.junit.platform.launcher.core.EngineExecutionOrchestrator.withInterceptedStreams(EngineExecutionOrchestrator.java:142)
	at org.junit.platform.launcher.core.EngineExecutionOrchestrator.execute(EngineExecutionOrchestrator.java:58)
	at org.junit.platform.launcher.core.DefaultLauncher.execute(DefaultLauncher.java:103)
	at org.junit.platform.launcher.core.DefaultLauncher.execute(DefaultLauncher.java:85)
	at org.junit.platform.launcher.core.DelegatingLauncher.execute(DelegatingLauncher.java:47)
	at org.junit.platform.launcher.core.InterceptingLauncher.lambda$execute$1(InterceptingLauncher.java:39)
	at org.junit.platform.launcher.core.ClasspathAlignmentCheckingLauncherInterceptor.intercept(ClasspathAlignmentCheckingLauncherInterceptor.java:25)
	at org.junit.platform.launcher.core.InterceptingLauncher.execute(InterceptingLauncher.java:38)
	at org.junit.platform.launcher.core.DelegatingLauncher.execute(DelegatingLauncher.java:47)
	at org.apache.maven.surefire.junitplatform.LauncherAdapter.executeWithoutCancellationToken(LauncherAdapter.java:60)
	at org.apache.maven.surefire.junitplatform.LauncherAdapter.execute(LauncherAdapter.java:52)
	at org.apache.maven.surefire.junitplatform.JUnitPlatformProvider.execute(JUnitPlatformProvider.java:203)
	at org.apache.maven.surefire.junitplatform.JUnitPlatformProvider.invokeAllTests(JUnitPlatformProvider.java:168)
	at org.apache.maven.surefire.junitplatform.JUnitPlatformProvider.invoke(JUnitPlatformProvider.java:136)
	at org.apache.maven.surefire.booter.ForkedBooter.runSuitesInProcess(ForkedBooter.java:385)
	at org.apache.maven.surefire.booter.ForkedBooter.execute(ForkedBooter.java:162)
	at org.apache.maven.surefire.booter.ForkedBooter.run(ForkedBooter.java:507)
	at org.apache.maven.surefire.booter.ForkedBooter.main(ForkedBooter.java:495)
2026-10-09T12:27:40.339+02:00 INFO  [main] o.s.mock.web.MockServletContext traceId= clubId= accountId= : Initializing Spring TestDispatcherServlet ''
2026-10-09T12:27:40.339+02:00 INFO  [main] o.s.t.web.servlet.TestDispatcherServlet traceId= clubId= accountId= : Initializing Servlet ''
2026-10-09T12:27:40.340+02:00 INFO  [main] o.s.t.web.servlet.TestDispatcherServlet traceId= clubId= accountId= : Completed initialization in 1 ms
2026-10-09T12:27:40.340+02:00 ERROR [main] c.a.core.shared.api.ApiExceptionHandler traceId=b4b63727-b292-41d7-a521-516d138ac262 clubId=- accountId=- : Unhandled request exception traceId=b4b63727-b292-41d7-a521-516d138ac262
java.lang.IllegalStateException
	at com.agilityhub.core.shared.api.ApiExceptionHandlerTest$TestController.unexpected(ApiExceptionHandlerTest.java:148)
	at java.base/jdk.internal.reflect.DirectMethodHandleAccessor.invoke(DirectMethodHandleAccessor.java:103)
	at java.base/java.lang.reflect.Method.invoke(Method.java:580)
	at org.springframework.web.method.support.InvocableHandlerMethod.doInvoke(InvocableHandlerMethod.java:258)
	at org.springframework.web.method.support.InvocableHandlerMethod.invokeForRequest(InvocableHandlerMethod.java:191)
	at org.springframework.web.servlet.mvc.method.annotation.ServletInvocableHandlerMethod.invokeAndHandle(ServletInvocableHandlerMethod.java:118)
	at org.springframework.web.servlet.mvc.method.annotation.RequestMappingHandlerAdapter.invokeHandlerMethod(RequestMappingHandlerAdapter.java:991)
	at org.springframework.web.servlet.mvc.method.annotation.RequestMappingHandlerAdapter.handleInternal(RequestMappingHandlerAdapter.java:896)
	at org.springframework.web.servlet.mvc.method.AbstractHandlerMethodAdapter.handle(AbstractHandlerMethodAdapter.java:87)
	at org.springframework.web.servlet.DispatcherServlet.doDispatch(DispatcherServlet.java:1089)
	at org.springframework.web.servlet.DispatcherServlet.doService(DispatcherServlet.java:979)
	at org.springframework.web.servlet.FrameworkServlet.processRequest(FrameworkServlet.java:1014)
	at org.springframework.web.servlet.FrameworkServlet.doGet(FrameworkServlet.java:903)
	at jakarta.servlet.http.HttpServlet.service(HttpServlet.java:564)
	at org.springframework.web.servlet.FrameworkServlet.service(FrameworkServlet.java:885)
	at org.springframework.test.web.servlet.TestDispatcherServlet.service(TestDispatcherServlet.java:72)
	at jakarta.servlet.http.HttpServlet.service(HttpServlet.java:658)
	at org.springframework.mock.web.MockFilterChain$ServletFilterProxy.doFilter(MockFilterChain.java:165)
	at org.springframework.mock.web.MockFilterChain.doFilter(MockFilterChain.java:132)
	at com.agilityhub.core.shared.api.RequestTraceFilter.doFilterInternal(RequestTraceFilter.java:43)
	at org.springframework.web.filter.OncePerRequestFilter.doFilter(OncePerRequestFilter.java:116)
	at org.springframework.mock.web.MockFilterChain.doFilter(MockFilterChain.java:132)
	at org.springframework.test.web.servlet.MockMvc.perform(MockMvc.java:201)
	at com.agilityhub.core.shared.api.ApiExceptionHandlerTest.E3_T06_INC02_unhandledFailureLogsOneFullExceptionWithTheResponseTrace(ApiExceptionHandlerTest.java:76)
	at java.base/jdk.internal.reflect.DirectMethodHandleAccessor.invoke(DirectMethodHandleAccessor.java:103)
	at java.base/java.lang.reflect.Method.invoke(Method.java:580)
	at org.junit.platform.commons.util.ReflectionUtils.invokeMethod(ReflectionUtils.java:775)
	at org.junit.platform.commons.support.ReflectionSupport.invokeMethod(ReflectionSupport.java:479)
	at org.junit.jupiter.engine.execution.MethodInvocation.proceed(MethodInvocation.java:60)
	at org.junit.jupiter.engine.execution.InvocationInterceptorChain$ValidatingInvocation.proceed(InvocationInterceptorChain.java:131)
	at org.junit.jupiter.params.ArgumentCountValidator.interceptTestTemplateMethod(ArgumentCountValidator.java:45)
	at org.junit.jupiter.engine.execution.InterceptingExecutableInvoker$ReflectiveInterceptorCall.lambda$ofVoidMethod$0(InterceptingExecutableInvoker.java:112)
	at org.junit.jupiter.engine.execution.InterceptingExecutableInvoker.lambda$invoke$0(InterceptingExecutableInvoker.java:94)
	at org.junit.jupiter.engine.execution.InvocationInterceptorChain$InterceptedInvocation.proceed(InvocationInterceptorChain.java:106)
	at org.junit.jupiter.engine.extension.TimeoutExtension.intercept(TimeoutExtension.java:161)
	at org.junit.jupiter.engine.extension.TimeoutExtension.interceptTestableMethod(TimeoutExtension.java:152)
	at org.junit.jupiter.engine.extension.TimeoutExtension.interceptTestTemplateMethod(TimeoutExtension.java:99)
	at org.junit.jupiter.engine.execution.InterceptingExecutableInvoker$ReflectiveInterceptorCall.lambda$ofVoidMethod$0(InterceptingExecutableInvoker.java:112)
	at org.junit.jupiter.engine.execution.InterceptingExecutableInvoker.lambda$invoke$0(InterceptingExecutableInvoker.java:94)
	at org.junit.jupiter.engine.execution.InvocationInterceptorChain$InterceptedInvocation.proceed(InvocationInterceptorChain.java:106)
	at org.junit.jupiter.engine.execution.InvocationInterceptorChain.proceed(InvocationInterceptorChain.java:64)
	at org.junit.jupiter.engine.execution.InvocationInterceptorChain.chainAndInvoke(InvocationInterceptorChain.java:45)
	at org.junit.jupiter.engine.execution.InvocationInterceptorChain.invoke(InvocationInterceptorChain.java:37)
	at org.junit.jupiter.engine.execution.InterceptingExecutableInvoker.invoke(InterceptingExecutableInvoker.java:93)
	at org.junit.jupiter.engine.execution.InterceptingExecutableInvoker.invoke(InterceptingExecutableInvoker.java:87)
	at org.junit.jupiter.engine.descriptor.TestMethodTestDescriptor.lambda$invokeTestMethod$7(TestMethodTestDescriptor.java:216)
	at org.junit.platform.engine.support.hierarchical.ThrowableCollector.execute(ThrowableCollector.java:73)
	at org.junit.jupiter.engine.descriptor.TestMethodTestDescriptor.invokeTestMethod(TestMethodTestDescriptor.java:212)
	at org.junit.jupiter.engine.descriptor.TestMethodTestDescriptor.execute(TestMethodTestDescriptor.java:137)
	at org.junit.jupiter.engine.descriptor.TestMethodTestDescriptor.execute(TestMethodTestDescriptor.java:69)
	at org.junit.platform.engine.support.hierarchical.NodeTestTask.lambda$executeRecursively$6(NodeTestTask.java:156)
	at org.junit.platform.engine.support.hierarchical.ThrowableCollector.execute(ThrowableCollector.java:73)
	at org.junit.platform.engine.support.hierarchical.NodeTestTask.lambda$executeRecursively$8(NodeTestTask.java:146)
	at org.junit.platform.engine.support.hierarchical.Node.around(Node.java:137)
	at org.junit.platform.engine.support.hierarchical.NodeTestTask.lambda$executeRecursively$9(NodeTestTask.java:144)
	at org.junit.platform.engine.support.hierarchical.ThrowableCollector.execute(ThrowableCollector.java:73)
	at org.junit.platform.engine.support.hierarchical.NodeTestTask.executeRecursively(NodeTestTask.java:143)
	at org.junit.platform.engine.support.hierarchical.NodeTestTask.execute(NodeTestTask.java:100)
	at org.junit.platform.engine.support.hierarchical.SameThreadHierarchicalTestExecutorService.submit(SameThreadHierarchicalTestExecutorService.java:35)
	at org.junit.platform.engine.support.hierarchical.NodeTestTask$DefaultDynamicTestExecutor.execute(NodeTestTask.java:231)
	at org.junit.platform.engine.support.hierarchical.NodeTestTask$DefaultDynamicTestExecutor.execute(NodeTestTask.java:209)
	at org.junit.jupiter.engine.descriptor.TestTemplateTestDescriptor.execute(TestTemplateTestDescriptor.java:157)
	at org.junit.jupiter.engine.descriptor.TestTemplateTestDescriptor.lambda$executeForProvider$0(TestTemplateTestDescriptor.java:115)
	at java.base/java.util.Optional.ifPresent(Optional.java:178)
	at org.junit.jupiter.engine.descriptor.TestTemplateTestDescriptor.lambda$executeForProvider$1(TestTemplateTestDescriptor.java:115)
	at java.base/java.util.stream.ForEachOps$ForEachOp$OfRef.accept(ForEachOps.java:184)
	at java.base/java.util.stream.ReferencePipeline$3$1.accept(ReferencePipeline.java:197)
	at java.base/java.util.stream.ForEachOps$ForEachOp$OfRef.accept(ForEachOps.java:184)
	at java.base/java.util.ArrayList$ArrayListSpliterator.forEachRemaining(ArrayList.java:1708)
	at java.base/java.util.stream.ReferencePipeline$Head.forEach(ReferencePipeline.java:762)
	at java.base/java.util.stream.ReferencePipeline$7$1.accept(ReferencePipeline.java:276)
	at java.base/java.util.ArrayList$ArrayListSpliterator.forEachRemaining(ArrayList.java:1708)
	at java.base/java.util.stream.AbstractPipeline.copyInto(AbstractPipeline.java:509)
	at java.base/java.util.stream.AbstractPipeline.wrapAndCopyInto(AbstractPipeline.java:499)
	at java.base/java.util.stream.ForEachOps$ForEachOp.evaluateSequential(ForEachOps.java:151)
	at java.base/java.util.stream.ForEachOps$ForEachOp$OfRef.evaluateSequential(ForEachOps.java:174)
	at java.base/java.util.stream.AbstractPipeline.evaluate(AbstractPipeline.java:234)
	at java.base/java.util.stream.ReferencePipeline.forEach(ReferencePipeline.java:596)
	at java.base/java.util.stream.ReferencePipeline$7$1.accept(ReferencePipeline.java:276)
	at java.base/java.util.stream.ReferencePipeline$3$1.accept(ReferencePipeline.java:197)
	at java.base/java.util.stream.ReferencePipeline$3$1.accept(ReferencePipeline.java:197)
	at java.base/java.util.stream.ReferencePipeline$3$1.accept(ReferencePipeline.java:197)
	at java.base/java.util.ArrayList$ArrayListSpliterator.forEachRemaining(ArrayList.java:1708)
	at java.base/java.util.stream.AbstractPipeline.copyInto(AbstractPipeline.java:509)
	at java.base/java.util.stream.AbstractPipeline.wrapAndCopyInto(AbstractPipeline.java:499)
	at java.base/java.util.stream.ForEachOps$ForEachOp.evaluateSequential(ForEachOps.java:151)
	at java.base/java.util.stream.ForEachOps$ForEachOp$OfRef.evaluateSequential(ForEachOps.java:174)
	at java.base/java.util.stream.AbstractPipeline.evaluate(AbstractPipeline.java:234)
	at java.base/java.util.stream.ReferencePipeline.forEach(ReferencePipeline.java:596)
	at org.junit.jupiter.engine.descriptor.TestTemplateTestDescriptor.executeForProvider(TestTemplateTestDescriptor.java:114)
	at org.junit.jupiter.engine.descriptor.TestTemplateTestDescriptor.execute(TestTemplateTestDescriptor.java:103)
	at org.junit.jupiter.engine.descriptor.TestTemplateTestDescriptor.execute(TestTemplateTestDescriptor.java:43)
	at org.junit.platform.engine.support.hierarchical.NodeTestTask.lambda$executeRecursively$6(NodeTestTask.java:156)
	at org.junit.platform.engine.support.hierarchical.ThrowableCollector.execute(ThrowableCollector.java:73)
	at org.junit.platform.engine.support.hierarchical.NodeTestTask.lambda$executeRecursively$8(NodeTestTask.java:146)
	at org.junit.platform.engine.support.hierarchical.Node.around(Node.java:137)
	at org.junit.platform.engine.support.hierarchical.NodeTestTask.lambda$executeRecursively$9(NodeTestTask.java:144)
	at org.junit.platform.engine.support.hierarchical.ThrowableCollector.execute(ThrowableCollector.java:73)
	at org.junit.platform.engine.support.hierarchical.NodeTestTask.executeRecursively(NodeTestTask.java:143)
	at org.junit.platform.engine.support.hierarchical.NodeTestTask.execute(NodeTestTask.java:100)
	at java.base/java.util.ArrayList.forEach(ArrayList.java:1596)
	at org.junit.platform.engine.support.hierarchical.SameThreadHierarchicalTestExecutorService.invokeAll(SameThreadHierarchicalTestExecutorService.java:41)
	at org.junit.platform.engine.support.hierarchical.NodeTestTask.lambda$executeRecursively$6(NodeTestTask.java:160)
	at org.junit.platform.engine.support.hierarchical.ThrowableCollector.execute(ThrowableCollector.java:73)
	at org.junit.platform.engine.support.hierarchical.NodeTestTask.lambda$executeRecursively$8(NodeTestTask.java:146)
	at org.junit.platform.engine.support.hierarchical.Node.around(Node.java:137)
	at org.junit.platform.engine.support.hierarchical.NodeTestTask.lambda$executeRecursively$9(NodeTestTask.java:144)
	at org.junit.platform.engine.support.hierarchical.ThrowableCollector.execute(ThrowableCollector.java:73)
	at org.junit.platform.engine.support.hierarchical.NodeTestTask.executeRecursively(NodeTestTask.java:143)
	at org.junit.platform.engine.support.hierarchical.NodeTestTask.execute(NodeTestTask.java:100)
	at java.base/java.util.ArrayList.forEach(ArrayList.java:1596)
	at org.junit.platform.engine.support.hierarchical.SameThreadHierarchicalTestExecutorService.invokeAll(SameThreadHierarchicalTestExecutorService.java:41)
	at org.junit.platform.engine.support.hierarchical.NodeTestTask.lambda$executeRecursively$6(NodeTestTask.java:160)
	at org.junit.platform.engine.support.hierarchical.ThrowableCollector.execute(ThrowableCollector.java:73)
	at org.junit.platform.engine.support.hierarchical.NodeTestTask.lambda$executeRecursively$8(NodeTestTask.java:146)
	at org.junit.platform.engine.support.hierarchical.Node.around(Node.java:137)
	at org.junit.platform.engine.support.hierarchical.NodeTestTask.lambda$executeRecursively$9(NodeTestTask.java:144)
	at org.junit.platform.engine.support.hierarchical.ThrowableCollector.execute(ThrowableCollector.java:73)
	at org.junit.platform.engine.support.hierarchical.NodeTestTask.executeRecursively(NodeTestTask.java:143)
	at org.junit.platform.engine.support.hierarchical.NodeTestTask.execute(NodeTestTask.java:100)
	at org.junit.platform.engine.support.hierarchical.SameThreadHierarchicalTestExecutorService.submit(SameThreadHierarchicalTestExecutorService.java:35)
	at org.junit.platform.engine.support.hierarchical.HierarchicalTestExecutor.execute(HierarchicalTestExecutor.java:57)
	at org.junit.platform.engine.support.hierarchical.HierarchicalTestEngine.execute(HierarchicalTestEngine.java:54)
	at org.junit.platform.launcher.core.EngineExecutionOrchestrator.execute(EngineExecutionOrchestrator.java:201)
	at org.junit.platform.launcher.core.EngineExecutionOrchestrator.execute(EngineExecutionOrchestrator.java:170)
	at org.junit.platform.launcher.core.EngineExecutionOrchestrator.execute(EngineExecutionOrchestrator.java:94)
	at org.junit.platform.launcher.core.EngineExecutionOrchestrator.lambda$execute$0(EngineExecutionOrchestrator.java:59)
	at org.junit.platform.launcher.core.EngineExecutionOrchestrator.withInterceptedStreams(EngineExecutionOrchestrator.java:142)
	at org.junit.platform.launcher.core.EngineExecutionOrchestrator.execute(EngineExecutionOrchestrator.java:58)
	at org.junit.platform.launcher.core.DefaultLauncher.execute(DefaultLauncher.java:103)
	at org.junit.platform.launcher.core.DefaultLauncher.execute(DefaultLauncher.java:85)
	at org.junit.platform.launcher.core.DelegatingLauncher.execute(DelegatingLauncher.java:47)
	at org.junit.platform.launcher.core.InterceptingLauncher.lambda$execute$1(InterceptingLauncher.java:39)
	at org.junit.platform.launcher.core.ClasspathAlignmentCheckingLauncherInterceptor.intercept(ClasspathAlignmentCheckingLauncherInterceptor.java:25)
	at org.junit.platform.launcher.core.InterceptingLauncher.execute(InterceptingLauncher.java:38)
	at org.junit.platform.launcher.core.DelegatingLauncher.execute(DelegatingLauncher.java:47)
	at org.apache.maven.surefire.junitplatform.LauncherAdapter.executeWithoutCancellationToken(LauncherAdapter.java:60)
	at org.apache.maven.surefire.junitplatform.LauncherAdapter.execute(LauncherAdapter.java:52)
	at org.apache.maven.surefire.junitplatform.JUnitPlatformProvider.execute(JUnitPlatformProvider.java:203)
	at org.apache.maven.surefire.junitplatform.JUnitPlatformProvider.invokeAllTests(JUnitPlatformProvider.java:168)
	at org.apache.maven.surefire.junitplatform.JUnitPlatformProvider.invoke(JUnitPlatformProvider.java:136)
	at org.apache.maven.surefire.booter.ForkedBooter.runSuitesInProcess(ForkedBooter.java:385)
	at org.apache.maven.surefire.booter.ForkedBooter.execute(ForkedBooter.java:162)
	at org.apache.maven.surefire.booter.ForkedBooter.run(ForkedBooter.java:507)
	at org.apache.maven.surefire.booter.ForkedBooter.main(ForkedBooter.java:495)
Caused by: java.lang.IllegalArgumentException
	at com.agilityhub.core.shared.api.ApiExceptionHandlerTest$TestController.unexpected(ApiExceptionHandlerTest.java:148)
	at java.base/jdk.internal.reflect.DirectMethodHandleAccessor.invoke(DirectMethodHandleAccessor.java:103)
	at java.base/java.lang.reflect.Method.invoke(Method.java:580)
	at org.springframework.web.method.support.InvocableHandlerMethod.doInvoke(InvocableHandlerMethod.java:258)
	at org.springframework.web.method.support.InvocableHandlerMethod.invokeForRequest(InvocableHandlerMethod.java:191)
	at org.springframework.web.servlet.mvc.method.annotation.ServletInvocableHandlerMethod.invokeAndHandle(ServletInvocableHandlerMethod.java:118)
	at org.springframework.web.servlet.mvc.method.annotation.RequestMappingHandlerAdapter.invokeHandlerMethod(RequestMappingHandlerAdapter.java:991)
	at org.springframework.web.servlet.mvc.method.annotation.RequestMappingHandlerAdapter.handleInternal(RequestMappingHandlerAdapter.java:896)
	at org.springframework.web.servlet.mvc.method.AbstractHandlerMethodAdapter.handle(AbstractHandlerMethodAdapter.java:87)
	at org.springframework.web.servlet.DispatcherServlet.doDispatch(DispatcherServlet.java:1089)
	at org.springframework.web.servlet.DispatcherServlet.doService(DispatcherServlet.java:979)
	at org.springframework.web.servlet.FrameworkServlet.processRequest(FrameworkServlet.java:1014)
	at org.springframework.web.servlet.FrameworkServlet.doGet(FrameworkServlet.java:903)
	at jakarta.servlet.http.HttpServlet.service(HttpServlet.java:564)
	at org.springframework.web.servlet.FrameworkServlet.service(FrameworkServlet.java:885)
	at org.springframework.test.web.servlet.TestDispatcherServlet.service(TestDispatcherServlet.java:72)
	at jakarta.servlet.http.HttpServlet.service(HttpServlet.java:658)
	at org.springframework.mock.web.MockFilterChain$ServletFilterProxy.doFilter(MockFilterChain.java:165)
	at org.springframework.mock.web.MockFilterChain.doFilter(MockFilterChain.java:132)
	at com.agilityhub.core.shared.api.RequestTraceFilter.doFilterInternal(RequestTraceFilter.java:43)
	at org.springframework.web.filter.OncePerRequestFilter.doFilter(OncePerRequestFilter.java:116)
	at org.springframework.mock.web.MockFilterChain.doFilter(MockFilterChain.java:132)
	at org.springframework.test.web.servlet.MockMvc.perform(MockMvc.java:201)
	at com.agilityhub.core.shared.api.ApiExceptionHandlerTest.E3_T06_INC02_unhandledFailureLogsOneFullExceptionWithTheResponseTrace(ApiExceptionHandlerTest.java:76)
	at java.base/jdk.internal.reflect.DirectMethodHandleAccessor.invoke(DirectMethodHandleAccessor.java:103)
	at java.base/java.lang.reflect.Method.invoke(Method.java:580)
	at org.junit.platform.commons.util.ReflectionUtils.invokeMethod(ReflectionUtils.java:775)
	at org.junit.platform.commons.support.ReflectionSupport.invokeMethod(ReflectionSupport.java:479)
	at org.junit.jupiter.engine.execution.MethodInvocation.proceed(MethodInvocation.java:60)
	at org.junit.jupiter.engine.execution.InvocationInterceptorChain$ValidatingInvocation.proceed(InvocationInterceptorChain.java:131)
	at org.junit.jupiter.params.ArgumentCountValidator.interceptTestTemplateMethod(ArgumentCountValidator.java:45)
	at org.junit.jupiter.engine.execution.InterceptingExecutableInvoker$ReflectiveInterceptorCall.lambda$ofVoidMethod$0(InterceptingExecutableInvoker.java:112)
	at org.junit.jupiter.engine.execution.InterceptingExecutableInvoker.lambda$invoke$0(InterceptingExecutableInvoker.java:94)
	at org.junit.jupiter.engine.execution.InvocationInterceptorChain$InterceptedInvocation.proceed(InvocationInterceptorChain.java:106)
	at org.junit.jupiter.engine.extension.TimeoutExtension.intercept(TimeoutExtension.java:161)
	at org.junit.jupiter.engine.extension.TimeoutExtension.interceptTestableMethod(TimeoutExtension.java:152)
	at org.junit.jupiter.engine.extension.TimeoutExtension.interceptTestTemplateMethod(TimeoutExtension.java:99)
	at org.junit.jupiter.engine.execution.InterceptingExecutableInvoker$ReflectiveInterceptorCall.lambda$ofVoidMethod$0(InterceptingExecutableInvoker.java:112)
	at org.junit.jupiter.engine.execution.InterceptingExecutableInvoker.lambda$invoke$0(InterceptingExecutableInvoker.java:94)
	at org.junit.jupiter.engine.execution.InvocationInterceptorChain$InterceptedInvocation.proceed(InvocationInterceptorChain.java:106)
	at org.junit.jupiter.engine.execution.InvocationInterceptorChain.proceed(InvocationInterceptorChain.java:64)
	at org.junit.jupiter.engine.execution.InvocationInterceptorChain.chainAndInvoke(InvocationInterceptorChain.java:45)
	at org.junit.jupiter.engine.execution.InvocationInterceptorChain.invoke(InvocationInterceptorChain.java:37)
	at org.junit.jupiter.engine.execution.InterceptingExecutableInvoker.invoke(InterceptingExecutableInvoker.java:93)
	at org.junit.jupiter.engine.execution.InterceptingExecutableInvoker.invoke(InterceptingExecutableInvoker.java:87)
	at org.junit.jupiter.engine.descriptor.TestMethodTestDescriptor.lambda$invokeTestMethod$7(TestMethodTestDescriptor.java:216)
	at org.junit.platform.engine.support.hierarchical.ThrowableCollector.execute(ThrowableCollector.java:73)
	at org.junit.jupiter.engine.descriptor.TestMethodTestDescriptor.invokeTestMethod(TestMethodTestDescriptor.java:212)
	at org.junit.jupiter.engine.descriptor.TestMethodTestDescriptor.execute(TestMethodTestDescriptor.java:137)
	at org.junit.jupiter.engine.descriptor.TestMethodTestDescriptor.execute(TestMethodTestDescriptor.java:69)
	at org.junit.platform.engine.support.hierarchical.NodeTestTask.lambda$executeRecursively$6(NodeTestTask.java:156)
	at org.junit.platform.engine.support.hierarchical.ThrowableCollector.execute(ThrowableCollector.java:73)
	at org.junit.platform.engine.support.hierarchical.NodeTestTask.lambda$executeRecursively$8(NodeTestTask.java:146)
	at org.junit.platform.engine.support.hierarchical.Node.around(Node.java:137)
	at org.junit.platform.engine.support.hierarchical.NodeTestTask.lambda$executeRecursively$9(NodeTestTask.java:144)
	at org.junit.platform.engine.support.hierarchical.ThrowableCollector.execute(ThrowableCollector.java:73)
	at org.junit.platform.engine.support.hierarchical.NodeTestTask.executeRecursively(NodeTestTask.java:143)
	at org.junit.platform.engine.support.hierarchical.NodeTestTask.execute(NodeTestTask.java:100)
	at org.junit.platform.engine.support.hierarchical.SameThreadHierarchicalTestExecutorService.submit(SameThreadHierarchicalTestExecutorService.java:35)
	at org.junit.platform.engine.support.hierarchical.NodeTestTask$DefaultDynamicTestExecutor.execute(NodeTestTask.java:231)
	at org.junit.platform.engine.support.hierarchical.NodeTestTask$DefaultDynamicTestExecutor.execute(NodeTestTask.java:209)
	at org.junit.jupiter.engine.descriptor.TestTemplateTestDescriptor.execute(TestTemplateTestDescriptor.java:157)
	at org.junit.jupiter.engine.descriptor.TestTemplateTestDescriptor.lambda$executeForProvider$0(TestTemplateTestDescriptor.java:115)
	at java.base/java.util.Optional.ifPresent(Optional.java:178)
	at org.junit.jupiter.engine.descriptor.TestTemplateTestDescriptor.lambda$executeForProvider$1(TestTemplateTestDescriptor.java:115)
	at java.base/java.util.stream.ForEachOps$ForEachOp$OfRef.accept(ForEachOps.java:184)
	at java.base/java.util.stream.ReferencePipeline$3$1.accept(ReferencePipeline.java:197)
	at java.base/java.util.stream.ForEachOps$ForEachOp$OfRef.accept(ForEachOps.java:184)
	at java.base/java.util.ArrayList$ArrayListSpliterator.forEachRemaining(ArrayList.java:1708)
	at java.base/java.util.stream.ReferencePipeline$Head.forEach(ReferencePipeline.java:762)
	at java.base/java.util.stream.ReferencePipeline$7$1.accept(ReferencePipeline.java:276)
	at java.base/java.util.ArrayList$ArrayListSpliterator.forEachRemaining(ArrayList.java:1708)
	at java.base/java.util.stream.AbstractPipeline.copyInto(AbstractPipeline.java:509)
	at java.base/java.util.stream.AbstractPipeline.wrapAndCopyInto(AbstractPipeline.java:499)
	at java.base/java.util.stream.ForEachOps$ForEachOp.evaluateSequential(ForEachOps.java:151)
	at java.base/java.util.stream.ForEachOps$ForEachOp$OfRef.evaluateSequential(ForEachOps.java:174)
	at java.base/java.util.stream.AbstractPipeline.evaluate(AbstractPipeline.java:234)
	at java.base/java.util.stream.ReferencePipeline.forEach(ReferencePipeline.java:596)
	at java.base/java.util.stream.ReferencePipeline$7$1.accept(ReferencePipeline.java:276)
	at java.base/java.util.stream.ReferencePipeline$3$1.accept(ReferencePipeline.java:197)
	at java.base/java.util.stream.ReferencePipeline$3$1.accept(ReferencePipeline.java:197)
	at java.base/java.util.stream.ReferencePipeline$3$1.accept(ReferencePipeline.java:197)
	at java.base/java.util.ArrayList$ArrayListSpliterator.forEachRemaining(ArrayList.java:1708)
	at java.base/java.util.stream.AbstractPipeline.copyInto(AbstractPipeline.java:509)
	at java.base/java.util.stream.AbstractPipeline.wrapAndCopyInto(AbstractPipeline.java:499)
	at java.base/java.util.stream.ForEachOps$ForEachOp.evaluateSequential(ForEachOps.java:151)
	at java.base/java.util.stream.ForEachOps$ForEachOp$OfRef.evaluateSequential(ForEachOps.java:174)
	at java.base/java.util.stream.AbstractPipeline.evaluate(AbstractPipeline.java:234)
	at java.base/java.util.stream.ReferencePipeline.forEach(ReferencePipeline.java:596)
	at org.junit.jupiter.engine.descriptor.TestTemplateTestDescriptor.executeForProvider(TestTemplateTestDescriptor.java:114)
	at org.junit.jupiter.engine.descriptor.TestTemplateTestDescriptor.execute(TestTemplateTestDescriptor.java:103)
	at org.junit.jupiter.engine.descriptor.TestTemplateTestDescriptor.execute(TestTemplateTestDescriptor.java:43)
	at org.junit.platform.engine.support.hierarchical.NodeTestTask.lambda$executeRecursively$6(NodeTestTask.java:156)
	at org.junit.platform.engine.support.hierarchical.ThrowableCollector.execute(ThrowableCollector.java:73)
	at org.junit.platform.engine.support.hierarchical.NodeTestTask.lambda$executeRecursively$8(NodeTestTask.java:146)
	at org.junit.platform.engine.support.hierarchical.Node.around(Node.java:137)
	at org.junit.platform.engine.support.hierarchical.NodeTestTask.lambda$executeRecursively$9(NodeTestTask.java:144)
	at org.junit.platform.engine.support.hierarchical.ThrowableCollector.execute(ThrowableCollector.java:73)
	at org.junit.platform.engine.support.hierarchical.NodeTestTask.executeRecursively(NodeTestTask.java:143)
	at org.junit.platform.engine.support.hierarchical.NodeTestTask.execute(NodeTestTask.java:100)
	at java.base/java.util.ArrayList.forEach(ArrayList.java:1596)
	at org.junit.platform.engine.support.hierarchical.SameThreadHierarchicalTestExecutorService.invokeAll(SameThreadHierarchicalTestExecutorService.java:41)
	at org.junit.platform.engine.support.hierarchical.NodeTestTask.lambda$executeRecursively$6(NodeTestTask.java:160)
	at org.junit.platform.engine.support.hierarchical.ThrowableCollector.execute(ThrowableCollector.java:73)
	at org.junit.platform.engine.support.hierarchical.NodeTestTask.lambda$executeRecursively$8(NodeTestTask.java:146)
	at org.junit.platform.engine.support.hierarchical.Node.around(Node.java:137)
	at org.junit.platform.engine.support.hierarchical.NodeTestTask.lambda$executeRecursively$9(NodeTestTask.java:144)
	at org.junit.platform.engine.support.hierarchical.ThrowableCollector.execute(ThrowableCollector.java:73)
	at org.junit.platform.engine.support.hierarchical.NodeTestTask.executeRecursively(NodeTestTask.java:143)
	at org.junit.platform.engine.support.hierarchical.NodeTestTask.execute(NodeTestTask.java:100)
	at java.base/java.util.ArrayList.forEach(ArrayList.java:1596)
	at org.junit.platform.engine.support.hierarchical.SameThreadHierarchicalTestExecutorService.invokeAll(SameThreadHierarchicalTestExecutorService.java:41)
	at org.junit.platform.engine.support.hierarchical.NodeTestTask.lambda$executeRecursively$6(NodeTestTask.java:160)
	at org.junit.platform.engine.support.hierarchical.ThrowableCollector.execute(ThrowableCollector.java:73)
	at org.junit.platform.engine.support.hierarchical.NodeTestTask.lambda$executeRecursively$8(NodeTestTask.java:146)
	at org.junit.platform.engine.support.hierarchical.Node.around(Node.java:137)
	at org.junit.platform.engine.support.hierarchical.NodeTestTask.lambda$executeRecursively$9(NodeTestTask.java:144)
	at org.junit.platform.engine.support.hierarchical.ThrowableCollector.execute(ThrowableCollector.java:73)
	at org.junit.platform.engine.support.hierarchical.NodeTestTask.executeRecursively(NodeTestTask.java:143)
	at org.junit.platform.engine.support.hierarchical.NodeTestTask.execute(NodeTestTask.java:100)
	at org.junit.platform.engine.support.hierarchical.SameThreadHierarchicalTestExecutorService.submit(SameThreadHierarchicalTestExecutorService.java:35)
	at org.junit.platform.engine.support.hierarchical.HierarchicalTestExecutor.execute(HierarchicalTestExecutor.java:57)
	at org.junit.platform.engine.support.hierarchical.HierarchicalTestEngine.execute(HierarchicalTestEngine.java:54)
	at org.junit.platform.launcher.core.EngineExecutionOrchestrator.execute(EngineExecutionOrchestrator.java:201)
	at org.junit.platform.launcher.core.EngineExecutionOrchestrator.execute(EngineExecutionOrchestrator.java:170)
	at org.junit.platform.launcher.core.EngineExecutionOrchestrator.execute(EngineExecutionOrchestrator.java:94)
	at org.junit.platform.launcher.core.EngineExecutionOrchestrator.lambda$execute$0(EngineExecutionOrchestrator.java:59)
	at org.junit.platform.launcher.core.EngineExecutionOrchestrator.withInterceptedStreams(EngineExecutionOrchestrator.java:142)
	at org.junit.platform.launcher.core.EngineExecutionOrchestrator.execute(EngineExecutionOrchestrator.java:58)
	at org.junit.platform.launcher.core.DefaultLauncher.execute(DefaultLauncher.java:103)
	at org.junit.platform.launcher.core.DefaultLauncher.execute(DefaultLauncher.java:85)
	at org.junit.platform.launcher.core.DelegatingLauncher.execute(DelegatingLauncher.java:47)
	at org.junit.platform.launcher.core.InterceptingLauncher.lambda$execute$1(InterceptingLauncher.java:39)
	at org.junit.platform.launcher.core.ClasspathAlignmentCheckingLauncherInterceptor.intercept(ClasspathAlignmentCheckingLauncherInterceptor.java:25)
	at org.junit.platform.launcher.core.InterceptingLauncher.execute(InterceptingLauncher.java:38)
	at org.junit.platform.launcher.core.DelegatingLauncher.execute(DelegatingLauncher.java:47)
	at org.apache.maven.surefire.junitplatform.LauncherAdapter.executeWithoutCancellationToken(LauncherAdapter.java:60)
	at org.apache.maven.surefire.junitplatform.LauncherAdapter.execute(LauncherAdapter.java:52)
	at org.apache.maven.surefire.junitplatform.JUnitPlatformProvider.execute(JUnitPlatformProvider.java:203)
	at org.apache.maven.surefire.junitplatform.JUnitPlatformProvider.invokeAllTests(JUnitPlatformProvider.java:168)
	at org.apache.maven.surefire.junitplatform.JUnitPlatformProvider.invoke(JUnitPlatformProvider.java:136)
	at org.apache.maven.surefire.booter.ForkedBooter.runSuitesInProcess(ForkedBooter.java:385)
	at org.apache.maven.surefire.booter.ForkedBooter.execute(ForkedBooter.java:162)
	at org.apache.maven.surefire.booter.ForkedBooter.run(ForkedBooter.java:507)
	at org.apache.maven.surefire.booter.ForkedBooter.main(ForkedBooter.java:495)
2026-10-09T12:27:40.361+02:00 INFO  [main] o.s.mock.web.MockServletContext traceId= clubId= accountId= : Initializing Spring TestDispatcherServlet ''
2026-10-09T12:27:40.361+02:00 INFO  [main] o.s.t.web.servlet.TestDispatcherServlet traceId= clubId= accountId= : Initializing Servlet ''
2026-10-09T12:27:40.361+02:00 INFO  [main] o.s.t.web.servlet.TestDispatcherServlet traceId= clubId= accountId= : Completed initialization in 0 ms
2026-10-09T12:27:40.362+02:00 ERROR [main] c.a.core.shared.api.ApiExceptionHandler traceId=7acd0d70-c94f-4741-940c-8c49c8f140b6 clubId=- accountId=- : Unhandled request exception traceId=7acd0d70-c94f-4741-940c-8c49c8f140b6
java.lang.IllegalStateException
	at com.agilityhub.core.shared.api.ApiExceptionHandlerTest$TestController.unexpected(ApiExceptionHandlerTest.java:148)
	at java.base/jdk.internal.reflect.DirectMethodHandleAccessor.invoke(DirectMethodHandleAccessor.java:103)
	at java.base/java.lang.reflect.Method.invoke(Method.java:580)
	at org.springframework.web.method.support.InvocableHandlerMethod.doInvoke(InvocableHandlerMethod.java:258)
	at org.springframework.web.method.support.InvocableHandlerMethod.invokeForRequest(InvocableHandlerMethod.java:191)
	at org.springframework.web.servlet.mvc.method.annotation.ServletInvocableHandlerMethod.invokeAndHandle(ServletInvocableHandlerMethod.java:118)
	at org.springframework.web.servlet.mvc.method.annotation.RequestMappingHandlerAdapter.invokeHandlerMethod(RequestMappingHandlerAdapter.java:991)
	at org.springframework.web.servlet.mvc.method.annotation.RequestMappingHandlerAdapter.handleInternal(RequestMappingHandlerAdapter.java:896)
	at org.springframework.web.servlet.mvc.method.AbstractHandlerMethodAdapter.handle(AbstractHandlerMethodAdapter.java:87)
	at org.springframework.web.servlet.DispatcherServlet.doDispatch(DispatcherServlet.java:1089)
	at org.springframework.web.servlet.DispatcherServlet.doService(DispatcherServlet.java:979)
	at org.springframework.web.servlet.FrameworkServlet.processRequest(FrameworkServlet.java:1014)
	at org.springframework.web.servlet.FrameworkServlet.doGet(FrameworkServlet.java:903)
	at jakarta.servlet.http.HttpServlet.service(HttpServlet.java:564)
	at org.springframework.web.servlet.FrameworkServlet.service(FrameworkServlet.java:885)
	at org.springframework.test.web.servlet.TestDispatcherServlet.service(TestDispatcherServlet.java:72)
	at jakarta.servlet.http.HttpServlet.service(HttpServlet.java:658)
	at org.springframework.mock.web.MockFilterChain$ServletFilterProxy.doFilter(MockFilterChain.java:165)
	at org.springframework.mock.web.MockFilterChain.doFilter(MockFilterChain.java:132)
	at com.agilityhub.core.shared.api.RequestTraceFilter.doFilterInternal(RequestTraceFilter.java:43)
	at org.springframework.web.filter.OncePerRequestFilter.doFilter(OncePerRequestFilter.java:116)
	at org.springframework.mock.web.MockFilterChain.doFilter(MockFilterChain.java:132)
	at org.springframework.test.web.servlet.MockMvc.perform(MockMvc.java:201)
	at com.agilityhub.core.shared.api.ApiExceptionHandlerTest.E3_T06_INC02_unhandledFailureLogsOneFullExceptionWithTheResponseTrace(ApiExceptionHandlerTest.java:76)
	at java.base/jdk.internal.reflect.DirectMethodHandleAccessor.invoke(DirectMethodHandleAccessor.java:103)
	at java.base/java.lang.reflect.Method.invoke(Method.java:580)
	at org.junit.platform.commons.util.ReflectionUtils.invokeMethod(ReflectionUtils.java:775)
	at org.junit.platform.commons.support.ReflectionSupport.invokeMethod(ReflectionSupport.java:479)
	at org.junit.jupiter.engine.execution.MethodInvocation.proceed(MethodInvocation.java:60)
	at org.junit.jupiter.engine.execution.InvocationInterceptorChain$ValidatingInvocation.proceed(InvocationInterceptorChain.java:131)
	at org.junit.jupiter.params.ArgumentCountValidator.interceptTestTemplateMethod(ArgumentCountValidator.java:45)
	at org.junit.jupiter.engine.execution.InterceptingExecutableInvoker$ReflectiveInterceptorCall.lambda$ofVoidMethod$0(InterceptingExecutableInvoker.java:112)
	at org.junit.jupiter.engine.execution.InterceptingExecutableInvoker.lambda$invoke$0(InterceptingExecutableInvoker.java:94)
	at org.junit.jupiter.engine.execution.InvocationInterceptorChain$InterceptedInvocation.proceed(InvocationInterceptorChain.java:106)
	at org.junit.jupiter.engine.extension.TimeoutExtension.intercept(TimeoutExtension.java:161)
	at org.junit.jupiter.engine.extension.TimeoutExtension.interceptTestableMethod(TimeoutExtension.java:152)
	at org.junit.jupiter.engine.extension.TimeoutExtension.interceptTestTemplateMethod(TimeoutExtension.java:99)
	at org.junit.jupiter.engine.execution.InterceptingExecutableInvoker$ReflectiveInterceptorCall.lambda$ofVoidMethod$0(InterceptingExecutableInvoker.java:112)
	at org.junit.jupiter.engine.execution.InterceptingExecutableInvoker.lambda$invoke$0(InterceptingExecutableInvoker.java:94)
	at org.junit.jupiter.engine.execution.InvocationInterceptorChain$InterceptedInvocation.proceed(InvocationInterceptorChain.java:106)
	at org.junit.jupiter.engine.execution.InvocationInterceptorChain.proceed(InvocationInterceptorChain.java:64)
	at org.junit.jupiter.engine.execution.InvocationInterceptorChain.chainAndInvoke(InvocationInterceptorChain.java:45)
	at org.junit.jupiter.engine.execution.InvocationInterceptorChain.invoke(InvocationInterceptorChain.java:37)
	at org.junit.jupiter.engine.execution.InterceptingExecutableInvoker.invoke(InterceptingExecutableInvoker.java:93)
	at org.junit.jupiter.engine.execution.InterceptingExecutableInvoker.invoke(InterceptingExecutableInvoker.java:87)
	at org.junit.jupiter.engine.descriptor.TestMethodTestDescriptor.lambda$invokeTestMethod$7(TestMethodTestDescriptor.java:216)
	at org.junit.platform.engine.support.hierarchical.ThrowableCollector.execute(ThrowableCollector.java:73)
	at org.junit.jupiter.engine.descriptor.TestMethodTestDescriptor.invokeTestMethod(TestMethodTestDescriptor.java:212)
	at org.junit.jupiter.engine.descriptor.TestMethodTestDescriptor.execute(TestMethodTestDescriptor.java:137)
	at org.junit.jupiter.engine.descriptor.TestMethodTestDescriptor.execute(TestMethodTestDescriptor.java:69)
	at org.junit.platform.engine.support.hierarchical.NodeTestTask.lambda$executeRecursively$6(NodeTestTask.java:156)
	at org.junit.platform.engine.support.hierarchical.ThrowableCollector.execute(ThrowableCollector.java:73)
	at org.junit.platform.engine.support.hierarchical.NodeTestTask.lambda$executeRecursively$8(NodeTestTask.java:146)
	at org.junit.platform.engine.support.hierarchical.Node.around(Node.java:137)
	at org.junit.platform.engine.support.hierarchical.NodeTestTask.lambda$executeRecursively$9(NodeTestTask.java:144)
	at org.junit.platform.engine.support.hierarchical.ThrowableCollector.execute(ThrowableCollector.java:73)
	at org.junit.platform.engine.support.hierarchical.NodeTestTask.executeRecursively(NodeTestTask.java:143)
	at org.junit.platform.engine.support.hierarchical.NodeTestTask.execute(NodeTestTask.java:100)
	at org.junit.platform.engine.support.hierarchical.SameThreadHierarchicalTestExecutorService.submit(SameThreadHierarchicalTestExecutorService.java:35)
	at org.junit.platform.engine.support.hierarchical.NodeTestTask$DefaultDynamicTestExecutor.execute(NodeTestTask.java:231)
	at org.junit.platform.engine.support.hierarchical.NodeTestTask$DefaultDynamicTestExecutor.execute(NodeTestTask.java:209)
	at org.junit.jupiter.engine.descriptor.TestTemplateTestDescriptor.execute(TestTemplateTestDescriptor.java:157)
	at org.junit.jupiter.engine.descriptor.TestTemplateTestDescriptor.lambda$executeForProvider$0(TestTemplateTestDescriptor.java:115)
	at java.base/java.util.Optional.ifPresent(Optional.java:178)
	at org.junit.jupiter.engine.descriptor.TestTemplateTestDescriptor.lambda$executeForProvider$1(TestTemplateTestDescriptor.java:115)
	at java.base/java.util.stream.ForEachOps$ForEachOp$OfRef.accept(ForEachOps.java:184)
	at java.base/java.util.stream.ReferencePipeline$3$1.accept(ReferencePipeline.java:197)
	at java.base/java.util.stream.ForEachOps$ForEachOp$OfRef.accept(ForEachOps.java:184)
	at java.base/java.util.ArrayList$ArrayListSpliterator.forEachRemaining(ArrayList.java:1708)
	at java.base/java.util.stream.ReferencePipeline$Head.forEach(ReferencePipeline.java:762)
	at java.base/java.util.stream.ReferencePipeline$7$1.accept(ReferencePipeline.java:276)
	at java.base/java.util.ArrayList$ArrayListSpliterator.forEachRemaining(ArrayList.java:1708)
	at java.base/java.util.stream.AbstractPipeline.copyInto(AbstractPipeline.java:509)
	at java.base/java.util.stream.AbstractPipeline.wrapAndCopyInto(AbstractPipeline.java:499)
	at java.base/java.util.stream.ForEachOps$ForEachOp.evaluateSequential(ForEachOps.java:151)
	at java.base/java.util.stream.ForEachOps$ForEachOp$OfRef.evaluateSequential(ForEachOps.java:174)
	at java.base/java.util.stream.AbstractPipeline.evaluate(AbstractPipeline.java:234)
	at java.base/java.util.stream.ReferencePipeline.forEach(ReferencePipeline.java:596)
	at java.base/java.util.stream.ReferencePipeline$7$1.accept(ReferencePipeline.java:276)
	at java.base/java.util.stream.ReferencePipeline$3$1.accept(ReferencePipeline.java:197)
	at java.base/java.util.stream.ReferencePipeline$3$1.accept(ReferencePipeline.java:197)
	at java.base/java.util.stream.ReferencePipeline$3$1.accept(ReferencePipeline.java:197)
	at java.base/java.util.ArrayList$ArrayListSpliterator.forEachRemaining(ArrayList.java:1708)
	at java.base/java.util.stream.AbstractPipeline.copyInto(AbstractPipeline.java:509)
	at java.base/java.util.stream.AbstractPipeline.wrapAndCopyInto(AbstractPipeline.java:499)
	at java.base/java.util.stream.ForEachOps$ForEachOp.evaluateSequential(ForEachOps.java:151)
	at java.base/java.util.stream.ForEachOps$ForEachOp$OfRef.evaluateSequential(ForEachOps.java:174)
	at java.base/java.util.stream.AbstractPipeline.evaluate(AbstractPipeline.java:234)
	at java.base/java.util.stream.ReferencePipeline.forEach(ReferencePipeline.java:596)
	at org.junit.jupiter.engine.descriptor.TestTemplateTestDescriptor.executeForProvider(TestTemplateTestDescriptor.java:114)
	at org.junit.jupiter.engine.descriptor.TestTemplateTestDescriptor.execute(TestTemplateTestDescriptor.java:103)
	at org.junit.jupiter.engine.descriptor.TestTemplateTestDescriptor.execute(TestTemplateTestDescriptor.java:43)
	at org.junit.platform.engine.support.hierarchical.NodeTestTask.lambda$executeRecursively$6(NodeTestTask.java:156)
	at org.junit.platform.engine.support.hierarchical.ThrowableCollector.execute(ThrowableCollector.java:73)
	at org.junit.platform.engine.support.hierarchical.NodeTestTask.lambda$executeRecursively$8(NodeTestTask.java:146)
	at org.junit.platform.engine.support.hierarchical.Node.around(Node.java:137)
	at org.junit.platform.engine.support.hierarchical.NodeTestTask.lambda$executeRecursively$9(NodeTestTask.java:144)
	at org.junit.platform.engine.support.hierarchical.ThrowableCollector.execute(ThrowableCollector.java:73)
	at org.junit.platform.engine.support.hierarchical.NodeTestTask.executeRecursively(NodeTestTask.java:143)
	at org.junit.platform.engine.support.hierarchical.NodeTestTask.execute(NodeTestTask.java:100)
	at java.base/java.util.ArrayList.forEach(ArrayList.java:1596)
	at org.junit.platform.engine.support.hierarchical.SameThreadHierarchicalTestExecutorService.invokeAll(SameThreadHierarchicalTestExecutorService.java:41)
	at org.junit.platform.engine.support.hierarchical.NodeTestTask.lambda$executeRecursively$6(NodeTestTask.java:160)
	at org.junit.platform.engine.support.hierarchical.ThrowableCollector.execute(ThrowableCollector.java:73)
	at org.junit.platform.engine.support.hierarchical.NodeTestTask.lambda$executeRecursively$8(NodeTestTask.java:146)
	at org.junit.platform.engine.support.hierarchical.Node.around(Node.java:137)
	at org.junit.platform.engine.support.hierarchical.NodeTestTask.lambda$executeRecursively$9(NodeTestTask.java:144)
	at org.junit.platform.engine.support.hierarchical.ThrowableCollector.execute(ThrowableCollector.java:73)
	at org.junit.platform.engine.support.hierarchical.NodeTestTask.executeRecursively(NodeTestTask.java:143)
	at org.junit.platform.engine.support.hierarchical.NodeTestTask.execute(NodeTestTask.java:100)
	at java.base/java.util.ArrayList.forEach(ArrayList.java:1596)
	at org.junit.platform.engine.support.hierarchical.SameThreadHierarchicalTestExecutorService.invokeAll(SameThreadHierarchicalTestExecutorService.java:41)
	at org.junit.platform.engine.support.hierarchical.NodeTestTask.lambda$executeRecursively$6(NodeTestTask.java:160)
	at org.junit.platform.engine.support.hierarchical.ThrowableCollector.execute(ThrowableCollector.java:73)
	at org.junit.platform.engine.support.hierarchical.NodeTestTask.lambda$executeRecursively$8(NodeTestTask.java:146)
	at org.junit.platform.engine.support.hierarchical.Node.around(Node.java:137)
	at org.junit.platform.engine.support.hierarchical.NodeTestTask.lambda$executeRecursively$9(NodeTestTask.java:144)
	at org.junit.platform.engine.support.hierarchical.ThrowableCollector.execute(ThrowableCollector.java:73)
	at org.junit.platform.engine.support.hierarchical.NodeTestTask.executeRecursively(NodeTestTask.java:143)
	at org.junit.platform.engine.support.hierarchical.NodeTestTask.execute(NodeTestTask.java:100)
	at org.junit.platform.engine.support.hierarchical.SameThreadHierarchicalTestExecutorService.submit(SameThreadHierarchicalTestExecutorService.java:35)
	at org.junit.platform.engine.support.hierarchical.HierarchicalTestExecutor.execute(HierarchicalTestExecutor.java:57)
	at org.junit.platform.engine.support.hierarchical.HierarchicalTestEngine.execute(HierarchicalTestEngine.java:54)
	at org.junit.platform.launcher.core.EngineExecutionOrchestrator.execute(EngineExecutionOrchestrator.java:201)
	at org.junit.platform.launcher.core.EngineExecutionOrchestrator.execute(EngineExecutionOrchestrator.java:170)
	at org.junit.platform.launcher.core.EngineExecutionOrchestrator.execute(EngineExecutionOrchestrator.java:94)
	at org.junit.platform.launcher.core.EngineExecutionOrchestrator.lambda$execute$0(EngineExecutionOrchestrator.java:59)
	at org.junit.platform.launcher.core.EngineExecutionOrchestrator.withInterceptedStreams(EngineExecutionOrchestrator.java:142)
	at org.junit.platform.launcher.core.EngineExecutionOrchestrator.execute(EngineExecutionOrchestrator.java:58)
	at org.junit.platform.launcher.core.DefaultLauncher.execute(DefaultLauncher.java:103)
	at org.junit.platform.launcher.core.DefaultLauncher.execute(DefaultLauncher.java:85)
	at org.junit.platform.launcher.core.DelegatingLauncher.execute(DelegatingLauncher.java:47)
	at org.junit.platform.launcher.core.InterceptingLauncher.lambda$execute$1(InterceptingLauncher.java:39)
	at org.junit.platform.launcher.core.ClasspathAlignmentCheckingLauncherInterceptor.intercept(ClasspathAlignmentCheckingLauncherInterceptor.java:25)
	at org.junit.platform.launcher.core.InterceptingLauncher.execute(InterceptingLauncher.java:38)
	at org.junit.platform.launcher.core.DelegatingLauncher.execute(DelegatingLauncher.java:47)
	at org.apache.maven.surefire.junitplatform.LauncherAdapter.executeWithoutCancellationToken(LauncherAdapter.java:60)
	at org.apache.maven.surefire.junitplatform.LauncherAdapter.execute(LauncherAdapter.java:52)
	at org.apache.maven.surefire.junitplatform.JUnitPlatformProvider.execute(JUnitPlatformProvider.java:203)
	at org.apache.maven.surefire.junitplatform.JUnitPlatformProvider.invokeAllTests(JUnitPlatformProvider.java:168)
	at org.apache.maven.surefire.junitplatform.JUnitPlatformProvider.invoke(JUnitPlatformProvider.java:136)
	at org.apache.maven.surefire.booter.ForkedBooter.runSuitesInProcess(ForkedBooter.java:385)
	at org.apache.maven.surefire.booter.ForkedBooter.execute(ForkedBooter.java:162)
	at org.apache.maven.surefire.booter.ForkedBooter.run(ForkedBooter.java:507)
	at org.apache.maven.surefire.booter.ForkedBooter.main(ForkedBooter.java:495)
Caused by: java.lang.IllegalArgumentException
	at com.agilityhub.core.shared.api.ApiExceptionHandlerTest$TestController.unexpected(ApiExceptionHandlerTest.java:148)
	at java.base/jdk.internal.reflect.DirectMethodHandleAccessor.invoke(DirectMethodHandleAccessor.java:103)
	at java.base/java.lang.reflect.Method.invoke(Method.java:580)
	at org.springframework.web.method.support.InvocableHandlerMethod.doInvoke(InvocableHandlerMethod.java:258)
	at org.springframework.web.method.support.InvocableHandlerMethod.invokeForRequest(InvocableHandlerMethod.java:191)
	at org.springframework.web.servlet.mvc.method.annotation.ServletInvocableHandlerMethod.invokeAndHandle(ServletInvocableHandlerMethod.java:118)
	at org.springframework.web.servlet.mvc.method.annotation.RequestMappingHandlerAdapter.invokeHandlerMethod(RequestMappingHandlerAdapter.java:991)
	at org.springframework.web.servlet.mvc.method.annotation.RequestMappingHandlerAdapter.handleInternal(RequestMappingHandlerAdapter.java:896)
	at org.springframework.web.servlet.mvc.method.AbstractHandlerMethodAdapter.handle(AbstractHandlerMethodAdapter.java:87)
	at org.springframework.web.servlet.DispatcherServlet.doDispatch(DispatcherServlet.java:1089)
	at org.springframework.web.servlet.DispatcherServlet.doService(DispatcherServlet.java:979)
	at org.springframework.web.servlet.FrameworkServlet.processRequest(FrameworkServlet.java:1014)
	at org.springframework.web.servlet.FrameworkServlet.doGet(FrameworkServlet.java:903)
	at jakarta.servlet.http.HttpServlet.service(HttpServlet.java:564)
	at org.springframework.web.servlet.FrameworkServlet.service(FrameworkServlet.java:885)
	at org.springframework.test.web.servlet.TestDispatcherServlet.service(TestDispatcherServlet.java:72)
	at jakarta.servlet.http.HttpServlet.service(HttpServlet.java:658)
	at org.springframework.mock.web.MockFilterChain$ServletFilterProxy.doFilter(MockFilterChain.java:165)
	at org.springframework.mock.web.MockFilterChain.doFilter(MockFilterChain.java:132)
	at com.agilityhub.core.shared.api.RequestTraceFilter.doFilterInternal(RequestTraceFilter.java:43)
	at org.springframework.web.filter.OncePerRequestFilter.doFilter(OncePerRequestFilter.java:116)
	at org.springframework.mock.web.MockFilterChain.doFilter(MockFilterChain.java:132)
	at org.springframework.test.web.servlet.MockMvc.perform(MockMvc.java:201)
	at com.agilityhub.core.shared.api.ApiExceptionHandlerTest.E3_T06_INC02_unhandledFailureLogsOneFullExceptionWithTheResponseTrace(ApiExceptionHandlerTest.java:76)
	at java.base/jdk.internal.reflect.DirectMethodHandleAccessor.invoke(DirectMethodHandleAccessor.java:103)
	at java.base/java.lang.reflect.Method.invoke(Method.java:580)
	at org.junit.platform.commons.util.ReflectionUtils.invokeMethod(ReflectionUtils.java:775)
	at org.junit.platform.commons.support.ReflectionSupport.invokeMethod(ReflectionSupport.java:479)
	at org.junit.jupiter.engine.execution.MethodInvocation.proceed(MethodInvocation.java:60)
	at org.junit.jupiter.engine.execution.InvocationInterceptorChain$ValidatingInvocation.proceed(InvocationInterceptorChain.java:131)
	at org.junit.jupiter.params.ArgumentCountValidator.interceptTestTemplateMethod(ArgumentCountValidator.java:45)
	at org.junit.jupiter.engine.execution.InterceptingExecutableInvoker$ReflectiveInterceptorCall.lambda$ofVoidMethod$0(InterceptingExecutableInvoker.java:112)
	at org.junit.jupiter.engine.execution.InterceptingExecutableInvoker.lambda$invoke$0(InterceptingExecutableInvoker.java:94)
	at org.junit.jupiter.engine.execution.InvocationInterceptorChain$InterceptedInvocation.proceed(InvocationInterceptorChain.java:106)
	at org.junit.jupiter.engine.extension.TimeoutExtension.intercept(TimeoutExtension.java:161)
	at org.junit.jupiter.engine.extension.TimeoutExtension.interceptTestableMethod(TimeoutExtension.java:152)
	at org.junit.jupiter.engine.extension.TimeoutExtension.interceptTestTemplateMethod(TimeoutExtension.java:99)
	at org.junit.jupiter.engine.execution.InterceptingExecutableInvoker$ReflectiveInterceptorCall.lambda$ofVoidMethod$0(InterceptingExecutableInvoker.java:112)
	at org.junit.jupiter.engine.execution.InterceptingExecutableInvoker.lambda$invoke$0(InterceptingExecutableInvoker.java:94)
	at org.junit.jupiter.engine.execution.InvocationInterceptorChain$InterceptedInvocation.proceed(InvocationInterceptorChain.java:106)
	at org.junit.jupiter.engine.execution.InvocationInterceptorChain.proceed(InvocationInterceptorChain.java:64)
	at org.junit.jupiter.engine.execution.InvocationInterceptorChain.chainAndInvoke(InvocationInterceptorChain.java:45)
	at org.junit.jupiter.engine.execution.InvocationInterceptorChain.invoke(InvocationInterceptorChain.java:37)
	at org.junit.jupiter.engine.execution.InterceptingExecutableInvoker.invoke(InterceptingExecutableInvoker.java:93)
	at org.junit.jupiter.engine.execution.InterceptingExecutableInvoker.invoke(InterceptingExecutableInvoker.java:87)
	at org.junit.jupiter.engine.descriptor.TestMethodTestDescriptor.lambda$invokeTestMethod$7(TestMethodTestDescriptor.java:216)
	at org.junit.platform.engine.support.hierarchical.ThrowableCollector.execute(ThrowableCollector.java:73)
	at org.junit.jupiter.engine.descriptor.TestMethodTestDescriptor.invokeTestMethod(TestMethodTestDescriptor.java:212)
	at org.junit.jupiter.engine.descriptor.TestMethodTestDescriptor.execute(TestMethodTestDescriptor.java:137)
	at org.junit.jupiter.engine.descriptor.TestMethodTestDescriptor.execute(TestMethodTestDescriptor.java:69)
	at org.junit.platform.engine.support.hierarchical.NodeTestTask.lambda$executeRecursively$6(NodeTestTask.java:156)
	at org.junit.platform.engine.support.hierarchical.ThrowableCollector.execute(ThrowableCollector.java:73)
	at org.junit.platform.engine.support.hierarchical.NodeTestTask.lambda$executeRecursively$8(NodeTestTask.java:146)
	at org.junit.platform.engine.support.hierarchical.Node.around(Node.java:137)
	at org.junit.platform.engine.support.hierarchical.NodeTestTask.lambda$executeRecursively$9(NodeTestTask.java:144)
	at org.junit.platform.engine.support.hierarchical.ThrowableCollector.execute(ThrowableCollector.java:73)
	at org.junit.platform.engine.support.hierarchical.NodeTestTask.executeRecursively(NodeTestTask.java:143)
	at org.junit.platform.engine.support.hierarchical.NodeTestTask.execute(NodeTestTask.java:100)
	at org.junit.platform.engine.support.hierarchical.SameThreadHierarchicalTestExecutorService.submit(SameThreadHierarchicalTestExecutorService.java:35)
	at org.junit.platform.engine.support.hierarchical.NodeTestTask$DefaultDynamicTestExecutor.execute(NodeTestTask.java:231)
	at org.junit.platform.engine.support.hierarchical.NodeTestTask$DefaultDynamicTestExecutor.execute(NodeTestTask.java:209)
	at org.junit.jupiter.engine.descriptor.TestTemplateTestDescriptor.execute(TestTemplateTestDescriptor.java:157)
	at org.junit.jupiter.engine.descriptor.TestTemplateTestDescriptor.lambda$executeForProvider$0(TestTemplateTestDescriptor.java:115)
	at java.base/java.util.Optional.ifPresent(Optional.java:178)
	at org.junit.jupiter.engine.descriptor.TestTemplateTestDescriptor.lambda$executeForProvider$1(TestTemplateTestDescriptor.java:115)
	at java.base/java.util.stream.ForEachOps$ForEachOp$OfRef.accept(ForEachOps.java:184)
	at java.base/java.util.stream.ReferencePipeline$3$1.accept(ReferencePipeline.java:197)
	at java.base/java.util.stream.ForEachOps$ForEachOp$OfRef.accept(ForEachOps.java:184)
	at java.base/java.util.ArrayList$ArrayListSpliterator.forEachRemaining(ArrayList.java:1708)
	at java.base/java.util.stream.ReferencePipeline$Head.forEach(ReferencePipeline.java:762)
	at java.base/java.util.stream.ReferencePipeline$7$1.accept(ReferencePipeline.java:276)
	at java.base/java.util.ArrayList$ArrayListSpliterator.forEachRemaining(ArrayList.java:1708)
	at java.base/java.util.stream.AbstractPipeline.copyInto(AbstractPipeline.java:509)
	at java.base/java.util.stream.AbstractPipeline.wrapAndCopyInto(AbstractPipeline.java:499)
	at java.base/java.util.stream.ForEachOps$ForEachOp.evaluateSequential(ForEachOps.java:151)
	at java.base/java.util.stream.ForEachOps$ForEachOp$OfRef.evaluateSequential(ForEachOps.java:174)
	at java.base/java.util.stream.AbstractPipeline.evaluate(AbstractPipeline.java:234)
	at java.base/java.util.stream.ReferencePipeline.forEach(ReferencePipeline.java:596)
	at java.base/java.util.stream.ReferencePipeline$7$1.accept(ReferencePipeline.java:276)
	at java.base/java.util.stream.ReferencePipeline$3$1.accept(ReferencePipeline.java:197)
	at java.base/java.util.stream.ReferencePipeline$3$1.accept(ReferencePipeline.java:197)
	at java.base/java.util.stream.ReferencePipeline$3$1.accept(ReferencePipeline.java:197)
	at java.base/java.util.ArrayList$ArrayListSpliterator.forEachRemaining(ArrayList.java:1708)
	at java.base/java.util.stream.AbstractPipeline.copyInto(AbstractPipeline.java:509)
	at java.base/java.util.stream.AbstractPipeline.wrapAndCopyInto(AbstractPipeline.java:499)
	at java.base/java.util.stream.ForEachOps$ForEachOp.evaluateSequential(ForEachOps.java:151)
	at java.base/java.util.stream.ForEachOps$ForEachOp$OfRef.evaluateSequential(ForEachOps.java:174)
	at java.base/java.util.stream.AbstractPipeline.evaluate(AbstractPipeline.java:234)
	at java.base/java.util.stream.ReferencePipeline.forEach(ReferencePipeline.java:596)
	at org.junit.jupiter.engine.descriptor.TestTemplateTestDescriptor.executeForProvider(TestTemplateTestDescriptor.java:114)
	at org.junit.jupiter.engine.descriptor.TestTemplateTestDescriptor.execute(TestTemplateTestDescriptor.java:103)
	at org.junit.jupiter.engine.descriptor.TestTemplateTestDescriptor.execute(TestTemplateTestDescriptor.java:43)
	at org.junit.platform.engine.support.hierarchical.NodeTestTask.lambda$executeRecursively$6(NodeTestTask.java:156)
	at org.junit.platform.engine.support.hierarchical.ThrowableCollector.execute(ThrowableCollector.java:73)
	at org.junit.platform.engine.support.hierarchical.NodeTestTask.lambda$executeRecursively$8(NodeTestTask.java:146)
	at org.junit.platform.engine.support.hierarchical.Node.around(Node.java:137)
	at org.junit.platform.engine.support.hierarchical.NodeTestTask.lambda$executeRecursively$9(NodeTestTask.java:144)
	at org.junit.platform.engine.support.hierarchical.ThrowableCollector.execute(ThrowableCollector.java:73)
	at org.junit.platform.engine.support.hierarchical.NodeTestTask.executeRecursively(NodeTestTask.java:143)
	at org.junit.platform.engine.support.hierarchical.NodeTestTask.execute(NodeTestTask.java:100)
	at java.base/java.util.ArrayList.forEach(ArrayList.java:1596)
	at org.junit.platform.engine.support.hierarchical.SameThreadHierarchicalTestExecutorService.invokeAll(SameThreadHierarchicalTestExecutorService.java:41)
	at org.junit.platform.engine.support.hierarchical.NodeTestTask.lambda$executeRecursively$6(NodeTestTask.java:160)
	at org.junit.platform.engine.support.hierarchical.ThrowableCollector.execute(ThrowableCollector.java:73)
	at org.junit.platform.engine.support.hierarchical.NodeTestTask.lambda$executeRecursively$8(NodeTestTask.java:146)
	at org.junit.platform.engine.support.hierarchical.Node.around(Node.java:137)
	at org.junit.platform.engine.support.hierarchical.NodeTestTask.lambda$executeRecursively$9(NodeTestTask.java:144)
	at org.junit.platform.engine.support.hierarchical.ThrowableCollector.execute(ThrowableCollector.java:73)
	at org.junit.platform.engine.support.hierarchical.NodeTestTask.executeRecursively(NodeTestTask.java:143)
	at org.junit.platform.engine.support.hierarchical.NodeTestTask.execute(NodeTestTask.java:100)
	at java.base/java.util.ArrayList.forEach(ArrayList.java:1596)
	at org.junit.platform.engine.support.hierarchical.SameThreadHierarchicalTestExecutorService.invokeAll(SameThreadHierarchicalTestExecutorService.java:41)
	at org.junit.platform.engine.support.hierarchical.NodeTestTask.lambda$executeRecursively$6(NodeTestTask.java:160)
	at org.junit.platform.engine.support.hierarchical.ThrowableCollector.execute(ThrowableCollector.java:73)
	at org.junit.platform.engine.support.hierarchical.NodeTestTask.lambda$executeRecursively$8(NodeTestTask.java:146)
	at org.junit.platform.engine.support.hierarchical.Node.around(Node.java:137)
	at org.junit.platform.engine.support.hierarchical.NodeTestTask.lambda$executeRecursively$9(NodeTestTask.java:144)
	at org.junit.platform.engine.support.hierarchical.ThrowableCollector.execute(ThrowableCollector.java:73)
	at org.junit.platform.engine.support.hierarchical.NodeTestTask.executeRecursively(NodeTestTask.java:143)
	at org.junit.platform.engine.support.hierarchical.NodeTestTask.execute(NodeTestTask.java:100)
	at org.junit.platform.engine.support.hierarchical.SameThreadHierarchicalTestExecutorService.submit(SameThreadHierarchicalTestExecutorService.java:35)
	at org.junit.platform.engine.support.hierarchical.HierarchicalTestExecutor.execute(HierarchicalTestExecutor.java:57)
	at org.junit.platform.engine.support.hierarchical.HierarchicalTestEngine.execute(HierarchicalTestEngine.java:54)
	at org.junit.platform.launcher.core.EngineExecutionOrchestrator.execute(EngineExecutionOrchestrator.java:201)
	at org.junit.platform.launcher.core.EngineExecutionOrchestrator.execute(EngineExecutionOrchestrator.java:170)
	at org.junit.platform.launcher.core.EngineExecutionOrchestrator.execute(EngineExecutionOrchestrator.java:94)
	at org.junit.platform.launcher.core.EngineExecutionOrchestrator.lambda$execute$0(EngineExecutionOrchestrator.java:59)
	at org.junit.platform.launcher.core.EngineExecutionOrchestrator.withInterceptedStreams(EngineExecutionOrchestrator.java:142)
	at org.junit.platform.launcher.core.EngineExecutionOrchestrator.execute(EngineExecutionOrchestrator.java:58)
	at org.junit.platform.launcher.core.DefaultLauncher.execute(DefaultLauncher.java:103)
	at org.junit.platform.launcher.core.DefaultLauncher.execute(DefaultLauncher.java:85)
	at org.junit.platform.launcher.core.DelegatingLauncher.execute(DelegatingLauncher.java:47)
	at org.junit.platform.launcher.core.InterceptingLauncher.lambda$execute$1(InterceptingLauncher.java:39)
	at org.junit.platform.launcher.core.ClasspathAlignmentCheckingLauncherInterceptor.intercept(ClasspathAlignmentCheckingLauncherInterceptor.java:25)
	at org.junit.platform.launcher.core.InterceptingLauncher.execute(InterceptingLauncher.java:38)
	at org.junit.platform.launcher.core.DelegatingLauncher.execute(DelegatingLauncher.java:47)
	at org.apache.maven.surefire.junitplatform.LauncherAdapter.executeWithoutCancellationToken(LauncherAdapter.java:60)
	at org.apache.maven.surefire.junitplatform.LauncherAdapter.execute(LauncherAdapter.java:52)
	at org.apache.maven.surefire.junitplatform.JUnitPlatformProvider.execute(JUnitPlatformProvider.java:203)
	at org.apache.maven.surefire.junitplatform.JUnitPlatformProvider.invokeAllTests(JUnitPlatformProvider.java:168)
	at org.apache.maven.surefire.junitplatform.JUnitPlatformProvider.invoke(JUnitPlatformProvider.java:136)
	at org.apache.maven.surefire.booter.ForkedBooter.runSuitesInProcess(ForkedBooter.java:385)
	at org.apache.maven.surefire.booter.ForkedBooter.execute(ForkedBooter.java:162)
	at org.apache.maven.surefire.booter.ForkedBooter.run(ForkedBooter.java:507)
	at org.apache.maven.surefire.booter.ForkedBooter.main(ForkedBooter.java:495)
2026-10-09T12:27:40.383+02:00 INFO  [main] o.s.mock.web.MockServletContext traceId= clubId= accountId= : Initializing Spring TestDispatcherServlet ''
2026-10-09T12:27:40.383+02:00 INFO  [main] o.s.t.web.servlet.TestDispatcherServlet traceId= clubId= accountId= : Initializing Servlet ''
2026-10-09T12:27:40.383+02:00 INFO  [main] o.s.t.web.servlet.TestDispatcherServlet traceId= clubId= accountId= : Completed initialization in 0 ms
2026-10-09T12:27:40.387+02:00 WARN  [main] c.a.core.shared.api.ApiExceptionHandler traceId=552939ce-311a-4a84-9936-a327695e5d7a clubId=- accountId=- : Framework request rejected code=VALIDATION_ERROR traceId=552939ce-311a-4a84-9936-a327695e5d7a
2026-10-09T12:27:40.389+02:00 WARN  [main] c.a.core.shared.api.ApiExceptionHandler traceId=2f3f5893-da3a-402f-8894-2a27cfac66bc clubId=- accountId=- : Framework request rejected code=VALIDATION_ERROR traceId=2f3f5893-da3a-402f-8894-2a27cfac66bc
2026-10-09T12:27:40.389+02:00 WARN  [main] o.s.web.servlet.PageNotFound traceId=1cceb00d-0f09-456d-8bbc-aae2c3202a4c clubId=- accountId=- : No mapping for GET /missing
2026-10-09T12:27:40.389+02:00 WARN  [main] c.a.core.shared.api.ApiExceptionHandler traceId=1cceb00d-0f09-456d-8bbc-aae2c3202a4c clubId=- accountId=- : Framework request rejected status=404 code=NOT_FOUND traceId=1cceb00d-0f09-456d-8bbc-aae2c3202a4c
2026-10-09T12:27:40.392+02:00 INFO  [main] o.s.mock.web.MockServletContext traceId= clubId= accountId= : Initializing Spring TestDispatcherServlet ''
2026-10-09T12:27:40.392+02:00 INFO  [main] o.s.t.web.servlet.TestDispatcherServlet traceId= clubId= accountId= : Initializing Servlet ''
2026-10-09T12:27:40.392+02:00 INFO  [main] o.s.t.web.servlet.TestDispatcherServlet traceId= clubId= accountId= : Completed initialization in 0 ms
2026-10-09T12:27:40.394+02:00 WARN  [main] c.a.core.shared.api.ApiExceptionHandler traceId= clubId= accountId= : Framework request rejected code=VALIDATION_ERROR traceId=28cef2d5-a37a-4c91-b045-f993029a4d14
2026-10-09T12:27:40.397+02:00 INFO  [main] o.s.mock.web.MockServletContext traceId= clubId= accountId= : Initializing Spring TestDispatcherServlet ''
2026-10-09T12:27:40.397+02:00 INFO  [main] o.s.t.web.servlet.TestDispatcherServlet traceId= clubId= accountId= : Initializing Servlet ''
2026-10-09T12:27:40.397+02:00 INFO  [main] o.s.t.web.servlet.TestDispatcherServlet traceId= clubId= accountId= : Completed initialization in 0 ms
2026-10-09T12:27:40.450+02:00 INFO  [main] o.s.mock.web.MockServletContext traceId= clubId= accountId= : Initializing Spring TestDispatcherServlet ''
2026-10-09T12:27:40.450+02:00 INFO  [main] o.s.t.web.servlet.TestDispatcherServlet traceId= clubId= accountId= : Initializing Servlet ''
2026-10-09T12:27:40.450+02:00 INFO  [main] o.s.t.web.servlet.TestDispatcherServlet traceId= clubId= accountId= : Completed initialization in 0 ms
E0-T08 es: 248 error messages; 664 keys; parity and ICU syntax OK
E0-T08 ca: 248 error messages; 664 keys; parity and ICU syntax OK
E0-T08 en: 248 error messages; 664 keys; parity and ICU syntax OK
[ERROR] Tests run: 2, Failures: 1, Errors: 0, Skipped: 0, Time elapsed: 1.083 s <<< FAILURE! -- in com.agilityhub.core.shared.domain.EventCatalogContractTest
[ERROR] com.agilityhub.core.shared.domain.EventCatalogContractTest.E0_T04_everyEventImplementationEmitsACatalogName -- Time elapsed: 1.079 s <<< FAILURE!
org.opentest4j.AssertionFailedError: 

expected: "Parameter"
 but was: "Course"
	at com.agilityhub.core.shared.domain.EventCatalogContractTest.lambda$E0_T04_everyEventImplementationEmitsACatalogName$30(EventCatalogContractTest.java:227)
	at java.base/java.util.HashMap$Values.forEach(HashMap.java:1073)
	at com.agilityhub.core.shared.domain.EventCatalogContractTest.E0_T04_everyEventImplementationEmitsACatalogName(EventCatalogContractTest.java:122)
	at java.base/java.lang.reflect.Method.invoke(Method.java:580)
	at java.base/java.util.ArrayList.forEach(ArrayList.java:1596)
	at java.base/java.util.ArrayList.forEach(ArrayList.java:1596)


0 changes (applied)

0 changes (dry run)

0 changes (applied)
Usage: identity:seed-test-accounts <file> | --club=<slug> [--dry-run] [--allow-seed-passwords]
Usage: identity:seed-test-accounts <file> | --club=<slug> [--dry-run] [--allow-seed-passwords]
Usage: identity:seed-test-accounts <file> | --club=<slug> [--dry-run] [--allow-seed-passwords]
Usage: identity:seed-test-accounts <file> | --club=<slug> [--dry-run] [--allow-seed-passwords]
Usage: identity:seed-test-accounts <file> | --club=<slug> [--dry-run] [--allow-seed-passwords]
Usage: identity:seed-test-accounts <file> | --club=<slug> [--dry-run] [--allow-seed-passwords]
Usage: identity:seed-test-accounts <file> | --club=<slug> [--dry-run] [--allow-seed-passwords]
Usage: identity:seed-test-accounts <file> | --club=<slug> [--dry-run] [--allow-seed-passwords]
+ club
1 changes (dry run)
= club
0 changes (applied)
apiVersion: agilityhub.club/v1
Specify exactly one --core.command=<name>
Specify exactly one --core.command=<name>
Unknown or unavailable command: x
Specify exactly one --core.command=<name>
Usage: club:apply <file> [--dry-run] [--allow-seed-passwords]
Usage: club:apply <file> [--dry-run] [--allow-seed-passwords]
Usage: club:apply <file> [--dry-run] [--allow-seed-passwords]
Usage: club:apply <file> [--dry-run] [--allow-seed-passwords]
Usage: club:export <slug>
Usage: club:export <slug>
CLUB_NOT_FOUND {}
Command failed (IllegalStateException)
Playoff DRY_RUN
members: created=0 updated=0 skipped=0 errors=0
dogs: created=0 updated=0 skipped=0 errors=0
familyGroups: created=0 updated=0 skipped=0 errors=0 proposed=0
accounts: created=0 updated=0 skipped=0 errors=0
invoices: created=0 updated=0 skipped=0 errors=0
packBalances: created=0 updated=0 skipped=0 errors=0
leaves: created=0 updated=0 skipped=0 errors=0
Incidents: {}
Playoff DRY_RUN
members: created=0 updated=0 skipped=0 errors=0
dogs: created=0 updated=0 skipped=0 errors=0
familyGroups: created=0 updated=0 skipped=0 errors=0 proposed=0
accounts: created=0 updated=0 skipped=0 errors=0
invoices: created=0 updated=0 skipped=0 errors=0
packBalances: created=0 updated=0 skipped=0 errors=0
leaves: created=0 updated=0 skipped=0 errors=0
Incidents: {}
Playoff DRY_RUN
Validation failed; no changes applied. Counts below describe the proposed changes.
members: created=0 updated=0 skipped=0 errors=1
dogs: created=0 updated=0 skipped=0 errors=0
familyGroups: created=0 updated=0 skipped=0 errors=0 proposed=0
accounts: created=0 updated=0 skipped=0 errors=0
invoices: created=0 updated=0 skipped=0 errors=0
packBalances: created=0 updated=0 skipped=0 errors=0
leaves: created=0 updated=0 skipped=0 errors=0
Incidents: {MAPPING_INVALID=1}
members:2 members ERROR MAPPING_INVALID
Playoff APPLY
Validation failed; no changes applied. Counts below describe the proposed changes.
REEXECUTION_UNSUPPORTED: 1 records cannot be reconciled with an earlier load (R-18-14). On staging, the way out is --reset and a new load.
members: created=0 updated=0 skipped=0 errors=1
dogs: created=0 updated=0 skipped=0 errors=0
familyGroups: created=0 updated=0 skipped=0 errors=0 proposed=0
accounts: created=0 updated=0 skipped=0 errors=0
invoices: created=0 updated=0 skipped=0 errors=0
packBalances: created=0 updated=0 skipped=0 errors=0
leaves: created=0 updated=0 skipped=0 errors=0
Incidents: {REEXECUTION_UNSUPPORTED=1}
members:3 members ERROR REEXECUTION_UNSUPPORTED field=status
Anonymized Playoff files written; no input values or key logged.
Reset club data. Enter the club slug:
Enter the club slug again:
Club reset completed: canic
Playoff DRY_RUN
members: created=0 updated=0 skipped=0 errors=0
dogs: created=0 updated=0 skipped=0 errors=0
familyGroups: created=0 updated=0 skipped=0 errors=0 proposed=0
accounts: created=0 updated=0 skipped=0 errors=0
invoices: created=0 updated=0 skipped=0 errors=0
packBalances: created=0 updated=0 skipped=0 errors=0
leaves: created=0 updated=0 skipped=0 errors=0
Incidents: {}
[ERROR] Failures: 
[ERROR]   EventCatalogContractTest.E0_T04_everyEventImplementationEmitsACatalogName:122->lambda$E0_T04_everyEventImplementationEmitsACatalogName$30:227 
expected: "Parameter"
 but was: "Course"
[ERROR] Tests run: 4043, Failures: 1, Errors: 0, Skipped: 0
[ERROR] Failed to execute goal org.apache.maven.plugins:maven-surefire-plugin:3.5.6:test (default-test) on project agilityhub-core-api: There are test failures.
[ERROR] 
[ERROR] See /Users/jordib/dev/agilityhub/agilityhub-core-api-c/target/surefire-reports for the individual test results.
[ERROR] See dump files (if any exist) [date].dump, [date]-jvmRun[N].dump and [date].dumpstream.
[ERROR] -> [Help 1]
[ERROR] 
[ERROR] To see the full stack trace of the errors, re-run Maven with the -e switch.
[ERROR] Re-run Maven using the -X switch to enable full debug logging.
[ERROR] 
[ERROR] For more information about the errors and possible solutions, please read the following articles:
[ERROR] [Help 1] http://cwiki.apache.org/confluence/display/MAVEN/MojoFailureException
