heavy.sh: 03:21 waiting for the host lock, held by: 03:15 agilityhub-core-web: pnpm e2e:core E6-W04
heavy.sh: 03:23 got the host lock after 2 min 0 s
Mockito is currently self-attaching to enable the inline-mock-maker. This will no longer work in future releases of the JDK. Please add Mockito as an agent to your build as described in Mockito's documentation: https://javadoc.io/doc/org.mockito/mockito-core/latest/org.mockito/org/mockito/Mockito.html#0.3
OpenJDK 64-Bit Server VM warning: Sharing is only supported for boot loader classes because bootstrap classpath has been appended
WARNING: A Java agent has been loaded dynamically (/Users/jordib/.m2/repository/net/bytebuddy/byte-buddy-agent/1.17.8/byte-buddy-agent-1.17.8.jar)
WARNING: If a serviceability tool is in use, please run with -XX:+EnableDynamicAgentLoading to hide this warning
WARNING: If a serviceability tool is not in use, please run with -Djdk.instrument.traceUsage for more information
WARNING: Dynamic loading of agents will be disallowed by default in a future release
03:23:50.536 [main] INFO com.agilityhub.core.clubs.messaging.application.LogEmailSender -- Local email accepted notificationId=fixture
03:23:50.538 [main] INFO com.agilityhub.core.clubs.messaging.application.LogEmailSender -- Local email accepted notificationId=fixture
03:23:50.576 [main] WARN org.springframework.context.annotation.AnnotationConfigApplicationContext -- Exception encountered during context initialization - cancelling refresh attempt: org.springframework.beans.factory.BeanCreationException: Error creating bean with name 'emailSender' defined in com.agilityhub.core.configuration.EmailConfiguration: Failed to instantiate [com.agilityhub.core.clubs.messaging.application.EmailSender]: Factory method 'emailSender' threw exception with message: MAIL_FROM_PLATFORM is required in staging/prod
03:23:50.654 [main] WARN org.springframework.context.annotation.AnnotationConfigApplicationContext -- Exception encountered during context initialization - cancelling refresh attempt: org.springframework.beans.factory.BeanCreationException: Error creating bean with name 'sendGridSignatures' defined in com.agilityhub.core.configuration.EmailConfiguration: Failed to instantiate [com.agilityhub.core.clubs.messaging.application.SendGridSignatureVerifier]: Factory method 'sendGridSignatures' threw exception with message: SENDGRID_WEBHOOK_PUBLIC_KEY is required in staging/prod
03:23:50.974 [main] INFO com.agilityhub.core.clubs.messaging.application.LogEmailSender -- Local email accepted notificationId=fixture
03:23:51.018 [main] WARN org.springframework.context.annotation.AnnotationConfigApplicationContext -- Exception encountered during context initialization - cancelling refresh attempt: org.springframework.beans.factory.BeanCreationException: Error creating bean with name 'emailSender' defined in com.agilityhub.core.configuration.EmailConfiguration: Failed to instantiate [com.agilityhub.core.clubs.messaging.application.EmailSender]: Factory method 'emailSender' threw exception with message: SENDGRID_API_KEY is required in staging/prod
03:23:51.028 [main] WARN org.springframework.context.annotation.AnnotationConfigApplicationContext -- Exception encountered during context initialization - cancelling refresh attempt: org.springframework.beans.factory.BeanCreationException: Error creating bean with name 'emailSender' defined in com.agilityhub.core.configuration.EmailConfiguration: Failed to instantiate [com.agilityhub.core.clubs.messaging.application.EmailSender]: Factory method 'emailSender' threw exception with message: SENDGRID_API_KEY is required in staging/prod
03:23:51.196 [main] WARN org.springframework.context.annotation.AnnotationConfigApplicationContext -- Exception encountered during context initialization - cancelling refresh attempt: org.springframework.beans.factory.BeanCreationException: Error creating bean with name 'trustedProxyGuard' defined in com.agilityhub.core.configuration.TrustedProxyConfiguration: TRUSTED_PROXY_PATTERN is empty: set it to the Caddy peers' address pattern (docs/DEPLOY.md), or every client shares the proxy's address in the rate limits and the consent ipHash
03:23:51.198 [main] WARN org.springframework.context.annotation.AnnotationConfigApplicationContext -- Exception encountered during context initialization - cancelling refresh attempt: org.springframework.beans.factory.BeanCreationException: Error creating bean with name 'trustedProxyGuard' defined in com.agilityhub.core.configuration.TrustedProxyConfiguration: TRUSTED_PROXY_PATTERN is empty: set it to the Caddy peers' address pattern (docs/DEPLOY.md), or every client shares the proxy's address in the rate limits and the consent ipHash
03:23:51.200 [main] WARN org.springframework.context.annotation.AnnotationConfigApplicationContext -- Exception encountered during context initialization - cancelling refresh attempt: org.springframework.beans.factory.BeanCreationException: Error creating bean with name 'trustedProxyGuard' defined in com.agilityhub.core.configuration.TrustedProxyConfiguration: TRUSTED_PROXY_PATTERN is empty: set it to the Caddy peers' address pattern (docs/DEPLOY.md), or every client shares the proxy's address in the rate limits and the consent ipHash
03:23:51.201 [main] WARN org.springframework.context.annotation.AnnotationConfigApplicationContext -- Exception encountered during context initialization - cancelling refresh attempt: org.springframework.beans.factory.BeanCreationException: Error creating bean with name 'trustedProxyGuard' defined in com.agilityhub.core.configuration.TrustedProxyConfiguration: TRUSTED_PROXY_PATTERN is empty: set it to the Caddy peers' address pattern (docs/DEPLOY.md), or every client shares the proxy's address in the rate limits and the consent ipHash
03:23:51.311 [main] WARN com.networknt.schema.UnknownKeywordFactory -- Unknown keyword components - you should define your own Meta Schema. If the keyword is irrelevant for validation, just use a NonValidationKeyword or if it should generate annotations AnnotationKeyword
03:23:52.585 [main] WARN org.springframework.context.annotation.AnnotationConfigApplicationContext -- Exception encountered during context initialization - cancelling refresh attempt: org.springframework.beans.factory.UnsatisfiedDependencyException: Error creating bean with name 'registeredClients' defined in com.agilityhub.core.configuration.OidcClientConfiguration: Unsatisfied dependency expressed through method 'registeredClients' parameter 0: Error creating bean with name 'core.oidc-com.agilityhub.core.configuration.OidcClientConfiguration$Properties': Could not bind properties to 'OidcClientConfiguration.Properties' : prefix=core.oidc, ignoreInvalidFields=false, ignoreUnknownFields=true
03:23:52.588 [main] WARN org.springframework.context.annotation.AnnotationConfigApplicationContext -- Exception encountered during context initialization - cancelling refresh attempt: org.springframework.beans.factory.BeanCreationException: Error creating bean with name 'registeredClients' defined in com.agilityhub.core.configuration.OidcClientConfiguration: Failed to instantiate [org.springframework.security.oauth2.server.authorization.client.RegisteredClientRepository]: Factory method 'registeredClients' threw exception with message: OIDC tokenDelivery is required
03:23:52.601 [main] INFO com.tngtech.archunit.core.PluginLoader -- Detected Java version 21.0.12.1
03:23:55.231 [main] INFO org.hibernate.validator.internal.util.Version -- HV000001: Hibernate Validator 8.0.3.Final
03:23:55.379 [main] INFO org.springframework.mock.web.MockServletContext -- Initializing Spring TestDispatcherServlet ''
03:23:55.379 [main] INFO org.springframework.test.web.servlet.TestDispatcherServlet -- Initializing Servlet ''
03:23:55.380 [main] INFO org.springframework.test.web.servlet.TestDispatcherServlet -- Completed initialization in 1 ms
03:23:55.471 [main] INFO org.springframework.mock.web.MockServletContext -- Initializing Spring TestDispatcherServlet ''
03:23:55.471 [main] INFO org.springframework.test.web.servlet.TestDispatcherServlet -- Initializing Servlet ''
03:23:55.471 [main] INFO org.springframework.test.web.servlet.TestDispatcherServlet -- Completed initialization in 0 ms
03:23:55.495 [main] INFO org.springframework.mock.web.MockServletContext -- Initializing Spring TestDispatcherServlet ''
03:23:55.495 [main] INFO org.springframework.test.web.servlet.TestDispatcherServlet -- Initializing Servlet ''
03:23:55.495 [main] INFO org.springframework.test.web.servlet.TestDispatcherServlet -- Completed initialization in 0 ms
03:23:55.518 [main] INFO org.springframework.mock.web.MockServletContext -- Initializing Spring TestDispatcherServlet ''
03:23:55.518 [main] INFO org.springframework.test.web.servlet.TestDispatcherServlet -- Initializing Servlet ''
03:23:55.519 [main] INFO org.springframework.test.web.servlet.TestDispatcherServlet -- Completed initialization in 0 ms
03:23:55.538 [main] INFO org.springframework.mock.web.MockServletContext -- Initializing Spring TestDispatcherServlet ''
03:23:55.539 [main] INFO org.springframework.test.web.servlet.TestDispatcherServlet -- Initializing Servlet ''
03:23:55.539 [main] INFO org.springframework.test.web.servlet.TestDispatcherServlet -- Completed initialization in 0 ms
03:23:55.557 [main] INFO org.springframework.mock.web.MockServletContext -- Initializing Spring TestDispatcherServlet ''
03:23:55.557 [main] INFO org.springframework.test.web.servlet.TestDispatcherServlet -- Initializing Servlet ''
03:23:55.557 [main] INFO org.springframework.test.web.servlet.TestDispatcherServlet -- Completed initialization in 0 ms
03:23:55.575 [main] INFO org.springframework.mock.web.MockServletContext -- Initializing Spring TestDispatcherServlet ''
03:23:55.575 [main] INFO org.springframework.test.web.servlet.TestDispatcherServlet -- Initializing Servlet ''
03:23:55.575 [main] INFO org.springframework.test.web.servlet.TestDispatcherServlet -- Completed initialization in 0 ms
03:23:55.591 [main] INFO org.springframework.mock.web.MockServletContext -- Initializing Spring TestDispatcherServlet ''
03:23:55.591 [main] INFO org.springframework.test.web.servlet.TestDispatcherServlet -- Initializing Servlet ''
03:23:55.591 [main] INFO org.springframework.test.web.servlet.TestDispatcherServlet -- Completed initialization in 0 ms
E6-T03 N-22 ca: Nota nova de l'alumne | Marc Example (alumne) ha escrit o canviat la nota als instructors de Toby.
E6-T03 N-22 es: Nota nueva del alumno | Marc Example (alumno) ha escrito o cambiado la nota para los instructores sobre Toby.
E6-T03 N-22 ca: Nota nova de l'alumna | Laura Example (alumna) ha escrit o canviat la nota als instructors de Duna.
E6-T03 N-22 en: New note from a student | Marc Example (student) wrote or changed the note to the instructors about Toby.
E6-T03 N-20 ca: Tasca nova per a Duna | Estel t'ha posat una tasca per a Duna: «Practiqueu el balancí amb calma»
E6-T03 N-20 es: Nueva tarea para Duna | Estel te ha puesto una tarea para Duna: «Practiqueu el balancí amb calma»
E6-T03 N-20 en: New task for Duna | Estel set you a task for Duna: “Practiqueu el balancí amb calma”
E6-T03 N-21 ca: Tasca completada | La tasca de Duna (Laura Example, alumna) ja és feta: «Practiqueu el balancí»
E6-T03 N-21 es: Tarea completada | La tarea de Duna (Laura Example, alumna) ya está hecha: «Practiqueu el balancí»
E6-T03 N-21 en: Task completed | The task for Duna (Laura Example, student) is done: “Practiqueu el balancí”
E6-T04 N-19 ca: T'hem trobat a faltar | Dilluns, 12 d’octubre de 2026 no vas poder venir a la classe de A+B. Recorda que pots anul·lar des de l'app fins a última hora: així pot aprofitar la classe algú altre. La sessió compta dins el teu còmput.
E6-T04 N-19 es: Te hemos echado de menos | Lunes, 12 de octubre de 2026 no pudiste venir a la clase de A+B. Recuerda que puedes anular desde la app hasta última hora: así otra persona puede aprovechar la clase. La sesión cuenta en tu cómputo.
E6-T04 N-19 en: We missed you | On Monday, October 12, 2026 you couldn't make it to the A+B class. Remember you can cancel from the app right up to the last minute, so someone else can use the class. The session still counts towards your total.
03:23:58.649 [main] WARN com.agilityhub.core.clubs.common.application.ExportWorker -- Export poll failed for club club-a
03:23:58.650 [main] WARN com.agilityhub.core.clubs.common.application.ExportWorker -- Export attempt failed for job null (attempt 0)
03:23:58.650 [main] WARN com.agilityhub.core.clubs.common.application.ExportWorker -- Export attempt failed for job null (attempt 0)
Finished activities: 0
Finished activities: 0
Finished activities: 0
03:24:00.890 [main] WARN com.agilityhub.core.clubs.messaging.application.TemplateUpgrade -- Message template not brought up to date club=club template=t-N-09 error=IllegalStateException
03:24:00.891 [main] WARN com.agilityhub.core.clubs.messaging.application.TemplateUpgrade -- Message template not brought up to date club=club template=t-N-02 error=ApiException
03:24:01.141 [main] INFO com.agilityhub.core.clubs.messaging.application.integrations.LogSmsSender -- SMS accepted locally ref=log-e83952a9-01f1-4c50-8fa6-ace1e2d881cc notificationId=notification-a length=47
T-11-05 snapshot ca: 51 seeded codes, 20 staff texts
T-11-05 snapshot es: 51 seeded codes, 20 staff texts
T-11-05 snapshot en: 51 seeded codes, 20 staff texts
03:24:02.048 [main] WARN com.agilityhub.core.clubs.messaging.application.engine.TemplateRenderer -- Notification template of N-01 has no value for has_upfront
03:24:02.052 [main] WARN com.agilityhub.core.clubs.messaging.application.engine.TemplateRenderer -- Notification template of N-01 has no value for has_upfront
03:24:02.053 [main] WARN com.agilityhub.core.clubs.messaging.application.engine.TemplateRenderer -- Notification template of N-01 has no value for has_upfront
03:24:02.054 [main] WARN com.agilityhub.core.clubs.messaging.application.engine.TemplateRenderer -- Notification template of N-01 has no value for has_upfront
03:24:02.055 [main] WARN com.agilityhub.core.clubs.messaging.application.engine.TemplateRenderer -- Notification template of N-01 has no value for member_name
03:24:02.055 [main] WARN com.agilityhub.core.clubs.messaging.application.engine.TemplateRenderer -- Notification template of N-01 has no value for dogs
03:24:02.055 [main] WARN com.agilityhub.core.clubs.messaging.application.engine.TemplateRenderer -- Notification template of N-01 has no value for plan_name
03:24:02.057 [main] WARN com.agilityhub.core.clubs.messaging.application.engine.TemplateRenderer -- Notification template of N-01 has no value for member_name
03:24:02.057 [main] WARN com.agilityhub.core.clubs.messaging.application.engine.TemplateRenderer -- Notification template of N-01 has no value for dogs
03:24:02.057 [main] WARN com.agilityhub.core.clubs.messaging.application.engine.TemplateRenderer -- Notification template of N-01 has no value for plan_name
03:24:02.058 [main] WARN com.agilityhub.core.clubs.messaging.application.engine.TemplateRenderer -- Notification template of N-01 has no value for member_name
03:24:02.058 [main] WARN com.agilityhub.core.clubs.messaging.application.engine.TemplateRenderer -- Notification template of N-01 has no value for dogs
03:24:02.058 [main] WARN com.agilityhub.core.clubs.messaging.application.engine.TemplateRenderer -- Notification template of N-01 has no value for plan_name
03:24:02.059 [main] WARN com.agilityhub.core.clubs.messaging.application.engine.TemplateRenderer -- Notification template of N-01 has no value for member_name
03:24:02.059 [main] WARN com.agilityhub.core.clubs.messaging.application.engine.TemplateRenderer -- Notification template of N-01 has no value for dogs
03:24:02.059 [main] WARN com.agilityhub.core.clubs.messaging.application.engine.TemplateRenderer -- Notification template of N-01 has no value for plan_name
03:24:02.059 [main] WARN com.agilityhub.core.clubs.messaging.application.engine.TemplateRenderer -- Notification template of N-01 has no value for member_name
03:24:02.059 [main] WARN com.agilityhub.core.clubs.messaging.application.engine.TemplateRenderer -- Notification template of N-01 has no value for dogs
03:24:02.059 [main] WARN com.agilityhub.core.clubs.messaging.application.engine.TemplateRenderer -- Notification template of N-01 has no value for plan_name
03:24:02.060 [main] WARN com.agilityhub.core.clubs.messaging.application.engine.TemplateRenderer -- Notification template of N-01 has no value for member_name
03:24:02.060 [main] WARN com.agilityhub.core.clubs.messaging.application.engine.TemplateRenderer -- Notification template of N-01 has no value for dogs
03:24:02.060 [main] WARN com.agilityhub.core.clubs.messaging.application.engine.TemplateRenderer -- Notification template of N-01 has no value for plan_name
03:24:02.061 [main] WARN com.agilityhub.core.clubs.messaging.application.engine.TemplateRenderer -- Notification template of N-01 has no value for member_name
03:24:02.061 [main] WARN com.agilityhub.core.clubs.messaging.application.engine.TemplateRenderer -- Notification template of N-01 has no value for dogs
03:24:02.061 [main] WARN com.agilityhub.core.clubs.messaging.application.engine.TemplateRenderer -- Notification template of N-01 has no value for plan_name
03:24:02.061 [main] WARN com.agilityhub.core.clubs.messaging.application.engine.TemplateRenderer -- Notification template of N-01 has no value for member_name
03:24:02.061 [main] WARN com.agilityhub.core.clubs.messaging.application.engine.TemplateRenderer -- Notification template of N-01 has no value for dogs
03:24:02.061 [main] WARN com.agilityhub.core.clubs.messaging.application.engine.TemplateRenderer -- Notification template of N-01 has no value for plan_name
03:24:02.062 [main] WARN com.agilityhub.core.clubs.messaging.application.engine.TemplateRenderer -- Notification template of N-01 has no value for member_name
03:24:02.062 [main] WARN com.agilityhub.core.clubs.messaging.application.engine.TemplateRenderer -- Notification template of N-01 has no value for dogs
03:24:02.062 [main] WARN com.agilityhub.core.clubs.messaging.application.engine.TemplateRenderer -- Notification template of N-01 has no value for plan_name
03:24:02.063 [main] WARN com.agilityhub.core.clubs.messaging.application.engine.TemplateRenderer -- Notification template of N-01 has no value for member_name
03:24:02.063 [main] WARN com.agilityhub.core.clubs.messaging.application.engine.TemplateRenderer -- Notification template of N-01 has no value for dogs
03:24:02.063 [main] WARN com.agilityhub.core.clubs.messaging.application.engine.TemplateRenderer -- Notification template of N-01 has no value for plan_name
03:24:02.064 [main] WARN com.agilityhub.core.clubs.messaging.application.engine.TemplateRenderer -- Notification template of N-01 has no value for member_name
03:24:02.064 [main] WARN com.agilityhub.core.clubs.messaging.application.engine.TemplateRenderer -- Notification template of N-01 has no value for dogs
03:24:02.064 [main] WARN com.agilityhub.core.clubs.messaging.application.engine.TemplateRenderer -- Notification template of N-01 has no value for plan_name
03:24:02.065 [main] WARN com.agilityhub.core.clubs.messaging.application.engine.TemplateRenderer -- Notification template of N-01 has no value for member_name
03:24:02.066 [main] WARN com.agilityhub.core.clubs.messaging.application.engine.TemplateRenderer -- Notification template of N-01 has no value for dogs
03:24:02.066 [main] WARN com.agilityhub.core.clubs.messaging.application.engine.TemplateRenderer -- Notification template of N-01 has no value for plan_name
03:24:02.066 [main] WARN com.agilityhub.core.clubs.messaging.application.engine.TemplateRenderer -- Notification template of N-01 has no value for member_name
03:24:02.066 [main] WARN com.agilityhub.core.clubs.messaging.application.engine.TemplateRenderer -- Notification template of N-01 has no value for dogs
03:24:02.066 [main] WARN com.agilityhub.core.clubs.messaging.application.engine.TemplateRenderer -- Notification template of N-01 has no value for plan_name
03:24:02.067 [main] WARN com.agilityhub.core.clubs.messaging.application.engine.TemplateRenderer -- Notification template of N-01 has no value for member_name
03:24:02.067 [main] WARN com.agilityhub.core.clubs.messaging.application.engine.TemplateRenderer -- Notification template of N-01 has no value for dogs
03:24:02.067 [main] WARN com.agilityhub.core.clubs.messaging.application.engine.TemplateRenderer -- Notification template of N-01 has no value for plan_name
03:24:02.067 [main] WARN com.agilityhub.core.clubs.messaging.application.engine.TemplateRenderer -- Notification template of N-01 has no value for member_name
03:24:02.067 [main] WARN com.agilityhub.core.clubs.messaging.application.engine.TemplateRenderer -- Notification template of N-01 has no value for dogs
03:24:02.068 [main] WARN com.agilityhub.core.clubs.messaging.application.engine.TemplateRenderer -- Notification template of N-01 has no value for plan_name
03:24:02.068 [main] WARN com.agilityhub.core.clubs.messaging.application.engine.TemplateRenderer -- Notification template of N-01 has no value for member_name
03:24:02.068 [main] WARN com.agilityhub.core.clubs.messaging.application.engine.TemplateRenderer -- Notification template of N-01 has no value for dogs
03:24:02.068 [main] WARN com.agilityhub.core.clubs.messaging.application.engine.TemplateRenderer -- Notification template of N-01 has no value for plan_name
03:24:02.093 [main] WARN com.agilityhub.core.clubs.messaging.application.engine.TemplateRenderer -- Notification template of N-05 has no value for late
03:24:02.094 [main] WARN com.agilityhub.core.clubs.messaging.application.engine.TemplateRenderer -- Notification template of N-05 has no value for late
03:24:02.095 [main] WARN com.agilityhub.core.clubs.messaging.application.engine.TemplateRenderer -- Notification template of N-05 has no value for late
03:24:02.095 [main] WARN com.agilityhub.core.clubs.messaging.application.engine.TemplateRenderer -- Notification template of N-05 has no value for late
03:24:02.096 [main] WARN com.agilityhub.core.clubs.messaging.application.engine.TemplateRenderer -- Notification template of N-05 has no value for late
03:24:02.097 [main] WARN com.agilityhub.core.clubs.messaging.application.engine.TemplateRenderer -- Notification template of N-05 has no value for late
03:24:02.097 [main] WARN com.agilityhub.core.clubs.messaging.application.engine.TemplateRenderer -- Notification template of N-05 has no value for late
03:24:02.098 [main] WARN com.agilityhub.core.clubs.messaging.application.engine.TemplateRenderer -- Notification template of N-05 has no value for late
03:24:02.099 [main] WARN com.agilityhub.core.clubs.messaging.application.engine.TemplateRenderer -- Notification template of N-05 has no value for late
03:24:02.099 [main] WARN com.agilityhub.core.clubs.messaging.application.engine.TemplateRenderer -- Notification template of N-05 has no value for late
03:24:02.100 [main] WARN com.agilityhub.core.clubs.messaging.application.engine.TemplateRenderer -- Notification template of N-05 has no value for late
03:24:02.100 [main] WARN com.agilityhub.core.clubs.messaging.application.engine.TemplateRenderer -- Notification template of N-05 has no value for late
03:24:02.101 [main] WARN com.agilityhub.core.clubs.messaging.application.engine.TemplateRenderer -- Notification template of N-05 has no value for late
03:24:02.102 [main] WARN com.agilityhub.core.clubs.messaging.application.engine.TemplateRenderer -- Notification template of N-05 has no value for late
03:24:02.102 [main] WARN com.agilityhub.core.clubs.messaging.application.engine.TemplateRenderer -- Notification template of N-05 has no value for late
03:24:02.103 [main] WARN com.agilityhub.core.clubs.messaging.application.engine.TemplateRenderer -- Notification template of N-05 has no value for late
03:24:02.149 [main] WARN com.agilityhub.core.clubs.messaging.application.engine.TemplateRenderer -- Notification template of N-08a has no value for class_date
03:24:02.149 [main] WARN com.agilityhub.core.clubs.messaging.application.engine.TemplateRenderer -- Notification template of N-08a has no value for class_time
03:24:02.149 [main] WARN com.agilityhub.core.clubs.messaging.application.engine.TemplateRenderer -- Notification template of N-08a has no value for class_description
03:24:02.149 [main] WARN com.agilityhub.core.clubs.messaging.application.engine.TemplateRenderer -- Notification template of N-08a has no value for admin_text
03:24:02.150 [main] WARN com.agilityhub.core.clubs.messaging.application.engine.TemplateRenderer -- Notification template of N-08a has no value for class_date
03:24:02.150 [main] WARN com.agilityhub.core.clubs.messaging.application.engine.TemplateRenderer -- Notification template of N-08a has no value for class_time
03:24:02.150 [main] WARN com.agilityhub.core.clubs.messaging.application.engine.TemplateRenderer -- Notification template of N-08a has no value for class_description
03:24:02.150 [main] WARN com.agilityhub.core.clubs.messaging.application.engine.TemplateRenderer -- Notification template of N-08a has no value for admin_text
03:24:02.151 [main] WARN com.agilityhub.core.clubs.messaging.application.engine.TemplateRenderer -- Notification template of N-08a has no value for class_date
03:24:02.151 [main] WARN com.agilityhub.core.clubs.messaging.application.engine.TemplateRenderer -- Notification template of N-08a has no value for class_time
03:24:02.151 [main] WARN com.agilityhub.core.clubs.messaging.application.engine.TemplateRenderer -- Notification template of N-08a has no value for class_description
03:24:02.151 [main] WARN com.agilityhub.core.clubs.messaging.application.engine.TemplateRenderer -- Notification template of N-08a has no value for admin_text
03:24:02.151 [main] WARN com.agilityhub.core.clubs.messaging.application.engine.TemplateRenderer -- Notification template of N-08a has no value for class_date
03:24:02.151 [main] WARN com.agilityhub.core.clubs.messaging.application.engine.TemplateRenderer -- Notification template of N-08a has no value for class_time
03:24:02.151 [main] WARN com.agilityhub.core.clubs.messaging.application.engine.TemplateRenderer -- Notification template of N-08a has no value for class_description
03:24:02.151 [main] WARN com.agilityhub.core.clubs.messaging.application.engine.TemplateRenderer -- Notification template of N-08a has no value for admin_text
03:24:02.152 [main] WARN com.agilityhub.core.clubs.messaging.application.engine.TemplateRenderer -- Notification template of N-08a has no value for class_date
03:24:02.152 [main] WARN com.agilityhub.core.clubs.messaging.application.engine.TemplateRenderer -- Notification template of N-08a has no value for class_time
03:24:02.152 [main] WARN com.agilityhub.core.clubs.messaging.application.engine.TemplateRenderer -- Notification template of N-08a has no value for class_description
03:24:02.152 [main] WARN com.agilityhub.core.clubs.messaging.application.engine.TemplateRenderer -- Notification template of N-08a has no value for admin_text
03:24:02.153 [main] WARN com.agilityhub.core.clubs.messaging.application.engine.TemplateRenderer -- Notification template of N-08a has no value for class_date
03:24:02.153 [main] WARN com.agilityhub.core.clubs.messaging.application.engine.TemplateRenderer -- Notification template of N-08a has no value for class_time
03:24:02.153 [main] WARN com.agilityhub.core.clubs.messaging.application.engine.TemplateRenderer -- Notification template of N-08a has no value for class_description
03:24:02.153 [main] WARN com.agilityhub.core.clubs.messaging.application.engine.TemplateRenderer -- Notification template of N-08a has no value for admin_text
03:24:02.154 [main] WARN com.agilityhub.core.clubs.messaging.application.engine.TemplateRenderer -- Notification template of N-08a has no value for class_date
03:24:02.154 [main] WARN com.agilityhub.core.clubs.messaging.application.engine.TemplateRenderer -- Notification template of N-08a has no value for class_time
03:24:02.154 [main] WARN com.agilityhub.core.clubs.messaging.application.engine.TemplateRenderer -- Notification template of N-08a has no value for class_description
03:24:02.154 [main] WARN com.agilityhub.core.clubs.messaging.application.engine.TemplateRenderer -- Notification template of N-08a has no value for admin_text
03:24:02.155 [main] WARN com.agilityhub.core.clubs.messaging.application.engine.TemplateRenderer -- Notification template of N-08a has no value for class_date
03:24:02.155 [main] WARN com.agilityhub.core.clubs.messaging.application.engine.TemplateRenderer -- Notification template of N-08a has no value for class_time
03:24:02.155 [main] WARN com.agilityhub.core.clubs.messaging.application.engine.TemplateRenderer -- Notification template of N-08a has no value for class_description
03:24:02.155 [main] WARN com.agilityhub.core.clubs.messaging.application.engine.TemplateRenderer -- Notification template of N-08a has no value for admin_text
03:24:02.155 [main] WARN com.agilityhub.core.clubs.messaging.application.engine.TemplateRenderer -- Notification template of N-08a has no value for class_date
03:24:02.155 [main] WARN com.agilityhub.core.clubs.messaging.application.engine.TemplateRenderer -- Notification template of N-08a has no value for class_time
03:24:02.155 [main] WARN com.agilityhub.core.clubs.messaging.application.engine.TemplateRenderer -- Notification template of N-08a has no value for class_description
03:24:02.155 [main] WARN com.agilityhub.core.clubs.messaging.application.engine.TemplateRenderer -- Notification template of N-08a has no value for admin_text
03:24:02.156 [main] WARN com.agilityhub.core.clubs.messaging.application.engine.TemplateRenderer -- Notification template of N-08a has no value for class_date
03:24:02.156 [main] WARN com.agilityhub.core.clubs.messaging.application.engine.TemplateRenderer -- Notification template of N-08a has no value for class_time
03:24:02.156 [main] WARN com.agilityhub.core.clubs.messaging.application.engine.TemplateRenderer -- Notification template of N-08a has no value for class_description
03:24:02.156 [main] WARN com.agilityhub.core.clubs.messaging.application.engine.TemplateRenderer -- Notification template of N-08a has no value for admin_text
03:24:02.157 [main] WARN com.agilityhub.core.clubs.messaging.application.engine.TemplateRenderer -- Notification template of N-08a has no value for class_date
03:24:02.157 [main] WARN com.agilityhub.core.clubs.messaging.application.engine.TemplateRenderer -- Notification template of N-08a has no value for class_time
03:24:02.157 [main] WARN com.agilityhub.core.clubs.messaging.application.engine.TemplateRenderer -- Notification template of N-08a has no value for class_description
03:24:02.157 [main] WARN com.agilityhub.core.clubs.messaging.application.engine.TemplateRenderer -- Notification template of N-08a has no value for admin_text
03:24:02.157 [main] WARN com.agilityhub.core.clubs.messaging.application.engine.TemplateRenderer -- Notification template of N-08a has no value for class_date
03:24:02.157 [main] WARN com.agilityhub.core.clubs.messaging.application.engine.TemplateRenderer -- Notification template of N-08a has no value for class_time
03:24:02.157 [main] WARN com.agilityhub.core.clubs.messaging.application.engine.TemplateRenderer -- Notification template of N-08a has no value for class_description
03:24:02.157 [main] WARN com.agilityhub.core.clubs.messaging.application.engine.TemplateRenderer -- Notification template of N-08a has no value for admin_text
03:24:02.158 [main] WARN com.agilityhub.core.clubs.messaging.application.engine.TemplateRenderer -- Notification template of N-08a has no value for class_date
03:24:02.158 [main] WARN com.agilityhub.core.clubs.messaging.application.engine.TemplateRenderer -- Notification template of N-08a has no value for class_time
03:24:02.158 [main] WARN com.agilityhub.core.clubs.messaging.application.engine.TemplateRenderer -- Notification template of N-08a has no value for class_description
03:24:02.158 [main] WARN com.agilityhub.core.clubs.messaging.application.engine.TemplateRenderer -- Notification template of N-08a has no value for admin_text
03:24:02.159 [main] WARN com.agilityhub.core.clubs.messaging.application.engine.TemplateRenderer -- Notification template of N-08a has no value for class_date
03:24:02.159 [main] WARN com.agilityhub.core.clubs.messaging.application.engine.TemplateRenderer -- Notification template of N-08a has no value for class_time
03:24:02.159 [main] WARN com.agilityhub.core.clubs.messaging.application.engine.TemplateRenderer -- Notification template of N-08a has no value for class_description
03:24:02.159 [main] WARN com.agilityhub.core.clubs.messaging.application.engine.TemplateRenderer -- Notification template of N-08a has no value for admin_text
03:24:02.159 [main] WARN com.agilityhub.core.clubs.messaging.application.engine.TemplateRenderer -- Notification template of N-08a has no value for class_date
03:24:02.159 [main] WARN com.agilityhub.core.clubs.messaging.application.engine.TemplateRenderer -- Notification template of N-08a has no value for class_time
03:24:02.159 [main] WARN com.agilityhub.core.clubs.messaging.application.engine.TemplateRenderer -- Notification template of N-08a has no value for class_description
03:24:02.159 [main] WARN com.agilityhub.core.clubs.messaging.application.engine.TemplateRenderer -- Notification template of N-08a has no value for admin_text
03:24:02.160 [main] WARN com.agilityhub.core.clubs.messaging.application.engine.TemplateRenderer -- Notification template of N-08a has no value for class_date
03:24:02.160 [main] WARN com.agilityhub.core.clubs.messaging.application.engine.TemplateRenderer -- Notification template of N-08a has no value for class_time
03:24:02.160 [main] WARN com.agilityhub.core.clubs.messaging.application.engine.TemplateRenderer -- Notification template of N-08a has no value for class_description
03:24:02.160 [main] WARN com.agilityhub.core.clubs.messaging.application.engine.TemplateRenderer -- Notification template of N-08a has no value for admin_text
03:24:02.160 [main] WARN com.agilityhub.core.clubs.messaging.application.engine.TemplateRenderer -- Notification template of N-08a has no value for class_date
03:24:02.160 [main] WARN com.agilityhub.core.clubs.messaging.application.engine.TemplateRenderer -- Notification template of N-08a has no value for class_time
03:24:02.160 [main] WARN com.agilityhub.core.clubs.messaging.application.engine.TemplateRenderer -- Notification template of N-08a has no value for class_description
03:24:02.160 [main] WARN com.agilityhub.core.clubs.messaging.application.engine.TemplateRenderer -- Notification template of N-08a has no value for admin_text
03:24:02.161 [main] WARN com.agilityhub.core.clubs.messaging.application.engine.TemplateRenderer -- Notification template of N-08a has no value for class_date
03:24:02.161 [main] WARN com.agilityhub.core.clubs.messaging.application.engine.TemplateRenderer -- Notification template of N-08a has no value for class_time
03:24:02.161 [main] WARN com.agilityhub.core.clubs.messaging.application.engine.TemplateRenderer -- Notification template of N-08a has no value for class_description
03:24:02.161 [main] WARN com.agilityhub.core.clubs.messaging.application.engine.TemplateRenderer -- Notification template of N-08a has no value for admin_text
03:24:02.162 [main] WARN com.agilityhub.core.clubs.messaging.application.engine.TemplateRenderer -- Notification template of N-08a has no value for class_date
03:24:02.162 [main] WARN com.agilityhub.core.clubs.messaging.application.engine.TemplateRenderer -- Notification template of N-08a has no value for class_time
03:24:02.162 [main] WARN com.agilityhub.core.clubs.messaging.application.engine.TemplateRenderer -- Notification template of N-08a has no value for class_description
03:24:02.162 [main] WARN com.agilityhub.core.clubs.messaging.application.engine.TemplateRenderer -- Notification template of N-08a has no value for admin_text
03:24:02.162 [main] WARN com.agilityhub.core.clubs.messaging.application.engine.TemplateRenderer -- Notification template of N-08a has no value for class_date
03:24:02.162 [main] WARN com.agilityhub.core.clubs.messaging.application.engine.TemplateRenderer -- Notification template of N-08a has no value for class_time
03:24:02.162 [main] WARN com.agilityhub.core.clubs.messaging.application.engine.TemplateRenderer -- Notification template of N-08a has no value for class_description
03:24:02.162 [main] WARN com.agilityhub.core.clubs.messaging.application.engine.TemplateRenderer -- Notification template of N-08a has no value for admin_text
03:24:02.163 [main] WARN com.agilityhub.core.clubs.messaging.application.engine.TemplateRenderer -- Notification template of N-08a has no value for class_date
03:24:02.163 [main] WARN com.agilityhub.core.clubs.messaging.application.engine.TemplateRenderer -- Notification template of N-08a has no value for class_time
03:24:02.163 [main] WARN com.agilityhub.core.clubs.messaging.application.engine.TemplateRenderer -- Notification template of N-08a has no value for class_description
03:24:02.163 [main] WARN com.agilityhub.core.clubs.messaging.application.engine.TemplateRenderer -- Notification template of N-08a has no value for admin_text
03:24:02.164 [main] WARN com.agilityhub.core.clubs.messaging.application.engine.TemplateRenderer -- Notification template of N-08a has no value for class_date
03:24:02.164 [main] WARN com.agilityhub.core.clubs.messaging.application.engine.TemplateRenderer -- Notification template of N-08a has no value for class_time
03:24:02.164 [main] WARN com.agilityhub.core.clubs.messaging.application.engine.TemplateRenderer -- Notification template of N-08a has no value for class_description
03:24:02.164 [main] WARN com.agilityhub.core.clubs.messaging.application.engine.TemplateRenderer -- Notification template of N-08a has no value for admin_text
03:24:02.164 [main] WARN com.agilityhub.core.clubs.messaging.application.engine.TemplateRenderer -- Notification template of N-08a has no value for class_date
03:24:02.164 [main] WARN com.agilityhub.core.clubs.messaging.application.engine.TemplateRenderer -- Notification template of N-08a has no value for class_time
03:24:02.164 [main] WARN com.agilityhub.core.clubs.messaging.application.engine.TemplateRenderer -- Notification template of N-08a has no value for class_description
03:24:02.164 [main] WARN com.agilityhub.core.clubs.messaging.application.engine.TemplateRenderer -- Notification template of N-08a has no value for admin_text
03:24:02.165 [main] WARN com.agilityhub.core.clubs.messaging.application.engine.TemplateRenderer -- Notification template of N-08a has no value for class_date
03:24:02.165 [main] WARN com.agilityhub.core.clubs.messaging.application.engine.TemplateRenderer -- Notification template of N-08a has no value for class_time
03:24:02.165 [main] WARN com.agilityhub.core.clubs.messaging.application.engine.TemplateRenderer -- Notification template of N-08a has no value for class_description
03:24:02.165 [main] WARN com.agilityhub.core.clubs.messaging.application.engine.TemplateRenderer -- Notification template of N-08a has no value for admin_text
03:24:02.165 [main] WARN com.agilityhub.core.clubs.messaging.application.engine.TemplateRenderer -- Notification template of N-08a has no value for class_date
03:24:02.165 [main] WARN com.agilityhub.core.clubs.messaging.application.engine.TemplateRenderer -- Notification template of N-08a has no value for class_time
03:24:02.165 [main] WARN com.agilityhub.core.clubs.messaging.application.engine.TemplateRenderer -- Notification template of N-08a has no value for class_description
03:24:02.165 [main] WARN com.agilityhub.core.clubs.messaging.application.engine.TemplateRenderer -- Notification template of N-08a has no value for admin_text
03:24:02.166 [main] WARN com.agilityhub.core.clubs.messaging.application.engine.TemplateRenderer -- Notification template of N-08a has no value for class_date
03:24:02.166 [main] WARN com.agilityhub.core.clubs.messaging.application.engine.TemplateRenderer -- Notification template of N-08a has no value for class_time
03:24:02.166 [main] WARN com.agilityhub.core.clubs.messaging.application.engine.TemplateRenderer -- Notification template of N-08a has no value for class_description
03:24:02.166 [main] WARN com.agilityhub.core.clubs.messaging.application.engine.TemplateRenderer -- Notification template of N-08a has no value for admin_text
03:24:02.167 [main] WARN com.agilityhub.core.clubs.messaging.application.engine.TemplateRenderer -- Notification template of N-08a has no value for class_date
03:24:02.167 [main] WARN com.agilityhub.core.clubs.messaging.application.engine.TemplateRenderer -- Notification template of N-08a has no value for class_time
03:24:02.167 [main] WARN com.agilityhub.core.clubs.messaging.application.engine.TemplateRenderer -- Notification template of N-08a has no value for class_description
03:24:02.167 [main] WARN com.agilityhub.core.clubs.messaging.application.engine.TemplateRenderer -- Notification template of N-08a has no value for admin_text
03:24:02.167 [main] WARN com.agilityhub.core.clubs.messaging.application.engine.TemplateRenderer -- Notification template of N-08a has no value for class_date
03:24:02.167 [main] WARN com.agilityhub.core.clubs.messaging.application.engine.TemplateRenderer -- Notification template of N-08a has no value for class_time
03:24:02.167 [main] WARN com.agilityhub.core.clubs.messaging.application.engine.TemplateRenderer -- Notification template of N-08a has no value for class_description
03:24:02.167 [main] WARN com.agilityhub.core.clubs.messaging.application.engine.TemplateRenderer -- Notification template of N-08a has no value for admin_text
03:24:02.168 [main] WARN com.agilityhub.core.clubs.messaging.application.engine.TemplateRenderer -- Notification template of N-08a has no value for class_date
03:24:02.168 [main] WARN com.agilityhub.core.clubs.messaging.application.engine.TemplateRenderer -- Notification template of N-08a has no value for class_time
03:24:02.168 [main] WARN com.agilityhub.core.clubs.messaging.application.engine.TemplateRenderer -- Notification template of N-08a has no value for class_description
03:24:02.168 [main] WARN com.agilityhub.core.clubs.messaging.application.engine.TemplateRenderer -- Notification template of N-08a has no value for admin_text
03:24:02.169 [main] WARN com.agilityhub.core.clubs.messaging.application.engine.TemplateRenderer -- Notification template of N-08a has no value for class_date
03:24:02.169 [main] WARN com.agilityhub.core.clubs.messaging.application.engine.TemplateRenderer -- Notification template of N-08a has no value for class_time
03:24:02.169 [main] WARN com.agilityhub.core.clubs.messaging.application.engine.TemplateRenderer -- Notification template of N-08a has no value for class_description
03:24:02.169 [main] WARN com.agilityhub.core.clubs.messaging.application.engine.TemplateRenderer -- Notification template of N-08a has no value for admin_text
03:24:02.170 [main] WARN com.agilityhub.core.clubs.messaging.application.engine.TemplateRenderer -- Notification template of N-08a has no value for class_date
03:24:02.170 [main] WARN com.agilityhub.core.clubs.messaging.application.engine.TemplateRenderer -- Notification template of N-08a has no value for class_time
03:24:02.170 [main] WARN com.agilityhub.core.clubs.messaging.application.engine.TemplateRenderer -- Notification template of N-08a has no value for class_description
03:24:02.170 [main] WARN com.agilityhub.core.clubs.messaging.application.engine.TemplateRenderer -- Notification template of N-08a has no value for admin_text
03:24:02.171 [main] WARN com.agilityhub.core.clubs.messaging.application.engine.TemplateRenderer -- Notification template of N-08a has no value for class_date
03:24:02.171 [main] WARN com.agilityhub.core.clubs.messaging.application.engine.TemplateRenderer -- Notification template of N-08a has no value for class_time
03:24:02.171 [main] WARN com.agilityhub.core.clubs.messaging.application.engine.TemplateRenderer -- Notification template of N-08a has no value for class_description
03:24:02.171 [main] WARN com.agilityhub.core.clubs.messaging.application.engine.TemplateRenderer -- Notification template of N-08a has no value for admin_text
03:24:02.184 [main] WARN com.agilityhub.core.clubs.messaging.application.engine.TemplateRenderer -- Notification template of N-08b has no value for class_date
03:24:02.184 [main] WARN com.agilityhub.core.clubs.messaging.application.engine.TemplateRenderer -- Notification template of N-08b has no value for class_description
03:24:02.184 [main] WARN com.agilityhub.core.clubs.messaging.application.engine.TemplateRenderer -- Notification template of N-08b has no value for changes
03:24:02.184 [main] WARN com.agilityhub.core.clubs.messaging.application.engine.TemplateRenderer -- Notification template of N-08b has no value for class_date
03:24:02.184 [main] WARN com.agilityhub.core.clubs.messaging.application.engine.TemplateRenderer -- Notification template of N-08b has no value for class_description
03:24:02.184 [main] WARN com.agilityhub.core.clubs.messaging.application.engine.TemplateRenderer -- Notification template of N-08b has no value for changes
03:24:02.185 [main] WARN com.agilityhub.core.clubs.messaging.application.engine.TemplateRenderer -- Notification template of N-08b has no value for class_date
03:24:02.185 [main] WARN com.agilityhub.core.clubs.messaging.application.engine.TemplateRenderer -- Notification template of N-08b has no value for class_description
03:24:02.185 [main] WARN com.agilityhub.core.clubs.messaging.application.engine.TemplateRenderer -- Notification template of N-08b has no value for changes
03:24:02.186 [main] WARN com.agilityhub.core.clubs.messaging.application.engine.TemplateRenderer -- Notification template of N-08b has no value for class_date
03:24:02.186 [main] WARN com.agilityhub.core.clubs.messaging.application.engine.TemplateRenderer -- Notification template of N-08b has no value for class_description
03:24:02.186 [main] WARN com.agilityhub.core.clubs.messaging.application.engine.TemplateRenderer -- Notification template of N-08b has no value for changes
03:24:02.186 [main] WARN com.agilityhub.core.clubs.messaging.application.engine.TemplateRenderer -- Notification template of N-08b has no value for class_date
03:24:02.186 [main] WARN com.agilityhub.core.clubs.messaging.application.engine.TemplateRenderer -- Notification template of N-08b has no value for class_description
03:24:02.186 [main] WARN com.agilityhub.core.clubs.messaging.application.engine.TemplateRenderer -- Notification template of N-08b has no value for changes
03:24:02.187 [main] WARN com.agilityhub.core.clubs.messaging.application.engine.TemplateRenderer -- Notification template of N-08b has no value for class_date
03:24:02.187 [main] WARN com.agilityhub.core.clubs.messaging.application.engine.TemplateRenderer -- Notification template of N-08b has no value for class_description
03:24:02.187 [main] WARN com.agilityhub.core.clubs.messaging.application.engine.TemplateRenderer -- Notification template of N-08b has no value for changes
03:24:02.188 [main] WARN com.agilityhub.core.clubs.messaging.application.engine.TemplateRenderer -- Notification template of N-08b has no value for class_date
03:24:02.188 [main] WARN com.agilityhub.core.clubs.messaging.application.engine.TemplateRenderer -- Notification template of N-08b has no value for class_description
03:24:02.188 [main] WARN com.agilityhub.core.clubs.messaging.application.engine.TemplateRenderer -- Notification template of N-08b has no value for changes
03:24:02.188 [main] WARN com.agilityhub.core.clubs.messaging.application.engine.TemplateRenderer -- Notification template of N-08b has no value for class_date
03:24:02.188 [main] WARN com.agilityhub.core.clubs.messaging.application.engine.TemplateRenderer -- Notification template of N-08b has no value for class_description
03:24:02.188 [main] WARN com.agilityhub.core.clubs.messaging.application.engine.TemplateRenderer -- Notification template of N-08b has no value for changes
03:24:02.189 [main] WARN com.agilityhub.core.clubs.messaging.application.engine.TemplateRenderer -- Notification template of N-08b has no value for class_date
03:24:02.189 [main] WARN com.agilityhub.core.clubs.messaging.application.engine.TemplateRenderer -- Notification template of N-08b has no value for class_description
03:24:02.189 [main] WARN com.agilityhub.core.clubs.messaging.application.engine.TemplateRenderer -- Notification template of N-08b has no value for changes
03:24:02.189 [main] WARN com.agilityhub.core.clubs.messaging.application.engine.TemplateRenderer -- Notification template of N-08b has no value for class_date
03:24:02.189 [main] WARN com.agilityhub.core.clubs.messaging.application.engine.TemplateRenderer -- Notification template of N-08b has no value for class_description
03:24:02.189 [main] WARN com.agilityhub.core.clubs.messaging.application.engine.TemplateRenderer -- Notification template of N-08b has no value for changes
03:24:02.190 [main] WARN com.agilityhub.core.clubs.messaging.application.engine.TemplateRenderer -- Notification template of N-08b has no value for class_date
03:24:02.190 [main] WARN com.agilityhub.core.clubs.messaging.application.engine.TemplateRenderer -- Notification template of N-08b has no value for class_description
03:24:02.190 [main] WARN com.agilityhub.core.clubs.messaging.application.engine.TemplateRenderer -- Notification template of N-08b has no value for changes
03:24:02.191 [main] WARN com.agilityhub.core.clubs.messaging.application.engine.TemplateRenderer -- Notification template of N-08b has no value for class_date
03:24:02.191 [main] WARN com.agilityhub.core.clubs.messaging.application.engine.TemplateRenderer -- Notification template of N-08b has no value for class_description
03:24:02.191 [main] WARN com.agilityhub.core.clubs.messaging.application.engine.TemplateRenderer -- Notification template of N-08b has no value for changes
03:24:02.191 [main] WARN com.agilityhub.core.clubs.messaging.application.engine.TemplateRenderer -- Notification template of N-08b has no value for class_date
03:24:02.191 [main] WARN com.agilityhub.core.clubs.messaging.application.engine.TemplateRenderer -- Notification template of N-08b has no value for class_description
03:24:02.191 [main] WARN com.agilityhub.core.clubs.messaging.application.engine.TemplateRenderer -- Notification template of N-08b has no value for changes
03:24:02.192 [main] WARN com.agilityhub.core.clubs.messaging.application.engine.TemplateRenderer -- Notification template of N-08b has no value for class_date
03:24:02.192 [main] WARN com.agilityhub.core.clubs.messaging.application.engine.TemplateRenderer -- Notification template of N-08b has no value for class_description
03:24:02.192 [main] WARN com.agilityhub.core.clubs.messaging.application.engine.TemplateRenderer -- Notification template of N-08b has no value for changes
03:24:02.192 [main] WARN com.agilityhub.core.clubs.messaging.application.engine.TemplateRenderer -- Notification template of N-08b has no value for class_date
03:24:02.192 [main] WARN com.agilityhub.core.clubs.messaging.application.engine.TemplateRenderer -- Notification template of N-08b has no value for class_description
03:24:02.192 [main] WARN com.agilityhub.core.clubs.messaging.application.engine.TemplateRenderer -- Notification template of N-08b has no value for changes
03:24:02.193 [main] WARN com.agilityhub.core.clubs.messaging.application.engine.TemplateRenderer -- Notification template of N-08b has no value for class_date
03:24:02.193 [main] WARN com.agilityhub.core.clubs.messaging.application.engine.TemplateRenderer -- Notification template of N-08b has no value for class_description
03:24:02.193 [main] WARN com.agilityhub.core.clubs.messaging.application.engine.TemplateRenderer -- Notification template of N-08b has no value for changes
03:24:02.201 [main] WARN com.agilityhub.core.clubs.messaging.application.engine.TemplateRenderer -- Notification template of N-10 has no value for invoice_number
03:24:02.201 [main] WARN com.agilityhub.core.clubs.messaging.application.engine.TemplateRenderer -- Notification template of N-10 has no value for member_name
03:24:02.201 [main] WARN com.agilityhub.core.clubs.messaging.application.engine.TemplateRenderer -- Notification template of N-10 has no value for amount
03:24:02.201 [main] WARN com.agilityhub.core.clubs.messaging.application.engine.TemplateRenderer -- Notification template of N-10 has no value for reason
03:24:02.202 [main] WARN com.agilityhub.core.clubs.messaging.application.engine.TemplateRenderer -- Notification template of N-10 has no value for invoice_number
03:24:02.202 [main] WARN com.agilityhub.core.clubs.messaging.application.engine.TemplateRenderer -- Notification template of N-10 has no value for member_name
03:24:02.202 [main] WARN com.agilityhub.core.clubs.messaging.application.engine.TemplateRenderer -- Notification template of N-10 has no value for amount
03:24:02.202 [main] WARN com.agilityhub.core.clubs.messaging.application.engine.TemplateRenderer -- Notification template of N-10 has no value for reason
03:24:02.202 [main] WARN com.agilityhub.core.clubs.messaging.application.engine.TemplateRenderer -- Notification template of N-10 has no value for invoice_number
03:24:02.202 [main] WARN com.agilityhub.core.clubs.messaging.application.engine.TemplateRenderer -- Notification template of N-10 has no value for member_name
03:24:02.202 [main] WARN com.agilityhub.core.clubs.messaging.application.engine.TemplateRenderer -- Notification template of N-10 has no value for amount
03:24:02.202 [main] WARN com.agilityhub.core.clubs.messaging.application.engine.TemplateRenderer -- Notification template of N-10 has no value for reason
03:24:02.203 [main] WARN com.agilityhub.core.clubs.messaging.application.engine.TemplateRenderer -- Notification template of N-10 has no value for invoice_number
03:24:02.203 [main] WARN com.agilityhub.core.clubs.messaging.application.engine.TemplateRenderer -- Notification template of N-10 has no value for member_name
03:24:02.203 [main] WARN com.agilityhub.core.clubs.messaging.application.engine.TemplateRenderer -- Notification template of N-10 has no value for amount
03:24:02.203 [main] WARN com.agilityhub.core.clubs.messaging.application.engine.TemplateRenderer -- Notification template of N-10 has no value for reason
03:24:02.204 [main] WARN com.agilityhub.core.clubs.messaging.application.engine.TemplateRenderer -- Notification template of N-10 has no value for invoice_number
03:24:02.204 [main] WARN com.agilityhub.core.clubs.messaging.application.engine.TemplateRenderer -- Notification template of N-10 has no value for member_name
03:24:02.204 [main] WARN com.agilityhub.core.clubs.messaging.application.engine.TemplateRenderer -- Notification template of N-10 has no value for amount
03:24:02.204 [main] WARN com.agilityhub.core.clubs.messaging.application.engine.TemplateRenderer -- Notification template of N-10 has no value for reason
03:24:02.205 [main] WARN com.agilityhub.core.clubs.messaging.application.engine.TemplateRenderer -- Notification template of N-10 has no value for invoice_number
03:24:02.205 [main] WARN com.agilityhub.core.clubs.messaging.application.engine.TemplateRenderer -- Notification template of N-10 has no value for member_name
03:24:02.205 [main] WARN com.agilityhub.core.clubs.messaging.application.engine.TemplateRenderer -- Notification template of N-10 has no value for amount
03:24:02.205 [main] WARN com.agilityhub.core.clubs.messaging.application.engine.TemplateRenderer -- Notification template of N-10 has no value for reason
03:24:02.205 [main] WARN com.agilityhub.core.clubs.messaging.application.engine.TemplateRenderer -- Notification template of N-10 has no value for invoice_number
03:24:02.205 [main] WARN com.agilityhub.core.clubs.messaging.application.engine.TemplateRenderer -- Notification template of N-10 has no value for member_name
03:24:02.205 [main] WARN com.agilityhub.core.clubs.messaging.application.engine.TemplateRenderer -- Notification template of N-10 has no value for amount
03:24:02.205 [main] WARN com.agilityhub.core.clubs.messaging.application.engine.TemplateRenderer -- Notification template of N-10 has no value for reason
03:24:02.206 [main] WARN com.agilityhub.core.clubs.messaging.application.engine.TemplateRenderer -- Notification template of N-10 has no value for invoice_number
03:24:02.206 [main] WARN com.agilityhub.core.clubs.messaging.application.engine.TemplateRenderer -- Notification template of N-10 has no value for member_name
03:24:02.206 [main] WARN com.agilityhub.core.clubs.messaging.application.engine.TemplateRenderer -- Notification template of N-10 has no value for amount
03:24:02.206 [main] WARN com.agilityhub.core.clubs.messaging.application.engine.TemplateRenderer -- Notification template of N-10 has no value for reason
03:24:02.207 [main] WARN com.agilityhub.core.clubs.messaging.application.engine.TemplateRenderer -- Notification template of N-10 has no value for invoice_number
03:24:02.207 [main] WARN com.agilityhub.core.clubs.messaging.application.engine.TemplateRenderer -- Notification template of N-10 has no value for member_name
03:24:02.207 [main] WARN com.agilityhub.core.clubs.messaging.application.engine.TemplateRenderer -- Notification template of N-10 has no value for amount
03:24:02.207 [main] WARN com.agilityhub.core.clubs.messaging.application.engine.TemplateRenderer -- Notification template of N-10 has no value for reason
03:24:02.208 [main] WARN com.agilityhub.core.clubs.messaging.application.engine.TemplateRenderer -- Notification template of N-10 has no value for invoice_number
03:24:02.208 [main] WARN com.agilityhub.core.clubs.messaging.application.engine.TemplateRenderer -- Notification template of N-10 has no value for member_name
03:24:02.208 [main] WARN com.agilityhub.core.clubs.messaging.application.engine.TemplateRenderer -- Notification template of N-10 has no value for amount
03:24:02.208 [main] WARN com.agilityhub.core.clubs.messaging.application.engine.TemplateRenderer -- Notification template of N-10 has no value for reason
03:24:02.209 [main] WARN com.agilityhub.core.clubs.messaging.application.engine.TemplateRenderer -- Notification template of N-10 has no value for invoice_number
03:24:02.209 [main] WARN com.agilityhub.core.clubs.messaging.application.engine.TemplateRenderer -- Notification template of N-10 has no value for member_name
03:24:02.209 [main] WARN com.agilityhub.core.clubs.messaging.application.engine.TemplateRenderer -- Notification template of N-10 has no value for amount
03:24:02.209 [main] WARN com.agilityhub.core.clubs.messaging.application.engine.TemplateRenderer -- Notification template of N-10 has no value for reason
03:24:02.209 [main] WARN com.agilityhub.core.clubs.messaging.application.engine.TemplateRenderer -- Notification template of N-10 has no value for invoice_number
03:24:02.209 [main] WARN com.agilityhub.core.clubs.messaging.application.engine.TemplateRenderer -- Notification template of N-10 has no value for member_name
03:24:02.209 [main] WARN com.agilityhub.core.clubs.messaging.application.engine.TemplateRenderer -- Notification template of N-10 has no value for amount
03:24:02.209 [main] WARN com.agilityhub.core.clubs.messaging.application.engine.TemplateRenderer -- Notification template of N-10 has no value for reason
03:24:02.211 [main] WARN com.agilityhub.core.clubs.messaging.application.engine.TemplateRenderer -- Notification template of N-10 has no value for invoice_number
03:24:02.211 [main] WARN com.agilityhub.core.clubs.messaging.application.engine.TemplateRenderer -- Notification template of N-10 has no value for member_name
03:24:02.211 [main] WARN com.agilityhub.core.clubs.messaging.application.engine.TemplateRenderer -- Notification template of N-10 has no value for amount
03:24:02.211 [main] WARN com.agilityhub.core.clubs.messaging.application.engine.TemplateRenderer -- Notification template of N-10 has no value for reason
03:24:02.212 [main] WARN com.agilityhub.core.clubs.messaging.application.engine.TemplateRenderer -- Notification template of N-10 has no value for invoice_number
03:24:02.212 [main] WARN com.agilityhub.core.clubs.messaging.application.engine.TemplateRenderer -- Notification template of N-10 has no value for member_name
03:24:02.212 [main] WARN com.agilityhub.core.clubs.messaging.application.engine.TemplateRenderer -- Notification template of N-10 has no value for amount
03:24:02.212 [main] WARN com.agilityhub.core.clubs.messaging.application.engine.TemplateRenderer -- Notification template of N-10 has no value for reason
03:24:02.212 [main] WARN com.agilityhub.core.clubs.messaging.application.engine.TemplateRenderer -- Notification template of N-10 has no value for invoice_number
03:24:02.212 [main] WARN com.agilityhub.core.clubs.messaging.application.engine.TemplateRenderer -- Notification template of N-10 has no value for member_name
03:24:02.212 [main] WARN com.agilityhub.core.clubs.messaging.application.engine.TemplateRenderer -- Notification template of N-10 has no value for amount
03:24:02.212 [main] WARN com.agilityhub.core.clubs.messaging.application.engine.TemplateRenderer -- Notification template of N-10 has no value for reason
03:24:02.213 [main] WARN com.agilityhub.core.clubs.messaging.application.engine.TemplateRenderer -- Notification template of N-10 has no value for invoice_number
03:24:02.213 [main] WARN com.agilityhub.core.clubs.messaging.application.engine.TemplateRenderer -- Notification template of N-10 has no value for member_name
03:24:02.213 [main] WARN com.agilityhub.core.clubs.messaging.application.engine.TemplateRenderer -- Notification template of N-10 has no value for amount
03:24:02.213 [main] WARN com.agilityhub.core.clubs.messaging.application.engine.TemplateRenderer -- Notification template of N-10 has no value for reason
03:24:02.234 [main] WARN com.agilityhub.core.clubs.messaging.application.engine.TemplateRenderer -- Notification template of N-13 has no value for kind
03:24:02.234 [main] WARN com.agilityhub.core.clubs.messaging.application.engine.TemplateRenderer -- Notification template of N-13 has no value for kind
03:24:02.235 [main] WARN com.agilityhub.core.clubs.messaging.application.engine.TemplateRenderer -- Notification template of N-13 has no value for kind
03:24:02.235 [main] WARN com.agilityhub.core.clubs.messaging.application.engine.TemplateRenderer -- Notification template of N-13 has no value for kind
03:24:02.235 [main] WARN com.agilityhub.core.clubs.messaging.application.engine.TemplateRenderer -- Notification template of N-13 has no value for kind
03:24:02.235 [main] WARN com.agilityhub.core.clubs.messaging.application.engine.TemplateRenderer -- Notification template of N-13 has no value for kind
03:24:02.236 [main] WARN com.agilityhub.core.clubs.messaging.application.engine.TemplateRenderer -- Notification template of N-13 has no value for kind
03:24:02.236 [main] WARN com.agilityhub.core.clubs.messaging.application.engine.TemplateRenderer -- Notification template of N-13 has no value for kind
03:24:02.236 [main] WARN com.agilityhub.core.clubs.messaging.application.engine.TemplateRenderer -- Notification template of N-13 has no value for kind
03:24:02.236 [main] WARN com.agilityhub.core.clubs.messaging.application.engine.TemplateRenderer -- Notification template of N-13 has no value for kind
03:24:02.237 [main] WARN com.agilityhub.core.clubs.messaging.application.engine.TemplateRenderer -- Notification template of N-13 has no value for kind
03:24:02.237 [main] WARN com.agilityhub.core.clubs.messaging.application.engine.TemplateRenderer -- Notification template of N-13 has no value for kind
03:24:02.237 [main] WARN com.agilityhub.core.clubs.messaging.application.engine.TemplateRenderer -- Notification template of N-13 has no value for kind
03:24:02.237 [main] WARN com.agilityhub.core.clubs.messaging.application.engine.TemplateRenderer -- Notification template of N-13 has no value for kind
03:24:02.238 [main] WARN com.agilityhub.core.clubs.messaging.application.engine.TemplateRenderer -- Notification template of N-13 has no value for kind
03:24:02.238 [main] WARN com.agilityhub.core.clubs.messaging.application.engine.TemplateRenderer -- Notification template of N-13 has no value for kind
03:24:02.238 [main] WARN com.agilityhub.core.clubs.messaging.application.engine.TemplateRenderer -- Notification template of N-13 has no value for kind
03:24:02.238 [main] WARN com.agilityhub.core.clubs.messaging.application.engine.TemplateRenderer -- Notification template of N-13 has no value for kind
03:24:02.239 [main] WARN com.agilityhub.core.clubs.messaging.application.engine.TemplateRenderer -- Notification template of N-13 has no value for kind
03:24:02.239 [main] WARN com.agilityhub.core.clubs.messaging.application.engine.TemplateRenderer -- Notification template of N-13 has no value for kind
03:24:02.239 [main] WARN com.agilityhub.core.clubs.messaging.application.engine.TemplateRenderer -- Notification template of N-13 has no value for kind
03:24:02.239 [main] WARN com.agilityhub.core.clubs.messaging.application.engine.TemplateRenderer -- Notification template of N-13 has no value for kind
03:24:02.240 [main] WARN com.agilityhub.core.clubs.messaging.application.engine.TemplateRenderer -- Notification template of N-13 has no value for kind
03:24:02.240 [main] WARN com.agilityhub.core.clubs.messaging.application.engine.TemplateRenderer -- Notification template of N-13 has no value for kind
03:24:02.240 [main] WARN com.agilityhub.core.clubs.messaging.application.engine.TemplateRenderer -- Notification template of N-13 has no value for kind
03:24:02.240 [main] WARN com.agilityhub.core.clubs.messaging.application.engine.TemplateRenderer -- Notification template of N-13 has no value for kind
03:24:02.241 [main] WARN com.agilityhub.core.clubs.messaging.application.engine.TemplateRenderer -- Notification template of N-13 has no value for kind
03:24:02.241 [main] WARN com.agilityhub.core.clubs.messaging.application.engine.TemplateRenderer -- Notification template of N-13 has no value for kind
03:24:02.241 [main] WARN com.agilityhub.core.clubs.messaging.application.engine.TemplateRenderer -- Notification template of N-13 has no value for kind
03:24:02.241 [main] WARN com.agilityhub.core.clubs.messaging.application.engine.TemplateRenderer -- Notification template of N-13 has no value for kind
03:24:02.241 [main] WARN com.agilityhub.core.clubs.messaging.application.engine.TemplateRenderer -- Notification template of N-13 has no value for kind
03:24:02.242 [main] WARN com.agilityhub.core.clubs.messaging.application.engine.TemplateRenderer -- Notification template of N-13 has no value for kind
03:24:02.242 [main] WARN com.agilityhub.core.clubs.messaging.application.engine.TemplateRenderer -- Notification template of N-13 has no value for kind
03:24:02.242 [main] WARN com.agilityhub.core.clubs.messaging.application.engine.TemplateRenderer -- Notification template of N-13 has no value for kind
03:24:02.243 [main] WARN com.agilityhub.core.clubs.messaging.application.engine.TemplateRenderer -- Notification template of N-13 has no value for kind
03:24:02.243 [main] WARN com.agilityhub.core.clubs.messaging.application.engine.TemplateRenderer -- Notification template of N-13 has no value for kind
03:24:02.243 [main] WARN com.agilityhub.core.clubs.messaging.application.engine.TemplateRenderer -- Notification template of N-13 has no value for kind
03:24:02.243 [main] WARN com.agilityhub.core.clubs.messaging.application.engine.TemplateRenderer -- Notification template of N-13 has no value for kind
03:24:02.243 [main] WARN com.agilityhub.core.clubs.messaging.application.engine.TemplateRenderer -- Notification template of N-13 has no value for kind
03:24:02.243 [main] WARN com.agilityhub.core.clubs.messaging.application.engine.TemplateRenderer -- Notification template of N-13 has no value for kind
03:24:02.244 [main] WARN com.agilityhub.core.clubs.messaging.application.engine.TemplateRenderer -- Notification template of N-13 has no value for kind
03:24:02.244 [main] WARN com.agilityhub.core.clubs.messaging.application.engine.TemplateRenderer -- Notification template of N-13 has no value for kind
03:24:02.244 [main] WARN com.agilityhub.core.clubs.messaging.application.engine.TemplateRenderer -- Notification template of N-13 has no value for kind
03:24:02.244 [main] WARN com.agilityhub.core.clubs.messaging.application.engine.TemplateRenderer -- Notification template of N-13 has no value for kind
03:24:02.245 [main] WARN com.agilityhub.core.clubs.messaging.application.engine.TemplateRenderer -- Notification template of N-13 has no value for kind
03:24:02.245 [main] WARN com.agilityhub.core.clubs.messaging.application.engine.TemplateRenderer -- Notification template of N-13 has no value for kind
03:24:02.245 [main] WARN com.agilityhub.core.clubs.messaging.application.engine.TemplateRenderer -- Notification template of N-13 has no value for kind
03:24:02.245 [main] WARN com.agilityhub.core.clubs.messaging.application.engine.TemplateRenderer -- Notification template of N-13 has no value for kind
03:24:02.246 [main] WARN com.agilityhub.core.clubs.messaging.application.engine.TemplateRenderer -- Notification template of N-14 has no value for member_name
03:24:02.246 [main] WARN com.agilityhub.core.clubs.messaging.application.engine.TemplateRenderer -- Notification template of N-14 has no value for requested_date
03:24:02.246 [main] WARN com.agilityhub.core.clubs.messaging.application.engine.TemplateRenderer -- Notification template of N-14 has no value for reason
03:24:02.246 [main] WARN com.agilityhub.core.clubs.messaging.application.engine.TemplateRenderer -- Notification template of N-14 has no value for member_name
03:24:02.246 [main] WARN com.agilityhub.core.clubs.messaging.application.engine.TemplateRenderer -- Notification template of N-14 has no value for requested_date
03:24:02.246 [main] WARN com.agilityhub.core.clubs.messaging.application.engine.TemplateRenderer -- Notification template of N-14 has no value for reason
03:24:02.246 [main] WARN com.agilityhub.core.clubs.messaging.application.engine.TemplateRenderer -- Notification template of N-14 has no value for member_name
03:24:02.246 [main] WARN com.agilityhub.core.clubs.messaging.application.engine.TemplateRenderer -- Notification template of N-14 has no value for requested_date
03:24:02.246 [main] WARN com.agilityhub.core.clubs.messaging.application.engine.TemplateRenderer -- Notification template of N-14 has no value for reason
03:24:02.247 [main] WARN com.agilityhub.core.clubs.messaging.application.engine.TemplateRenderer -- Notification template of N-14 has no value for member_name
03:24:02.247 [main] WARN com.agilityhub.core.clubs.messaging.application.engine.TemplateRenderer -- Notification template of N-14 has no value for requested_date
03:24:02.247 [main] WARN com.agilityhub.core.clubs.messaging.application.engine.TemplateRenderer -- Notification template of N-14 has no value for reason
03:24:02.247 [main] WARN com.agilityhub.core.clubs.messaging.application.engine.TemplateRenderer -- Notification template of N-14 has no value for member_name
03:24:02.247 [main] WARN com.agilityhub.core.clubs.messaging.application.engine.TemplateRenderer -- Notification template of N-14 has no value for requested_date
03:24:02.247 [main] WARN com.agilityhub.core.clubs.messaging.application.engine.TemplateRenderer -- Notification template of N-14 has no value for reason
03:24:02.248 [main] WARN com.agilityhub.core.clubs.messaging.application.engine.TemplateRenderer -- Notification template of N-14 has no value for member_name
03:24:02.248 [main] WARN com.agilityhub.core.clubs.messaging.application.engine.TemplateRenderer -- Notification template of N-14 has no value for requested_date
03:24:02.248 [main] WARN com.agilityhub.core.clubs.messaging.application.engine.TemplateRenderer -- Notification template of N-14 has no value for reason
03:24:02.248 [main] WARN com.agilityhub.core.clubs.messaging.application.engine.TemplateRenderer -- Notification template of N-14 has no value for member_name
03:24:02.248 [main] WARN com.agilityhub.core.clubs.messaging.application.engine.TemplateRenderer -- Notification template of N-14 has no value for requested_date
03:24:02.248 [main] WARN com.agilityhub.core.clubs.messaging.application.engine.TemplateRenderer -- Notification template of N-14 has no value for reason
03:24:02.249 [main] WARN com.agilityhub.core.clubs.messaging.application.engine.TemplateRenderer -- Notification template of N-14 has no value for member_name
03:24:02.249 [main] WARN com.agilityhub.core.clubs.messaging.application.engine.TemplateRenderer -- Notification template of N-14 has no value for requested_date
03:24:02.249 [main] WARN com.agilityhub.core.clubs.messaging.application.engine.TemplateRenderer -- Notification template of N-14 has no value for reason
03:24:02.249 [main] WARN com.agilityhub.core.clubs.messaging.application.engine.TemplateRenderer -- Notification template of N-14 has no value for member_name
03:24:02.249 [main] WARN com.agilityhub.core.clubs.messaging.application.engine.TemplateRenderer -- Notification template of N-14 has no value for requested_date
03:24:02.249 [main] WARN com.agilityhub.core.clubs.messaging.application.engine.TemplateRenderer -- Notification template of N-14 has no value for reason
03:24:02.249 [main] WARN com.agilityhub.core.clubs.messaging.application.engine.TemplateRenderer -- Notification template of N-14 has no value for member_name
03:24:02.249 [main] WARN com.agilityhub.core.clubs.messaging.application.engine.TemplateRenderer -- Notification template of N-14 has no value for requested_date
03:24:02.249 [main] WARN com.agilityhub.core.clubs.messaging.application.engine.TemplateRenderer -- Notification template of N-14 has no value for reason
03:24:02.250 [main] WARN com.agilityhub.core.clubs.messaging.application.engine.TemplateRenderer -- Notification template of N-14 has no value for member_name
03:24:02.250 [main] WARN com.agilityhub.core.clubs.messaging.application.engine.TemplateRenderer -- Notification template of N-14 has no value for requested_date
03:24:02.250 [main] WARN com.agilityhub.core.clubs.messaging.application.engine.TemplateRenderer -- Notification template of N-14 has no value for reason
03:24:02.250 [main] WARN com.agilityhub.core.clubs.messaging.application.engine.TemplateRenderer -- Notification template of N-14 has no value for member_name
03:24:02.250 [main] WARN com.agilityhub.core.clubs.messaging.application.engine.TemplateRenderer -- Notification template of N-14 has no value for requested_date
03:24:02.250 [main] WARN com.agilityhub.core.clubs.messaging.application.engine.TemplateRenderer -- Notification template of N-14 has no value for reason
03:24:02.251 [main] WARN com.agilityhub.core.clubs.messaging.application.engine.TemplateRenderer -- Notification template of N-14 has no value for member_name
03:24:02.251 [main] WARN com.agilityhub.core.clubs.messaging.application.engine.TemplateRenderer -- Notification template of N-14 has no value for requested_date
03:24:02.251 [main] WARN com.agilityhub.core.clubs.messaging.application.engine.TemplateRenderer -- Notification template of N-14 has no value for reason
03:24:02.251 [main] WARN com.agilityhub.core.clubs.messaging.application.engine.TemplateRenderer -- Notification template of N-14 has no value for member_name
03:24:02.251 [main] WARN com.agilityhub.core.clubs.messaging.application.engine.TemplateRenderer -- Notification template of N-14 has no value for requested_date
03:24:02.251 [main] WARN com.agilityhub.core.clubs.messaging.application.engine.TemplateRenderer -- Notification template of N-14 has no value for reason
03:24:02.251 [main] WARN com.agilityhub.core.clubs.messaging.application.engine.TemplateRenderer -- Notification template of N-14 has no value for member_name
03:24:02.251 [main] WARN com.agilityhub.core.clubs.messaging.application.engine.TemplateRenderer -- Notification template of N-14 has no value for requested_date
03:24:02.252 [main] WARN com.agilityhub.core.clubs.messaging.application.engine.TemplateRenderer -- Notification template of N-14 has no value for reason
03:24:02.252 [main] WARN com.agilityhub.core.clubs.messaging.application.engine.TemplateRenderer -- Notification template of N-14 has no value for member_name
03:24:02.252 [main] WARN com.agilityhub.core.clubs.messaging.application.engine.TemplateRenderer -- Notification template of N-14 has no value for requested_date
03:24:02.252 [main] WARN com.agilityhub.core.clubs.messaging.application.engine.TemplateRenderer -- Notification template of N-14 has no value for reason
03:24:02.252 [main] WARN com.agilityhub.core.clubs.messaging.application.engine.TemplateRenderer -- Notification template of N-15 has no value for mode
03:24:02.252 [main] WARN com.agilityhub.core.clubs.messaging.application.engine.TemplateRenderer -- Notification template of N-15 has no value for mode
03:24:02.253 [main] WARN com.agilityhub.core.clubs.messaging.application.engine.TemplateRenderer -- Notification template of N-15 has no value for mode
03:24:02.253 [main] WARN com.agilityhub.core.clubs.messaging.application.engine.TemplateRenderer -- Notification template of N-15 has no value for mode
03:24:02.253 [main] WARN com.agilityhub.core.clubs.messaging.application.engine.TemplateRenderer -- Notification template of N-15 has no value for mode
03:24:02.254 [main] WARN com.agilityhub.core.clubs.messaging.application.engine.TemplateRenderer -- Notification template of N-15 has no value for mode
03:24:02.254 [main] WARN com.agilityhub.core.clubs.messaging.application.engine.TemplateRenderer -- Notification template of N-15 has no value for mode
03:24:02.254 [main] WARN com.agilityhub.core.clubs.messaging.application.engine.TemplateRenderer -- Notification template of N-15 has no value for mode
03:24:02.255 [main] WARN com.agilityhub.core.clubs.messaging.application.engine.TemplateRenderer -- Notification template of N-15 has no value for mode
03:24:02.255 [main] WARN com.agilityhub.core.clubs.messaging.application.engine.TemplateRenderer -- Notification template of N-15 has no value for mode
03:24:02.256 [main] WARN com.agilityhub.core.clubs.messaging.application.engine.TemplateRenderer -- Notification template of N-15 has no value for mode
03:24:02.256 [main] WARN com.agilityhub.core.clubs.messaging.application.engine.TemplateRenderer -- Notification template of N-15 has no value for mode
03:24:02.256 [main] WARN com.agilityhub.core.clubs.messaging.application.engine.TemplateRenderer -- Notification template of N-15 has no value for mode
03:24:02.256 [main] WARN com.agilityhub.core.clubs.messaging.application.engine.TemplateRenderer -- Notification template of N-15 has no value for mode
03:24:02.257 [main] WARN com.agilityhub.core.clubs.messaging.application.engine.TemplateRenderer -- Notification template of N-15 has no value for mode
03:24:02.257 [main] WARN com.agilityhub.core.clubs.messaging.application.engine.TemplateRenderer -- Notification template of N-15 has no value for mode
03:24:02.258 [main] WARN com.agilityhub.core.clubs.messaging.application.engine.TemplateRenderer -- Notification template of N-15 has no value for mode
03:24:02.258 [main] WARN com.agilityhub.core.clubs.messaging.application.engine.TemplateRenderer -- Notification template of N-15 has no value for mode
03:24:02.259 [main] WARN com.agilityhub.core.clubs.messaging.application.engine.TemplateRenderer -- Notification template of N-15 has no value for mode
03:24:02.259 [main] WARN com.agilityhub.core.clubs.messaging.application.engine.TemplateRenderer -- Notification template of N-15 has no value for mode
03:24:02.259 [main] WARN com.agilityhub.core.clubs.messaging.application.engine.TemplateRenderer -- Notification template of N-15 has no value for mode
03:24:02.259 [main] WARN com.agilityhub.core.clubs.messaging.application.engine.TemplateRenderer -- Notification template of N-15 has no value for mode
03:24:02.260 [main] WARN com.agilityhub.core.clubs.messaging.application.engine.TemplateRenderer -- Notification template of N-15 has no value for mode
03:24:02.260 [main] WARN com.agilityhub.core.clubs.messaging.application.engine.TemplateRenderer -- Notification template of N-15 has no value for mode
03:24:02.261 [main] WARN com.agilityhub.core.clubs.messaging.application.engine.TemplateRenderer -- Notification template of N-15 has no value for mode
03:24:02.261 [main] WARN com.agilityhub.core.clubs.messaging.application.engine.TemplateRenderer -- Notification template of N-15 has no value for mode
03:24:02.261 [main] WARN com.agilityhub.core.clubs.messaging.application.engine.TemplateRenderer -- Notification template of N-15 has no value for mode
03:24:02.261 [main] WARN com.agilityhub.core.clubs.messaging.application.engine.TemplateRenderer -- Notification template of N-15 has no value for mode
03:24:02.262 [main] WARN com.agilityhub.core.clubs.messaging.application.engine.TemplateRenderer -- Notification template of N-15 has no value for mode
03:24:02.262 [main] WARN com.agilityhub.core.clubs.messaging.application.engine.TemplateRenderer -- Notification template of N-15 has no value for mode
03:24:02.262 [main] WARN com.agilityhub.core.clubs.messaging.application.engine.TemplateRenderer -- Notification template of N-15 has no value for mode
03:24:02.262 [main] WARN com.agilityhub.core.clubs.messaging.application.engine.TemplateRenderer -- Notification template of N-15 has no value for mode
03:24:02.263 [main] WARN com.agilityhub.core.clubs.messaging.application.engine.TemplateRenderer -- Notification template of N-15 has no value for mode
03:24:02.263 [main] WARN com.agilityhub.core.clubs.messaging.application.engine.TemplateRenderer -- Notification template of N-15 has no value for mode
03:24:02.264 [main] WARN com.agilityhub.core.clubs.messaging.application.engine.TemplateRenderer -- Notification template of N-15 has no value for mode
03:24:02.264 [main] WARN com.agilityhub.core.clubs.messaging.application.engine.TemplateRenderer -- Notification template of N-15 has no value for mode
03:24:02.264 [main] WARN com.agilityhub.core.clubs.messaging.application.engine.TemplateRenderer -- Notification template of N-15 has no value for mode
03:24:02.264 [main] WARN com.agilityhub.core.clubs.messaging.application.engine.TemplateRenderer -- Notification template of N-15 has no value for mode
03:24:02.265 [main] WARN com.agilityhub.core.clubs.messaging.application.engine.TemplateRenderer -- Notification template of N-15 has no value for mode
03:24:02.265 [main] WARN com.agilityhub.core.clubs.messaging.application.engine.TemplateRenderer -- Notification template of N-15 has no value for mode
03:24:02.266 [main] WARN com.agilityhub.core.clubs.messaging.application.engine.TemplateRenderer -- Notification template of N-15 has no value for mode
03:24:02.266 [main] WARN com.agilityhub.core.clubs.messaging.application.engine.TemplateRenderer -- Notification template of N-15 has no value for mode
03:24:02.267 [main] WARN com.agilityhub.core.clubs.messaging.application.engine.TemplateRenderer -- Notification template of N-15 has no value for mode
03:24:02.267 [main] WARN com.agilityhub.core.clubs.messaging.application.engine.TemplateRenderer -- Notification template of N-15 has no value for mode
03:24:02.267 [main] WARN com.agilityhub.core.clubs.messaging.application.engine.TemplateRenderer -- Notification template of N-15 has no value for mode
03:24:02.267 [main] WARN com.agilityhub.core.clubs.messaging.application.engine.TemplateRenderer -- Notification template of N-15 has no value for mode
03:24:02.268 [main] WARN com.agilityhub.core.clubs.messaging.application.engine.TemplateRenderer -- Notification template of N-15 has no value for mode
03:24:02.268 [main] WARN com.agilityhub.core.clubs.messaging.application.engine.TemplateRenderer -- Notification template of N-15 has no value for mode
03:24:02.270 [main] WARN com.agilityhub.core.clubs.messaging.application.engine.TemplateRenderer -- Notification template of N-15 has no value for mode
03:24:02.270 [main] WARN com.agilityhub.core.clubs.messaging.application.engine.TemplateRenderer -- Notification template of N-15 has no value for mode
03:24:02.270 [main] WARN com.agilityhub.core.clubs.messaging.application.engine.TemplateRenderer -- Notification template of N-15 has no value for mode
03:24:02.270 [main] WARN com.agilityhub.core.clubs.messaging.application.engine.TemplateRenderer -- Notification template of N-15 has no value for mode
03:24:02.271 [main] WARN com.agilityhub.core.clubs.messaging.application.engine.TemplateRenderer -- Notification template of N-15 has no value for mode
03:24:02.271 [main] WARN com.agilityhub.core.clubs.messaging.application.engine.TemplateRenderer -- Notification template of N-15 has no value for mode
03:24:02.271 [main] WARN com.agilityhub.core.clubs.messaging.application.engine.TemplateRenderer -- Notification template of N-15 has no value for mode
03:24:02.271 [main] WARN com.agilityhub.core.clubs.messaging.application.engine.TemplateRenderer -- Notification template of N-15 has no value for mode
03:24:02.272 [main] WARN com.agilityhub.core.clubs.messaging.application.engine.TemplateRenderer -- Notification template of N-15 has no value for mode
03:24:02.272 [main] WARN com.agilityhub.core.clubs.messaging.application.engine.TemplateRenderer -- Notification template of N-15 has no value for mode
03:24:02.273 [main] WARN com.agilityhub.core.clubs.messaging.application.engine.TemplateRenderer -- Notification template of N-15 has no value for mode
03:24:02.273 [main] WARN com.agilityhub.core.clubs.messaging.application.engine.TemplateRenderer -- Notification template of N-15 has no value for mode
03:24:02.273 [main] WARN com.agilityhub.core.clubs.messaging.application.engine.TemplateRenderer -- Notification template of N-15 has no value for mode
03:24:02.273 [main] WARN com.agilityhub.core.clubs.messaging.application.engine.TemplateRenderer -- Notification template of N-15 has no value for mode
03:24:02.274 [main] WARN com.agilityhub.core.clubs.messaging.application.engine.TemplateRenderer -- Notification template of N-15 has no value for mode
03:24:02.274 [main] WARN com.agilityhub.core.clubs.messaging.application.engine.TemplateRenderer -- Notification template of N-15 has no value for mode
03:24:02.275 [main] WARN com.agilityhub.core.clubs.messaging.application.engine.TemplateRenderer -- Notification template of N-16 has no value for auto_cancel
03:24:02.275 [main] WARN com.agilityhub.core.clubs.messaging.application.engine.TemplateRenderer -- Notification template of N-16 has no value for auto_cancel
03:24:02.276 [main] WARN com.agilityhub.core.clubs.messaging.application.engine.TemplateRenderer -- Notification template of N-16 has no value for auto_cancel
03:24:02.276 [main] WARN com.agilityhub.core.clubs.messaging.application.engine.TemplateRenderer -- Notification template of N-16 has no value for auto_cancel
03:24:02.277 [main] WARN com.agilityhub.core.clubs.messaging.application.engine.TemplateRenderer -- Notification template of N-16 has no value for auto_cancel
03:24:02.277 [main] WARN com.agilityhub.core.clubs.messaging.application.engine.TemplateRenderer -- Notification template of N-16 has no value for auto_cancel
03:24:02.278 [main] WARN com.agilityhub.core.clubs.messaging.application.engine.TemplateRenderer -- Notification template of N-16 has no value for auto_cancel
03:24:02.278 [main] WARN com.agilityhub.core.clubs.messaging.application.engine.TemplateRenderer -- Notification template of N-16 has no value for auto_cancel
03:24:02.279 [main] WARN com.agilityhub.core.clubs.messaging.application.engine.TemplateRenderer -- Notification template of N-16 has no value for auto_cancel
03:24:02.279 [main] WARN com.agilityhub.core.clubs.messaging.application.engine.TemplateRenderer -- Notification template of N-16 has no value for auto_cancel
03:24:02.280 [main] WARN com.agilityhub.core.clubs.messaging.application.engine.TemplateRenderer -- Notification template of N-16 has no value for auto_cancel
03:24:02.280 [main] WARN com.agilityhub.core.clubs.messaging.application.engine.TemplateRenderer -- Notification template of N-16 has no value for auto_cancel
03:24:02.281 [main] WARN com.agilityhub.core.clubs.messaging.application.engine.TemplateRenderer -- Notification template of N-16 has no value for auto_cancel
03:24:02.281 [main] WARN com.agilityhub.core.clubs.messaging.application.engine.TemplateRenderer -- Notification template of N-16 has no value for auto_cancel
03:24:02.282 [main] WARN com.agilityhub.core.clubs.messaging.application.engine.TemplateRenderer -- Notification template of N-16 has no value for auto_cancel
03:24:02.282 [main] WARN com.agilityhub.core.clubs.messaging.application.engine.TemplateRenderer -- Notification template of N-16 has no value for auto_cancel
03:24:02.283 [main] WARN com.agilityhub.core.clubs.messaging.application.engine.TemplateRenderer -- Notification template of N-16 has no value for auto_cancel
03:24:02.283 [main] WARN com.agilityhub.core.clubs.messaging.application.engine.TemplateRenderer -- Notification template of N-16 has no value for auto_cancel
03:24:02.284 [main] WARN com.agilityhub.core.clubs.messaging.application.engine.TemplateRenderer -- Notification template of N-16 has no value for auto_cancel
03:24:02.284 [main] WARN com.agilityhub.core.clubs.messaging.application.engine.TemplateRenderer -- Notification template of N-16 has no value for auto_cancel
03:24:02.285 [main] WARN com.agilityhub.core.clubs.messaging.application.engine.TemplateRenderer -- Notification template of N-16 has no value for auto_cancel
03:24:02.285 [main] WARN com.agilityhub.core.clubs.messaging.application.engine.TemplateRenderer -- Notification template of N-16 has no value for auto_cancel
03:24:02.286 [main] WARN com.agilityhub.core.clubs.messaging.application.engine.TemplateRenderer -- Notification template of N-16 has no value for auto_cancel
03:24:02.286 [main] WARN com.agilityhub.core.clubs.messaging.application.engine.TemplateRenderer -- Notification template of N-16 has no value for auto_cancel
03:24:02.287 [main] WARN com.agilityhub.core.clubs.messaging.application.engine.TemplateRenderer -- Notification template of N-16 has no value for class_date
03:24:02.287 [main] WARN com.agilityhub.core.clubs.messaging.application.engine.TemplateRenderer -- Notification template of N-16 has no value for class_time
03:24:02.287 [main] WARN com.agilityhub.core.clubs.messaging.application.engine.TemplateRenderer -- Notification template of N-16 has no value for class_description
03:24:02.287 [main] WARN com.agilityhub.core.clubs.messaging.application.engine.TemplateRenderer -- Notification template of N-16 has no value for auto_cancel
03:24:02.287 [main] WARN com.agilityhub.core.clubs.messaging.application.engine.TemplateRenderer -- Notification template of N-16 has no value for class_date
03:24:02.287 [main] WARN com.agilityhub.core.clubs.messaging.application.engine.TemplateRenderer -- Notification template of N-16 has no value for class_time
03:24:02.287 [main] WARN com.agilityhub.core.clubs.messaging.application.engine.TemplateRenderer -- Notification template of N-16 has no value for class_description
03:24:02.287 [main] WARN com.agilityhub.core.clubs.messaging.application.engine.TemplateRenderer -- Notification template of N-16 has no value for auto_cancel
03:24:02.288 [main] WARN com.agilityhub.core.clubs.messaging.application.engine.TemplateRenderer -- Notification template of N-16 has no value for class_date
03:24:02.288 [main] WARN com.agilityhub.core.clubs.messaging.application.engine.TemplateRenderer -- Notification template of N-16 has no value for class_time
03:24:02.288 [main] WARN com.agilityhub.core.clubs.messaging.application.engine.TemplateRenderer -- Notification template of N-16 has no value for class_description
03:24:02.288 [main] WARN com.agilityhub.core.clubs.messaging.application.engine.TemplateRenderer -- Notification template of N-16 has no value for auto_cancel
03:24:02.288 [main] WARN com.agilityhub.core.clubs.messaging.application.engine.TemplateRenderer -- Notification template of N-16 has no value for class_date
03:24:02.288 [main] WARN com.agilityhub.core.clubs.messaging.application.engine.TemplateRenderer -- Notification template of N-16 has no value for class_time
03:24:02.288 [main] WARN com.agilityhub.core.clubs.messaging.application.engine.TemplateRenderer -- Notification template of N-16 has no value for class_description
03:24:02.288 [main] WARN com.agilityhub.core.clubs.messaging.application.engine.TemplateRenderer -- Notification template of N-16 has no value for auto_cancel
03:24:02.288 [main] WARN com.agilityhub.core.clubs.messaging.application.engine.TemplateRenderer -- Notification template of N-16 has no value for class_date
03:24:02.288 [main] WARN com.agilityhub.core.clubs.messaging.application.engine.TemplateRenderer -- Notification template of N-16 has no value for class_time
03:24:02.288 [main] WARN com.agilityhub.core.clubs.messaging.application.engine.TemplateRenderer -- Notification template of N-16 has no value for class_description
03:24:02.288 [main] WARN com.agilityhub.core.clubs.messaging.application.engine.TemplateRenderer -- Notification template of N-16 has no value for auto_cancel
03:24:02.289 [main] WARN com.agilityhub.core.clubs.messaging.application.engine.TemplateRenderer -- Notification template of N-16 has no value for class_date
03:24:02.289 [main] WARN com.agilityhub.core.clubs.messaging.application.engine.TemplateRenderer -- Notification template of N-16 has no value for class_time
03:24:02.289 [main] WARN com.agilityhub.core.clubs.messaging.application.engine.TemplateRenderer -- Notification template of N-16 has no value for class_description
03:24:02.289 [main] WARN com.agilityhub.core.clubs.messaging.application.engine.TemplateRenderer -- Notification template of N-16 has no value for auto_cancel
03:24:02.289 [main] WARN com.agilityhub.core.clubs.messaging.application.engine.TemplateRenderer -- Notification template of N-16 has no value for class_date
03:24:02.289 [main] WARN com.agilityhub.core.clubs.messaging.application.engine.TemplateRenderer -- Notification template of N-16 has no value for class_time
03:24:02.289 [main] WARN com.agilityhub.core.clubs.messaging.application.engine.TemplateRenderer -- Notification template of N-16 has no value for class_description
03:24:02.289 [main] WARN com.agilityhub.core.clubs.messaging.application.engine.TemplateRenderer -- Notification template of N-16 has no value for auto_cancel
03:24:02.290 [main] WARN com.agilityhub.core.clubs.messaging.application.engine.TemplateRenderer -- Notification template of N-16 has no value for class_date
03:24:02.290 [main] WARN com.agilityhub.core.clubs.messaging.application.engine.TemplateRenderer -- Notification template of N-16 has no value for class_time
03:24:02.290 [main] WARN com.agilityhub.core.clubs.messaging.application.engine.TemplateRenderer -- Notification template of N-16 has no value for class_description
03:24:02.290 [main] WARN com.agilityhub.core.clubs.messaging.application.engine.TemplateRenderer -- Notification template of N-16 has no value for auto_cancel
03:24:02.290 [main] WARN com.agilityhub.core.clubs.messaging.application.engine.TemplateRenderer -- Notification template of N-16 has no value for class_date
03:24:02.290 [main] WARN com.agilityhub.core.clubs.messaging.application.engine.TemplateRenderer -- Notification template of N-16 has no value for class_time
03:24:02.290 [main] WARN com.agilityhub.core.clubs.messaging.application.engine.TemplateRenderer -- Notification template of N-16 has no value for class_description
03:24:02.290 [main] WARN com.agilityhub.core.clubs.messaging.application.engine.TemplateRenderer -- Notification template of N-16 has no value for auto_cancel
03:24:02.291 [main] WARN com.agilityhub.core.clubs.messaging.application.engine.TemplateRenderer -- Notification template of N-16 has no value for class_date
03:24:02.291 [main] WARN com.agilityhub.core.clubs.messaging.application.engine.TemplateRenderer -- Notification template of N-16 has no value for class_time
03:24:02.291 [main] WARN com.agilityhub.core.clubs.messaging.application.engine.TemplateRenderer -- Notification template of N-16 has no value for class_description
03:24:02.291 [main] WARN com.agilityhub.core.clubs.messaging.application.engine.TemplateRenderer -- Notification template of N-16 has no value for auto_cancel
03:24:02.291 [main] WARN com.agilityhub.core.clubs.messaging.application.engine.TemplateRenderer -- Notification template of N-16 has no value for class_date
03:24:02.291 [main] WARN com.agilityhub.core.clubs.messaging.application.engine.TemplateRenderer -- Notification template of N-16 has no value for class_time
03:24:02.291 [main] WARN com.agilityhub.core.clubs.messaging.application.engine.TemplateRenderer -- Notification template of N-16 has no value for class_description
03:24:02.291 [main] WARN com.agilityhub.core.clubs.messaging.application.engine.TemplateRenderer -- Notification template of N-16 has no value for auto_cancel
03:24:02.292 [main] WARN com.agilityhub.core.clubs.messaging.application.engine.TemplateRenderer -- Notification template of N-16 has no value for class_date
03:24:02.292 [main] WARN com.agilityhub.core.clubs.messaging.application.engine.TemplateRenderer -- Notification template of N-16 has no value for class_time
03:24:02.292 [main] WARN com.agilityhub.core.clubs.messaging.application.engine.TemplateRenderer -- Notification template of N-16 has no value for class_description
03:24:02.292 [main] WARN com.agilityhub.core.clubs.messaging.application.engine.TemplateRenderer -- Notification template of N-16 has no value for auto_cancel
03:24:02.292 [main] WARN com.agilityhub.core.clubs.messaging.application.engine.TemplateRenderer -- Notification template of N-16 has no value for class_date
03:24:02.292 [main] WARN com.agilityhub.core.clubs.messaging.application.engine.TemplateRenderer -- Notification template of N-16 has no value for class_time
03:24:02.292 [main] WARN com.agilityhub.core.clubs.messaging.application.engine.TemplateRenderer -- Notification template of N-16 has no value for class_description
03:24:02.292 [main] WARN com.agilityhub.core.clubs.messaging.application.engine.TemplateRenderer -- Notification template of N-16 has no value for auto_cancel
03:24:02.293 [main] WARN com.agilityhub.core.clubs.messaging.application.engine.TemplateRenderer -- Notification template of N-16 has no value for class_date
03:24:02.293 [main] WARN com.agilityhub.core.clubs.messaging.application.engine.TemplateRenderer -- Notification template of N-16 has no value for class_time
03:24:02.293 [main] WARN com.agilityhub.core.clubs.messaging.application.engine.TemplateRenderer -- Notification template of N-16 has no value for class_description
03:24:02.293 [main] WARN com.agilityhub.core.clubs.messaging.application.engine.TemplateRenderer -- Notification template of N-16 has no value for auto_cancel
03:24:02.293 [main] WARN com.agilityhub.core.clubs.messaging.application.engine.TemplateRenderer -- Notification template of N-16 has no value for class_date
03:24:02.293 [main] WARN com.agilityhub.core.clubs.messaging.application.engine.TemplateRenderer -- Notification template of N-16 has no value for class_time
03:24:02.293 [main] WARN com.agilityhub.core.clubs.messaging.application.engine.TemplateRenderer -- Notification template of N-16 has no value for class_description
03:24:02.293 [main] WARN com.agilityhub.core.clubs.messaging.application.engine.TemplateRenderer -- Notification template of N-16 has no value for auto_cancel
03:24:02.293 [main] WARN com.agilityhub.core.clubs.messaging.application.engine.TemplateRenderer -- Notification template of N-16 has no value for class_date
03:24:02.293 [main] WARN com.agilityhub.core.clubs.messaging.application.engine.TemplateRenderer -- Notification template of N-16 has no value for class_time
03:24:02.293 [main] WARN com.agilityhub.core.clubs.messaging.application.engine.TemplateRenderer -- Notification template of N-16 has no value for class_description
03:24:02.293 [main] WARN com.agilityhub.core.clubs.messaging.application.engine.TemplateRenderer -- Notification template of N-16 has no value for auto_cancel
03:24:02.294 [main] WARN com.agilityhub.core.clubs.messaging.application.engine.TemplateRenderer -- Notification template of N-17 has no value for class_date
03:24:02.294 [main] WARN com.agilityhub.core.clubs.messaging.application.engine.TemplateRenderer -- Notification template of N-17 has no value for class_time
03:24:02.294 [main] WARN com.agilityhub.core.clubs.messaging.application.engine.TemplateRenderer -- Notification template of N-17 has no value for class_description
03:24:02.294 [main] WARN com.agilityhub.core.clubs.messaging.application.engine.TemplateRenderer -- Notification template of N-17 has no value for dogs_count
03:24:02.294 [main] WARN com.agilityhub.core.clubs.messaging.application.engine.TemplateRenderer -- Notification template of N-17 has no value for class_date
03:24:02.294 [main] WARN com.agilityhub.core.clubs.messaging.application.engine.TemplateRenderer -- Notification template of N-17 has no value for class_time
03:24:02.294 [main] WARN com.agilityhub.core.clubs.messaging.application.engine.TemplateRenderer -- Notification template of N-17 has no value for class_description
03:24:02.294 [main] WARN com.agilityhub.core.clubs.messaging.application.engine.TemplateRenderer -- Notification template of N-17 has no value for dogs_count
03:24:02.295 [main] WARN com.agilityhub.core.clubs.messaging.application.engine.TemplateRenderer -- Notification template of N-17 has no value for class_date
03:24:02.295 [main] WARN com.agilityhub.core.clubs.messaging.application.engine.TemplateRenderer -- Notification template of N-17 has no value for class_time
03:24:02.295 [main] WARN com.agilityhub.core.clubs.messaging.application.engine.TemplateRenderer -- Notification template of N-17 has no value for class_description
03:24:02.295 [main] WARN com.agilityhub.core.clubs.messaging.application.engine.TemplateRenderer -- Notification template of N-17 has no value for dogs_count
03:24:02.295 [main] WARN com.agilityhub.core.clubs.messaging.application.engine.TemplateRenderer -- Notification template of N-17 has no value for class_date
03:24:02.295 [main] WARN com.agilityhub.core.clubs.messaging.application.engine.TemplateRenderer -- Notification template of N-17 has no value for class_time
03:24:02.295 [main] WARN com.agilityhub.core.clubs.messaging.application.engine.TemplateRenderer -- Notification template of N-17 has no value for class_description
03:24:02.295 [main] WARN com.agilityhub.core.clubs.messaging.application.engine.TemplateRenderer -- Notification template of N-17 has no value for dogs_count
03:24:02.296 [main] WARN com.agilityhub.core.clubs.messaging.application.engine.TemplateRenderer -- Notification template of N-17 has no value for class_date
03:24:02.296 [main] WARN com.agilityhub.core.clubs.messaging.application.engine.TemplateRenderer -- Notification template of N-17 has no value for class_time
03:24:02.296 [main] WARN com.agilityhub.core.clubs.messaging.application.engine.TemplateRenderer -- Notification template of N-17 has no value for class_description
03:24:02.296 [main] WARN com.agilityhub.core.clubs.messaging.application.engine.TemplateRenderer -- Notification template of N-17 has no value for dogs_count
03:24:02.296 [main] WARN com.agilityhub.core.clubs.messaging.application.engine.TemplateRenderer -- Notification template of N-17 has no value for class_date
03:24:02.296 [main] WARN com.agilityhub.core.clubs.messaging.application.engine.TemplateRenderer -- Notification template of N-17 has no value for class_time
03:24:02.296 [main] WARN com.agilityhub.core.clubs.messaging.application.engine.TemplateRenderer -- Notification template of N-17 has no value for class_description
03:24:02.296 [main] WARN com.agilityhub.core.clubs.messaging.application.engine.TemplateRenderer -- Notification template of N-17 has no value for dogs_count
03:24:02.296 [main] WARN com.agilityhub.core.clubs.messaging.application.engine.TemplateRenderer -- Notification template of N-17 has no value for class_date
03:24:02.296 [main] WARN com.agilityhub.core.clubs.messaging.application.engine.TemplateRenderer -- Notification template of N-17 has no value for class_time
03:24:02.296 [main] WARN com.agilityhub.core.clubs.messaging.application.engine.TemplateRenderer -- Notification template of N-17 has no value for class_description
03:24:02.296 [main] WARN com.agilityhub.core.clubs.messaging.application.engine.TemplateRenderer -- Notification template of N-17 has no value for dogs_count
03:24:02.297 [main] WARN com.agilityhub.core.clubs.messaging.application.engine.TemplateRenderer -- Notification template of N-17 has no value for class_date
03:24:02.297 [main] WARN com.agilityhub.core.clubs.messaging.application.engine.TemplateRenderer -- Notification template of N-17 has no value for class_time
03:24:02.297 [main] WARN com.agilityhub.core.clubs.messaging.application.engine.TemplateRenderer -- Notification template of N-17 has no value for class_description
03:24:02.297 [main] WARN com.agilityhub.core.clubs.messaging.application.engine.TemplateRenderer -- Notification template of N-17 has no value for dogs_count
03:24:02.297 [main] WARN com.agilityhub.core.clubs.messaging.application.engine.TemplateRenderer -- Notification template of N-17 has no value for class_date
03:24:02.297 [main] WARN com.agilityhub.core.clubs.messaging.application.engine.TemplateRenderer -- Notification template of N-17 has no value for class_time
03:24:02.297 [main] WARN com.agilityhub.core.clubs.messaging.application.engine.TemplateRenderer -- Notification template of N-17 has no value for class_description
03:24:02.297 [main] WARN com.agilityhub.core.clubs.messaging.application.engine.TemplateRenderer -- Notification template of N-17 has no value for dogs_count
03:24:02.298 [main] WARN com.agilityhub.core.clubs.messaging.application.engine.TemplateRenderer -- Notification template of N-17 has no value for class_date
03:24:02.298 [main] WARN com.agilityhub.core.clubs.messaging.application.engine.TemplateRenderer -- Notification template of N-17 has no value for class_time
03:24:02.298 [main] WARN com.agilityhub.core.clubs.messaging.application.engine.TemplateRenderer -- Notification template of N-17 has no value for class_description
03:24:02.298 [main] WARN com.agilityhub.core.clubs.messaging.application.engine.TemplateRenderer -- Notification template of N-17 has no value for dogs_count
03:24:02.299 [main] WARN com.agilityhub.core.clubs.messaging.application.engine.TemplateRenderer -- Notification template of N-17 has no value for class_date
03:24:02.299 [main] WARN com.agilityhub.core.clubs.messaging.application.engine.TemplateRenderer -- Notification template of N-17 has no value for class_time
03:24:02.299 [main] WARN com.agilityhub.core.clubs.messaging.application.engine.TemplateRenderer -- Notification template of N-17 has no value for class_description
03:24:02.299 [main] WARN com.agilityhub.core.clubs.messaging.application.engine.TemplateRenderer -- Notification template of N-17 has no value for dogs_count
03:24:02.299 [main] WARN com.agilityhub.core.clubs.messaging.application.engine.TemplateRenderer -- Notification template of N-17 has no value for class_date
03:24:02.299 [main] WARN com.agilityhub.core.clubs.messaging.application.engine.TemplateRenderer -- Notification template of N-17 has no value for class_time
03:24:02.299 [main] WARN com.agilityhub.core.clubs.messaging.application.engine.TemplateRenderer -- Notification template of N-17 has no value for class_description
03:24:02.299 [main] WARN com.agilityhub.core.clubs.messaging.application.engine.TemplateRenderer -- Notification template of N-17 has no value for dogs_count
03:24:02.300 [main] WARN com.agilityhub.core.clubs.messaging.application.engine.TemplateRenderer -- Notification template of N-17 has no value for class_date
03:24:02.300 [main] WARN com.agilityhub.core.clubs.messaging.application.engine.TemplateRenderer -- Notification template of N-17 has no value for class_time
03:24:02.300 [main] WARN com.agilityhub.core.clubs.messaging.application.engine.TemplateRenderer -- Notification template of N-17 has no value for class_description
03:24:02.300 [main] WARN com.agilityhub.core.clubs.messaging.application.engine.TemplateRenderer -- Notification template of N-17 has no value for dogs_count
03:24:02.300 [main] WARN com.agilityhub.core.clubs.messaging.application.engine.TemplateRenderer -- Notification template of N-17 has no value for class_date
03:24:02.300 [main] WARN com.agilityhub.core.clubs.messaging.application.engine.TemplateRenderer -- Notification template of N-17 has no value for class_time
03:24:02.300 [main] WARN com.agilityhub.core.clubs.messaging.application.engine.TemplateRenderer -- Notification template of N-17 has no value for class_description
03:24:02.300 [main] WARN com.agilityhub.core.clubs.messaging.application.engine.TemplateRenderer -- Notification template of N-17 has no value for dogs_count
03:24:02.301 [main] WARN com.agilityhub.core.clubs.messaging.application.engine.TemplateRenderer -- Notification template of N-17 has no value for class_date
03:24:02.301 [main] WARN com.agilityhub.core.clubs.messaging.application.engine.TemplateRenderer -- Notification template of N-17 has no value for class_time
03:24:02.301 [main] WARN com.agilityhub.core.clubs.messaging.application.engine.TemplateRenderer -- Notification template of N-17 has no value for class_description
03:24:02.301 [main] WARN com.agilityhub.core.clubs.messaging.application.engine.TemplateRenderer -- Notification template of N-17 has no value for dogs_count
03:24:02.301 [main] WARN com.agilityhub.core.clubs.messaging.application.engine.TemplateRenderer -- Notification template of N-17 has no value for class_date
03:24:02.301 [main] WARN com.agilityhub.core.clubs.messaging.application.engine.TemplateRenderer -- Notification template of N-17 has no value for class_time
03:24:02.301 [main] WARN com.agilityhub.core.clubs.messaging.application.engine.TemplateRenderer -- Notification template of N-17 has no value for class_description
03:24:02.301 [main] WARN com.agilityhub.core.clubs.messaging.application.engine.TemplateRenderer -- Notification template of N-17 has no value for dogs_count
03:24:02.302 [main] WARN com.agilityhub.core.clubs.messaging.application.engine.TemplateRenderer -- Notification template of N-17 has no value for class_date
03:24:02.302 [main] WARN com.agilityhub.core.clubs.messaging.application.engine.TemplateRenderer -- Notification template of N-17 has no value for class_time
03:24:02.302 [main] WARN com.agilityhub.core.clubs.messaging.application.engine.TemplateRenderer -- Notification template of N-17 has no value for class_description
03:24:02.302 [main] WARN com.agilityhub.core.clubs.messaging.application.engine.TemplateRenderer -- Notification template of N-17 has no value for dogs_count
03:24:02.302 [main] WARN com.agilityhub.core.clubs.messaging.application.engine.TemplateRenderer -- Notification template of N-17 has no value for class_date
03:24:02.302 [main] WARN com.agilityhub.core.clubs.messaging.application.engine.TemplateRenderer -- Notification template of N-17 has no value for class_time
03:24:02.302 [main] WARN com.agilityhub.core.clubs.messaging.application.engine.TemplateRenderer -- Notification template of N-17 has no value for class_description
03:24:02.302 [main] WARN com.agilityhub.core.clubs.messaging.application.engine.TemplateRenderer -- Notification template of N-17 has no value for dogs_count
03:24:02.302 [main] WARN com.agilityhub.core.clubs.messaging.application.engine.TemplateRenderer -- Notification template of N-17 has no value for class_date
03:24:02.302 [main] WARN com.agilityhub.core.clubs.messaging.application.engine.TemplateRenderer -- Notification template of N-17 has no value for class_time
03:24:02.302 [main] WARN com.agilityhub.core.clubs.messaging.application.engine.TemplateRenderer -- Notification template of N-17 has no value for class_description
03:24:02.302 [main] WARN com.agilityhub.core.clubs.messaging.application.engine.TemplateRenderer -- Notification template of N-17 has no value for dogs_count
03:24:02.303 [main] WARN com.agilityhub.core.clubs.messaging.application.engine.TemplateRenderer -- Notification template of N-17 has no value for class_date
03:24:02.303 [main] WARN com.agilityhub.core.clubs.messaging.application.engine.TemplateRenderer -- Notification template of N-17 has no value for class_time
03:24:02.303 [main] WARN com.agilityhub.core.clubs.messaging.application.engine.TemplateRenderer -- Notification template of N-17 has no value for class_description
03:24:02.303 [main] WARN com.agilityhub.core.clubs.messaging.application.engine.TemplateRenderer -- Notification template of N-17 has no value for dogs_count
03:24:02.303 [main] WARN com.agilityhub.core.clubs.messaging.application.engine.TemplateRenderer -- Notification template of N-17 has no value for class_date
03:24:02.303 [main] WARN com.agilityhub.core.clubs.messaging.application.engine.TemplateRenderer -- Notification template of N-17 has no value for class_time
03:24:02.303 [main] WARN com.agilityhub.core.clubs.messaging.application.engine.TemplateRenderer -- Notification template of N-17 has no value for class_description
03:24:02.303 [main] WARN com.agilityhub.core.clubs.messaging.application.engine.TemplateRenderer -- Notification template of N-17 has no value for dogs_count
03:24:02.304 [main] WARN com.agilityhub.core.clubs.messaging.application.engine.TemplateRenderer -- Notification template of N-17 has no value for class_date
03:24:02.304 [main] WARN com.agilityhub.core.clubs.messaging.application.engine.TemplateRenderer -- Notification template of N-17 has no value for class_time
03:24:02.304 [main] WARN com.agilityhub.core.clubs.messaging.application.engine.TemplateRenderer -- Notification template of N-17 has no value for class_description
03:24:02.304 [main] WARN com.agilityhub.core.clubs.messaging.application.engine.TemplateRenderer -- Notification template of N-17 has no value for dogs_count
03:24:02.304 [main] WARN com.agilityhub.core.clubs.messaging.application.engine.TemplateRenderer -- Notification template of N-17 has no value for class_date
03:24:02.304 [main] WARN com.agilityhub.core.clubs.messaging.application.engine.TemplateRenderer -- Notification template of N-17 has no value for class_time
03:24:02.304 [main] WARN com.agilityhub.core.clubs.messaging.application.engine.TemplateRenderer -- Notification template of N-17 has no value for class_description
03:24:02.304 [main] WARN com.agilityhub.core.clubs.messaging.application.engine.TemplateRenderer -- Notification template of N-17 has no value for dogs_count
03:24:02.305 [main] WARN com.agilityhub.core.clubs.messaging.application.engine.TemplateRenderer -- Notification template of N-17 has no value for class_date
03:24:02.305 [main] WARN com.agilityhub.core.clubs.messaging.application.engine.TemplateRenderer -- Notification template of N-17 has no value for class_time
03:24:02.305 [main] WARN com.agilityhub.core.clubs.messaging.application.engine.TemplateRenderer -- Notification template of N-17 has no value for class_description
03:24:02.305 [main] WARN com.agilityhub.core.clubs.messaging.application.engine.TemplateRenderer -- Notification template of N-17 has no value for dogs_count
03:24:02.305 [main] WARN com.agilityhub.core.clubs.messaging.application.engine.TemplateRenderer -- Notification template of N-17 has no value for class_date
03:24:02.305 [main] WARN com.agilityhub.core.clubs.messaging.application.engine.TemplateRenderer -- Notification template of N-17 has no value for class_time
03:24:02.305 [main] WARN com.agilityhub.core.clubs.messaging.application.engine.TemplateRenderer -- Notification template of N-17 has no value for class_description
03:24:02.305 [main] WARN com.agilityhub.core.clubs.messaging.application.engine.TemplateRenderer -- Notification template of N-17 has no value for dogs_count
03:24:02.306 [main] WARN com.agilityhub.core.clubs.messaging.application.engine.TemplateRenderer -- Notification template of N-17 has no value for class_date
03:24:02.306 [main] WARN com.agilityhub.core.clubs.messaging.application.engine.TemplateRenderer -- Notification template of N-17 has no value for class_time
03:24:02.306 [main] WARN com.agilityhub.core.clubs.messaging.application.engine.TemplateRenderer -- Notification template of N-17 has no value for class_description
03:24:02.306 [main] WARN com.agilityhub.core.clubs.messaging.application.engine.TemplateRenderer -- Notification template of N-17 has no value for dogs_count
03:24:02.306 [main] WARN com.agilityhub.core.clubs.messaging.application.engine.TemplateRenderer -- Notification template of N-17 has no value for class_date
03:24:02.306 [main] WARN com.agilityhub.core.clubs.messaging.application.engine.TemplateRenderer -- Notification template of N-17 has no value for class_time
03:24:02.306 [main] WARN com.agilityhub.core.clubs.messaging.application.engine.TemplateRenderer -- Notification template of N-17 has no value for class_description
03:24:02.306 [main] WARN com.agilityhub.core.clubs.messaging.application.engine.TemplateRenderer -- Notification template of N-17 has no value for dogs_count
03:24:02.307 [main] WARN com.agilityhub.core.clubs.messaging.application.engine.TemplateRenderer -- Notification template of N-17 has no value for class_date
03:24:02.307 [main] WARN com.agilityhub.core.clubs.messaging.application.engine.TemplateRenderer -- Notification template of N-17 has no value for class_time
03:24:02.307 [main] WARN com.agilityhub.core.clubs.messaging.application.engine.TemplateRenderer -- Notification template of N-17 has no value for class_description
03:24:02.307 [main] WARN com.agilityhub.core.clubs.messaging.application.engine.TemplateRenderer -- Notification template of N-17 has no value for dogs_count
03:24:02.307 [main] WARN com.agilityhub.core.clubs.messaging.application.engine.TemplateRenderer -- Notification template of N-17 has no value for class_date
03:24:02.307 [main] WARN com.agilityhub.core.clubs.messaging.application.engine.TemplateRenderer -- Notification template of N-17 has no value for class_time
03:24:02.307 [main] WARN com.agilityhub.core.clubs.messaging.application.engine.TemplateRenderer -- Notification template of N-17 has no value for class_description
03:24:02.307 [main] WARN com.agilityhub.core.clubs.messaging.application.engine.TemplateRenderer -- Notification template of N-17 has no value for dogs_count
03:24:02.308 [main] WARN com.agilityhub.core.clubs.messaging.application.engine.TemplateRenderer -- Notification template of N-17 has no value for class_date
03:24:02.308 [main] WARN com.agilityhub.core.clubs.messaging.application.engine.TemplateRenderer -- Notification template of N-17 has no value for class_time
03:24:02.308 [main] WARN com.agilityhub.core.clubs.messaging.application.engine.TemplateRenderer -- Notification template of N-17 has no value for class_description
03:24:02.308 [main] WARN com.agilityhub.core.clubs.messaging.application.engine.TemplateRenderer -- Notification template of N-17 has no value for dogs_count
03:24:02.308 [main] WARN com.agilityhub.core.clubs.messaging.application.engine.TemplateRenderer -- Notification template of N-17 has no value for class_date
03:24:02.308 [main] WARN com.agilityhub.core.clubs.messaging.application.engine.TemplateRenderer -- Notification template of N-17 has no value for class_time
03:24:02.308 [main] WARN com.agilityhub.core.clubs.messaging.application.engine.TemplateRenderer -- Notification template of N-17 has no value for class_description
03:24:02.308 [main] WARN com.agilityhub.core.clubs.messaging.application.engine.TemplateRenderer -- Notification template of N-17 has no value for dogs_count
03:24:02.309 [main] WARN com.agilityhub.core.clubs.messaging.application.engine.TemplateRenderer -- Notification template of N-17 has no value for class_date
03:24:02.309 [main] WARN com.agilityhub.core.clubs.messaging.application.engine.TemplateRenderer -- Notification template of N-17 has no value for class_time
03:24:02.309 [main] WARN com.agilityhub.core.clubs.messaging.application.engine.TemplateRenderer -- Notification template of N-17 has no value for class_description
03:24:02.309 [main] WARN com.agilityhub.core.clubs.messaging.application.engine.TemplateRenderer -- Notification template of N-17 has no value for dogs_count
03:24:02.309 [main] WARN com.agilityhub.core.clubs.messaging.application.engine.TemplateRenderer -- Notification template of N-18a has no value for member_name
03:24:02.309 [main] WARN com.agilityhub.core.clubs.messaging.application.engine.TemplateRenderer -- Notification template of N-18a has no value for from_month
03:24:02.309 [main] WARN com.agilityhub.core.clubs.messaging.application.engine.TemplateRenderer -- Notification template of N-18a has no value for to_month
03:24:02.310 [main] WARN com.agilityhub.core.clubs.messaging.application.engine.TemplateRenderer -- Notification template of N-18a has no value for member_name
03:24:02.310 [main] WARN com.agilityhub.core.clubs.messaging.application.engine.TemplateRenderer -- Notification template of N-18a has no value for from_month
03:24:02.310 [main] WARN com.agilityhub.core.clubs.messaging.application.engine.TemplateRenderer -- Notification template of N-18a has no value for to_month
03:24:02.310 [main] WARN com.agilityhub.core.clubs.messaging.application.engine.TemplateRenderer -- Notification template of N-18a has no value for member_name
03:24:02.310 [main] WARN com.agilityhub.core.clubs.messaging.application.engine.TemplateRenderer -- Notification template of N-18a has no value for from_month
03:24:02.310 [main] WARN com.agilityhub.core.clubs.messaging.application.engine.TemplateRenderer -- Notification template of N-18a has no value for to_month
03:24:02.311 [main] WARN com.agilityhub.core.clubs.messaging.application.engine.TemplateRenderer -- Notification template of N-18a has no value for member_name
03:24:02.311 [main] WARN com.agilityhub.core.clubs.messaging.application.engine.TemplateRenderer -- Notification template of N-18a has no value for from_month
03:24:02.311 [main] WARN com.agilityhub.core.clubs.messaging.application.engine.TemplateRenderer -- Notification template of N-18a has no value for to_month
03:24:02.312 [main] WARN com.agilityhub.core.clubs.messaging.application.engine.TemplateRenderer -- Notification template of N-18a has no value for member_name
03:24:02.312 [main] WARN com.agilityhub.core.clubs.messaging.application.engine.TemplateRenderer -- Notification template of N-18a has no value for from_month
03:24:02.312 [main] WARN com.agilityhub.core.clubs.messaging.application.engine.TemplateRenderer -- Notification template of N-18a has no value for to_month
03:24:02.312 [main] WARN com.agilityhub.core.clubs.messaging.application.engine.TemplateRenderer -- Notification template of N-18a has no value for member_name
03:24:02.312 [main] WARN com.agilityhub.core.clubs.messaging.application.engine.TemplateRenderer -- Notification template of N-18a has no value for from_month
03:24:02.312 [main] WARN com.agilityhub.core.clubs.messaging.application.engine.TemplateRenderer -- Notification template of N-18a has no value for to_month
03:24:02.313 [main] WARN com.agilityhub.core.clubs.messaging.application.engine.TemplateRenderer -- Notification template of N-18a has no value for member_name
03:24:02.313 [main] WARN com.agilityhub.core.clubs.messaging.application.engine.TemplateRenderer -- Notification template of N-18a has no value for from_month
03:24:02.313 [main] WARN com.agilityhub.core.clubs.messaging.application.engine.TemplateRenderer -- Notification template of N-18a has no value for to_month
03:24:02.314 [main] WARN com.agilityhub.core.clubs.messaging.application.engine.TemplateRenderer -- Notification template of N-18a has no value for member_name
03:24:02.314 [main] WARN com.agilityhub.core.clubs.messaging.application.engine.TemplateRenderer -- Notification template of N-18a has no value for from_month
03:24:02.314 [main] WARN com.agilityhub.core.clubs.messaging.application.engine.TemplateRenderer -- Notification template of N-18a has no value for to_month
03:24:02.315 [main] WARN com.agilityhub.core.clubs.messaging.application.engine.TemplateRenderer -- Notification template of N-18a has no value for member_name
03:24:02.315 [main] WARN com.agilityhub.core.clubs.messaging.application.engine.TemplateRenderer -- Notification template of N-18a has no value for from_month
03:24:02.315 [main] WARN com.agilityhub.core.clubs.messaging.application.engine.TemplateRenderer -- Notification template of N-18a has no value for to_month
03:24:02.315 [main] WARN com.agilityhub.core.clubs.messaging.application.engine.TemplateRenderer -- Notification template of N-18a has no value for member_name
03:24:02.315 [main] WARN com.agilityhub.core.clubs.messaging.application.engine.TemplateRenderer -- Notification template of N-18a has no value for from_month
03:24:02.315 [main] WARN com.agilityhub.core.clubs.messaging.application.engine.TemplateRenderer -- Notification template of N-18a has no value for to_month
03:24:02.316 [main] WARN com.agilityhub.core.clubs.messaging.application.engine.TemplateRenderer -- Notification template of N-18a has no value for member_name
03:24:02.316 [main] WARN com.agilityhub.core.clubs.messaging.application.engine.TemplateRenderer -- Notification template of N-18a has no value for from_month
03:24:02.316 [main] WARN com.agilityhub.core.clubs.messaging.application.engine.TemplateRenderer -- Notification template of N-18a has no value for to_month
03:24:02.316 [main] WARN com.agilityhub.core.clubs.messaging.application.engine.TemplateRenderer -- Notification template of N-18a has no value for member_name
03:24:02.316 [main] WARN com.agilityhub.core.clubs.messaging.application.engine.TemplateRenderer -- Notification template of N-18a has no value for from_month
03:24:02.316 [main] WARN com.agilityhub.core.clubs.messaging.application.engine.TemplateRenderer -- Notification template of N-18a has no value for to_month
03:24:02.317 [main] WARN com.agilityhub.core.clubs.messaging.application.engine.TemplateRenderer -- Notification template of N-18a has no value for member_name
03:24:02.317 [main] WARN com.agilityhub.core.clubs.messaging.application.engine.TemplateRenderer -- Notification template of N-18a has no value for from_month
03:24:02.317 [main] WARN com.agilityhub.core.clubs.messaging.application.engine.TemplateRenderer -- Notification template of N-18a has no value for to_month
03:24:02.318 [main] WARN com.agilityhub.core.clubs.messaging.application.engine.TemplateRenderer -- Notification template of N-18a has no value for member_name
03:24:02.318 [main] WARN com.agilityhub.core.clubs.messaging.application.engine.TemplateRenderer -- Notification template of N-18a has no value for from_month
03:24:02.318 [main] WARN com.agilityhub.core.clubs.messaging.application.engine.TemplateRenderer -- Notification template of N-18a has no value for to_month
03:24:02.318 [main] WARN com.agilityhub.core.clubs.messaging.application.engine.TemplateRenderer -- Notification template of N-18a has no value for member_name
03:24:02.318 [main] WARN com.agilityhub.core.clubs.messaging.application.engine.TemplateRenderer -- Notification template of N-18a has no value for from_month
03:24:02.318 [main] WARN com.agilityhub.core.clubs.messaging.application.engine.TemplateRenderer -- Notification template of N-18a has no value for to_month
03:24:02.319 [main] WARN com.agilityhub.core.clubs.messaging.application.engine.TemplateRenderer -- Notification template of N-18a has no value for member_name
03:24:02.319 [main] WARN com.agilityhub.core.clubs.messaging.application.engine.TemplateRenderer -- Notification template of N-18a has no value for from_month
03:24:02.319 [main] WARN com.agilityhub.core.clubs.messaging.application.engine.TemplateRenderer -- Notification template of N-18a has no value for to_month
03:24:02.320 [main] WARN com.agilityhub.core.clubs.messaging.application.engine.TemplateRenderer -- Notification template of N-18b has no value for decision
03:24:02.320 [main] WARN com.agilityhub.core.clubs.messaging.application.engine.TemplateRenderer -- Notification template of N-18b has no value for decision
03:24:02.320 [main] WARN com.agilityhub.core.clubs.messaging.application.engine.TemplateRenderer -- Notification template of N-18b has no value for decision
03:24:02.320 [main] WARN com.agilityhub.core.clubs.messaging.application.engine.TemplateRenderer -- Notification template of N-18b has no value for decision
03:24:02.321 [main] WARN com.agilityhub.core.clubs.messaging.application.engine.TemplateRenderer -- Notification template of N-18b has no value for decision
03:24:02.321 [main] WARN com.agilityhub.core.clubs.messaging.application.engine.TemplateRenderer -- Notification template of N-18b has no value for decision
03:24:02.321 [main] WARN com.agilityhub.core.clubs.messaging.application.engine.TemplateRenderer -- Notification template of N-18b has no value for decision
03:24:02.321 [main] WARN com.agilityhub.core.clubs.messaging.application.engine.TemplateRenderer -- Notification template of N-18b has no value for decision
03:24:02.322 [main] WARN com.agilityhub.core.clubs.messaging.application.engine.TemplateRenderer -- Notification template of N-18b has no value for decision
03:24:02.322 [main] WARN com.agilityhub.core.clubs.messaging.application.engine.TemplateRenderer -- Notification template of N-18b has no value for decision
03:24:02.323 [main] WARN com.agilityhub.core.clubs.messaging.application.engine.TemplateRenderer -- Notification template of N-18b has no value for decision
03:24:02.323 [main] WARN com.agilityhub.core.clubs.messaging.application.engine.TemplateRenderer -- Notification template of N-18b has no value for decision
03:24:02.323 [main] WARN com.agilityhub.core.clubs.messaging.application.engine.TemplateRenderer -- Notification template of N-18b has no value for decision
03:24:02.323 [main] WARN com.agilityhub.core.clubs.messaging.application.engine.TemplateRenderer -- Notification template of N-18b has no value for decision
03:24:02.323 [main] WARN com.agilityhub.core.clubs.messaging.application.engine.TemplateRenderer -- Notification template of N-18b has no value for decision
03:24:02.323 [main] WARN com.agilityhub.core.clubs.messaging.application.engine.TemplateRenderer -- Notification template of N-18b has no value for decision
03:24:02.324 [main] WARN com.agilityhub.core.clubs.messaging.application.engine.TemplateRenderer -- Notification template of N-18b has no value for decision
03:24:02.324 [main] WARN com.agilityhub.core.clubs.messaging.application.engine.TemplateRenderer -- Notification template of N-18b has no value for decision
03:24:02.325 [main] WARN com.agilityhub.core.clubs.messaging.application.engine.TemplateRenderer -- Notification template of N-18b has no value for decision
03:24:02.325 [main] WARN com.agilityhub.core.clubs.messaging.application.engine.TemplateRenderer -- Notification template of N-18b has no value for decision
03:24:02.325 [main] WARN com.agilityhub.core.clubs.messaging.application.engine.TemplateRenderer -- Notification template of N-18b has no value for decision
03:24:02.325 [main] WARN com.agilityhub.core.clubs.messaging.application.engine.TemplateRenderer -- Notification template of N-18b has no value for decision
03:24:02.326 [main] WARN com.agilityhub.core.clubs.messaging.application.engine.TemplateRenderer -- Notification template of N-18b has no value for decision
03:24:02.326 [main] WARN com.agilityhub.core.clubs.messaging.application.engine.TemplateRenderer -- Notification template of N-18b has no value for decision
03:24:02.327 [main] WARN com.agilityhub.core.clubs.messaging.application.engine.TemplateRenderer -- Notification template of N-18b has no value for decision
03:24:02.327 [main] WARN com.agilityhub.core.clubs.messaging.application.engine.TemplateRenderer -- Notification template of N-18b has no value for decision
03:24:02.327 [main] WARN com.agilityhub.core.clubs.messaging.application.engine.TemplateRenderer -- Notification template of N-18b has no value for decision
03:24:02.327 [main] WARN com.agilityhub.core.clubs.messaging.application.engine.TemplateRenderer -- Notification template of N-18b has no value for decision
03:24:02.328 [main] WARN com.agilityhub.core.clubs.messaging.application.engine.TemplateRenderer -- Notification template of N-18b has no value for decision
03:24:02.328 [main] WARN com.agilityhub.core.clubs.messaging.application.engine.TemplateRenderer -- Notification template of N-18b has no value for decision
03:24:02.328 [main] WARN com.agilityhub.core.clubs.messaging.application.engine.TemplateRenderer -- Notification template of N-18b has no value for decision
03:24:02.328 [main] WARN com.agilityhub.core.clubs.messaging.application.engine.TemplateRenderer -- Notification template of N-18b has no value for decision
03:24:02.355 [main] WARN com.agilityhub.core.clubs.messaging.application.engine.TemplateRenderer -- Notification template of N-21 has no value for dog_name
03:24:02.355 [main] WARN com.agilityhub.core.clubs.messaging.application.engine.TemplateRenderer -- Notification template of N-21 has no value for member_name
03:24:02.355 [main] WARN com.agilityhub.core.clubs.messaging.application.engine.TemplateRenderer -- Notification template of N-21 has no value for gender
03:24:02.355 [main] WARN com.agilityhub.core.clubs.messaging.application.engine.TemplateRenderer -- Notification template of N-21 has no value for task_excerpt
03:24:02.355 [main] WARN com.agilityhub.core.clubs.messaging.application.engine.TemplateRenderer -- Notification template of N-21 has no value for dog_name
03:24:02.355 [main] WARN com.agilityhub.core.clubs.messaging.application.engine.TemplateRenderer -- Notification template of N-21 has no value for member_name
03:24:02.355 [main] WARN com.agilityhub.core.clubs.messaging.application.engine.TemplateRenderer -- Notification template of N-21 has no value for gender
03:24:02.355 [main] WARN com.agilityhub.core.clubs.messaging.application.engine.TemplateRenderer -- Notification template of N-21 has no value for task_excerpt
03:24:02.355 [main] WARN com.agilityhub.core.clubs.messaging.application.engine.TemplateRenderer -- Notification template of N-21 has no value for dog_name
03:24:02.355 [main] WARN com.agilityhub.core.clubs.messaging.application.engine.TemplateRenderer -- Notification template of N-21 has no value for member_name
03:24:02.355 [main] WARN com.agilityhub.core.clubs.messaging.application.engine.TemplateRenderer -- Notification template of N-21 has no value for gender
03:24:02.355 [main] WARN com.agilityhub.core.clubs.messaging.application.engine.TemplateRenderer -- Notification template of N-21 has no value for task_excerpt
03:24:02.356 [main] WARN com.agilityhub.core.clubs.messaging.application.engine.TemplateRenderer -- Notification template of N-21 has no value for dog_name
03:24:02.356 [main] WARN com.agilityhub.core.clubs.messaging.application.engine.TemplateRenderer -- Notification template of N-21 has no value for member_name
03:24:02.356 [main] WARN com.agilityhub.core.clubs.messaging.application.engine.TemplateRenderer -- Notification template of N-21 has no value for gender
03:24:02.356 [main] WARN com.agilityhub.core.clubs.messaging.application.engine.TemplateRenderer -- Notification template of N-21 has no value for task_excerpt
03:24:02.357 [main] WARN com.agilityhub.core.clubs.messaging.application.engine.TemplateRenderer -- Notification template of N-21 has no value for dog_name
03:24:02.357 [main] WARN com.agilityhub.core.clubs.messaging.application.engine.TemplateRenderer -- Notification template of N-21 has no value for member_name
03:24:02.357 [main] WARN com.agilityhub.core.clubs.messaging.application.engine.TemplateRenderer -- Notification template of N-21 has no value for gender
03:24:02.357 [main] WARN com.agilityhub.core.clubs.messaging.application.engine.TemplateRenderer -- Notification template of N-21 has no value for task_excerpt
03:24:02.357 [main] WARN com.agilityhub.core.clubs.messaging.application.engine.TemplateRenderer -- Notification template of N-21 has no value for dog_name
03:24:02.357 [main] WARN com.agilityhub.core.clubs.messaging.application.engine.TemplateRenderer -- Notification template of N-21 has no value for member_name
03:24:02.357 [main] WARN com.agilityhub.core.clubs.messaging.application.engine.TemplateRenderer -- Notification template of N-21 has no value for gender
03:24:02.357 [main] WARN com.agilityhub.core.clubs.messaging.application.engine.TemplateRenderer -- Notification template of N-21 has no value for task_excerpt
03:24:02.357 [main] WARN com.agilityhub.core.clubs.messaging.application.engine.TemplateRenderer -- Notification template of N-21 has no value for dog_name
03:24:02.357 [main] WARN com.agilityhub.core.clubs.messaging.application.engine.TemplateRenderer -- Notification template of N-21 has no value for member_name
03:24:02.357 [main] WARN com.agilityhub.core.clubs.messaging.application.engine.TemplateRenderer -- Notification template of N-21 has no value for gender
03:24:02.357 [main] WARN com.agilityhub.core.clubs.messaging.application.engine.TemplateRenderer -- Notification template of N-21 has no value for task_excerpt
03:24:02.358 [main] WARN com.agilityhub.core.clubs.messaging.application.engine.TemplateRenderer -- Notification template of N-21 has no value for dog_name
03:24:02.358 [main] WARN com.agilityhub.core.clubs.messaging.application.engine.TemplateRenderer -- Notification template of N-21 has no value for member_name
03:24:02.358 [main] WARN com.agilityhub.core.clubs.messaging.application.engine.TemplateRenderer -- Notification template of N-21 has no value for gender
03:24:02.358 [main] WARN com.agilityhub.core.clubs.messaging.application.engine.TemplateRenderer -- Notification template of N-21 has no value for task_excerpt
03:24:02.359 [main] WARN com.agilityhub.core.clubs.messaging.application.engine.TemplateRenderer -- Notification template of N-21 has no value for dog_name
03:24:02.359 [main] WARN com.agilityhub.core.clubs.messaging.application.engine.TemplateRenderer -- Notification template of N-21 has no value for member_name
03:24:02.359 [main] WARN com.agilityhub.core.clubs.messaging.application.engine.TemplateRenderer -- Notification template of N-21 has no value for gender
03:24:02.359 [main] WARN com.agilityhub.core.clubs.messaging.application.engine.TemplateRenderer -- Notification template of N-21 has no value for task_excerpt
03:24:02.359 [main] WARN com.agilityhub.core.clubs.messaging.application.engine.TemplateRenderer -- Notification template of N-21 has no value for dog_name
03:24:02.359 [main] WARN com.agilityhub.core.clubs.messaging.application.engine.TemplateRenderer -- Notification template of N-21 has no value for member_name
03:24:02.359 [main] WARN com.agilityhub.core.clubs.messaging.application.engine.TemplateRenderer -- Notification template of N-21 has no value for gender
03:24:02.359 [main] WARN com.agilityhub.core.clubs.messaging.application.engine.TemplateRenderer -- Notification template of N-21 has no value for task_excerpt
03:24:02.359 [main] WARN com.agilityhub.core.clubs.messaging.application.engine.TemplateRenderer -- Notification template of N-21 has no value for dog_name
03:24:02.359 [main] WARN com.agilityhub.core.clubs.messaging.application.engine.TemplateRenderer -- Notification template of N-21 has no value for member_name
03:24:02.360 [main] WARN com.agilityhub.core.clubs.messaging.application.engine.TemplateRenderer -- Notification template of N-21 has no value for gender
03:24:02.360 [main] WARN com.agilityhub.core.clubs.messaging.application.engine.TemplateRenderer -- Notification template of N-21 has no value for task_excerpt
03:24:02.360 [main] WARN com.agilityhub.core.clubs.messaging.application.engine.TemplateRenderer -- Notification template of N-21 has no value for dog_name
03:24:02.360 [main] WARN com.agilityhub.core.clubs.messaging.application.engine.TemplateRenderer -- Notification template of N-21 has no value for member_name
03:24:02.360 [main] WARN com.agilityhub.core.clubs.messaging.application.engine.TemplateRenderer -- Notification template of N-21 has no value for gender
03:24:02.360 [main] WARN com.agilityhub.core.clubs.messaging.application.engine.TemplateRenderer -- Notification template of N-21 has no value for task_excerpt
03:24:02.361 [main] WARN com.agilityhub.core.clubs.messaging.application.engine.TemplateRenderer -- Notification template of N-21 has no value for dog_name
03:24:02.361 [main] WARN com.agilityhub.core.clubs.messaging.application.engine.TemplateRenderer -- Notification template of N-21 has no value for member_name
03:24:02.361 [main] WARN com.agilityhub.core.clubs.messaging.application.engine.TemplateRenderer -- Notification template of N-21 has no value for gender
03:24:02.361 [main] WARN com.agilityhub.core.clubs.messaging.application.engine.TemplateRenderer -- Notification template of N-21 has no value for task_excerpt
03:24:02.361 [main] WARN com.agilityhub.core.clubs.messaging.application.engine.TemplateRenderer -- Notification template of N-21 has no value for dog_name
03:24:02.361 [main] WARN com.agilityhub.core.clubs.messaging.application.engine.TemplateRenderer -- Notification template of N-21 has no value for member_name
03:24:02.361 [main] WARN com.agilityhub.core.clubs.messaging.application.engine.TemplateRenderer -- Notification template of N-21 has no value for gender
03:24:02.361 [main] WARN com.agilityhub.core.clubs.messaging.application.engine.TemplateRenderer -- Notification template of N-21 has no value for task_excerpt
03:24:02.362 [main] WARN com.agilityhub.core.clubs.messaging.application.engine.TemplateRenderer -- Notification template of N-21 has no value for dog_name
03:24:02.362 [main] WARN com.agilityhub.core.clubs.messaging.application.engine.TemplateRenderer -- Notification template of N-21 has no value for member_name
03:24:02.362 [main] WARN com.agilityhub.core.clubs.messaging.application.engine.TemplateRenderer -- Notification template of N-21 has no value for gender
03:24:02.362 [main] WARN com.agilityhub.core.clubs.messaging.application.engine.TemplateRenderer -- Notification template of N-21 has no value for task_excerpt
03:24:02.362 [main] WARN com.agilityhub.core.clubs.messaging.application.engine.TemplateRenderer -- Notification template of N-21 has no value for dog_name
03:24:02.362 [main] WARN com.agilityhub.core.clubs.messaging.application.engine.TemplateRenderer -- Notification template of N-21 has no value for member_name
03:24:02.362 [main] WARN com.agilityhub.core.clubs.messaging.application.engine.TemplateRenderer -- Notification template of N-21 has no value for gender
03:24:02.362 [main] WARN com.agilityhub.core.clubs.messaging.application.engine.TemplateRenderer -- Notification template of N-21 has no value for task_excerpt
03:24:02.363 [main] WARN com.agilityhub.core.clubs.messaging.application.engine.TemplateRenderer -- Notification template of N-22 has no value for gender
03:24:02.363 [main] WARN com.agilityhub.core.clubs.messaging.application.engine.TemplateRenderer -- Notification template of N-22 has no value for member_name
03:24:02.363 [main] WARN com.agilityhub.core.clubs.messaging.application.engine.TemplateRenderer -- Notification template of N-22 has no value for gender
03:24:02.363 [main] WARN com.agilityhub.core.clubs.messaging.application.engine.TemplateRenderer -- Notification template of N-22 has no value for dog_name
03:24:02.363 [main] WARN com.agilityhub.core.clubs.messaging.application.engine.TemplateRenderer -- Notification template of N-22 has no value for gender
03:24:02.363 [main] WARN com.agilityhub.core.clubs.messaging.application.engine.TemplateRenderer -- Notification template of N-22 has no value for member_name
03:24:02.363 [main] WARN com.agilityhub.core.clubs.messaging.application.engine.TemplateRenderer -- Notification template of N-22 has no value for gender
03:24:02.363 [main] WARN com.agilityhub.core.clubs.messaging.application.engine.TemplateRenderer -- Notification template of N-22 has no value for dog_name
03:24:02.364 [main] WARN com.agilityhub.core.clubs.messaging.application.engine.TemplateRenderer -- Notification template of N-22 has no value for gender
03:24:02.364 [main] WARN com.agilityhub.core.clubs.messaging.application.engine.TemplateRenderer -- Notification template of N-22 has no value for member_name
03:24:02.364 [main] WARN com.agilityhub.core.clubs.messaging.application.engine.TemplateRenderer -- Notification template of N-22 has no value for gender
03:24:02.364 [main] WARN com.agilityhub.core.clubs.messaging.application.engine.TemplateRenderer -- Notification template of N-22 has no value for dog_name
03:24:02.364 [main] WARN com.agilityhub.core.clubs.messaging.application.engine.TemplateRenderer -- Notification template of N-22 has no value for gender
03:24:02.364 [main] WARN com.agilityhub.core.clubs.messaging.application.engine.TemplateRenderer -- Notification template of N-22 has no value for member_name
03:24:02.364 [main] WARN com.agilityhub.core.clubs.messaging.application.engine.TemplateRenderer -- Notification template of N-22 has no value for gender
03:24:02.364 [main] WARN com.agilityhub.core.clubs.messaging.application.engine.TemplateRenderer -- Notification template of N-22 has no value for dog_name
03:24:02.365 [main] WARN com.agilityhub.core.clubs.messaging.application.engine.TemplateRenderer -- Notification template of N-22 has no value for gender
03:24:02.365 [main] WARN com.agilityhub.core.clubs.messaging.application.engine.TemplateRenderer -- Notification template of N-22 has no value for member_name
03:24:02.365 [main] WARN com.agilityhub.core.clubs.messaging.application.engine.TemplateRenderer -- Notification template of N-22 has no value for gender
03:24:02.365 [main] WARN com.agilityhub.core.clubs.messaging.application.engine.TemplateRenderer -- Notification template of N-22 has no value for dog_name
03:24:02.365 [main] WARN com.agilityhub.core.clubs.messaging.application.engine.TemplateRenderer -- Notification template of N-22 has no value for gender
03:24:02.365 [main] WARN com.agilityhub.core.clubs.messaging.application.engine.TemplateRenderer -- Notification template of N-22 has no value for member_name
03:24:02.365 [main] WARN com.agilityhub.core.clubs.messaging.application.engine.TemplateRenderer -- Notification template of N-22 has no value for gender
03:24:02.365 [main] WARN com.agilityhub.core.clubs.messaging.application.engine.TemplateRenderer -- Notification template of N-22 has no value for dog_name
03:24:02.366 [main] WARN com.agilityhub.core.clubs.messaging.application.engine.TemplateRenderer -- Notification template of N-22 has no value for gender
03:24:02.366 [main] WARN com.agilityhub.core.clubs.messaging.application.engine.TemplateRenderer -- Notification template of N-22 has no value for member_name
03:24:02.366 [main] WARN com.agilityhub.core.clubs.messaging.application.engine.TemplateRenderer -- Notification template of N-22 has no value for gender
03:24:02.366 [main] WARN com.agilityhub.core.clubs.messaging.application.engine.TemplateRenderer -- Notification template of N-22 has no value for dog_name
03:24:02.366 [main] WARN com.agilityhub.core.clubs.messaging.application.engine.TemplateRenderer -- Notification template of N-22 has no value for gender
03:24:02.366 [main] WARN com.agilityhub.core.clubs.messaging.application.engine.TemplateRenderer -- Notification template of N-22 has no value for member_name
03:24:02.366 [main] WARN com.agilityhub.core.clubs.messaging.application.engine.TemplateRenderer -- Notification template of N-22 has no value for gender
03:24:02.366 [main] WARN com.agilityhub.core.clubs.messaging.application.engine.TemplateRenderer -- Notification template of N-22 has no value for dog_name
03:24:02.367 [main] WARN com.agilityhub.core.clubs.messaging.application.engine.TemplateRenderer -- Notification template of N-22 has no value for gender
03:24:02.367 [main] WARN com.agilityhub.core.clubs.messaging.application.engine.TemplateRenderer -- Notification template of N-22 has no value for member_name
03:24:02.367 [main] WARN com.agilityhub.core.clubs.messaging.application.engine.TemplateRenderer -- Notification template of N-22 has no value for gender
03:24:02.367 [main] WARN com.agilityhub.core.clubs.messaging.application.engine.TemplateRenderer -- Notification template of N-22 has no value for dog_name
03:24:02.368 [main] WARN com.agilityhub.core.clubs.messaging.application.engine.TemplateRenderer -- Notification template of N-22 has no value for gender
03:24:02.368 [main] WARN com.agilityhub.core.clubs.messaging.application.engine.TemplateRenderer -- Notification template of N-22 has no value for member_name
03:24:02.368 [main] WARN com.agilityhub.core.clubs.messaging.application.engine.TemplateRenderer -- Notification template of N-22 has no value for gender
03:24:02.368 [main] WARN com.agilityhub.core.clubs.messaging.application.engine.TemplateRenderer -- Notification template of N-22 has no value for dog_name
03:24:02.368 [main] WARN com.agilityhub.core.clubs.messaging.application.engine.TemplateRenderer -- Notification template of N-22 has no value for gender
03:24:02.368 [main] WARN com.agilityhub.core.clubs.messaging.application.engine.TemplateRenderer -- Notification template of N-22 has no value for member_name
03:24:02.368 [main] WARN com.agilityhub.core.clubs.messaging.application.engine.TemplateRenderer -- Notification template of N-22 has no value for gender
03:24:02.368 [main] WARN com.agilityhub.core.clubs.messaging.application.engine.TemplateRenderer -- Notification template of N-22 has no value for dog_name
03:24:02.369 [main] WARN com.agilityhub.core.clubs.messaging.application.engine.TemplateRenderer -- Notification template of N-22 has no value for gender
03:24:02.369 [main] WARN com.agilityhub.core.clubs.messaging.application.engine.TemplateRenderer -- Notification template of N-22 has no value for member_name
03:24:02.369 [main] WARN com.agilityhub.core.clubs.messaging.application.engine.TemplateRenderer -- Notification template of N-22 has no value for gender
03:24:02.369 [main] WARN com.agilityhub.core.clubs.messaging.application.engine.TemplateRenderer -- Notification template of N-22 has no value for dog_name
03:24:02.370 [main] WARN com.agilityhub.core.clubs.messaging.application.engine.TemplateRenderer -- Notification template of N-22 has no value for gender
03:24:02.370 [main] WARN com.agilityhub.core.clubs.messaging.application.engine.TemplateRenderer -- Notification template of N-22 has no value for member_name
03:24:02.370 [main] WARN com.agilityhub.core.clubs.messaging.application.engine.TemplateRenderer -- Notification template of N-22 has no value for gender
03:24:02.370 [main] WARN com.agilityhub.core.clubs.messaging.application.engine.TemplateRenderer -- Notification template of N-22 has no value for dog_name
03:24:02.370 [main] WARN com.agilityhub.core.clubs.messaging.application.engine.TemplateRenderer -- Notification template of N-22 has no value for gender
03:24:02.370 [main] WARN com.agilityhub.core.clubs.messaging.application.engine.TemplateRenderer -- Notification template of N-22 has no value for member_name
03:24:02.370 [main] WARN com.agilityhub.core.clubs.messaging.application.engine.TemplateRenderer -- Notification template of N-22 has no value for gender
03:24:02.370 [main] WARN com.agilityhub.core.clubs.messaging.application.engine.TemplateRenderer -- Notification template of N-22 has no value for dog_name
03:24:02.370 [main] WARN com.agilityhub.core.clubs.messaging.application.engine.TemplateRenderer -- Notification template of N-22 has no value for gender
03:24:02.370 [main] WARN com.agilityhub.core.clubs.messaging.application.engine.TemplateRenderer -- Notification template of N-22 has no value for member_name
03:24:02.370 [main] WARN com.agilityhub.core.clubs.messaging.application.engine.TemplateRenderer -- Notification template of N-22 has no value for gender
03:24:02.370 [main] WARN com.agilityhub.core.clubs.messaging.application.engine.TemplateRenderer -- Notification template of N-22 has no value for dog_name
03:24:02.371 [main] WARN com.agilityhub.core.clubs.messaging.application.engine.TemplateRenderer -- Notification template of N-22 has no value for gender
03:24:02.371 [main] WARN com.agilityhub.core.clubs.messaging.application.engine.TemplateRenderer -- Notification template of N-22 has no value for member_name
03:24:02.371 [main] WARN com.agilityhub.core.clubs.messaging.application.engine.TemplateRenderer -- Notification template of N-22 has no value for gender
03:24:02.371 [main] WARN com.agilityhub.core.clubs.messaging.application.engine.TemplateRenderer -- Notification template of N-22 has no value for dog_name
03:24:02.399 [main] WARN com.agilityhub.core.clubs.messaging.application.engine.TemplateRenderer -- Notification template of N-29 has no value for active
03:24:02.399 [main] WARN com.agilityhub.core.clubs.messaging.application.engine.TemplateRenderer -- Notification template of N-29 has no value for active
03:24:02.399 [main] WARN com.agilityhub.core.clubs.messaging.application.engine.TemplateRenderer -- Notification template of N-29 has no value for active
03:24:02.399 [main] WARN com.agilityhub.core.clubs.messaging.application.engine.TemplateRenderer -- Notification template of N-29 has no value for active
03:24:02.399 [main] WARN com.agilityhub.core.clubs.messaging.application.engine.TemplateRenderer -- Notification template of N-29 has no value for active
03:24:02.399 [main] WARN com.agilityhub.core.clubs.messaging.application.engine.TemplateRenderer -- Notification template of N-29 has no value for active
03:24:02.400 [main] WARN com.agilityhub.core.clubs.messaging.application.engine.TemplateRenderer -- Notification template of N-29 has no value for active
03:24:02.400 [main] WARN com.agilityhub.core.clubs.messaging.application.engine.TemplateRenderer -- Notification template of N-29 has no value for active
03:24:02.400 [main] WARN com.agilityhub.core.clubs.messaging.application.engine.TemplateRenderer -- Notification template of N-29 has no value for active
03:24:02.400 [main] WARN com.agilityhub.core.clubs.messaging.application.engine.TemplateRenderer -- Notification template of N-29 has no value for active
03:24:02.400 [main] WARN com.agilityhub.core.clubs.messaging.application.engine.TemplateRenderer -- Notification template of N-29 has no value for active
03:24:02.400 [main] WARN com.agilityhub.core.clubs.messaging.application.engine.TemplateRenderer -- Notification template of N-29 has no value for active
03:24:02.401 [main] WARN com.agilityhub.core.clubs.messaging.application.engine.TemplateRenderer -- Notification template of N-29 has no value for active
03:24:02.401 [main] WARN com.agilityhub.core.clubs.messaging.application.engine.TemplateRenderer -- Notification template of N-29 has no value for active
03:24:02.401 [main] WARN com.agilityhub.core.clubs.messaging.application.engine.TemplateRenderer -- Notification template of N-29 has no value for active
03:24:02.401 [main] WARN com.agilityhub.core.clubs.messaging.application.engine.TemplateRenderer -- Notification template of N-29 has no value for active
03:24:02.402 [main] WARN com.agilityhub.core.clubs.messaging.application.engine.TemplateRenderer -- Notification template of N-29 has no value for active
03:24:02.402 [main] WARN com.agilityhub.core.clubs.messaging.application.engine.TemplateRenderer -- Notification template of N-29 has no value for active
03:24:02.402 [main] WARN com.agilityhub.core.clubs.messaging.application.engine.TemplateRenderer -- Notification template of N-29 has no value for active
03:24:02.402 [main] WARN com.agilityhub.core.clubs.messaging.application.engine.TemplateRenderer -- Notification template of N-29 has no value for active
03:24:02.403 [main] WARN com.agilityhub.core.clubs.messaging.application.engine.TemplateRenderer -- Notification template of N-29 has no value for active
03:24:02.403 [main] WARN com.agilityhub.core.clubs.messaging.application.engine.TemplateRenderer -- Notification template of N-29 has no value for active
03:24:02.403 [main] WARN com.agilityhub.core.clubs.messaging.application.engine.TemplateRenderer -- Notification template of N-29 has no value for active
03:24:02.403 [main] WARN com.agilityhub.core.clubs.messaging.application.engine.TemplateRenderer -- Notification template of N-29 has no value for active
03:24:02.404 [main] WARN com.agilityhub.core.clubs.messaging.application.engine.TemplateRenderer -- Notification template of N-29 has no value for active
03:24:02.404 [main] WARN com.agilityhub.core.clubs.messaging.application.engine.TemplateRenderer -- Notification template of N-29 has no value for active
03:24:02.404 [main] WARN com.agilityhub.core.clubs.messaging.application.engine.TemplateRenderer -- Notification template of N-29 has no value for active
03:24:02.404 [main] WARN com.agilityhub.core.clubs.messaging.application.engine.TemplateRenderer -- Notification template of N-29 has no value for active
03:24:02.405 [main] WARN com.agilityhub.core.clubs.messaging.application.engine.TemplateRenderer -- Notification template of N-29 has no value for active
03:24:02.405 [main] WARN com.agilityhub.core.clubs.messaging.application.engine.TemplateRenderer -- Notification template of N-29 has no value for active
03:24:02.405 [main] WARN com.agilityhub.core.clubs.messaging.application.engine.TemplateRenderer -- Notification template of N-29 has no value for active
03:24:02.405 [main] WARN com.agilityhub.core.clubs.messaging.application.engine.TemplateRenderer -- Notification template of N-29 has no value for active
03:24:02.429 [main] WARN com.agilityhub.core.clubs.messaging.application.engine.TemplateRenderer -- Notification template of N-32b has no value for state
03:24:02.429 [main] WARN com.agilityhub.core.clubs.messaging.application.engine.TemplateRenderer -- Notification template of N-32b has no value for state
03:24:02.429 [main] WARN com.agilityhub.core.clubs.messaging.application.engine.TemplateRenderer -- Notification template of N-32b has no value for state
03:24:02.429 [main] WARN com.agilityhub.core.clubs.messaging.application.engine.TemplateRenderer -- Notification template of N-32b has no value for state
03:24:02.430 [main] WARN com.agilityhub.core.clubs.messaging.application.engine.TemplateRenderer -- Notification template of N-32b has no value for state
03:24:02.430 [main] WARN com.agilityhub.core.clubs.messaging.application.engine.TemplateRenderer -- Notification template of N-32b has no value for state
03:24:02.430 [main] WARN com.agilityhub.core.clubs.messaging.application.engine.TemplateRenderer -- Notification template of N-32b has no value for state
03:24:02.430 [main] WARN com.agilityhub.core.clubs.messaging.application.engine.TemplateRenderer -- Notification template of N-32b has no value for state
03:24:02.431 [main] WARN com.agilityhub.core.clubs.messaging.application.engine.TemplateRenderer -- Notification template of N-32b has no value for state
03:24:02.431 [main] WARN com.agilityhub.core.clubs.messaging.application.engine.TemplateRenderer -- Notification template of N-32b has no value for state
03:24:02.431 [main] WARN com.agilityhub.core.clubs.messaging.application.engine.TemplateRenderer -- Notification template of N-32b has no value for state
03:24:02.431 [main] WARN com.agilityhub.core.clubs.messaging.application.engine.TemplateRenderer -- Notification template of N-32b has no value for state
03:24:02.432 [main] WARN com.agilityhub.core.clubs.messaging.application.engine.TemplateRenderer -- Notification template of N-32b has no value for state
03:24:02.432 [main] WARN com.agilityhub.core.clubs.messaging.application.engine.TemplateRenderer -- Notification template of N-32b has no value for state
03:24:02.432 [main] WARN com.agilityhub.core.clubs.messaging.application.engine.TemplateRenderer -- Notification template of N-32b has no value for state
03:24:02.432 [main] WARN com.agilityhub.core.clubs.messaging.application.engine.TemplateRenderer -- Notification template of N-32b has no value for state
03:24:02.433 [main] WARN com.agilityhub.core.clubs.messaging.application.engine.TemplateRenderer -- Notification template of N-32b has no value for state
03:24:02.433 [main] WARN com.agilityhub.core.clubs.messaging.application.engine.TemplateRenderer -- Notification template of N-32b has no value for state
03:24:02.433 [main] WARN com.agilityhub.core.clubs.messaging.application.engine.TemplateRenderer -- Notification template of N-32b has no value for state
03:24:02.434 [main] WARN com.agilityhub.core.clubs.messaging.application.engine.TemplateRenderer -- Notification template of N-32b has no value for state
03:24:02.434 [main] WARN com.agilityhub.core.clubs.messaging.application.engine.TemplateRenderer -- Notification template of N-32b has no value for state
03:24:02.434 [main] WARN com.agilityhub.core.clubs.messaging.application.engine.TemplateRenderer -- Notification template of N-32b has no value for state
03:24:02.434 [main] WARN com.agilityhub.core.clubs.messaging.application.engine.TemplateRenderer -- Notification template of N-32b has no value for state
03:24:02.434 [main] WARN com.agilityhub.core.clubs.messaging.application.engine.TemplateRenderer -- Notification template of N-32b has no value for state
03:24:02.435 [main] WARN com.agilityhub.core.clubs.messaging.application.engine.TemplateRenderer -- Notification template of N-32b has no value for state
03:24:02.435 [main] WARN com.agilityhub.core.clubs.messaging.application.engine.TemplateRenderer -- Notification template of N-32b has no value for state
03:24:02.436 [main] WARN com.agilityhub.core.clubs.messaging.application.engine.TemplateRenderer -- Notification template of N-32b has no value for state
03:24:02.436 [main] WARN com.agilityhub.core.clubs.messaging.application.engine.TemplateRenderer -- Notification template of N-32b has no value for state
03:24:02.436 [main] WARN com.agilityhub.core.clubs.messaging.application.engine.TemplateRenderer -- Notification template of N-32b has no value for state
03:24:02.436 [main] WARN com.agilityhub.core.clubs.messaging.application.engine.TemplateRenderer -- Notification template of N-32b has no value for state
03:24:02.436 [main] WARN com.agilityhub.core.clubs.messaging.application.engine.TemplateRenderer -- Notification template of N-32b has no value for state
03:24:02.436 [main] WARN com.agilityhub.core.clubs.messaging.application.engine.TemplateRenderer -- Notification template of N-32b has no value for state
03:24:02.458 [main] WARN com.agilityhub.core.clubs.messaging.application.engine.TemplateRenderer -- Notification template of N-34 has no value for count
03:24:02.458 [main] WARN com.agilityhub.core.clubs.messaging.application.engine.TemplateRenderer -- Notification template of N-34 has no value for oldest_days
03:24:02.459 [main] WARN com.agilityhub.core.clubs.messaging.application.engine.TemplateRenderer -- Notification template of N-34 has no value for count
03:24:02.459 [main] WARN com.agilityhub.core.clubs.messaging.application.engine.TemplateRenderer -- Notification template of N-34 has no value for oldest_days
03:24:02.459 [main] WARN com.agilityhub.core.clubs.messaging.application.engine.TemplateRenderer -- Notification template of N-34 has no value for count
03:24:02.459 [main] WARN com.agilityhub.core.clubs.messaging.application.engine.TemplateRenderer -- Notification template of N-34 has no value for oldest_days
03:24:02.459 [main] WARN com.agilityhub.core.clubs.messaging.application.engine.TemplateRenderer -- Notification template of N-34 has no value for count
03:24:02.459 [main] WARN com.agilityhub.core.clubs.messaging.application.engine.TemplateRenderer -- Notification template of N-34 has no value for oldest_days
03:24:02.460 [main] WARN com.agilityhub.core.clubs.messaging.application.engine.TemplateRenderer -- Notification template of N-34 has no value for count
03:24:02.460 [main] WARN com.agilityhub.core.clubs.messaging.application.engine.TemplateRenderer -- Notification template of N-34 has no value for oldest_days
03:24:02.460 [main] WARN com.agilityhub.core.clubs.messaging.application.engine.TemplateRenderer -- Notification template of N-34 has no value for count
03:24:02.460 [main] WARN com.agilityhub.core.clubs.messaging.application.engine.TemplateRenderer -- Notification template of N-34 has no value for oldest_days
03:24:02.461 [main] WARN com.agilityhub.core.clubs.messaging.application.engine.TemplateRenderer -- Notification template of N-34 has no value for count
03:24:02.461 [main] WARN com.agilityhub.core.clubs.messaging.application.engine.TemplateRenderer -- Notification template of N-34 has no value for oldest_days
03:24:02.461 [main] WARN com.agilityhub.core.clubs.messaging.application.engine.TemplateRenderer -- Notification template of N-34 has no value for count
03:24:02.461 [main] WARN com.agilityhub.core.clubs.messaging.application.engine.TemplateRenderer -- Notification template of N-34 has no value for oldest_days
03:24:02.461 [main] WARN com.agilityhub.core.clubs.messaging.application.engine.TemplateRenderer -- Notification template of N-34 has no value for count
03:24:02.461 [main] WARN com.agilityhub.core.clubs.messaging.application.engine.TemplateRenderer -- Notification template of N-34 has no value for oldest_days
03:24:02.462 [main] WARN com.agilityhub.core.clubs.messaging.application.engine.TemplateRenderer -- Notification template of N-34 has no value for count
03:24:02.462 [main] WARN com.agilityhub.core.clubs.messaging.application.engine.TemplateRenderer -- Notification template of N-34 has no value for oldest_days
03:24:02.462 [main] WARN com.agilityhub.core.clubs.messaging.application.engine.TemplateRenderer -- Notification template of N-34 has no value for count
03:24:02.462 [main] WARN com.agilityhub.core.clubs.messaging.application.engine.TemplateRenderer -- Notification template of N-34 has no value for oldest_days
03:24:02.463 [main] WARN com.agilityhub.core.clubs.messaging.application.engine.TemplateRenderer -- Notification template of N-34 has no value for count
03:24:02.463 [main] WARN com.agilityhub.core.clubs.messaging.application.engine.TemplateRenderer -- Notification template of N-34 has no value for oldest_days
03:24:02.463 [main] WARN com.agilityhub.core.clubs.messaging.application.engine.TemplateRenderer -- Notification template of N-34 has no value for count
03:24:02.463 [main] WARN com.agilityhub.core.clubs.messaging.application.engine.TemplateRenderer -- Notification template of N-34 has no value for oldest_days
03:24:02.464 [main] WARN com.agilityhub.core.clubs.messaging.application.engine.TemplateRenderer -- Notification template of N-34 has no value for count
03:24:02.464 [main] WARN com.agilityhub.core.clubs.messaging.application.engine.TemplateRenderer -- Notification template of N-34 has no value for oldest_days
03:24:02.465 [main] WARN com.agilityhub.core.clubs.messaging.application.engine.TemplateRenderer -- Notification template of N-34 has no value for count
03:24:02.465 [main] WARN com.agilityhub.core.clubs.messaging.application.engine.TemplateRenderer -- Notification template of N-34 has no value for oldest_days
03:24:02.465 [main] WARN com.agilityhub.core.clubs.messaging.application.engine.TemplateRenderer -- Notification template of N-34 has no value for count
03:24:02.465 [main] WARN com.agilityhub.core.clubs.messaging.application.engine.TemplateRenderer -- Notification template of N-34 has no value for oldest_days
03:24:02.474 [main] WARN com.agilityhub.core.clubs.messaging.application.engine.TemplateRenderer -- Notification template of N-36 has no value for change
03:24:02.474 [main] WARN com.agilityhub.core.clubs.messaging.application.engine.TemplateRenderer -- Notification template of N-36 has no value for change
03:24:02.475 [main] WARN com.agilityhub.core.clubs.messaging.application.engine.TemplateRenderer -- Notification template of N-36 has no value for change
03:24:02.475 [main] WARN com.agilityhub.core.clubs.messaging.application.engine.TemplateRenderer -- Notification template of N-36 has no value for change
03:24:02.475 [main] WARN com.agilityhub.core.clubs.messaging.application.engine.TemplateRenderer -- Notification template of N-36 has no value for change
03:24:02.475 [main] WARN com.agilityhub.core.clubs.messaging.application.engine.TemplateRenderer -- Notification template of N-36 has no value for change
03:24:02.476 [main] WARN com.agilityhub.core.clubs.messaging.application.engine.TemplateRenderer -- Notification template of N-36 has no value for change
03:24:02.476 [main] WARN com.agilityhub.core.clubs.messaging.application.engine.TemplateRenderer -- Notification template of N-36 has no value for change
03:24:02.476 [main] WARN com.agilityhub.core.clubs.messaging.application.engine.TemplateRenderer -- Notification template of N-36 has no value for change
03:24:02.476 [main] WARN com.agilityhub.core.clubs.messaging.application.engine.TemplateRenderer -- Notification template of N-36 has no value for change
03:24:02.477 [main] WARN com.agilityhub.core.clubs.messaging.application.engine.TemplateRenderer -- Notification template of N-36 has no value for change
03:24:02.477 [main] WARN com.agilityhub.core.clubs.messaging.application.engine.TemplateRenderer -- Notification template of N-36 has no value for change
03:24:02.477 [main] WARN com.agilityhub.core.clubs.messaging.application.engine.TemplateRenderer -- Notification template of N-36 has no value for change
03:24:02.477 [main] WARN com.agilityhub.core.clubs.messaging.application.engine.TemplateRenderer -- Notification template of N-36 has no value for change
03:24:02.477 [main] WARN com.agilityhub.core.clubs.messaging.application.engine.TemplateRenderer -- Notification template of N-36 has no value for change
03:24:02.477 [main] WARN com.agilityhub.core.clubs.messaging.application.engine.TemplateRenderer -- Notification template of N-36 has no value for change
03:24:02.478 [main] WARN com.agilityhub.core.clubs.messaging.application.engine.TemplateRenderer -- Notification template of N-36 has no value for change
03:24:02.478 [main] WARN com.agilityhub.core.clubs.messaging.application.engine.TemplateRenderer -- Notification template of N-36 has no value for change
03:24:02.478 [main] WARN com.agilityhub.core.clubs.messaging.application.engine.TemplateRenderer -- Notification template of N-36 has no value for change
03:24:02.478 [main] WARN com.agilityhub.core.clubs.messaging.application.engine.TemplateRenderer -- Notification template of N-36 has no value for change
03:24:02.478 [main] WARN com.agilityhub.core.clubs.messaging.application.engine.TemplateRenderer -- Notification template of N-36 has no value for change
03:24:02.478 [main] WARN com.agilityhub.core.clubs.messaging.application.engine.TemplateRenderer -- Notification template of N-36 has no value for change
03:24:02.479 [main] WARN com.agilityhub.core.clubs.messaging.application.engine.TemplateRenderer -- Notification template of N-36 has no value for change
03:24:02.479 [main] WARN com.agilityhub.core.clubs.messaging.application.engine.TemplateRenderer -- Notification template of N-36 has no value for change
03:24:02.479 [main] WARN com.agilityhub.core.clubs.messaging.application.engine.TemplateRenderer -- Notification template of N-36 has no value for change
03:24:02.479 [main] WARN com.agilityhub.core.clubs.messaging.application.engine.TemplateRenderer -- Notification template of N-36 has no value for change
03:24:02.480 [main] WARN com.agilityhub.core.clubs.messaging.application.engine.TemplateRenderer -- Notification template of N-36 has no value for change
03:24:02.480 [main] WARN com.agilityhub.core.clubs.messaging.application.engine.TemplateRenderer -- Notification template of N-36 has no value for change
03:24:02.480 [main] WARN com.agilityhub.core.clubs.messaging.application.engine.TemplateRenderer -- Notification template of N-36 has no value for change
03:24:02.480 [main] WARN com.agilityhub.core.clubs.messaging.application.engine.TemplateRenderer -- Notification template of N-36 has no value for change
03:24:02.480 [main] WARN com.agilityhub.core.clubs.messaging.application.engine.TemplateRenderer -- Notification template of N-36 has no value for change
03:24:02.480 [main] WARN com.agilityhub.core.clubs.messaging.application.engine.TemplateRenderer -- Notification template of N-36 has no value for change
03:24:02.481 [main] WARN com.agilityhub.core.clubs.messaging.application.engine.TemplateRenderer -- Notification template of N-36 has no value for change
03:24:02.481 [main] WARN com.agilityhub.core.clubs.messaging.application.engine.TemplateRenderer -- Notification template of N-36 has no value for change
03:24:02.481 [main] WARN com.agilityhub.core.clubs.messaging.application.engine.TemplateRenderer -- Notification template of N-36 has no value for change
03:24:02.481 [main] WARN com.agilityhub.core.clubs.messaging.application.engine.TemplateRenderer -- Notification template of N-36 has no value for change
03:24:02.481 [main] WARN com.agilityhub.core.clubs.messaging.application.engine.TemplateRenderer -- Notification template of N-36 has no value for change
03:24:02.481 [main] WARN com.agilityhub.core.clubs.messaging.application.engine.TemplateRenderer -- Notification template of N-36 has no value for change
03:24:02.482 [main] WARN com.agilityhub.core.clubs.messaging.application.engine.TemplateRenderer -- Notification template of N-36 has no value for change
03:24:02.482 [main] WARN com.agilityhub.core.clubs.messaging.application.engine.TemplateRenderer -- Notification template of N-36 has no value for change
03:24:02.482 [main] WARN com.agilityhub.core.clubs.messaging.application.engine.TemplateRenderer -- Notification template of N-36 has no value for change
03:24:02.482 [main] WARN com.agilityhub.core.clubs.messaging.application.engine.TemplateRenderer -- Notification template of N-36 has no value for change
03:24:02.483 [main] WARN com.agilityhub.core.clubs.messaging.application.engine.TemplateRenderer -- Notification template of N-36 has no value for change
03:24:02.483 [main] WARN com.agilityhub.core.clubs.messaging.application.engine.TemplateRenderer -- Notification template of N-36 has no value for change
03:24:02.483 [main] WARN com.agilityhub.core.clubs.messaging.application.engine.TemplateRenderer -- Notification template of N-36 has no value for change
03:24:02.483 [main] WARN com.agilityhub.core.clubs.messaging.application.engine.TemplateRenderer -- Notification template of N-36 has no value for change
03:24:02.483 [main] WARN com.agilityhub.core.clubs.messaging.application.engine.TemplateRenderer -- Notification template of N-36 has no value for change
03:24:02.483 [main] WARN com.agilityhub.core.clubs.messaging.application.engine.TemplateRenderer -- Notification template of N-36 has no value for change
03:24:02.484 [main] WARN com.agilityhub.core.clubs.messaging.application.engine.TemplateRenderer -- Notification template of N-37 has no value for change
03:24:02.484 [main] WARN com.agilityhub.core.clubs.messaging.application.engine.TemplateRenderer -- Notification template of N-37 has no value for change
03:24:02.484 [main] WARN com.agilityhub.core.clubs.messaging.application.engine.TemplateRenderer -- Notification template of N-37 has no value for change
03:24:02.484 [main] WARN com.agilityhub.core.clubs.messaging.application.engine.TemplateRenderer -- Notification template of N-37 has no value for change
03:24:02.484 [main] WARN com.agilityhub.core.clubs.messaging.application.engine.TemplateRenderer -- Notification template of N-37 has no value for change
03:24:02.484 [main] WARN com.agilityhub.core.clubs.messaging.application.engine.TemplateRenderer -- Notification template of N-37 has no value for change
03:24:02.485 [main] WARN com.agilityhub.core.clubs.messaging.application.engine.TemplateRenderer -- Notification template of N-37 has no value for change
03:24:02.485 [main] WARN com.agilityhub.core.clubs.messaging.application.engine.TemplateRenderer -- Notification template of N-37 has no value for change
03:24:02.485 [main] WARN com.agilityhub.core.clubs.messaging.application.engine.TemplateRenderer -- Notification template of N-37 has no value for change
03:24:02.485 [main] WARN com.agilityhub.core.clubs.messaging.application.engine.TemplateRenderer -- Notification template of N-37 has no value for change
03:24:02.485 [main] WARN com.agilityhub.core.clubs.messaging.application.engine.TemplateRenderer -- Notification template of N-37 has no value for change
03:24:02.485 [main] WARN com.agilityhub.core.clubs.messaging.application.engine.TemplateRenderer -- Notification template of N-37 has no value for change
03:24:02.486 [main] WARN com.agilityhub.core.clubs.messaging.application.engine.TemplateRenderer -- Notification template of N-37 has no value for change
03:24:02.486 [main] WARN com.agilityhub.core.clubs.messaging.application.engine.TemplateRenderer -- Notification template of N-37 has no value for change
03:24:02.486 [main] WARN com.agilityhub.core.clubs.messaging.application.engine.TemplateRenderer -- Notification template of N-37 has no value for change
03:24:02.486 [main] WARN com.agilityhub.core.clubs.messaging.application.engine.TemplateRenderer -- Notification template of N-37 has no value for change
03:24:02.486 [main] WARN com.agilityhub.core.clubs.messaging.application.engine.TemplateRenderer -- Notification template of N-37 has no value for change
03:24:02.486 [main] WARN com.agilityhub.core.clubs.messaging.application.engine.TemplateRenderer -- Notification template of N-37 has no value for change
03:24:02.487 [main] WARN com.agilityhub.core.clubs.messaging.application.engine.TemplateRenderer -- Notification template of N-37 has no value for change
03:24:02.487 [main] WARN com.agilityhub.core.clubs.messaging.application.engine.TemplateRenderer -- Notification template of N-37 has no value for change
03:24:02.487 [main] WARN com.agilityhub.core.clubs.messaging.application.engine.TemplateRenderer -- Notification template of N-37 has no value for change
03:24:02.487 [main] WARN com.agilityhub.core.clubs.messaging.application.engine.TemplateRenderer -- Notification template of N-37 has no value for change
03:24:02.488 [main] WARN com.agilityhub.core.clubs.messaging.application.engine.TemplateRenderer -- Notification template of N-37 has no value for change
03:24:02.488 [main] WARN com.agilityhub.core.clubs.messaging.application.engine.TemplateRenderer -- Notification template of N-37 has no value for change
03:24:02.488 [main] WARN com.agilityhub.core.clubs.messaging.application.engine.TemplateRenderer -- Notification template of N-37 has no value for change
03:24:02.488 [main] WARN com.agilityhub.core.clubs.messaging.application.engine.TemplateRenderer -- Notification template of N-37 has no value for change
03:24:02.488 [main] WARN com.agilityhub.core.clubs.messaging.application.engine.TemplateRenderer -- Notification template of N-37 has no value for change
03:24:02.488 [main] WARN com.agilityhub.core.clubs.messaging.application.engine.TemplateRenderer -- Notification template of N-37 has no value for change
03:24:02.489 [main] WARN com.agilityhub.core.clubs.messaging.application.engine.TemplateRenderer -- Notification template of N-37 has no value for change
03:24:02.489 [main] WARN com.agilityhub.core.clubs.messaging.application.engine.TemplateRenderer -- Notification template of N-37 has no value for change
03:24:02.489 [main] WARN com.agilityhub.core.clubs.messaging.application.engine.TemplateRenderer -- Notification template of N-37 has no value for change
03:24:02.489 [main] WARN com.agilityhub.core.clubs.messaging.application.engine.TemplateRenderer -- Notification template of N-37 has no value for change
03:24:02.497 [main] WARN com.agilityhub.core.clubs.messaging.application.engine.TemplateRenderer -- Notification template of N-18d has no value for member_name
03:24:02.497 [main] WARN com.agilityhub.core.clubs.messaging.application.engine.TemplateRenderer -- Notification template of N-18d has no value for from_month
03:24:02.497 [main] WARN com.agilityhub.core.clubs.messaging.application.engine.TemplateRenderer -- Notification template of N-18d has no value for to_month
03:24:02.497 [main] WARN com.agilityhub.core.clubs.messaging.application.engine.TemplateRenderer -- Notification template of N-18d has no value for member_name
03:24:02.497 [main] WARN com.agilityhub.core.clubs.messaging.application.engine.TemplateRenderer -- Notification template of N-18d has no value for from_month
03:24:02.497 [main] WARN com.agilityhub.core.clubs.messaging.application.engine.TemplateRenderer -- Notification template of N-18d has no value for to_month
03:24:02.498 [main] WARN com.agilityhub.core.clubs.messaging.application.engine.TemplateRenderer -- Notification template of N-18d has no value for member_name
03:24:02.498 [main] WARN com.agilityhub.core.clubs.messaging.application.engine.TemplateRenderer -- Notification template of N-18d has no value for from_month
03:24:02.498 [main] WARN com.agilityhub.core.clubs.messaging.application.engine.TemplateRenderer -- Notification template of N-18d has no value for to_month
03:24:02.498 [main] WARN com.agilityhub.core.clubs.messaging.application.engine.TemplateRenderer -- Notification template of N-18d has no value for member_name
03:24:02.498 [main] WARN com.agilityhub.core.clubs.messaging.application.engine.TemplateRenderer -- Notification template of N-18d has no value for from_month
03:24:02.498 [main] WARN com.agilityhub.core.clubs.messaging.application.engine.TemplateRenderer -- Notification template of N-18d has no value for to_month
03:24:02.499 [main] WARN com.agilityhub.core.clubs.messaging.application.engine.TemplateRenderer -- Notification template of N-18d has no value for member_name
03:24:02.499 [main] WARN com.agilityhub.core.clubs.messaging.application.engine.TemplateRenderer -- Notification template of N-18d has no value for from_month
03:24:02.499 [main] WARN com.agilityhub.core.clubs.messaging.application.engine.TemplateRenderer -- Notification template of N-18d has no value for to_month
03:24:02.499 [main] WARN com.agilityhub.core.clubs.messaging.application.engine.TemplateRenderer -- Notification template of N-18d has no value for member_name
03:24:02.499 [main] WARN com.agilityhub.core.clubs.messaging.application.engine.TemplateRenderer -- Notification template of N-18d has no value for from_month
03:24:02.499 [main] WARN com.agilityhub.core.clubs.messaging.application.engine.TemplateRenderer -- Notification template of N-18d has no value for to_month
03:24:02.500 [main] WARN com.agilityhub.core.clubs.messaging.application.engine.TemplateRenderer -- Notification template of N-18d has no value for member_name
03:24:02.500 [main] WARN com.agilityhub.core.clubs.messaging.application.engine.TemplateRenderer -- Notification template of N-18d has no value for from_month
03:24:02.500 [main] WARN com.agilityhub.core.clubs.messaging.application.engine.TemplateRenderer -- Notification template of N-18d has no value for to_month
03:24:02.500 [main] WARN com.agilityhub.core.clubs.messaging.application.engine.TemplateRenderer -- Notification template of N-18d has no value for member_name
03:24:02.500 [main] WARN com.agilityhub.core.clubs.messaging.application.engine.TemplateRenderer -- Notification template of N-18d has no value for from_month
03:24:02.500 [main] WARN com.agilityhub.core.clubs.messaging.application.engine.TemplateRenderer -- Notification template of N-18d has no value for to_month
03:24:02.501 [main] WARN com.agilityhub.core.clubs.messaging.application.engine.TemplateRenderer -- Notification template of N-18d has no value for member_name
03:24:02.501 [main] WARN com.agilityhub.core.clubs.messaging.application.engine.TemplateRenderer -- Notification template of N-18d has no value for from_month
03:24:02.501 [main] WARN com.agilityhub.core.clubs.messaging.application.engine.TemplateRenderer -- Notification template of N-18d has no value for to_month
03:24:02.501 [main] WARN com.agilityhub.core.clubs.messaging.application.engine.TemplateRenderer -- Notification template of N-18d has no value for member_name
03:24:02.501 [main] WARN com.agilityhub.core.clubs.messaging.application.engine.TemplateRenderer -- Notification template of N-18d has no value for from_month
03:24:02.501 [main] WARN com.agilityhub.core.clubs.messaging.application.engine.TemplateRenderer -- Notification template of N-18d has no value for to_month
03:24:02.501 [main] WARN com.agilityhub.core.clubs.messaging.application.engine.TemplateRenderer -- Notification template of N-18d has no value for member_name
03:24:02.501 [main] WARN com.agilityhub.core.clubs.messaging.application.engine.TemplateRenderer -- Notification template of N-18d has no value for from_month
03:24:02.501 [main] WARN com.agilityhub.core.clubs.messaging.application.engine.TemplateRenderer -- Notification template of N-18d has no value for to_month
03:24:02.502 [main] WARN com.agilityhub.core.clubs.messaging.application.engine.TemplateRenderer -- Notification template of N-18d has no value for member_name
03:24:02.502 [main] WARN com.agilityhub.core.clubs.messaging.application.engine.TemplateRenderer -- Notification template of N-18d has no value for from_month
03:24:02.502 [main] WARN com.agilityhub.core.clubs.messaging.application.engine.TemplateRenderer -- Notification template of N-18d has no value for to_month
03:24:02.503 [main] WARN com.agilityhub.core.clubs.messaging.application.engine.TemplateRenderer -- Notification template of N-18d has no value for member_name
03:24:02.503 [main] WARN com.agilityhub.core.clubs.messaging.application.engine.TemplateRenderer -- Notification template of N-18d has no value for from_month
03:24:02.503 [main] WARN com.agilityhub.core.clubs.messaging.application.engine.TemplateRenderer -- Notification template of N-18d has no value for to_month
03:24:02.503 [main] WARN com.agilityhub.core.clubs.messaging.application.engine.TemplateRenderer -- Notification template of N-18d has no value for member_name
03:24:02.503 [main] WARN com.agilityhub.core.clubs.messaging.application.engine.TemplateRenderer -- Notification template of N-18d has no value for from_month
03:24:02.503 [main] WARN com.agilityhub.core.clubs.messaging.application.engine.TemplateRenderer -- Notification template of N-18d has no value for to_month
03:24:02.503 [main] WARN com.agilityhub.core.clubs.messaging.application.engine.TemplateRenderer -- Notification template of N-18d has no value for member_name
03:24:02.503 [main] WARN com.agilityhub.core.clubs.messaging.application.engine.TemplateRenderer -- Notification template of N-18d has no value for from_month
03:24:02.503 [main] WARN com.agilityhub.core.clubs.messaging.application.engine.TemplateRenderer -- Notification template of N-18d has no value for to_month
03:24:02.504 [main] WARN com.agilityhub.core.clubs.messaging.application.engine.TemplateRenderer -- Notification template of N-18d has no value for member_name
03:24:02.504 [main] WARN com.agilityhub.core.clubs.messaging.application.engine.TemplateRenderer -- Notification template of N-18d has no value for from_month
03:24:02.504 [main] WARN com.agilityhub.core.clubs.messaging.application.engine.TemplateRenderer -- Notification template of N-18d has no value for to_month
03:24:02.523 [main] WARN com.agilityhub.core.clubs.messaging.application.engine.TemplateRenderer -- Notification template of N-41 has no value for period
03:24:02.523 [main] WARN com.agilityhub.core.clubs.messaging.application.engine.TemplateRenderer -- Notification template of N-41 has no value for pending_count
03:24:02.524 [main] WARN com.agilityhub.core.clubs.messaging.application.engine.TemplateRenderer -- Notification template of N-41 has no value for period
03:24:02.524 [main] WARN com.agilityhub.core.clubs.messaging.application.engine.TemplateRenderer -- Notification template of N-41 has no value for pending_count
03:24:02.524 [main] WARN com.agilityhub.core.clubs.messaging.application.engine.TemplateRenderer -- Notification template of N-41 has no value for period
03:24:02.524 [main] WARN com.agilityhub.core.clubs.messaging.application.engine.TemplateRenderer -- Notification template of N-41 has no value for pending_count
03:24:02.524 [main] WARN com.agilityhub.core.clubs.messaging.application.engine.TemplateRenderer -- Notification template of N-41 has no value for period
03:24:02.524 [main] WARN com.agilityhub.core.clubs.messaging.application.engine.TemplateRenderer -- Notification template of N-41 has no value for pending_count
03:24:02.525 [main] WARN com.agilityhub.core.clubs.messaging.application.engine.TemplateRenderer -- Notification template of N-41 has no value for period
03:24:02.525 [main] WARN com.agilityhub.core.clubs.messaging.application.engine.TemplateRenderer -- Notification template of N-41 has no value for pending_count
03:24:02.526 [main] WARN com.agilityhub.core.clubs.messaging.application.engine.TemplateRenderer -- Notification template of N-41 has no value for period
03:24:02.526 [main] WARN com.agilityhub.core.clubs.messaging.application.engine.TemplateRenderer -- Notification template of N-41 has no value for pending_count
03:24:02.526 [main] WARN com.agilityhub.core.clubs.messaging.application.engine.TemplateRenderer -- Notification template of N-41 has no value for period
03:24:02.526 [main] WARN com.agilityhub.core.clubs.messaging.application.engine.TemplateRenderer -- Notification template of N-41 has no value for pending_count
03:24:02.526 [main] WARN com.agilityhub.core.clubs.messaging.application.engine.TemplateRenderer -- Notification template of N-41 has no value for period
03:24:02.526 [main] WARN com.agilityhub.core.clubs.messaging.application.engine.TemplateRenderer -- Notification template of N-41 has no value for pending_count
03:24:02.527 [main] WARN com.agilityhub.core.clubs.messaging.application.engine.TemplateRenderer -- Notification template of N-41 has no value for period
03:24:02.527 [main] WARN com.agilityhub.core.clubs.messaging.application.engine.TemplateRenderer -- Notification template of N-41 has no value for pending_count
03:24:02.527 [main] WARN com.agilityhub.core.clubs.messaging.application.engine.TemplateRenderer -- Notification template of N-41 has no value for period
03:24:02.527 [main] WARN com.agilityhub.core.clubs.messaging.application.engine.TemplateRenderer -- Notification template of N-41 has no value for pending_count
03:24:02.528 [main] WARN com.agilityhub.core.clubs.messaging.application.engine.TemplateRenderer -- Notification template of N-41 has no value for period
03:24:02.528 [main] WARN com.agilityhub.core.clubs.messaging.application.engine.TemplateRenderer -- Notification template of N-41 has no value for pending_count
03:24:02.528 [main] WARN com.agilityhub.core.clubs.messaging.application.engine.TemplateRenderer -- Notification template of N-41 has no value for period
03:24:02.528 [main] WARN com.agilityhub.core.clubs.messaging.application.engine.TemplateRenderer -- Notification template of N-41 has no value for pending_count
03:24:02.529 [main] WARN com.agilityhub.core.clubs.messaging.application.engine.TemplateRenderer -- Notification template of N-41 has no value for period
03:24:02.529 [main] WARN com.agilityhub.core.clubs.messaging.application.engine.TemplateRenderer -- Notification template of N-41 has no value for pending_count
03:24:02.529 [main] WARN com.agilityhub.core.clubs.messaging.application.engine.TemplateRenderer -- Notification template of N-41 has no value for period
03:24:02.529 [main] WARN com.agilityhub.core.clubs.messaging.application.engine.TemplateRenderer -- Notification template of N-41 has no value for pending_count
03:24:02.530 [main] WARN com.agilityhub.core.clubs.messaging.application.engine.TemplateRenderer -- Notification template of N-41 has no value for period
03:24:02.530 [main] WARN com.agilityhub.core.clubs.messaging.application.engine.TemplateRenderer -- Notification template of N-41 has no value for pending_count
03:24:02.530 [main] WARN com.agilityhub.core.clubs.messaging.application.engine.TemplateRenderer -- Notification template of N-41 has no value for period
03:24:02.530 [main] WARN com.agilityhub.core.clubs.messaging.application.engine.TemplateRenderer -- Notification template of N-41 has no value for pending_count
03:24:02.531 [main] WARN com.agilityhub.core.clubs.messaging.application.engine.TemplateRenderer -- Notification template of N-42 has no value for job_name
03:24:02.531 [main] WARN com.agilityhub.core.clubs.messaging.application.engine.TemplateRenderer -- Notification template of N-42 has no value for error_count
03:24:02.531 [main] WARN com.agilityhub.core.clubs.messaging.application.engine.TemplateRenderer -- Notification template of N-42 has no value for job_name
03:24:02.531 [main] WARN com.agilityhub.core.clubs.messaging.application.engine.TemplateRenderer -- Notification template of N-42 has no value for error_count
03:24:02.532 [main] WARN com.agilityhub.core.clubs.messaging.application.engine.TemplateRenderer -- Notification template of N-42 has no value for job_name
03:24:02.532 [main] WARN com.agilityhub.core.clubs.messaging.application.engine.TemplateRenderer -- Notification template of N-42 has no value for error_count
03:24:02.532 [main] WARN com.agilityhub.core.clubs.messaging.application.engine.TemplateRenderer -- Notification template of N-42 has no value for job_name
03:24:02.532 [main] WARN com.agilityhub.core.clubs.messaging.application.engine.TemplateRenderer -- Notification template of N-42 has no value for error_count
03:24:02.532 [main] WARN com.agilityhub.core.clubs.messaging.application.engine.TemplateRenderer -- Notification template of N-42 has no value for job_name
03:24:02.532 [main] WARN com.agilityhub.core.clubs.messaging.application.engine.TemplateRenderer -- Notification template of N-42 has no value for error_count
03:24:02.533 [main] WARN com.agilityhub.core.clubs.messaging.application.engine.TemplateRenderer -- Notification template of N-42 has no value for job_name
03:24:02.533 [main] WARN com.agilityhub.core.clubs.messaging.application.engine.TemplateRenderer -- Notification template of N-42 has no value for error_count
03:24:02.533 [main] WARN com.agilityhub.core.clubs.messaging.application.engine.TemplateRenderer -- Notification template of N-42 has no value for job_name
03:24:02.533 [main] WARN com.agilityhub.core.clubs.messaging.application.engine.TemplateRenderer -- Notification template of N-42 has no value for error_count
03:24:02.533 [main] WARN com.agilityhub.core.clubs.messaging.application.engine.TemplateRenderer -- Notification template of N-42 has no value for job_name
03:24:02.533 [main] WARN com.agilityhub.core.clubs.messaging.application.engine.TemplateRenderer -- Notification template of N-42 has no value for error_count
03:24:02.534 [main] WARN com.agilityhub.core.clubs.messaging.application.engine.TemplateRenderer -- Notification template of N-42 has no value for job_name
03:24:02.534 [main] WARN com.agilityhub.core.clubs.messaging.application.engine.TemplateRenderer -- Notification template of N-42 has no value for error_count
03:24:02.534 [main] WARN com.agilityhub.core.clubs.messaging.application.engine.TemplateRenderer -- Notification template of N-42 has no value for job_name
03:24:02.534 [main] WARN com.agilityhub.core.clubs.messaging.application.engine.TemplateRenderer -- Notification template of N-42 has no value for error_count
03:24:02.535 [main] WARN com.agilityhub.core.clubs.messaging.application.engine.TemplateRenderer -- Notification template of N-42 has no value for job_name
03:24:02.535 [main] WARN com.agilityhub.core.clubs.messaging.application.engine.TemplateRenderer -- Notification template of N-42 has no value for error_count
03:24:02.535 [main] WARN com.agilityhub.core.clubs.messaging.application.engine.TemplateRenderer -- Notification template of N-42 has no value for job_name
03:24:02.535 [main] WARN com.agilityhub.core.clubs.messaging.application.engine.TemplateRenderer -- Notification template of N-42 has no value for error_count
03:24:02.535 [main] WARN com.agilityhub.core.clubs.messaging.application.engine.TemplateRenderer -- Notification template of N-42 has no value for job_name
03:24:02.535 [main] WARN com.agilityhub.core.clubs.messaging.application.engine.TemplateRenderer -- Notification template of N-42 has no value for error_count
03:24:02.536 [main] WARN com.agilityhub.core.clubs.messaging.application.engine.TemplateRenderer -- Notification template of N-42 has no value for job_name
03:24:02.536 [main] WARN com.agilityhub.core.clubs.messaging.application.engine.TemplateRenderer -- Notification template of N-42 has no value for error_count
03:24:02.536 [main] WARN com.agilityhub.core.clubs.messaging.application.engine.TemplateRenderer -- Notification template of N-42 has no value for job_name
03:24:02.536 [main] WARN com.agilityhub.core.clubs.messaging.application.engine.TemplateRenderer -- Notification template of N-42 has no value for error_count
03:24:02.537 [main] WARN com.agilityhub.core.clubs.messaging.application.engine.TemplateRenderer -- Notification template of N-42 has no value for job_name
03:24:02.537 [main] WARN com.agilityhub.core.clubs.messaging.application.engine.TemplateRenderer -- Notification template of N-42 has no value for error_count
03:24:02.552 [main] WARN com.agilityhub.core.clubs.messaging.application.engine.TemplateRenderer -- Notification template of N-47 has no value for change
03:24:02.552 [main] WARN com.agilityhub.core.clubs.messaging.application.engine.TemplateRenderer -- Notification template of N-47 has no value for change
03:24:02.552 [main] WARN com.agilityhub.core.clubs.messaging.application.engine.TemplateRenderer -- Notification template of N-47 has no value for has_admin_text
03:24:02.552 [main] WARN com.agilityhub.core.clubs.messaging.application.engine.TemplateRenderer -- Notification template of N-47 has no value for change
03:24:02.552 [main] WARN com.agilityhub.core.clubs.messaging.application.engine.TemplateRenderer -- Notification template of N-47 has no value for change
03:24:02.552 [main] WARN com.agilityhub.core.clubs.messaging.application.engine.TemplateRenderer -- Notification template of N-47 has no value for has_admin_text
03:24:02.553 [main] WARN com.agilityhub.core.clubs.messaging.application.engine.TemplateRenderer -- Notification template of N-47 has no value for change
03:24:02.554 [main] WARN com.agilityhub.core.clubs.messaging.application.engine.TemplateRenderer -- Notification template of N-47 has no value for change
03:24:02.554 [main] WARN com.agilityhub.core.clubs.messaging.application.engine.TemplateRenderer -- Notification template of N-47 has no value for has_admin_text
03:24:02.555 [main] WARN com.agilityhub.core.clubs.messaging.application.engine.TemplateRenderer -- Notification template of N-47 has no value for change
03:24:02.555 [main] WARN com.agilityhub.core.clubs.messaging.application.engine.TemplateRenderer -- Notification template of N-47 has no value for change
03:24:02.555 [main] WARN com.agilityhub.core.clubs.messaging.application.engine.TemplateRenderer -- Notification template of N-47 has no value for has_admin_text
03:24:02.556 [main] WARN com.agilityhub.core.clubs.messaging.application.engine.TemplateRenderer -- Notification template of N-47 has no value for change
03:24:02.556 [main] WARN com.agilityhub.core.clubs.messaging.application.engine.TemplateRenderer -- Notification template of N-47 has no value for change
03:24:02.556 [main] WARN com.agilityhub.core.clubs.messaging.application.engine.TemplateRenderer -- Notification template of N-47 has no value for has_admin_text
03:24:02.557 [main] WARN com.agilityhub.core.clubs.messaging.application.engine.TemplateRenderer -- Notification template of N-47 has no value for change
03:24:02.557 [main] WARN com.agilityhub.core.clubs.messaging.application.engine.TemplateRenderer -- Notification template of N-47 has no value for change
03:24:02.557 [main] WARN com.agilityhub.core.clubs.messaging.application.engine.TemplateRenderer -- Notification template of N-47 has no value for has_admin_text
03:24:02.557 [main] WARN com.agilityhub.core.clubs.messaging.application.engine.TemplateRenderer -- Notification template of N-47 has no value for change
03:24:02.557 [main] WARN com.agilityhub.core.clubs.messaging.application.engine.TemplateRenderer -- Notification template of N-47 has no value for change
03:24:02.557 [main] WARN com.agilityhub.core.clubs.messaging.application.engine.TemplateRenderer -- Notification template of N-47 has no value for has_admin_text
03:24:02.558 [main] WARN com.agilityhub.core.clubs.messaging.application.engine.TemplateRenderer -- Notification template of N-47 has no value for change
03:24:02.558 [main] WARN com.agilityhub.core.clubs.messaging.application.engine.TemplateRenderer -- Notification template of N-47 has no value for change
03:24:02.558 [main] WARN com.agilityhub.core.clubs.messaging.application.engine.TemplateRenderer -- Notification template of N-47 has no value for has_admin_text
03:24:02.559 [main] WARN com.agilityhub.core.clubs.messaging.application.engine.TemplateRenderer -- Notification template of N-47 has no value for change
03:24:02.559 [main] WARN com.agilityhub.core.clubs.messaging.application.engine.TemplateRenderer -- Notification template of N-47 has no value for change
03:24:02.559 [main] WARN com.agilityhub.core.clubs.messaging.application.engine.TemplateRenderer -- Notification template of N-47 has no value for has_admin_text
03:24:02.559 [main] WARN com.agilityhub.core.clubs.messaging.application.engine.TemplateRenderer -- Notification template of N-47 has no value for change
03:24:02.559 [main] WARN com.agilityhub.core.clubs.messaging.application.engine.TemplateRenderer -- Notification template of N-47 has no value for change
03:24:02.559 [main] WARN com.agilityhub.core.clubs.messaging.application.engine.TemplateRenderer -- Notification template of N-47 has no value for has_admin_text
03:24:02.560 [main] WARN com.agilityhub.core.clubs.messaging.application.engine.TemplateRenderer -- Notification template of N-47 has no value for change
03:24:02.560 [main] WARN com.agilityhub.core.clubs.messaging.application.engine.TemplateRenderer -- Notification template of N-47 has no value for change
03:24:02.560 [main] WARN com.agilityhub.core.clubs.messaging.application.engine.TemplateRenderer -- Notification template of N-47 has no value for has_admin_text
03:24:02.560 [main] WARN com.agilityhub.core.clubs.messaging.application.engine.TemplateRenderer -- Notification template of N-47 has no value for change
03:24:02.560 [main] WARN com.agilityhub.core.clubs.messaging.application.engine.TemplateRenderer -- Notification template of N-47 has no value for change
03:24:02.560 [main] WARN com.agilityhub.core.clubs.messaging.application.engine.TemplateRenderer -- Notification template of N-47 has no value for has_admin_text
03:24:02.562 [main] WARN com.agilityhub.core.clubs.messaging.application.engine.TemplateRenderer -- Notification template of N-47 has no value for change
03:24:02.562 [main] WARN com.agilityhub.core.clubs.messaging.application.engine.TemplateRenderer -- Notification template of N-47 has no value for change
03:24:02.562 [main] WARN com.agilityhub.core.clubs.messaging.application.engine.TemplateRenderer -- Notification template of N-47 has no value for has_admin_text
03:24:02.562 [main] WARN com.agilityhub.core.clubs.messaging.application.engine.TemplateRenderer -- Notification template of N-47 has no value for change
03:24:02.562 [main] WARN com.agilityhub.core.clubs.messaging.application.engine.TemplateRenderer -- Notification template of N-47 has no value for change
03:24:02.562 [main] WARN com.agilityhub.core.clubs.messaging.application.engine.TemplateRenderer -- Notification template of N-47 has no value for has_admin_text
03:24:02.562 [main] WARN com.agilityhub.core.clubs.messaging.application.engine.TemplateRenderer -- Notification template of N-47 has no value for change
03:24:02.562 [main] WARN com.agilityhub.core.clubs.messaging.application.engine.TemplateRenderer -- Notification template of N-47 has no value for change
03:24:02.562 [main] WARN com.agilityhub.core.clubs.messaging.application.engine.TemplateRenderer -- Notification template of N-47 has no value for has_admin_text
03:24:02.563 [main] WARN com.agilityhub.core.clubs.messaging.application.engine.TemplateRenderer -- Notification template of N-47 has no value for change
03:24:02.563 [main] WARN com.agilityhub.core.clubs.messaging.application.engine.TemplateRenderer -- Notification template of N-47 has no value for change
03:24:02.563 [main] WARN com.agilityhub.core.clubs.messaging.application.engine.TemplateRenderer -- Notification template of N-47 has no value for has_admin_text
03:24:02.564 [main] WARN com.agilityhub.core.clubs.messaging.application.engine.TemplateRenderer -- Notification template of N-47 has no value for change
03:24:02.565 [main] WARN com.agilityhub.core.clubs.messaging.application.engine.TemplateRenderer -- Notification template of N-47 has no value for change
03:24:02.565 [main] WARN com.agilityhub.core.clubs.messaging.application.engine.TemplateRenderer -- Notification template of N-47 has no value for has_admin_text
03:24:02.565 [main] WARN com.agilityhub.core.clubs.messaging.application.engine.TemplateRenderer -- Notification template of N-47 has no value for change
03:24:02.565 [main] WARN com.agilityhub.core.clubs.messaging.application.engine.TemplateRenderer -- Notification template of N-47 has no value for change
03:24:02.565 [main] WARN com.agilityhub.core.clubs.messaging.application.engine.TemplateRenderer -- Notification template of N-47 has no value for has_admin_text
03:24:02.566 [main] WARN com.agilityhub.core.clubs.messaging.application.engine.TemplateRenderer -- Notification template of N-47 has no value for change
03:24:02.566 [main] WARN com.agilityhub.core.clubs.messaging.application.engine.TemplateRenderer -- Notification template of N-47 has no value for change
03:24:02.566 [main] WARN com.agilityhub.core.clubs.messaging.application.engine.TemplateRenderer -- Notification template of N-47 has no value for has_admin_text
03:24:02.566 [main] WARN com.agilityhub.core.clubs.messaging.application.engine.TemplateRenderer -- Notification template of N-47 has no value for change
03:24:02.566 [main] WARN com.agilityhub.core.clubs.messaging.application.engine.TemplateRenderer -- Notification template of N-47 has no value for change
03:24:02.566 [main] WARN com.agilityhub.core.clubs.messaging.application.engine.TemplateRenderer -- Notification template of N-47 has no value for has_admin_text
03:24:02.567 [main] WARN com.agilityhub.core.clubs.messaging.application.engine.TemplateRenderer -- Notification template of N-47 has no value for change
03:24:02.567 [main] WARN com.agilityhub.core.clubs.messaging.application.engine.TemplateRenderer -- Notification template of N-47 has no value for change
03:24:02.567 [main] WARN com.agilityhub.core.clubs.messaging.application.engine.TemplateRenderer -- Notification template of N-47 has no value for has_admin_text
03:24:02.568 [main] WARN com.agilityhub.core.clubs.messaging.application.engine.TemplateRenderer -- Notification template of N-47 has no value for change
03:24:02.568 [main] WARN com.agilityhub.core.clubs.messaging.application.engine.TemplateRenderer -- Notification template of N-47 has no value for change
03:24:02.568 [main] WARN com.agilityhub.core.clubs.messaging.application.engine.TemplateRenderer -- Notification template of N-47 has no value for has_admin_text
03:24:02.569 [main] WARN com.agilityhub.core.clubs.messaging.application.engine.TemplateRenderer -- Notification template of N-47 has no value for change
03:24:02.569 [main] WARN com.agilityhub.core.clubs.messaging.application.engine.TemplateRenderer -- Notification template of N-47 has no value for change
03:24:02.569 [main] WARN com.agilityhub.core.clubs.messaging.application.engine.TemplateRenderer -- Notification template of N-47 has no value for has_admin_text
03:24:02.570 [main] WARN com.agilityhub.core.clubs.messaging.application.engine.TemplateRenderer -- Notification template of N-47 has no value for change
03:24:02.570 [main] WARN com.agilityhub.core.clubs.messaging.application.engine.TemplateRenderer -- Notification template of N-47 has no value for change
03:24:02.570 [main] WARN com.agilityhub.core.clubs.messaging.application.engine.TemplateRenderer -- Notification template of N-47 has no value for has_admin_text
03:24:02.573 [main] WARN com.agilityhub.core.clubs.messaging.application.engine.TemplateRenderer -- Notification template of N-49 has no value for cap
03:24:02.573 [main] WARN com.agilityhub.core.clubs.messaging.application.engine.TemplateRenderer -- Notification template of N-49 has no value for month
03:24:02.573 [main] WARN com.agilityhub.core.clubs.messaging.application.engine.TemplateRenderer -- Notification template of N-49 has no value for cap
03:24:02.573 [main] WARN com.agilityhub.core.clubs.messaging.application.engine.TemplateRenderer -- Notification template of N-49 has no value for month
03:24:02.575 [main] WARN com.agilityhub.core.clubs.messaging.application.engine.TemplateRenderer -- Notification template of N-49 has no value for cap
03:24:02.575 [main] WARN com.agilityhub.core.clubs.messaging.application.engine.TemplateRenderer -- Notification template of N-49 has no value for month
03:24:02.576 [main] WARN com.agilityhub.core.clubs.messaging.application.engine.TemplateRenderer -- Notification template of N-49 has no value for cap
03:24:02.576 [main] WARN com.agilityhub.core.clubs.messaging.application.engine.TemplateRenderer -- Notification template of N-49 has no value for month
03:24:02.577 [main] WARN com.agilityhub.core.clubs.messaging.application.engine.TemplateRenderer -- Notification template of N-49 has no value for cap
03:24:02.577 [main] WARN com.agilityhub.core.clubs.messaging.application.engine.TemplateRenderer -- Notification template of N-49 has no value for month
03:24:02.578 [main] WARN com.agilityhub.core.clubs.messaging.application.engine.TemplateRenderer -- Notification template of N-49 has no value for cap
03:24:02.578 [main] WARN com.agilityhub.core.clubs.messaging.application.engine.TemplateRenderer -- Notification template of N-49 has no value for month
03:24:02.580 [main] WARN com.agilityhub.core.clubs.messaging.application.engine.TemplateRenderer -- Notification template of N-49 has no value for cap
03:24:02.580 [main] WARN com.agilityhub.core.clubs.messaging.application.engine.TemplateRenderer -- Notification template of N-49 has no value for month
03:24:02.581 [main] WARN com.agilityhub.core.clubs.messaging.application.engine.TemplateRenderer -- Notification template of N-49 has no value for cap
03:24:02.581 [main] WARN com.agilityhub.core.clubs.messaging.application.engine.TemplateRenderer -- Notification template of N-49 has no value for month
03:24:02.583 [main] WARN com.agilityhub.core.clubs.messaging.application.engine.TemplateRenderer -- Notification template of N-51 has no value for email
03:24:02.583 [main] WARN com.agilityhub.core.clubs.messaging.application.engine.TemplateRenderer -- Notification template of N-51 has no value for member_name
03:24:02.583 [main] WARN com.agilityhub.core.clubs.messaging.application.engine.TemplateRenderer -- Notification template of N-51 has no value for email
03:24:02.583 [main] WARN com.agilityhub.core.clubs.messaging.application.engine.TemplateRenderer -- Notification template of N-51 has no value for member_name
03:24:02.584 [main] WARN com.agilityhub.core.clubs.messaging.application.engine.TemplateRenderer -- Notification template of N-51 has no value for email
03:24:02.584 [main] WARN com.agilityhub.core.clubs.messaging.application.engine.TemplateRenderer -- Notification template of N-51 has no value for member_name
03:24:02.584 [main] WARN com.agilityhub.core.clubs.messaging.application.engine.TemplateRenderer -- Notification template of N-51 has no value for email
03:24:02.584 [main] WARN com.agilityhub.core.clubs.messaging.application.engine.TemplateRenderer -- Notification template of N-51 has no value for member_name
03:24:02.585 [main] WARN com.agilityhub.core.clubs.messaging.application.engine.TemplateRenderer -- Notification template of N-51 has no value for email
03:24:02.585 [main] WARN com.agilityhub.core.clubs.messaging.application.engine.TemplateRenderer -- Notification template of N-51 has no value for member_name
03:24:02.585 [main] WARN com.agilityhub.core.clubs.messaging.application.engine.TemplateRenderer -- Notification template of N-51 has no value for email
03:24:02.585 [main] WARN com.agilityhub.core.clubs.messaging.application.engine.TemplateRenderer -- Notification template of N-51 has no value for member_name
03:24:02.586 [main] WARN com.agilityhub.core.clubs.messaging.application.engine.TemplateRenderer -- Notification template of N-51 has no value for email
03:24:02.586 [main] WARN com.agilityhub.core.clubs.messaging.application.engine.TemplateRenderer -- Notification template of N-51 has no value for member_name
03:24:02.586 [main] WARN com.agilityhub.core.clubs.messaging.application.engine.TemplateRenderer -- Notification template of N-51 has no value for email
03:24:02.586 [main] WARN com.agilityhub.core.clubs.messaging.application.engine.TemplateRenderer -- Notification template of N-51 has no value for member_name
03:24:02.586 [main] WARN com.agilityhub.core.clubs.messaging.application.engine.TemplateRenderer -- Notification template of N-51 has no value for email
03:24:02.586 [main] WARN com.agilityhub.core.clubs.messaging.application.engine.TemplateRenderer -- Notification template of N-51 has no value for member_name
03:24:02.587 [main] WARN com.agilityhub.core.clubs.messaging.application.engine.TemplateRenderer -- Notification template of N-51 has no value for email
03:24:02.587 [main] WARN com.agilityhub.core.clubs.messaging.application.engine.TemplateRenderer -- Notification template of N-51 has no value for member_name
03:24:02.587 [main] WARN com.agilityhub.core.clubs.messaging.application.engine.TemplateRenderer -- Notification template of N-51 has no value for email
03:24:02.587 [main] WARN com.agilityhub.core.clubs.messaging.application.engine.TemplateRenderer -- Notification template of N-51 has no value for member_name
03:24:02.588 [main] WARN com.agilityhub.core.clubs.messaging.application.engine.TemplateRenderer -- Notification template of N-51 has no value for email
03:24:02.588 [main] WARN com.agilityhub.core.clubs.messaging.application.engine.TemplateRenderer -- Notification template of N-51 has no value for member_name
03:24:02.588 [main] WARN com.agilityhub.core.clubs.messaging.application.engine.TemplateRenderer -- Notification template of N-51 has no value for email
03:24:02.588 [main] WARN com.agilityhub.core.clubs.messaging.application.engine.TemplateRenderer -- Notification template of N-51 has no value for member_name
03:24:02.589 [main] WARN com.agilityhub.core.clubs.messaging.application.engine.TemplateRenderer -- Notification template of N-51 has no value for email
03:24:02.589 [main] WARN com.agilityhub.core.clubs.messaging.application.engine.TemplateRenderer -- Notification template of N-51 has no value for member_name
03:24:02.589 [main] WARN com.agilityhub.core.clubs.messaging.application.engine.TemplateRenderer -- Notification template of N-51 has no value for email
03:24:02.589 [main] WARN com.agilityhub.core.clubs.messaging.application.engine.TemplateRenderer -- Notification template of N-51 has no value for member_name
03:24:02.589 [main] WARN com.agilityhub.core.clubs.messaging.application.engine.TemplateRenderer -- Notification template of N-51 has no value for email
03:24:02.589 [main] WARN com.agilityhub.core.clubs.messaging.application.engine.TemplateRenderer -- Notification template of N-51 has no value for member_name
03:24:02.592 [main] WARN com.agilityhub.core.clubs.messaging.application.engine.TemplateRenderer -- Notification template of N-54 has no value for class_date
03:24:02.592 [main] WARN com.agilityhub.core.clubs.messaging.application.engine.TemplateRenderer -- Notification template of N-54 has no value for class_time
03:24:02.592 [main] WARN com.agilityhub.core.clubs.messaging.application.engine.TemplateRenderer -- Notification template of N-54 has no value for class_description
03:24:02.592 [main] WARN com.agilityhub.core.clubs.messaging.application.engine.TemplateRenderer -- Notification template of N-54 has no value for ring_name
03:24:02.592 [main] WARN com.agilityhub.core.clubs.messaging.application.engine.TemplateRenderer -- Notification template of N-54 has no value for dogs_count
03:24:02.593 [main] WARN com.agilityhub.core.clubs.messaging.application.engine.TemplateRenderer -- Notification template of N-54 has no value for class_date
03:24:02.593 [main] WARN com.agilityhub.core.clubs.messaging.application.engine.TemplateRenderer -- Notification template of N-54 has no value for class_time
03:24:02.593 [main] WARN com.agilityhub.core.clubs.messaging.application.engine.TemplateRenderer -- Notification template of N-54 has no value for class_description
03:24:02.593 [main] WARN com.agilityhub.core.clubs.messaging.application.engine.TemplateRenderer -- Notification template of N-54 has no value for ring_name
03:24:02.593 [main] WARN com.agilityhub.core.clubs.messaging.application.engine.TemplateRenderer -- Notification template of N-54 has no value for dogs_count
03:24:02.593 [main] WARN com.agilityhub.core.clubs.messaging.application.engine.TemplateRenderer -- Notification template of N-54 has no value for class_date
03:24:02.593 [main] WARN com.agilityhub.core.clubs.messaging.application.engine.TemplateRenderer -- Notification template of N-54 has no value for class_time
03:24:02.593 [main] WARN com.agilityhub.core.clubs.messaging.application.engine.TemplateRenderer -- Notification template of N-54 has no value for class_description
03:24:02.593 [main] WARN com.agilityhub.core.clubs.messaging.application.engine.TemplateRenderer -- Notification template of N-54 has no value for ring_name
03:24:02.593 [main] WARN com.agilityhub.core.clubs.messaging.application.engine.TemplateRenderer -- Notification template of N-54 has no value for dogs_count
03:24:02.593 [main] WARN com.agilityhub.core.clubs.messaging.application.engine.TemplateRenderer -- Notification template of N-54 has no value for class_date
03:24:02.593 [main] WARN com.agilityhub.core.clubs.messaging.application.engine.TemplateRenderer -- Notification template of N-54 has no value for class_time
03:24:02.593 [main] WARN com.agilityhub.core.clubs.messaging.application.engine.TemplateRenderer -- Notification template of N-54 has no value for class_description
03:24:02.593 [main] WARN com.agilityhub.core.clubs.messaging.application.engine.TemplateRenderer -- Notification template of N-54 has no value for ring_name
03:24:02.593 [main] WARN com.agilityhub.core.clubs.messaging.application.engine.TemplateRenderer -- Notification template of N-54 has no value for dogs_count
03:24:02.594 [main] WARN com.agilityhub.core.clubs.messaging.application.engine.TemplateRenderer -- Notification template of N-54 has no value for class_date
03:24:02.594 [main] WARN com.agilityhub.core.clubs.messaging.application.engine.TemplateRenderer -- Notification template of N-54 has no value for class_time
03:24:02.594 [main] WARN com.agilityhub.core.clubs.messaging.application.engine.TemplateRenderer -- Notification template of N-54 has no value for class_description
03:24:02.594 [main] WARN com.agilityhub.core.clubs.messaging.application.engine.TemplateRenderer -- Notification template of N-54 has no value for ring_name
03:24:02.594 [main] WARN com.agilityhub.core.clubs.messaging.application.engine.TemplateRenderer -- Notification template of N-54 has no value for dogs_count
03:24:02.595 [main] WARN com.agilityhub.core.clubs.messaging.application.engine.TemplateRenderer -- Notification template of N-54 has no value for class_date
03:24:02.595 [main] WARN com.agilityhub.core.clubs.messaging.application.engine.TemplateRenderer -- Notification template of N-54 has no value for class_time
03:24:02.595 [main] WARN com.agilityhub.core.clubs.messaging.application.engine.TemplateRenderer -- Notification template of N-54 has no value for class_description
03:24:02.595 [main] WARN com.agilityhub.core.clubs.messaging.application.engine.TemplateRenderer -- Notification template of N-54 has no value for ring_name
03:24:02.595 [main] WARN com.agilityhub.core.clubs.messaging.application.engine.TemplateRenderer -- Notification template of N-54 has no value for dogs_count
03:24:02.595 [main] WARN com.agilityhub.core.clubs.messaging.application.engine.TemplateRenderer -- Notification template of N-54 has no value for class_date
03:24:02.595 [main] WARN com.agilityhub.core.clubs.messaging.application.engine.TemplateRenderer -- Notification template of N-54 has no value for class_time
03:24:02.595 [main] WARN com.agilityhub.core.clubs.messaging.application.engine.TemplateRenderer -- Notification template of N-54 has no value for class_description
03:24:02.595 [main] WARN com.agilityhub.core.clubs.messaging.application.engine.TemplateRenderer -- Notification template of N-54 has no value for ring_name
03:24:02.595 [main] WARN com.agilityhub.core.clubs.messaging.application.engine.TemplateRenderer -- Notification template of N-54 has no value for dogs_count
03:24:02.595 [main] WARN com.agilityhub.core.clubs.messaging.application.engine.TemplateRenderer -- Notification template of N-54 has no value for class_date
03:24:02.595 [main] WARN com.agilityhub.core.clubs.messaging.application.engine.TemplateRenderer -- Notification template of N-54 has no value for class_time
03:24:02.595 [main] WARN com.agilityhub.core.clubs.messaging.application.engine.TemplateRenderer -- Notification template of N-54 has no value for class_description
03:24:02.595 [main] WARN com.agilityhub.core.clubs.messaging.application.engine.TemplateRenderer -- Notification template of N-54 has no value for ring_name
03:24:02.595 [main] WARN com.agilityhub.core.clubs.messaging.application.engine.TemplateRenderer -- Notification template of N-54 has no value for dogs_count
03:24:02.596 [main] WARN com.agilityhub.core.clubs.messaging.application.engine.TemplateRenderer -- Notification template of N-54 has no value for class_date
03:24:02.596 [main] WARN com.agilityhub.core.clubs.messaging.application.engine.TemplateRenderer -- Notification template of N-54 has no value for class_time
03:24:02.596 [main] WARN com.agilityhub.core.clubs.messaging.application.engine.TemplateRenderer -- Notification template of N-54 has no value for class_description
03:24:02.596 [main] WARN com.agilityhub.core.clubs.messaging.application.engine.TemplateRenderer -- Notification template of N-54 has no value for ring_name
03:24:02.596 [main] WARN com.agilityhub.core.clubs.messaging.application.engine.TemplateRenderer -- Notification template of N-54 has no value for dogs_count
03:24:02.596 [main] WARN com.agilityhub.core.clubs.messaging.application.engine.TemplateRenderer -- Notification template of N-54 has no value for class_date
03:24:02.596 [main] WARN com.agilityhub.core.clubs.messaging.application.engine.TemplateRenderer -- Notification template of N-54 has no value for class_time
03:24:02.596 [main] WARN com.agilityhub.core.clubs.messaging.application.engine.TemplateRenderer -- Notification template of N-54 has no value for class_description
03:24:02.596 [main] WARN com.agilityhub.core.clubs.messaging.application.engine.TemplateRenderer -- Notification template of N-54 has no value for ring_name
03:24:02.596 [main] WARN com.agilityhub.core.clubs.messaging.application.engine.TemplateRenderer -- Notification template of N-54 has no value for dogs_count
03:24:02.597 [main] WARN com.agilityhub.core.clubs.messaging.application.engine.TemplateRenderer -- Notification template of N-54 has no value for class_date
03:24:02.597 [main] WARN com.agilityhub.core.clubs.messaging.application.engine.TemplateRenderer -- Notification template of N-54 has no value for class_time
03:24:02.597 [main] WARN com.agilityhub.core.clubs.messaging.application.engine.TemplateRenderer -- Notification template of N-54 has no value for class_description
03:24:02.597 [main] WARN com.agilityhub.core.clubs.messaging.application.engine.TemplateRenderer -- Notification template of N-54 has no value for ring_name
03:24:02.597 [main] WARN com.agilityhub.core.clubs.messaging.application.engine.TemplateRenderer -- Notification template of N-54 has no value for dogs_count
03:24:02.597 [main] WARN com.agilityhub.core.clubs.messaging.application.engine.TemplateRenderer -- Notification template of N-54 has no value for class_date
03:24:02.597 [main] WARN com.agilityhub.core.clubs.messaging.application.engine.TemplateRenderer -- Notification template of N-54 has no value for class_time
03:24:02.597 [main] WARN com.agilityhub.core.clubs.messaging.application.engine.TemplateRenderer -- Notification template of N-54 has no value for class_description
03:24:02.597 [main] WARN com.agilityhub.core.clubs.messaging.application.engine.TemplateRenderer -- Notification template of N-54 has no value for ring_name
03:24:02.597 [main] WARN com.agilityhub.core.clubs.messaging.application.engine.TemplateRenderer -- Notification template of N-54 has no value for dogs_count
03:24:02.598 [main] WARN com.agilityhub.core.clubs.messaging.application.engine.TemplateRenderer -- Notification template of N-54 has no value for class_date
03:24:02.598 [main] WARN com.agilityhub.core.clubs.messaging.application.engine.TemplateRenderer -- Notification template of N-54 has no value for class_time
03:24:02.598 [main] WARN com.agilityhub.core.clubs.messaging.application.engine.TemplateRenderer -- Notification template of N-54 has no value for class_description
03:24:02.598 [main] WARN com.agilityhub.core.clubs.messaging.application.engine.TemplateRenderer -- Notification template of N-54 has no value for ring_name
03:24:02.598 [main] WARN com.agilityhub.core.clubs.messaging.application.engine.TemplateRenderer -- Notification template of N-54 has no value for dogs_count
03:24:02.598 [main] WARN com.agilityhub.core.clubs.messaging.application.engine.TemplateRenderer -- Notification template of N-54 has no value for class_date
03:24:02.598 [main] WARN com.agilityhub.core.clubs.messaging.application.engine.TemplateRenderer -- Notification template of N-54 has no value for class_time
03:24:02.598 [main] WARN com.agilityhub.core.clubs.messaging.application.engine.TemplateRenderer -- Notification template of N-54 has no value for class_description
03:24:02.598 [main] WARN com.agilityhub.core.clubs.messaging.application.engine.TemplateRenderer -- Notification template of N-54 has no value for ring_name
03:24:02.598 [main] WARN com.agilityhub.core.clubs.messaging.application.engine.TemplateRenderer -- Notification template of N-54 has no value for dogs_count
03:24:02.599 [main] WARN com.agilityhub.core.clubs.messaging.application.engine.TemplateRenderer -- Notification template of N-54 has no value for class_date
03:24:02.599 [main] WARN com.agilityhub.core.clubs.messaging.application.engine.TemplateRenderer -- Notification template of N-54 has no value for class_time
03:24:02.599 [main] WARN com.agilityhub.core.clubs.messaging.application.engine.TemplateRenderer -- Notification template of N-54 has no value for class_description
03:24:02.599 [main] WARN com.agilityhub.core.clubs.messaging.application.engine.TemplateRenderer -- Notification template of N-54 has no value for ring_name
03:24:02.599 [main] WARN com.agilityhub.core.clubs.messaging.application.engine.TemplateRenderer -- Notification template of N-54 has no value for dogs_count
03:24:02.600 [main] WARN com.agilityhub.core.clubs.messaging.application.engine.TemplateRenderer -- Notification template of N-54 has no value for class_date
03:24:02.600 [main] WARN com.agilityhub.core.clubs.messaging.application.engine.TemplateRenderer -- Notification template of N-54 has no value for class_time
03:24:02.600 [main] WARN com.agilityhub.core.clubs.messaging.application.engine.TemplateRenderer -- Notification template of N-54 has no value for class_description
03:24:02.600 [main] WARN com.agilityhub.core.clubs.messaging.application.engine.TemplateRenderer -- Notification template of N-54 has no value for ring_name
03:24:02.600 [main] WARN com.agilityhub.core.clubs.messaging.application.engine.TemplateRenderer -- Notification template of N-54 has no value for dogs_count
03:24:02.600 [main] WARN com.agilityhub.core.clubs.messaging.application.engine.TemplateRenderer -- Notification template of N-54 has no value for class_date
03:24:02.600 [main] WARN com.agilityhub.core.clubs.messaging.application.engine.TemplateRenderer -- Notification template of N-54 has no value for class_time
03:24:02.600 [main] WARN com.agilityhub.core.clubs.messaging.application.engine.TemplateRenderer -- Notification template of N-54 has no value for class_description
03:24:02.600 [main] WARN com.agilityhub.core.clubs.messaging.application.engine.TemplateRenderer -- Notification template of N-54 has no value for ring_name
03:24:02.600 [main] WARN com.agilityhub.core.clubs.messaging.application.engine.TemplateRenderer -- Notification template of N-54 has no value for dogs_count
03:24:02.601 [main] WARN com.agilityhub.core.clubs.messaging.application.engine.TemplateRenderer -- Notification template of N-54 has no value for class_date
03:24:02.601 [main] WARN com.agilityhub.core.clubs.messaging.application.engine.TemplateRenderer -- Notification template of N-54 has no value for class_time
03:24:02.601 [main] WARN com.agilityhub.core.clubs.messaging.application.engine.TemplateRenderer -- Notification template of N-54 has no value for class_description
03:24:02.601 [main] WARN com.agilityhub.core.clubs.messaging.application.engine.TemplateRenderer -- Notification template of N-54 has no value for ring_name
03:24:02.601 [main] WARN com.agilityhub.core.clubs.messaging.application.engine.TemplateRenderer -- Notification template of N-54 has no value for dogs_count
03:24:02.601 [main] WARN com.agilityhub.core.clubs.messaging.application.engine.TemplateRenderer -- Notification template of N-54 has no value for class_date
03:24:02.601 [main] WARN com.agilityhub.core.clubs.messaging.application.engine.TemplateRenderer -- Notification template of N-54 has no value for class_time
03:24:02.601 [main] WARN com.agilityhub.core.clubs.messaging.application.engine.TemplateRenderer -- Notification template of N-54 has no value for class_description
03:24:02.601 [main] WARN com.agilityhub.core.clubs.messaging.application.engine.TemplateRenderer -- Notification template of N-54 has no value for ring_name
03:24:02.601 [main] WARN com.agilityhub.core.clubs.messaging.application.engine.TemplateRenderer -- Notification template of N-54 has no value for dogs_count
03:24:02.602 [main] WARN com.agilityhub.core.clubs.messaging.application.engine.TemplateRenderer -- Notification template of N-54 has no value for class_date
03:24:02.602 [main] WARN com.agilityhub.core.clubs.messaging.application.engine.TemplateRenderer -- Notification template of N-54 has no value for class_time
03:24:02.602 [main] WARN com.agilityhub.core.clubs.messaging.application.engine.TemplateRenderer -- Notification template of N-54 has no value for class_description
03:24:02.602 [main] WARN com.agilityhub.core.clubs.messaging.application.engine.TemplateRenderer -- Notification template of N-54 has no value for ring_name
03:24:02.602 [main] WARN com.agilityhub.core.clubs.messaging.application.engine.TemplateRenderer -- Notification template of N-54 has no value for dogs_count
03:24:02.602 [main] WARN com.agilityhub.core.clubs.messaging.application.engine.TemplateRenderer -- Notification template of N-54 has no value for class_date
03:24:02.602 [main] WARN com.agilityhub.core.clubs.messaging.application.engine.TemplateRenderer -- Notification template of N-54 has no value for class_time
03:24:02.602 [main] WARN com.agilityhub.core.clubs.messaging.application.engine.TemplateRenderer -- Notification template of N-54 has no value for class_description
03:24:02.602 [main] WARN com.agilityhub.core.clubs.messaging.application.engine.TemplateRenderer -- Notification template of N-54 has no value for ring_name
03:24:02.602 [main] WARN com.agilityhub.core.clubs.messaging.application.engine.TemplateRenderer -- Notification template of N-54 has no value for dogs_count
03:24:02.602 [main] WARN com.agilityhub.core.clubs.messaging.application.engine.TemplateRenderer -- Notification template of N-54 has no value for class_date
03:24:02.602 [main] WARN com.agilityhub.core.clubs.messaging.application.engine.TemplateRenderer -- Notification template of N-54 has no value for class_time
03:24:02.602 [main] WARN com.agilityhub.core.clubs.messaging.application.engine.TemplateRenderer -- Notification template of N-54 has no value for class_description
03:24:02.602 [main] WARN com.agilityhub.core.clubs.messaging.application.engine.TemplateRenderer -- Notification template of N-54 has no value for ring_name
03:24:02.602 [main] WARN com.agilityhub.core.clubs.messaging.application.engine.TemplateRenderer -- Notification template of N-54 has no value for dogs_count
03:24:02.603 [main] WARN com.agilityhub.core.clubs.messaging.application.engine.TemplateRenderer -- Notification template of N-54 has no value for class_date
03:24:02.603 [main] WARN com.agilityhub.core.clubs.messaging.application.engine.TemplateRenderer -- Notification template of N-54 has no value for class_time
03:24:02.603 [main] WARN com.agilityhub.core.clubs.messaging.application.engine.TemplateRenderer -- Notification template of N-54 has no value for class_description
03:24:02.603 [main] WARN com.agilityhub.core.clubs.messaging.application.engine.TemplateRenderer -- Notification template of N-54 has no value for ring_name
03:24:02.603 [main] WARN com.agilityhub.core.clubs.messaging.application.engine.TemplateRenderer -- Notification template of N-54 has no value for dogs_count
03:24:02.603 [main] WARN com.agilityhub.core.clubs.messaging.application.engine.TemplateRenderer -- Notification template of N-54 has no value for class_date
03:24:02.603 [main] WARN com.agilityhub.core.clubs.messaging.application.engine.TemplateRenderer -- Notification template of N-54 has no value for class_time
03:24:02.603 [main] WARN com.agilityhub.core.clubs.messaging.application.engine.TemplateRenderer -- Notification template of N-54 has no value for class_description
03:24:02.603 [main] WARN com.agilityhub.core.clubs.messaging.application.engine.TemplateRenderer -- Notification template of N-54 has no value for ring_name
03:24:02.603 [main] WARN com.agilityhub.core.clubs.messaging.application.engine.TemplateRenderer -- Notification template of N-54 has no value for dogs_count
03:24:02.604 [main] WARN com.agilityhub.core.clubs.messaging.application.engine.TemplateRenderer -- Notification template of N-54 has no value for class_date
03:24:02.604 [main] WARN com.agilityhub.core.clubs.messaging.application.engine.TemplateRenderer -- Notification template of N-54 has no value for class_time
03:24:02.604 [main] WARN com.agilityhub.core.clubs.messaging.application.engine.TemplateRenderer -- Notification template of N-54 has no value for class_description
03:24:02.604 [main] WARN com.agilityhub.core.clubs.messaging.application.engine.TemplateRenderer -- Notification template of N-54 has no value for ring_name
03:24:02.604 [main] WARN com.agilityhub.core.clubs.messaging.application.engine.TemplateRenderer -- Notification template of N-54 has no value for dogs_count
03:24:02.604 [main] WARN com.agilityhub.core.clubs.messaging.application.engine.TemplateRenderer -- Notification template of N-54 has no value for class_date
03:24:02.604 [main] WARN com.agilityhub.core.clubs.messaging.application.engine.TemplateRenderer -- Notification template of N-54 has no value for class_time
03:24:02.604 [main] WARN com.agilityhub.core.clubs.messaging.application.engine.TemplateRenderer -- Notification template of N-54 has no value for class_description
03:24:02.604 [main] WARN com.agilityhub.core.clubs.messaging.application.engine.TemplateRenderer -- Notification template of N-54 has no value for ring_name
03:24:02.604 [main] WARN com.agilityhub.core.clubs.messaging.application.engine.TemplateRenderer -- Notification template of N-54 has no value for dogs_count
03:24:02.605 [main] WARN com.agilityhub.core.clubs.messaging.application.engine.TemplateRenderer -- Notification template of N-54 has no value for class_date
03:24:02.605 [main] WARN com.agilityhub.core.clubs.messaging.application.engine.TemplateRenderer -- Notification template of N-54 has no value for class_time
03:24:02.605 [main] WARN com.agilityhub.core.clubs.messaging.application.engine.TemplateRenderer -- Notification template of N-54 has no value for class_description
03:24:02.605 [main] WARN com.agilityhub.core.clubs.messaging.application.engine.TemplateRenderer -- Notification template of N-54 has no value for ring_name
03:24:02.605 [main] WARN com.agilityhub.core.clubs.messaging.application.engine.TemplateRenderer -- Notification template of N-54 has no value for dogs_count
03:24:02.605 [main] WARN com.agilityhub.core.clubs.messaging.application.engine.TemplateRenderer -- Notification template of N-54 has no value for class_date
03:24:02.605 [main] WARN com.agilityhub.core.clubs.messaging.application.engine.TemplateRenderer -- Notification template of N-54 has no value for class_time
03:24:02.605 [main] WARN com.agilityhub.core.clubs.messaging.application.engine.TemplateRenderer -- Notification template of N-54 has no value for class_description
03:24:02.605 [main] WARN com.agilityhub.core.clubs.messaging.application.engine.TemplateRenderer -- Notification template of N-54 has no value for ring_name
03:24:02.605 [main] WARN com.agilityhub.core.clubs.messaging.application.engine.TemplateRenderer -- Notification template of N-54 has no value for dogs_count
03:24:02.606 [main] WARN com.agilityhub.core.clubs.messaging.application.engine.TemplateRenderer -- Notification template of N-54 has no value for class_date
03:24:02.606 [main] WARN com.agilityhub.core.clubs.messaging.application.engine.TemplateRenderer -- Notification template of N-54 has no value for class_time
03:24:02.606 [main] WARN com.agilityhub.core.clubs.messaging.application.engine.TemplateRenderer -- Notification template of N-54 has no value for class_description
03:24:02.606 [main] WARN com.agilityhub.core.clubs.messaging.application.engine.TemplateRenderer -- Notification template of N-54 has no value for ring_name
03:24:02.606 [main] WARN com.agilityhub.core.clubs.messaging.application.engine.TemplateRenderer -- Notification template of N-54 has no value for dogs_count
03:24:02.606 [main] WARN com.agilityhub.core.clubs.messaging.application.engine.TemplateRenderer -- Notification template of N-54 has no value for class_date
03:24:02.606 [main] WARN com.agilityhub.core.clubs.messaging.application.engine.TemplateRenderer -- Notification template of N-54 has no value for class_time
03:24:02.606 [main] WARN com.agilityhub.core.clubs.messaging.application.engine.TemplateRenderer -- Notification template of N-54 has no value for class_description
03:24:02.606 [main] WARN com.agilityhub.core.clubs.messaging.application.engine.TemplateRenderer -- Notification template of N-54 has no value for ring_name
03:24:02.606 [main] WARN com.agilityhub.core.clubs.messaging.application.engine.TemplateRenderer -- Notification template of N-54 has no value for dogs_count
03:24:02.607 [main] WARN com.agilityhub.core.clubs.messaging.application.engine.TemplateRenderer -- Notification template of N-54 has no value for class_date
03:24:02.607 [main] WARN com.agilityhub.core.clubs.messaging.application.engine.TemplateRenderer -- Notification template of N-54 has no value for class_time
03:24:02.607 [main] WARN com.agilityhub.core.clubs.messaging.application.engine.TemplateRenderer -- Notification template of N-54 has no value for class_description
03:24:02.607 [main] WARN com.agilityhub.core.clubs.messaging.application.engine.TemplateRenderer -- Notification template of N-54 has no value for ring_name
03:24:02.607 [main] WARN com.agilityhub.core.clubs.messaging.application.engine.TemplateRenderer -- Notification template of N-54 has no value for dogs_count
03:24:02.607 [main] WARN com.agilityhub.core.clubs.messaging.application.engine.TemplateRenderer -- Notification template of N-54 has no value for class_date
03:24:02.607 [main] WARN com.agilityhub.core.clubs.messaging.application.engine.TemplateRenderer -- Notification template of N-54 has no value for class_time
03:24:02.607 [main] WARN com.agilityhub.core.clubs.messaging.application.engine.TemplateRenderer -- Notification template of N-54 has no value for class_description
03:24:02.607 [main] WARN com.agilityhub.core.clubs.messaging.application.engine.TemplateRenderer -- Notification template of N-54 has no value for ring_name
03:24:02.607 [main] WARN com.agilityhub.core.clubs.messaging.application.engine.TemplateRenderer -- Notification template of N-54 has no value for dogs_count
E7-T04 engine matrix: 1260 cases over 56 R1 codes; per code {N-01=24, N-02=16, N-03=8, N-04=16, N-05=16, N-06=24, N-07=24, N-08a=56, N-08b=40, N-09=16, N-10=24, N-11a=24, N-11b=24, N-13=24, N-14=16, N-15=48, N-16=40, N-17=32, N-18a=24, N-18b=24, N-18c=24, N-18d=24, N-19=16, N-20=24, N-21=24, N-22=24, N-23=16, N-24=24, N-25=8, N-26=8, N-27=8, N-28=16, N-29=16, N-30=24, N-31=24, N-32a=24, N-32b=24, N-32c=36, N-32d=36, N-33=24, N-34=16, N-35=24, N-36=24, N-37=16, N-38=24, N-39=8, N-40=16, N-41=24, N-42=16, N-43=8, N-46=24, N-47=36, N-49=24, N-51=16, N-52=8, N-54=32}; without event: [N-50, N-53]
03:24:02.678 [main] WARN com.agilityhub.core.clubs.messaging.application.engine.TemplateRenderer -- Notification template of N-04 uses the unknown variable unknown_var
03:24:02.679 [main] WARN com.agilityhub.core.clubs.messaging.application.engine.TemplateRenderer -- Notification template of N-04 is not valid ICU; rendered as plain text
03:24:02.679 [main] WARN com.agilityhub.core.clubs.messaging.application.engine.TemplateRenderer -- Notification template of N-37 has no value for change
03:24:02.679 [main] WARN com.agilityhub.core.clubs.messaging.application.engine.TemplateRenderer -- Notification template of N-17 has no value for dogs_count
03:24:02.679 [main] WARN com.agilityhub.core.clubs.messaging.application.engine.TemplateRenderer -- Notification template of N-17 has no value for club_name
E7-T03 seed: 51 templates per locale (ca, es, en); without a template: [N-25, N-26, N-27, N-39, N-43, N-44, N-45, N-48, N-52, N-53]
NotificationCatalog parity: 61 rows (43 main + 18 Annex A) = 61 codes; N-12 absent
NotificationCatalog variables: 75 used, 0 outside the catalog lists
T-11-02 truth table: 61 catalog codes, 9792 code x audience x row combinations
Imported: 0 created, 0 linked, 0 skipped, 1 errors
Reasons: {INVALID_PASSWORD=1}
VALIDATION_ERROR {}
Usage: identity:import-learn <csv> [--dry-run] [--platform-admins=a@x,b@y]
Usage: identity:import-learn <csv> [--dry-run] [--platform-admins=a@x,b@y]
Usage: identity:import-learn <csv> [--dry-run] [--platform-admins=a@x,b@y]
Usage: identity:import-learn <csv> [--dry-run] [--platform-admins=a@x,b@y]
Usage: identity:import-learn <csv> [--dry-run] [--platform-admins=a@x,b@y]
Usage: identity:import-learn <csv> [--dry-run] [--platform-admins=a@x,b@y]
Usage: identity:import-learn <csv> [--dry-run] [--platform-admins=a@x,b@y]
Usage: identity:import-learn <csv> [--dry-run] [--platform-admins=a@x,b@y]
Usage: identity:import-learn <csv> [--dry-run] [--platform-admins=a@x,b@y]
Imported: 1 created, 0 linked, 0 skipped, 0 errors
Reasons: {NEW_ACCOUNT=1}
Dry run: 1 would create, 0 would link, 0 skipped, 0 errors
Reasons: {NEW_ACCOUNT=1}
03:24:04.551 [main] WARN org.springframework.security.crypto.argon2.Argon2PasswordEncoder -- Malformed password hash
java.lang.IllegalArgumentException: Invalid encoded Argon2-hash
	at org.springframework.security.crypto.argon2.Argon2EncodingUtils.decode(Argon2EncodingUtils.java:107)
	at org.springframework.security.crypto.argon2.Argon2PasswordEncoder.matches(Argon2PasswordEncoder.java:137)
	at com.agilityhub.core.identity.application.PasswordHasher.verify(PasswordHasher.java:21)
	at com.agilityhub.core.identity.application.PasswordHasherTest.T_01_02_missingAndUnusableHashesFailThroughDummyVerification(PasswordHasherTest.java:40)
	at java.base/jdk.internal.reflect.DirectMethodHandleAccessor.invoke(DirectMethodHandleAccessor.java:103)
	at java.base/java.lang.reflect.Method.invoke(Method.java:580)
	at org.junit.platform.commons.util.ReflectionUtils.invokeMethod(ReflectionUtils.java:775)
	at org.junit.platform.commons.support.ReflectionSupport.invokeMethod(ReflectionSupport.java:479)
	at org.junit.jupiter.engine.execution.MethodInvocation.proceed(MethodInvocation.java:60)
	at org.junit.jupiter.engine.execution.InvocationInterceptorChain$ValidatingInvocation.proceed(InvocationInterceptorChain.java:131)
	at org.junit.jupiter.engine.extension.TimeoutExtension.intercept(TimeoutExtension.java:161)
	at org.junit.jupiter.engine.extension.TimeoutExtension.interceptTestableMethod(TimeoutExtension.java:152)
	at org.junit.jupiter.engine.extension.TimeoutExtension.interceptTestMethod(TimeoutExtension.java:91)
	at org.junit.jupiter.engine.execution.InterceptingExecutableInvoker$ReflectiveInterceptorCall.lambda$ofVoidMethod$0(InterceptingExecutableInvoker.java:112)
	at org.junit.jupiter.engine.execution.InterceptingExecutableInvoker.lambda$invoke$0(InterceptingExecutableInvoker.java:94)
	at org.junit.jupiter.engine.execution.InvocationInterceptorChain$InterceptedInvocation.proceed(InvocationInterceptorChain.java:106)
	at org.junit.jupiter.engine.execution.InvocationInterceptorChain.proceed(InvocationInterceptorChain.java:64)
	at org.junit.jupiter.engine.execution.InvocationInterceptorChain.chainAndInvoke(InvocationInterceptorChain.java:45)
	at org.junit.jupiter.engine.execution.InvocationInterceptorChain.invoke(InvocationInterceptorChain.java:37)
	at org.junit.jupiter.engine.execution.InterceptingExecutableInvoker.invoke(InterceptingExecutableInvoker.java:93)
	at org.junit.jupiter.engine.execution.InterceptingExecutableInvoker.invoke(InterceptingExecutableInvoker.java:87)
	at org.junit.jupiter.engine.descriptor.TestMethodTestDescriptor.lambda$invokeTestMethod$7(TestMethodTestDescriptor.java:216)
	at org.junit.platform.engine.support.hierarchical.ThrowableCollector.execute(ThrowableCollector.java:73)
	at org.junit.jupiter.engine.descriptor.TestMethodTestDescriptor.invokeTestMethod(TestMethodTestDescriptor.java:212)
	at org.junit.jupiter.engine.descriptor.TestMethodTestDescriptor.execute(TestMethodTestDescriptor.java:137)
	at org.junit.jupiter.engine.descriptor.TestMethodTestDescriptor.execute(TestMethodTestDescriptor.java:69)
	at org.junit.platform.engine.support.hierarchical.NodeTestTask.lambda$executeRecursively$6(NodeTestTask.java:156)
	at org.junit.platform.engine.support.hierarchical.ThrowableCollector.execute(ThrowableCollector.java:73)
	at org.junit.platform.engine.support.hierarchical.NodeTestTask.lambda$executeRecursively$8(NodeTestTask.java:146)
	at org.junit.platform.engine.support.hierarchical.Node.around(Node.java:137)
	at org.junit.platform.engine.support.hierarchical.NodeTestTask.lambda$executeRecursively$9(NodeTestTask.java:144)
	at org.junit.platform.engine.support.hierarchical.ThrowableCollector.execute(ThrowableCollector.java:73)
	at org.junit.platform.engine.support.hierarchical.NodeTestTask.executeRecursively(NodeTestTask.java:143)
	at org.junit.platform.engine.support.hierarchical.NodeTestTask.execute(NodeTestTask.java:100)
	at java.base/java.util.ArrayList.forEach(ArrayList.java:1596)
	at org.junit.platform.engine.support.hierarchical.SameThreadHierarchicalTestExecutorService.invokeAll(SameThreadHierarchicalTestExecutorService.java:41)
	at org.junit.platform.engine.support.hierarchical.NodeTestTask.lambda$executeRecursively$6(NodeTestTask.java:160)
	at org.junit.platform.engine.support.hierarchical.ThrowableCollector.execute(ThrowableCollector.java:73)
	at org.junit.platform.engine.support.hierarchical.NodeTestTask.lambda$executeRecursively$8(NodeTestTask.java:146)
	at org.junit.platform.engine.support.hierarchical.Node.around(Node.java:137)
	at org.junit.platform.engine.support.hierarchical.NodeTestTask.lambda$executeRecursively$9(NodeTestTask.java:144)
	at org.junit.platform.engine.support.hierarchical.ThrowableCollector.execute(ThrowableCollector.java:73)
	at org.junit.platform.engine.support.hierarchical.NodeTestTask.executeRecursively(NodeTestTask.java:143)
	at org.junit.platform.engine.support.hierarchical.NodeTestTask.execute(NodeTestTask.java:100)
	at java.base/java.util.ArrayList.forEach(ArrayList.java:1596)
	at org.junit.platform.engine.support.hierarchical.SameThreadHierarchicalTestExecutorService.invokeAll(SameThreadHierarchicalTestExecutorService.java:41)
	at org.junit.platform.engine.support.hierarchical.NodeTestTask.lambda$executeRecursively$6(NodeTestTask.java:160)
	at org.junit.platform.engine.support.hierarchical.ThrowableCollector.execute(ThrowableCollector.java:73)
	at org.junit.platform.engine.support.hierarchical.NodeTestTask.lambda$executeRecursively$8(NodeTestTask.java:146)
	at org.junit.platform.engine.support.hierarchical.Node.around(Node.java:137)
	at org.junit.platform.engine.support.hierarchical.NodeTestTask.lambda$executeRecursively$9(NodeTestTask.java:144)
	at org.junit.platform.engine.support.hierarchical.ThrowableCollector.execute(ThrowableCollector.java:73)
	at org.junit.platform.engine.support.hierarchical.NodeTestTask.executeRecursively(NodeTestTask.java:143)
	at org.junit.platform.engine.support.hierarchical.NodeTestTask.execute(NodeTestTask.java:100)
	at org.junit.platform.engine.support.hierarchical.SameThreadHierarchicalTestExecutorService.submit(SameThreadHierarchicalTestExecutorService.java:35)
	at org.junit.platform.engine.support.hierarchical.HierarchicalTestExecutor.execute(HierarchicalTestExecutor.java:57)
	at org.junit.platform.engine.support.hierarchical.HierarchicalTestEngine.execute(HierarchicalTestEngine.java:54)
	at org.junit.platform.launcher.core.EngineExecutionOrchestrator.execute(EngineExecutionOrchestrator.java:201)
	at org.junit.platform.launcher.core.EngineExecutionOrchestrator.execute(EngineExecutionOrchestrator.java:170)
	at org.junit.platform.launcher.core.EngineExecutionOrchestrator.execute(EngineExecutionOrchestrator.java:94)
	at org.junit.platform.launcher.core.EngineExecutionOrchestrator.lambda$execute$0(EngineExecutionOrchestrator.java:59)
	at org.junit.platform.launcher.core.EngineExecutionOrchestrator.withInterceptedStreams(EngineExecutionOrchestrator.java:142)
	at org.junit.platform.launcher.core.EngineExecutionOrchestrator.execute(EngineExecutionOrchestrator.java:58)
	at org.junit.platform.launcher.core.DefaultLauncher.execute(DefaultLauncher.java:103)
	at org.junit.platform.launcher.core.DefaultLauncher.execute(DefaultLauncher.java:85)
	at org.junit.platform.launcher.core.DelegatingLauncher.execute(DelegatingLauncher.java:47)
	at org.junit.platform.launcher.core.InterceptingLauncher.lambda$execute$1(InterceptingLauncher.java:39)
	at org.junit.platform.launcher.core.ClasspathAlignmentCheckingLauncherInterceptor.intercept(ClasspathAlignmentCheckingLauncherInterceptor.java:25)
	at org.junit.platform.launcher.core.InterceptingLauncher.execute(InterceptingLauncher.java:38)
	at org.junit.platform.launcher.core.DelegatingLauncher.execute(DelegatingLauncher.java:47)
	at org.apache.maven.surefire.junitplatform.LauncherAdapter.executeWithoutCancellationToken(LauncherAdapter.java:60)
	at org.apache.maven.surefire.junitplatform.LauncherAdapter.execute(LauncherAdapter.java:52)
	at org.apache.maven.surefire.junitplatform.JUnitPlatformProvider.execute(JUnitPlatformProvider.java:203)
	at org.apache.maven.surefire.junitplatform.JUnitPlatformProvider.invokeAllTests(JUnitPlatformProvider.java:168)
	at org.apache.maven.surefire.junitplatform.JUnitPlatformProvider.invoke(JUnitPlatformProvider.java:136)
	at org.apache.maven.surefire.booter.ForkedBooter.runSuitesInProcess(ForkedBooter.java:385)
	at org.apache.maven.surefire.booter.ForkedBooter.execute(ForkedBooter.java:162)
	at org.apache.maven.surefire.booter.ForkedBooter.run(ForkedBooter.java:507)
	at org.apache.maven.surefire.booter.ForkedBooter.main(ForkedBooter.java:495)
03:24:05.880 [main] WARN com.agilityhub.core.identity.application.CompromisedPasswords -- Compromised password check unavailable; continuing per A2
03:24:05.911 [main] WARN com.agilityhub.core.identity.application.CompromisedPasswords -- Compromised password check unavailable; continuing per A2
03:24:05.911 [main] WARN com.agilityhub.core.identity.application.CompromisedPasswords -- Compromised password check unavailable; continuing per A2
03:24:06.099 [main] WARN com.agilityhub.core.platform.application.ClubConfigService -- ParameterInvalidOverride clubId=club-a key=training.capacityPerRingSlot error=PARAMETER_INVALID
03:24:06.099 [main] WARN com.agilityhub.core.platform.application.ClubConfigService -- ParameterInvalidOverride clubId=club-a key=signup.enabled error=PARAMETER_INVALID
03:24:06.099 [main] WARN com.agilityhub.core.platform.application.ClubConfigService -- ParameterInvalidOverride clubId=club-a key=retired.key error=UNKNOWN_PARAMETER
03:24:06.099 [main] WARN com.agilityhub.core.platform.application.ClubConfigService -- ParameterInvalidOverride clubId=club-a key=training.capacityPerRingSlot error=PARAMETER_INVALID
FREE_TRAINING dependsOn=[] selfService=false MINIM=false CANIC=true
BILLING dependsOn=[] selfService=false MINIM=false CANIC=true
PACKS dependsOn=[BILLING] selfService=false MINIM=false CANIC=true
SINGLE_CLASS dependsOn=[BILLING] selfService=false MINIM=false CANIC=false
ACTIVITIES dependsOn=[] selfService=false MINIM=false CANIC=true
FAMILY_GROUP dependsOn=[] selfService=false MINIM=false CANIC=true
WAITLIST dependsOn=[] selfService=false MINIM=true CANIC=true
TASKS dependsOn=[] selfService=false MINIM=false CANIC=true
FAQ dependsOn=[] selfService=true MINIM=true CANIC=true
SMS dependsOn=[] selfService=false MINIM=false CANIC=true
PUSH dependsOn=[] selfService=true MINIM=true CANIC=true
INACTIVITY dependsOn=[] selfService=false MINIM=false CANIC=true
COURSES dependsOn=[] selfService=false MINIM=false CANIC=true
LEARN_LINK dependsOn=[] selfService=true MINIM=false CANIC=true
STATS dependsOn=[] selfService=false MINIM=false CANIC=false
SOCIAL_LEAGUE dependsOn=[STATS] selfService=false MINIM=false CANIC=false
Audit coverage: ACTIVITY_PUBLISHED -> ActivityIT.T_07_10_publicationCreatesFiveBlocksAndTitleCellsWithAtomicReplay
Audit coverage: ACTIVITY_CANCELLED -> ActivityIT.T_07_13_cancellationNotifiesActiveAndWaitingAndZeroesCounters
Audit coverage: ACTIVITY_UPDATED -> ActivityIT.T_07_10_publicationCreatesFiveBlocksAndTitleCellsWithAtomicReplay
Audit coverage: ACTIVITY_REGISTERED_BY_CLUB -> ActivityIT.T_07_23_impersonationRecordsBothActorsAndClubChangeChannels
Audit coverage: ACTIVITY_REGISTRATION_CANCELLED_BY_CLUB -> ActivityIT.T_07_23_impersonationRecordsBothActorsAndClubChangeChannels
Audit coverage: WEEK_VALIDATED -> CalendarIT.T_06_12_validateAtomicallyAndExposeDraftsOnlyAfterValidation
Audit coverage: CLASS_CANCELLED -> CalendarIT.T_06_14_T_06_15_T_06_34_cancellationRollsBackAndDeliversEveryDogInRecipientLocaleOnce
Audit coverage: CLASS_UPDATED_WITH_BOOKINGS -> CalendarIT.T_06_13_editPresenceCapacityVersionExemptionAndLocalizedChangeNotifications
Audit coverage: CLASS_RISK_EXEMPTION_CHANGED -> CalendarIT.T_06_13_editPresenceCapacityVersionExemptionAndLocalizedChangeNotifications
Audit coverage: RING_BLOCK_CREATED -> CalendarIT.R_14_09_anInstructorsAuditedActionIsStoredBackofficeAndItsEventKeepsInstructor, CalendarIT.T_06_16_T_06_32_ringBlockLifecycleConflictsTimeRulesRolesAndRedaction
Audit coverage: RING_BLOCK_CANCELLED -> CalendarIT.T_06_16_T_06_32_ringBlockLifecycleConflictsTimeRulesRolesAndRedaction
Audit coverage: TEMPLATE_CLASS_DELETED -> PlanningIT.T_06_01_T_06_09_templateCrudCopyNullResetsAuditEventsAndUsage
Audit coverage: TEMPLATE_BAND_DELETED -> PlanningIT.T_06_01_T_06_09_templateCrudCopyNullResetsAuditEventsAndUsage
Audit coverage: MEMBER_VALIDATED -> SignupIT.T_04_17_publicSignupAndValidationAreAtomicOnRealCensusEntities
Audit coverage: SIGNUP_REJECTED -> SignupIT.T_04_19_rejectionCancelsDuePaymentsAndCannotRepeat
Audit coverage: SIGNUP_SUBMITTED -> SignupSecurityFixesIT.R_04_06_R_14_09_theReusedDogsSubmittedValuesAreAuditedLikeTheMembers, SignupSecurityFixesIT.T_04_12_readmissionKeepsTheLeftRecordUntilValidationWhichAppliesTheSubmittedValues
Audit coverage: MEMBER_UPDATED -> CensusIT.T_03_12_memberEditsUseVersionUniquenessAndExactAuditDiff, NotificationPreferencesIT.T_11_20_theD10SaveIsAuditedWithTheActorAndPublishesTheChange
Audit coverage: SIGNUP_EDITED -> CensusIT.T_03_12_memberEditsUseVersionUniquenessAndExactAuditDiff, SignupIT.T_04_20_pendingEditsEmitSignupEditedAndRejectStaleVersion
Audit coverage: MEMBER_PAYMENT_METHOD_CHANGED -> CensusIT.T_03_13_paymentMethodsAreValidatedAndAlwaysMasked
Audit coverage: MEMBER_STATUS_CHANGED -> CensusIT.T_03_06_T_03_31_memberLeaveDeactivatesDogsAndReactivationKeepsTheirStatus
Audit coverage: BOOKING_CREATED_BY_CLUB -> BookingsIT.T_08_27_impersonatedBookingAndCancellationAreBackofficeAuditedAndNotifiedWithN36
Audit coverage: BOOKING_CANCELLED_BY_CLUB -> BookingsIT.T_08_27_impersonatedBookingAndCancellationAreBackofficeAuditedAndNotifiedWithN36
Audit coverage: BOOKING_CANCELLED_LATE -> BookingsIT.T_08_18_cancellationInTimeLateAndRejectedWithSeatReleaseAndMinimumAlert, BookingsIT.T_08_27_impersonatedBookingAndCancellationAreBackofficeAuditedAndNotifiedWithN36
Audit coverage: TRAINING_BOOKED_BY_CLUB -> TrainingIT.T_09_23_impersonationIsBackofficeAuditedMayOverrideTheLimitAndCancelLateWithAReason
Audit coverage: TRAINING_CANCELLED_BY_CLUB -> TrainingIT.T_09_23_impersonationIsBackofficeAuditedMayOverrideTheLimitAndCancelLateWithAReason
Audit coverage: ATTENDANCE_OVERRIDDEN -> AttendanceIT.T_10_01_anAdminMarksOutsideTheWindowAuditedAndAnInstructorIsRefused
Audit coverage: BOOKING_BLOCK_SET -> CensusIT.T_03_14_bookingBlocksAreReversibleAndRejectDuplicateChanges
Audit coverage: BOOKING_BLOCK_CLEARED -> CensusIT.T_03_14_bookingBlocksAreReversibleAndRejectDuplicateChanges
Audit coverage: ACCESS_RESENT -> CensusIT.T_03_16_accessResendPublishesAndDeliversN27Once
Audit coverage: DOG_UPDATED -> CensusIT.T_03_05_T_03_23_uploadOwnershipFileValidationAndSoftRemoval, FollowupIT.T_10_15_T_10_22_theImpersonatedOwnerCompletesAuditedAndStaffRoutesRejectTheToken, FollowupIT.T_10_17_observationsAreVersionedAuditedAndNeverReachAMember
Audit coverage: DOG_LEVEL_CHANGED -> CensusIT.T_03_19_levelChangeKeepsBookingsAndEmitsNoWarnings, SignupIT.T_04_17_publicSignupAndValidationAreAtomicOnRealCensusEntities
Audit coverage: DOG_FREE_TRAINING_CHANGED -> CensusIT.T_03_20_freeOverrideOnlyEmitsAnEventForEffectiveChanges
Audit coverage: DOG_TRANSFERRED -> CensusIT.T_03_21_transferPreservesDogDataAndClearsSelections
Audit coverage: DOG_DEACTIVATED -> CensusIT.T_03_22_deactivationChecksWaitlistsAndReactivationRequiresAnActiveOwner
Audit coverage: DOG_REACTIVATED -> CensusIT.T_03_22_deactivationChecksWaitlistsAndReactivationRequiresAnActiveOwner
Audit coverage: DOG_DOCUMENT_FILE_REMOVED -> CensusIT.T_03_05_T_03_23_uploadOwnershipFileValidationAndSoftRemoval
Audit coverage: FAMILY_GROUP_CHANGED -> CensusIT.T_03_28_familyMembershipHolderUpdatesAndDissolutionAreAtomic
Audit coverage: MEMBER_ROLES_CHANGED -> TeamIT.T_05_13_createReactivateRolesAndAtomicAudit
Audit coverage: DATA_EXPORTED -> ExportEngineIT.T_14_15_localizedHeadersMaskedValuesDatesAndReadyJobs, UniversalListsIT.T_03_11_exportsMaskFilesAndWriteTransactionalAuditOutbox
Audit coverage: CATALOG_CHANGED -> CatalogsIT.T_05_06_T_05_19_T_05_20_catalogCrudOrderVersionAuditAndOutbox, ClubPagesIT.T_05_CP_05_auditOutboxAndPageWritesCommitAndRollbackTogether, DemoSeedsIT.T_05_21_catalogSeedAppliesExportsUpdatesAndRepeatsWithoutWrites, MessageTemplatesIT.T_11_16_aCustomTemplateIsCreatedSavedWithItsVersionAndArchived, PlansIT.T_05_02_supersessionResolvesBothBoundariesAndEmitsTwoAtomicChanges, TeamIT.T_05_13_createReactivateRolesAndAtomicAudit
Audit coverage: ANNOUNCEMENT_SENT -> AnnouncementsIT.T_11_18_n24ToTheMembersOfTheListFiltersWithTheirOwnPreferencesAuditedAndReplayedByItsKey
Audit coverage: MIGRATION_APPLIED -> PlayoffMigrationIT.T_18_01_fixtureIncidentsSplitPeopleAndDogsWithoutSignupRejections
Audit coverage: PLATFORM_ROLES_CHANGED -> PlatformRolesIT.T_17_09_globalReadReplaceAndRemovalAuditOnlyRolePathWithoutDomainEvent
Audit coverage: ONBOARDING_COMPLETED -> OnboardingIT.T_01_26_importedAccountAcceptsOnceWithVersionTimeAndTransactionalAudit
Audit coverage: IMPERSONATION_STARTED -> ImpersonationHandoffIT.T_01_11_claimsMemberViewAuditedMutationAndRevocation
Audit coverage: ACCOUNT_EMAIL_STATUS_CHANGED -> SendGridWebhookIT.T_11_11_T_11_22_engineMailDeliveredSoftAndHardBouncesPerContactAddressAndTheAccountMarkCoexists, SendGridWebhookIT.T_11_22_validSignatureUpdatesAccountAuditAndDeliveryExactlyOnce
Audit coverage: PARAMETER_CHANGED -> AuditedAspectIT.T_14_12_parameterEntryCommitsAtomicallyWithAggregateAndOutboxAndCapturesMetadata, SettingsIT.T_02_03_R_02_04_theD11BlocksFollowTheCatalogAndOnlyTheClubKeysAreEditable, SettingsIT.T_02_08_parameterHistoryAuditOutboxCacheAndVersionedReset
Audit coverage: CLUB_UPDATED -> AuditedAspectIT.T_14_12_manualWriterMasksAndFreezesMutableSnapshotsBeforeCommit, ClubDefinitionsIT.T_02_12_canicMatchesBrandingAndParametersFixturesAndSecondApplyDoesNotWrite, SettingsIT.R_02_02_R_02_06_displayCityIsEditedWithTheClubAndTheTaxIdFollowsTheCountryProfile, SettingsIT.T_02_11_clubProjectionAndAllowlistedUpdatesAuditAndRefreshBranding
Audit coverage: CLUB_MODULES_CHANGED -> AuditedAspectIT.T_14_11_lastChangeUsesLatestTimestampAndSeparatesTenantsAndTargets, SettingsIT.T_02_09_selfServiceModulesAuditOutboxDependenciesAndBranding
Audit coverage: CLUB_STATUS_CHANGED -> AuditedAspectIT.T_14_11_platformEntriesHaveNullClubIdAndExplicitIsolatedQuery
Audit coverage: JOB_TRIGGERED -> JobFrameworkIT.T_15_08_manualTriggerIsAuditedAndRefusedWhileRunning, JobsApiIT.T_15_08_manualTriggerRunsTheProcessEvenSwitchedOffIsAuditedAndGuarded
catalog.yaml parameter keys: 151
CATALEG_PARAMETRES.md expanded effective parameter keys: 151
Markdown grouped keys/jobs expanded; Club binding rows excluded; Annex amendments folded
03:24:08.610 [main] INFO org.springframework.boot.test.context.SpringBootTestContextBootstrapper -- Found @SpringBootConfiguration com.agilityhub.core.CoreApplication for test class com.agilityhub.core.shared.api.HealthControllerTest

  .   ____          _            __ _ _
 /\\ / ___'_ __ _ _(_)_ __  __ _ \ \ \ \
( ( )\___ | '_ | '_| | '_ \/ _` | \ \ \ \
 \\/  ___)| |_)| | | | | || (_| |  ) ) ) )
  '  |____| .__|_| |_|_| |_\__, | / / / /
 =========|_|==============|___/=/_/_/_/

 :: Spring Boot ::               (v3.5.16)

2026-10-01T03:24:08.677+02:00  INFO 74862 --- [agilityhub-core-api] [           main] c.a.c.shared.api.HealthControllerTest    : Starting HealthControllerTest using Java 21.0.12.1 with PID 74862 (started by jordib in /Users/jordib/dev/agilityhub/agilityhub-core-api)
2026-10-01T03:24:08.677+02:00  INFO 74862 --- [agilityhub-core-api] [           main] c.a.c.shared.api.HealthControllerTest    : The following 1 profile is active: "test"
2026-10-01T03:24:09.373+02:00  INFO 74862 --- [agilityhub-core-api] [           main] o.s.b.t.m.w.SpringBootMockServletContext : Initializing Spring TestDispatcherServlet ''
2026-10-01T03:24:09.374+02:00  INFO 74862 --- [agilityhub-core-api] [           main] o.s.t.web.servlet.TestDispatcherServlet  : Initializing Servlet ''
2026-10-01T03:24:09.374+02:00  INFO 74862 --- [agilityhub-core-api] [           main] o.s.t.web.servlet.TestDispatcherServlet  : Completed initialization in 0 ms
2026-10-01T03:24:09.379+02:00  INFO 74862 --- [agilityhub-core-api] [           main] c.a.c.shared.api.HealthControllerTest    : Started HealthControllerTest in 0.752 seconds (process running for 21.76)
2026-10-01T03:24:09.389+02:00  WARN 74862 --- [agilityhub-core-api] [           main] c.a.core.shared.api.HealthController     : Health DOWN: the database did not answer a ping within 1000 ms traceId=75c8b706-7a07-4e54-acef-d9982414befa
2026-10-01T03:24:09.401+02:00  WARN 74862 --- [agilityhub-core-api] [           main] c.a.core.shared.api.ApiExceptionHandler  : Framework request rejected status=404 code=NOT_FOUND traceId=96874ca3-b0c8-48c3-82e4-d0136363e59a
2026-10-01T03:24:09.412+02:00  WARN 74862 --- [agilityhub-core-api] [           main] c.a.core.shared.api.ApiExceptionHandler  : Framework request rejected status=405 code=METHOD_NOT_ALLOWED traceId=1f30067e-64e8-47e0-a58e-c05abb9b9149
2026-10-01T03:24:09.428+02:00  WARN 74862 --- [agilityhub-core-api] [           main] c.a.core.shared.api.ApiExceptionHandler  : Framework request rejected status=404 code=NOT_FOUND traceId=c879e87a-bf38-40b2-893a-734ec53cd5bd
2026-10-01T03:24:09.464+02:00  INFO 74862 --- [agilityhub-core-api] [           main] o.s.mock.web.MockServletContext          : Initializing Spring TestDispatcherServlet ''
2026-10-01T03:24:09.464+02:00  INFO 74862 --- [agilityhub-core-api] [           main] o.s.t.web.servlet.TestDispatcherServlet  : Initializing Servlet ''
2026-10-01T03:24:09.464+02:00  INFO 74862 --- [agilityhub-core-api] [           main] o.s.t.web.servlet.TestDispatcherServlet  : Completed initialization in 0 ms
2026-10-01T03:24:09.464+02:00  WARN 74862 --- [agilityhub-core-api] [           main] c.a.core.shared.api.ApiExceptionHandler  : Framework request rejected status=405 code=METHOD_NOT_ALLOWED traceId=fa40a306-da0f-4feb-93f9-d781fe4455a4
2026-10-01T03:24:09.469+02:00  WARN 74862 --- [agilityhub-core-api] [           main] c.a.core.shared.api.ApiExceptionHandler  : Framework request rejected code=VALIDATION_ERROR traceId=e11cd4c0-04af-4a28-b52c-143e02306d8a
2026-10-01T03:24:09.471+02:00  WARN 74862 --- [agilityhub-core-api] [           main] c.a.core.shared.api.ApiExceptionHandler  : Framework request rejected status=415 code=UNSUPPORTED_MEDIA_TYPE traceId=373cbe04-6b14-497b-8745-9b6581d550cf
2026-10-01T03:24:09.472+02:00  WARN 74862 --- [agilityhub-core-api] [           main] c.a.core.shared.api.ApiExceptionHandler  : Framework request rejected status=406 code=NOT_ACCEPTABLE traceId=68dcbdf0-3870-4be2-9fb6-92c3b70d497d
2026-10-01T03:24:09.472+02:00  WARN 74862 --- [agilityhub-core-api] [           main] c.a.core.shared.api.ApiExceptionHandler  : Framework request rejected status=400 code=VALIDATION_ERROR traceId=f4bb3458-cb90-49bb-b7ae-b6fafe594e84
2026-10-01T03:24:09.473+02:00  WARN 74862 --- [agilityhub-core-api] [           main] o.s.web.servlet.PageNotFound             : No mapping for GET /missing
2026-10-01T03:24:09.473+02:00  WARN 74862 --- [agilityhub-core-api] [           main] c.a.core.shared.api.ApiExceptionHandler  : Framework request rejected status=404 code=NOT_FOUND traceId=22585429-8ce9-46d6-bb2f-473d24ce03dd
2026-10-01T03:24:09.474+02:00  WARN 74862 --- [agilityhub-core-api] [           main] c.a.core.shared.api.ApiExceptionHandler  : Framework request rejected code=FILE_TOO_LARGE traceId=f4d22178-03d2-4944-8bc4-aaaf3132d859
2026-10-01T03:24:09.477+02:00  INFO 74862 --- [agilityhub-core-api] [           main] o.s.mock.web.MockServletContext          : Initializing Spring TestDispatcherServlet ''
2026-10-01T03:24:09.478+02:00  INFO 74862 --- [agilityhub-core-api] [           main] o.s.t.web.servlet.TestDispatcherServlet  : Initializing Servlet ''
2026-10-01T03:24:09.478+02:00  INFO 74862 --- [agilityhub-core-api] [           main] o.s.t.web.servlet.TestDispatcherServlet  : Completed initialization in 0 ms
2026-10-01T03:24:09.484+02:00  INFO 74862 --- [agilityhub-core-api] [           main] o.s.mock.web.MockServletContext          : Initializing Spring TestDispatcherServlet ''
2026-10-01T03:24:09.484+02:00  INFO 74862 --- [agilityhub-core-api] [           main] o.s.t.web.servlet.TestDispatcherServlet  : Initializing Servlet ''
2026-10-01T03:24:09.484+02:00  INFO 74862 --- [agilityhub-core-api] [           main] o.s.t.web.servlet.TestDispatcherServlet  : Completed initialization in 0 ms
2026-10-01T03:24:09.485+02:00 ERROR 74862 --- [agilityhub-core-api] [           main] c.a.core.shared.api.ApiExceptionHandler  : Unhandled request exception traceId=61ba5eb1-30c1-4b15-a81f-9235ac1f013a

java.lang.IllegalStateException: fictional failure
	at com.agilityhub.core.shared.api.ApiExceptionHandlerTest$TestController.unexpected(ApiExceptionHandlerTest.java:148) ~[test-classes/:na]
	at java.base/jdk.internal.reflect.DirectMethodHandleAccessor.invoke(DirectMethodHandleAccessor.java:103) ~[na:na]
	at java.base/java.lang.reflect.Method.invoke(Method.java:580) ~[na:na]
	at org.springframework.web.method.support.InvocableHandlerMethod.doInvoke(InvocableHandlerMethod.java:258) ~[spring-web-6.2.19.jar:6.2.19]
	at org.springframework.web.method.support.InvocableHandlerMethod.invokeForRequest(InvocableHandlerMethod.java:191) ~[spring-web-6.2.19.jar:6.2.19]
	at org.springframework.web.servlet.mvc.method.annotation.ServletInvocableHandlerMethod.invokeAndHandle(ServletInvocableHandlerMethod.java:118) ~[spring-webmvc-6.2.19.jar:6.2.19]
	at org.springframework.web.servlet.mvc.method.annotation.RequestMappingHandlerAdapter.invokeHandlerMethod(RequestMappingHandlerAdapter.java:991) ~[spring-webmvc-6.2.19.jar:6.2.19]
	at org.springframework.web.servlet.mvc.method.annotation.RequestMappingHandlerAdapter.handleInternal(RequestMappingHandlerAdapter.java:896) ~[spring-webmvc-6.2.19.jar:6.2.19]
	at org.springframework.web.servlet.mvc.method.AbstractHandlerMethodAdapter.handle(AbstractHandlerMethodAdapter.java:87) ~[spring-webmvc-6.2.19.jar:6.2.19]
	at org.springframework.web.servlet.DispatcherServlet.doDispatch(DispatcherServlet.java:1089) ~[spring-webmvc-6.2.19.jar:6.2.19]
	at org.springframework.web.servlet.DispatcherServlet.doService(DispatcherServlet.java:979) ~[spring-webmvc-6.2.19.jar:6.2.19]
	at org.springframework.web.servlet.FrameworkServlet.processRequest(FrameworkServlet.java:1014) ~[spring-webmvc-6.2.19.jar:6.2.19]
	at org.springframework.web.servlet.FrameworkServlet.doGet(FrameworkServlet.java:903) ~[spring-webmvc-6.2.19.jar:6.2.19]
	at jakarta.servlet.http.HttpServlet.service(HttpServlet.java:564) ~[tomcat-embed-core-10.1.55.jar:6.0]
	at org.springframework.web.servlet.FrameworkServlet.service(FrameworkServlet.java:885) ~[spring-webmvc-6.2.19.jar:6.2.19]
	at org.springframework.test.web.servlet.TestDispatcherServlet.service(TestDispatcherServlet.java:72) ~[spring-test-6.2.19.jar:6.2.19]
	at jakarta.servlet.http.HttpServlet.service(HttpServlet.java:658) ~[tomcat-embed-core-10.1.55.jar:6.0]
	at org.springframework.mock.web.MockFilterChain$ServletFilterProxy.doFilter(MockFilterChain.java:165) ~[spring-test-6.2.19.jar:6.2.19]
	at org.springframework.mock.web.MockFilterChain.doFilter(MockFilterChain.java:132) ~[spring-test-6.2.19.jar:6.2.19]
	at com.agilityhub.core.shared.api.RequestTraceFilter.doFilterInternal(RequestTraceFilter.java:32) ~[classes/:na]
	at org.springframework.web.filter.OncePerRequestFilter.doFilter(OncePerRequestFilter.java:116) ~[spring-web-6.2.19.jar:6.2.19]
	at org.springframework.mock.web.MockFilterChain.doFilter(MockFilterChain.java:132) ~[spring-test-6.2.19.jar:6.2.19]
	at org.springframework.test.web.servlet.MockMvc.perform(MockMvc.java:201) ~[spring-test-6.2.19.jar:6.2.19]
	at com.agilityhub.core.shared.api.ApiExceptionHandlerTest.E3_T06_INC02_unhandledFailureLogsOneFullExceptionWithTheResponseTrace(ApiExceptionHandlerTest.java:76) ~[test-classes/:na]
	at java.base/jdk.internal.reflect.DirectMethodHandleAccessor.invoke(DirectMethodHandleAccessor.java:103) ~[na:na]
	at java.base/java.lang.reflect.Method.invoke(Method.java:580) ~[na:na]
	at org.junit.platform.commons.util.ReflectionUtils.invokeMethod(ReflectionUtils.java:775) ~[junit-platform-commons-1.12.2.jar:1.12.2]
	at org.junit.platform.commons.support.ReflectionSupport.invokeMethod(ReflectionSupport.java:479) ~[junit-platform-commons-1.12.2.jar:1.12.2]
	at org.junit.jupiter.engine.execution.MethodInvocation.proceed(MethodInvocation.java:60) ~[junit-jupiter-engine-5.12.2.jar:5.12.2]
	at org.junit.jupiter.engine.execution.InvocationInterceptorChain$ValidatingInvocation.proceed(InvocationInterceptorChain.java:131) ~[junit-jupiter-engine-5.12.2.jar:5.12.2]
	at org.junit.jupiter.params.ArgumentCountValidator.interceptTestTemplateMethod(ArgumentCountValidator.java:45) ~[junit-jupiter-params-5.12.2.jar:5.12.2]
	at org.junit.jupiter.engine.execution.InterceptingExecutableInvoker$ReflectiveInterceptorCall.lambda$ofVoidMethod$0(InterceptingExecutableInvoker.java:112) ~[junit-jupiter-engine-5.12.2.jar:5.12.2]
	at org.junit.jupiter.engine.execution.InterceptingExecutableInvoker.lambda$invoke$0(InterceptingExecutableInvoker.java:94) ~[junit-jupiter-engine-5.12.2.jar:5.12.2]
	at org.junit.jupiter.engine.execution.InvocationInterceptorChain$InterceptedInvocation.proceed(InvocationInterceptorChain.java:106) ~[junit-jupiter-engine-5.12.2.jar:5.12.2]
	at org.junit.jupiter.engine.extension.TimeoutExtension.intercept(TimeoutExtension.java:161) ~[junit-jupiter-engine-5.12.2.jar:5.12.2]
	at org.junit.jupiter.engine.extension.TimeoutExtension.interceptTestableMethod(TimeoutExtension.java:152) ~[junit-jupiter-engine-5.12.2.jar:5.12.2]
	at org.junit.jupiter.engine.extension.TimeoutExtension.interceptTestTemplateMethod(TimeoutExtension.java:99) ~[junit-jupiter-engine-5.12.2.jar:5.12.2]
	at org.junit.jupiter.engine.execution.InterceptingExecutableInvoker$ReflectiveInterceptorCall.lambda$ofVoidMethod$0(InterceptingExecutableInvoker.java:112) ~[junit-jupiter-engine-5.12.2.jar:5.12.2]
	at org.junit.jupiter.engine.execution.InterceptingExecutableInvoker.lambda$invoke$0(InterceptingExecutableInvoker.java:94) ~[junit-jupiter-engine-5.12.2.jar:5.12.2]
	at org.junit.jupiter.engine.execution.InvocationInterceptorChain$InterceptedInvocation.proceed(InvocationInterceptorChain.java:106) ~[junit-jupiter-engine-5.12.2.jar:5.12.2]
	at org.junit.jupiter.engine.execution.InvocationInterceptorChain.proceed(InvocationInterceptorChain.java:64) ~[junit-jupiter-engine-5.12.2.jar:5.12.2]
	at org.junit.jupiter.engine.execution.InvocationInterceptorChain.chainAndInvoke(InvocationInterceptorChain.java:45) ~[junit-jupiter-engine-5.12.2.jar:5.12.2]
	at org.junit.jupiter.engine.execution.InvocationInterceptorChain.invoke(InvocationInterceptorChain.java:37) ~[junit-jupiter-engine-5.12.2.jar:5.12.2]
	at org.junit.jupiter.engine.execution.InterceptingExecutableInvoker.invoke(InterceptingExecutableInvoker.java:93) ~[junit-jupiter-engine-5.12.2.jar:5.12.2]
	at org.junit.jupiter.engine.execution.InterceptingExecutableInvoker.invoke(InterceptingExecutableInvoker.java:87) ~[junit-jupiter-engine-5.12.2.jar:5.12.2]
	at org.junit.jupiter.engine.descriptor.TestMethodTestDescriptor.lambda$invokeTestMethod$7(TestMethodTestDescriptor.java:216) ~[junit-jupiter-engine-5.12.2.jar:5.12.2]
	at org.junit.platform.engine.support.hierarchical.ThrowableCollector.execute(ThrowableCollector.java:73) ~[junit-platform-engine-1.12.2.jar:1.12.2]
	at org.junit.jupiter.engine.descriptor.TestMethodTestDescriptor.invokeTestMethod(TestMethodTestDescriptor.java:212) ~[junit-jupiter-engine-5.12.2.jar:5.12.2]
	at org.junit.jupiter.engine.descriptor.TestMethodTestDescriptor.execute(TestMethodTestDescriptor.java:137) ~[junit-jupiter-engine-5.12.2.jar:5.12.2]
	at org.junit.jupiter.engine.descriptor.TestMethodTestDescriptor.execute(TestMethodTestDescriptor.java:69) ~[junit-jupiter-engine-5.12.2.jar:5.12.2]
	at org.junit.platform.engine.support.hierarchical.NodeTestTask.lambda$executeRecursively$6(NodeTestTask.java:156) ~[junit-platform-engine-1.12.2.jar:1.12.2]
	at org.junit.platform.engine.support.hierarchical.ThrowableCollector.execute(ThrowableCollector.java:73) ~[junit-platform-engine-1.12.2.jar:1.12.2]
	at org.junit.platform.engine.support.hierarchical.NodeTestTask.lambda$executeRecursively$8(NodeTestTask.java:146) ~[junit-platform-engine-1.12.2.jar:1.12.2]
	at org.junit.platform.engine.support.hierarchical.Node.around(Node.java:137) ~[junit-platform-engine-1.12.2.jar:1.12.2]
	at org.junit.platform.engine.support.hierarchical.NodeTestTask.lambda$executeRecursively$9(NodeTestTask.java:144) ~[junit-platform-engine-1.12.2.jar:1.12.2]
	at org.junit.platform.engine.support.hierarchical.ThrowableCollector.execute(ThrowableCollector.java:73) ~[junit-platform-engine-1.12.2.jar:1.12.2]
	at org.junit.platform.engine.support.hierarchical.NodeTestTask.executeRecursively(NodeTestTask.java:143) ~[junit-platform-engine-1.12.2.jar:1.12.2]
	at org.junit.platform.engine.support.hierarchical.NodeTestTask.execute(NodeTestTask.java:100) ~[junit-platform-engine-1.12.2.jar:1.12.2]
	at org.junit.platform.engine.support.hierarchical.SameThreadHierarchicalTestExecutorService.submit(SameThreadHierarchicalTestExecutorService.java:35) ~[junit-platform-engine-1.12.2.jar:1.12.2]
	at org.junit.platform.engine.support.hierarchical.NodeTestTask$DefaultDynamicTestExecutor.execute(NodeTestTask.java:231) ~[junit-platform-engine-1.12.2.jar:1.12.2]
	at org.junit.platform.engine.support.hierarchical.NodeTestTask$DefaultDynamicTestExecutor.execute(NodeTestTask.java:209) ~[junit-platform-engine-1.12.2.jar:1.12.2]
	at org.junit.jupiter.engine.descriptor.TestTemplateTestDescriptor.execute(TestTemplateTestDescriptor.java:157) ~[junit-jupiter-engine-5.12.2.jar:5.12.2]
	at org.junit.jupiter.engine.descriptor.TestTemplateTestDescriptor.lambda$executeForProvider$0(TestTemplateTestDescriptor.java:115) ~[junit-jupiter-engine-5.12.2.jar:5.12.2]
	at java.base/java.util.Optional.ifPresent(Optional.java:178) ~[na:na]
	at org.junit.jupiter.engine.descriptor.TestTemplateTestDescriptor.lambda$executeForProvider$1(TestTemplateTestDescriptor.java:115) ~[junit-jupiter-engine-5.12.2.jar:5.12.2]
	at java.base/java.util.stream.ForEachOps$ForEachOp$OfRef.accept(ForEachOps.java:184) ~[na:na]
	at java.base/java.util.stream.ReferencePipeline$3$1.accept(ReferencePipeline.java:197) ~[na:na]
	at java.base/java.util.stream.ForEachOps$ForEachOp$OfRef.accept(ForEachOps.java:184) ~[na:na]
	at java.base/java.util.ArrayList$ArrayListSpliterator.forEachRemaining(ArrayList.java:1708) ~[na:na]
	at java.base/java.util.stream.ReferencePipeline$Head.forEach(ReferencePipeline.java:762) ~[na:na]
	at java.base/java.util.stream.ReferencePipeline$7$1.accept(ReferencePipeline.java:276) ~[na:na]
	at java.base/java.util.ArrayList$ArrayListSpliterator.forEachRemaining(ArrayList.java:1708) ~[na:na]
	at java.base/java.util.stream.AbstractPipeline.copyInto(AbstractPipeline.java:509) ~[na:na]
	at java.base/java.util.stream.AbstractPipeline.wrapAndCopyInto(AbstractPipeline.java:499) ~[na:na]
	at java.base/java.util.stream.ForEachOps$ForEachOp.evaluateSequential(ForEachOps.java:151) ~[na:na]
	at java.base/java.util.stream.ForEachOps$ForEachOp$OfRef.evaluateSequential(ForEachOps.java:174) ~[na:na]
	at java.base/java.util.stream.AbstractPipeline.evaluate(AbstractPipeline.java:234) ~[na:na]
	at java.base/java.util.stream.ReferencePipeline.forEach(ReferencePipeline.java:596) ~[na:na]
	at java.base/java.util.stream.ReferencePipeline$7$1.accept(ReferencePipeline.java:276) ~[na:na]
	at java.base/java.util.stream.ReferencePipeline$3$1.accept(ReferencePipeline.java:197) ~[na:na]
	at java.base/java.util.stream.ReferencePipeline$3$1.accept(ReferencePipeline.java:197) ~[na:na]
	at java.base/java.util.stream.ReferencePipeline$3$1.accept(ReferencePipeline.java:197) ~[na:na]
	at java.base/java.util.ArrayList$ArrayListSpliterator.forEachRemaining(ArrayList.java:1708) ~[na:na]
	at java.base/java.util.stream.AbstractPipeline.copyInto(AbstractPipeline.java:509) ~[na:na]
	at java.base/java.util.stream.AbstractPipeline.wrapAndCopyInto(AbstractPipeline.java:499) ~[na:na]
	at java.base/java.util.stream.ForEachOps$ForEachOp.evaluateSequential(ForEachOps.java:151) ~[na:na]
	at java.base/java.util.stream.ForEachOps$ForEachOp$OfRef.evaluateSequential(ForEachOps.java:174) ~[na:na]
	at java.base/java.util.stream.AbstractPipeline.evaluate(AbstractPipeline.java:234) ~[na:na]
	at java.base/java.util.stream.ReferencePipeline.forEach(ReferencePipeline.java:596) ~[na:na]
	at org.junit.jupiter.engine.descriptor.TestTemplateTestDescriptor.executeForProvider(TestTemplateTestDescriptor.java:114) ~[junit-jupiter-engine-5.12.2.jar:5.12.2]
	at org.junit.jupiter.engine.descriptor.TestTemplateTestDescriptor.execute(TestTemplateTestDescriptor.java:103) ~[junit-jupiter-engine-5.12.2.jar:5.12.2]
	at org.junit.jupiter.engine.descriptor.TestTemplateTestDescriptor.execute(TestTemplateTestDescriptor.java:43) ~[junit-jupiter-engine-5.12.2.jar:5.12.2]
	at org.junit.platform.engine.support.hierarchical.NodeTestTask.lambda$executeRecursively$6(NodeTestTask.java:156) ~[junit-platform-engine-1.12.2.jar:1.12.2]
	at org.junit.platform.engine.support.hierarchical.ThrowableCollector.execute(ThrowableCollector.java:73) ~[junit-platform-engine-1.12.2.jar:1.12.2]
	at org.junit.platform.engine.support.hierarchical.NodeTestTask.lambda$executeRecursively$8(NodeTestTask.java:146) ~[junit-platform-engine-1.12.2.jar:1.12.2]
	at org.junit.platform.engine.support.hierarchical.Node.around(Node.java:137) ~[junit-platform-engine-1.12.2.jar:1.12.2]
	at org.junit.platform.engine.support.hierarchical.NodeTestTask.lambda$executeRecursively$9(NodeTestTask.java:144) ~[junit-platform-engine-1.12.2.jar:1.12.2]
	at org.junit.platform.engine.support.hierarchical.ThrowableCollector.execute(ThrowableCollector.java:73) ~[junit-platform-engine-1.12.2.jar:1.12.2]
	at org.junit.platform.engine.support.hierarchical.NodeTestTask.executeRecursively(NodeTestTask.java:143) ~[junit-platform-engine-1.12.2.jar:1.12.2]
	at org.junit.platform.engine.support.hierarchical.NodeTestTask.execute(NodeTestTask.java:100) ~[junit-platform-engine-1.12.2.jar:1.12.2]
	at java.base/java.util.ArrayList.forEach(ArrayList.java:1596) ~[na:na]
	at org.junit.platform.engine.support.hierarchical.SameThreadHierarchicalTestExecutorService.invokeAll(SameThreadHierarchicalTestExecutorService.java:41) ~[junit-platform-engine-1.12.2.jar:1.12.2]
	at org.junit.platform.engine.support.hierarchical.NodeTestTask.lambda$executeRecursively$6(NodeTestTask.java:160) ~[junit-platform-engine-1.12.2.jar:1.12.2]
	at org.junit.platform.engine.support.hierarchical.ThrowableCollector.execute(ThrowableCollector.java:73) ~[junit-platform-engine-1.12.2.jar:1.12.2]
	at org.junit.platform.engine.support.hierarchical.NodeTestTask.lambda$executeRecursively$8(NodeTestTask.java:146) ~[junit-platform-engine-1.12.2.jar:1.12.2]
	at org.junit.platform.engine.support.hierarchical.Node.around(Node.java:137) ~[junit-platform-engine-1.12.2.jar:1.12.2]
	at org.junit.platform.engine.support.hierarchical.NodeTestTask.lambda$executeRecursively$9(NodeTestTask.java:144) ~[junit-platform-engine-1.12.2.jar:1.12.2]
	at org.junit.platform.engine.support.hierarchical.ThrowableCollector.execute(ThrowableCollector.java:73) ~[junit-platform-engine-1.12.2.jar:1.12.2]
	at org.junit.platform.engine.support.hierarchical.NodeTestTask.executeRecursively(NodeTestTask.java:143) ~[junit-platform-engine-1.12.2.jar:1.12.2]
	at org.junit.platform.engine.support.hierarchical.NodeTestTask.execute(NodeTestTask.java:100) ~[junit-platform-engine-1.12.2.jar:1.12.2]
	at java.base/java.util.ArrayList.forEach(ArrayList.java:1596) ~[na:na]
	at org.junit.platform.engine.support.hierarchical.SameThreadHierarchicalTestExecutorService.invokeAll(SameThreadHierarchicalTestExecutorService.java:41) ~[junit-platform-engine-1.12.2.jar:1.12.2]
	at org.junit.platform.engine.support.hierarchical.NodeTestTask.lambda$executeRecursively$6(NodeTestTask.java:160) ~[junit-platform-engine-1.12.2.jar:1.12.2]
	at org.junit.platform.engine.support.hierarchical.ThrowableCollector.execute(ThrowableCollector.java:73) ~[junit-platform-engine-1.12.2.jar:1.12.2]
	at org.junit.platform.engine.support.hierarchical.NodeTestTask.lambda$executeRecursively$8(NodeTestTask.java:146) ~[junit-platform-engine-1.12.2.jar:1.12.2]
	at org.junit.platform.engine.support.hierarchical.Node.around(Node.java:137) ~[junit-platform-engine-1.12.2.jar:1.12.2]
	at org.junit.platform.engine.support.hierarchical.NodeTestTask.lambda$executeRecursively$9(NodeTestTask.java:144) ~[junit-platform-engine-1.12.2.jar:1.12.2]
	at org.junit.platform.engine.support.hierarchical.ThrowableCollector.execute(ThrowableCollector.java:73) ~[junit-platform-engine-1.12.2.jar:1.12.2]
	at org.junit.platform.engine.support.hierarchical.NodeTestTask.executeRecursively(NodeTestTask.java:143) ~[junit-platform-engine-1.12.2.jar:1.12.2]
	at org.junit.platform.engine.support.hierarchical.NodeTestTask.execute(NodeTestTask.java:100) ~[junit-platform-engine-1.12.2.jar:1.12.2]
	at org.junit.platform.engine.support.hierarchical.SameThreadHierarchicalTestExecutorService.submit(SameThreadHierarchicalTestExecutorService.java:35) ~[junit-platform-engine-1.12.2.jar:1.12.2]
	at org.junit.platform.engine.support.hierarchical.HierarchicalTestExecutor.execute(HierarchicalTestExecutor.java:57) ~[junit-platform-engine-1.12.2.jar:1.12.2]
	at org.junit.platform.engine.support.hierarchical.HierarchicalTestEngine.execute(HierarchicalTestEngine.java:54) ~[junit-platform-engine-1.12.2.jar:1.12.2]
	at org.junit.platform.launcher.core.EngineExecutionOrchestrator.execute(EngineExecutionOrchestrator.java:201) ~[junit-platform-launcher-1.12.2.jar:1.12.2]
	at org.junit.platform.launcher.core.EngineExecutionOrchestrator.execute(EngineExecutionOrchestrator.java:170) ~[junit-platform-launcher-1.12.2.jar:1.12.2]
	at org.junit.platform.launcher.core.EngineExecutionOrchestrator.execute(EngineExecutionOrchestrator.java:94) ~[junit-platform-launcher-1.12.2.jar:1.12.2]
	at org.junit.platform.launcher.core.EngineExecutionOrchestrator.lambda$execute$0(EngineExecutionOrchestrator.java:59) ~[junit-platform-launcher-1.12.2.jar:1.12.2]
	at org.junit.platform.launcher.core.EngineExecutionOrchestrator.withInterceptedStreams(EngineExecutionOrchestrator.java:142) ~[junit-platform-launcher-1.12.2.jar:1.12.2]
	at org.junit.platform.launcher.core.EngineExecutionOrchestrator.execute(EngineExecutionOrchestrator.java:58) ~[junit-platform-launcher-1.12.2.jar:1.12.2]
	at org.junit.platform.launcher.core.DefaultLauncher.execute(DefaultLauncher.java:103) ~[junit-platform-launcher-1.12.2.jar:1.12.2]
	at org.junit.platform.launcher.core.DefaultLauncher.execute(DefaultLauncher.java:85) ~[junit-platform-launcher-1.12.2.jar:1.12.2]
	at org.junit.platform.launcher.core.DelegatingLauncher.execute(DelegatingLauncher.java:47) ~[junit-platform-launcher-1.12.2.jar:1.12.2]
	at org.junit.platform.launcher.core.InterceptingLauncher.lambda$execute$1(InterceptingLauncher.java:39) ~[junit-platform-launcher-1.12.2.jar:1.12.2]
	at org.junit.platform.launcher.core.ClasspathAlignmentCheckingLauncherInterceptor.intercept(ClasspathAlignmentCheckingLauncherInterceptor.java:25) ~[junit-platform-launcher-1.12.2.jar:1.12.2]
	at org.junit.platform.launcher.core.InterceptingLauncher.execute(InterceptingLauncher.java:38) ~[junit-platform-launcher-1.12.2.jar:1.12.2]
	at org.junit.platform.launcher.core.DelegatingLauncher.execute(DelegatingLauncher.java:47) ~[junit-platform-launcher-1.12.2.jar:1.12.2]
	at org.apache.maven.surefire.junitplatform.LauncherAdapter.executeWithoutCancellationToken(LauncherAdapter.java:60) ~[surefire-junit-platform-3.5.6.jar:3.5.6]
	at org.apache.maven.surefire.junitplatform.LauncherAdapter.execute(LauncherAdapter.java:52) ~[surefire-junit-platform-3.5.6.jar:3.5.6]
	at org.apache.maven.surefire.junitplatform.JUnitPlatformProvider.execute(JUnitPlatformProvider.java:203) ~[surefire-junit-platform-3.5.6.jar:3.5.6]
	at org.apache.maven.surefire.junitplatform.JUnitPlatformProvider.invokeAllTests(JUnitPlatformProvider.java:168) ~[surefire-junit-platform-3.5.6.jar:3.5.6]
	at org.apache.maven.surefire.junitplatform.JUnitPlatformProvider.invoke(JUnitPlatformProvider.java:136) ~[surefire-junit-platform-3.5.6.jar:3.5.6]
	at org.apache.maven.surefire.booter.ForkedBooter.runSuitesInProcess(ForkedBooter.java:385) ~[surefire-booter-3.5.6.jar:3.5.6]
	at org.apache.maven.surefire.booter.ForkedBooter.execute(ForkedBooter.java:162) ~[surefire-booter-3.5.6.jar:3.5.6]
	at org.apache.maven.surefire.booter.ForkedBooter.run(ForkedBooter.java:507) ~[surefire-booter-3.5.6.jar:3.5.6]
	at org.apache.maven.surefire.booter.ForkedBooter.main(ForkedBooter.java:495) ~[surefire-booter-3.5.6.jar:3.5.6]
Caused by: java.lang.IllegalArgumentException: fictional cause
	... 145 common frames omitted

2026-10-01T03:24:09.496+02:00  INFO 74862 --- [agilityhub-core-api] [           main] o.s.mock.web.MockServletContext          : Initializing Spring TestDispatcherServlet ''
2026-10-01T03:24:09.496+02:00  INFO 74862 --- [agilityhub-core-api] [           main] o.s.t.web.servlet.TestDispatcherServlet  : Initializing Servlet ''
2026-10-01T03:24:09.496+02:00  INFO 74862 --- [agilityhub-core-api] [           main] o.s.t.web.servlet.TestDispatcherServlet  : Completed initialization in 0 ms
2026-10-01T03:24:09.496+02:00 ERROR 74862 --- [agilityhub-core-api] [           main] c.a.core.shared.api.ApiExceptionHandler  : Unhandled request exception traceId=7e40581a-1983-461b-981e-e2983a68f780

java.lang.IllegalStateException: fictional failure
	at com.agilityhub.core.shared.api.ApiExceptionHandlerTest$TestController.unexpected(ApiExceptionHandlerTest.java:148) ~[test-classes/:na]
	at java.base/jdk.internal.reflect.DirectMethodHandleAccessor.invoke(DirectMethodHandleAccessor.java:103) ~[na:na]
	at java.base/java.lang.reflect.Method.invoke(Method.java:580) ~[na:na]
	at org.springframework.web.method.support.InvocableHandlerMethod.doInvoke(InvocableHandlerMethod.java:258) ~[spring-web-6.2.19.jar:6.2.19]
	at org.springframework.web.method.support.InvocableHandlerMethod.invokeForRequest(InvocableHandlerMethod.java:191) ~[spring-web-6.2.19.jar:6.2.19]
	at org.springframework.web.servlet.mvc.method.annotation.ServletInvocableHandlerMethod.invokeAndHandle(ServletInvocableHandlerMethod.java:118) ~[spring-webmvc-6.2.19.jar:6.2.19]
	at org.springframework.web.servlet.mvc.method.annotation.RequestMappingHandlerAdapter.invokeHandlerMethod(RequestMappingHandlerAdapter.java:991) ~[spring-webmvc-6.2.19.jar:6.2.19]
	at org.springframework.web.servlet.mvc.method.annotation.RequestMappingHandlerAdapter.handleInternal(RequestMappingHandlerAdapter.java:896) ~[spring-webmvc-6.2.19.jar:6.2.19]
	at org.springframework.web.servlet.mvc.method.AbstractHandlerMethodAdapter.handle(AbstractHandlerMethodAdapter.java:87) ~[spring-webmvc-6.2.19.jar:6.2.19]
	at org.springframework.web.servlet.DispatcherServlet.doDispatch(DispatcherServlet.java:1089) ~[spring-webmvc-6.2.19.jar:6.2.19]
	at org.springframework.web.servlet.DispatcherServlet.doService(DispatcherServlet.java:979) ~[spring-webmvc-6.2.19.jar:6.2.19]
	at org.springframework.web.servlet.FrameworkServlet.processRequest(FrameworkServlet.java:1014) ~[spring-webmvc-6.2.19.jar:6.2.19]
	at org.springframework.web.servlet.FrameworkServlet.doGet(FrameworkServlet.java:903) ~[spring-webmvc-6.2.19.jar:6.2.19]
	at jakarta.servlet.http.HttpServlet.service(HttpServlet.java:564) ~[tomcat-embed-core-10.1.55.jar:6.0]
	at org.springframework.web.servlet.FrameworkServlet.service(FrameworkServlet.java:885) ~[spring-webmvc-6.2.19.jar:6.2.19]
	at org.springframework.test.web.servlet.TestDispatcherServlet.service(TestDispatcherServlet.java:72) ~[spring-test-6.2.19.jar:6.2.19]
	at jakarta.servlet.http.HttpServlet.service(HttpServlet.java:658) ~[tomcat-embed-core-10.1.55.jar:6.0]
	at org.springframework.mock.web.MockFilterChain$ServletFilterProxy.doFilter(MockFilterChain.java:165) ~[spring-test-6.2.19.jar:6.2.19]
	at org.springframework.mock.web.MockFilterChain.doFilter(MockFilterChain.java:132) ~[spring-test-6.2.19.jar:6.2.19]
	at com.agilityhub.core.shared.api.RequestTraceFilter.doFilterInternal(RequestTraceFilter.java:32) ~[classes/:na]
	at org.springframework.web.filter.OncePerRequestFilter.doFilter(OncePerRequestFilter.java:116) ~[spring-web-6.2.19.jar:6.2.19]
	at org.springframework.mock.web.MockFilterChain.doFilter(MockFilterChain.java:132) ~[spring-test-6.2.19.jar:6.2.19]
	at org.springframework.test.web.servlet.MockMvc.perform(MockMvc.java:201) ~[spring-test-6.2.19.jar:6.2.19]
	at com.agilityhub.core.shared.api.ApiExceptionHandlerTest.E3_T06_INC02_unhandledFailureLogsOneFullExceptionWithTheResponseTrace(ApiExceptionHandlerTest.java:76) ~[test-classes/:na]
	at java.base/jdk.internal.reflect.DirectMethodHandleAccessor.invoke(DirectMethodHandleAccessor.java:103) ~[na:na]
	at java.base/java.lang.reflect.Method.invoke(Method.java:580) ~[na:na]
	at org.junit.platform.commons.util.ReflectionUtils.invokeMethod(ReflectionUtils.java:775) ~[junit-platform-commons-1.12.2.jar:1.12.2]
	at org.junit.platform.commons.support.ReflectionSupport.invokeMethod(ReflectionSupport.java:479) ~[junit-platform-commons-1.12.2.jar:1.12.2]
	at org.junit.jupiter.engine.execution.MethodInvocation.proceed(MethodInvocation.java:60) ~[junit-jupiter-engine-5.12.2.jar:5.12.2]
	at org.junit.jupiter.engine.execution.InvocationInterceptorChain$ValidatingInvocation.proceed(InvocationInterceptorChain.java:131) ~[junit-jupiter-engine-5.12.2.jar:5.12.2]
	at org.junit.jupiter.params.ArgumentCountValidator.interceptTestTemplateMethod(ArgumentCountValidator.java:45) ~[junit-jupiter-params-5.12.2.jar:5.12.2]
	at org.junit.jupiter.engine.execution.InterceptingExecutableInvoker$ReflectiveInterceptorCall.lambda$ofVoidMethod$0(InterceptingExecutableInvoker.java:112) ~[junit-jupiter-engine-5.12.2.jar:5.12.2]
	at org.junit.jupiter.engine.execution.InterceptingExecutableInvoker.lambda$invoke$0(InterceptingExecutableInvoker.java:94) ~[junit-jupiter-engine-5.12.2.jar:5.12.2]
	at org.junit.jupiter.engine.execution.InvocationInterceptorChain$InterceptedInvocation.proceed(InvocationInterceptorChain.java:106) ~[junit-jupiter-engine-5.12.2.jar:5.12.2]
	at org.junit.jupiter.engine.extension.TimeoutExtension.intercept(TimeoutExtension.java:161) ~[junit-jupiter-engine-5.12.2.jar:5.12.2]
	at org.junit.jupiter.engine.extension.TimeoutExtension.interceptTestableMethod(TimeoutExtension.java:152) ~[junit-jupiter-engine-5.12.2.jar:5.12.2]
	at org.junit.jupiter.engine.extension.TimeoutExtension.interceptTestTemplateMethod(TimeoutExtension.java:99) ~[junit-jupiter-engine-5.12.2.jar:5.12.2]
	at org.junit.jupiter.engine.execution.InterceptingExecutableInvoker$ReflectiveInterceptorCall.lambda$ofVoidMethod$0(InterceptingExecutableInvoker.java:112) ~[junit-jupiter-engine-5.12.2.jar:5.12.2]
	at org.junit.jupiter.engine.execution.InterceptingExecutableInvoker.lambda$invoke$0(InterceptingExecutableInvoker.java:94) ~[junit-jupiter-engine-5.12.2.jar:5.12.2]
	at org.junit.jupiter.engine.execution.InvocationInterceptorChain$InterceptedInvocation.proceed(InvocationInterceptorChain.java:106) ~[junit-jupiter-engine-5.12.2.jar:5.12.2]
	at org.junit.jupiter.engine.execution.InvocationInterceptorChain.proceed(InvocationInterceptorChain.java:64) ~[junit-jupiter-engine-5.12.2.jar:5.12.2]
	at org.junit.jupiter.engine.execution.InvocationInterceptorChain.chainAndInvoke(InvocationInterceptorChain.java:45) ~[junit-jupiter-engine-5.12.2.jar:5.12.2]
	at org.junit.jupiter.engine.execution.InvocationInterceptorChain.invoke(InvocationInterceptorChain.java:37) ~[junit-jupiter-engine-5.12.2.jar:5.12.2]
	at org.junit.jupiter.engine.execution.InterceptingExecutableInvoker.invoke(InterceptingExecutableInvoker.java:93) ~[junit-jupiter-engine-5.12.2.jar:5.12.2]
	at org.junit.jupiter.engine.execution.InterceptingExecutableInvoker.invoke(InterceptingExecutableInvoker.java:87) ~[junit-jupiter-engine-5.12.2.jar:5.12.2]
	at org.junit.jupiter.engine.descriptor.TestMethodTestDescriptor.lambda$invokeTestMethod$7(TestMethodTestDescriptor.java:216) ~[junit-jupiter-engine-5.12.2.jar:5.12.2]
	at org.junit.platform.engine.support.hierarchical.ThrowableCollector.execute(ThrowableCollector.java:73) ~[junit-platform-engine-1.12.2.jar:1.12.2]
	at org.junit.jupiter.engine.descriptor.TestMethodTestDescriptor.invokeTestMethod(TestMethodTestDescriptor.java:212) ~[junit-jupiter-engine-5.12.2.jar:5.12.2]
	at org.junit.jupiter.engine.descriptor.TestMethodTestDescriptor.execute(TestMethodTestDescriptor.java:137) ~[junit-jupiter-engine-5.12.2.jar:5.12.2]
	at org.junit.jupiter.engine.descriptor.TestMethodTestDescriptor.execute(TestMethodTestDescriptor.java:69) ~[junit-jupiter-engine-5.12.2.jar:5.12.2]
	at org.junit.platform.engine.support.hierarchical.NodeTestTask.lambda$executeRecursively$6(NodeTestTask.java:156) ~[junit-platform-engine-1.12.2.jar:1.12.2]
	at org.junit.platform.engine.support.hierarchical.ThrowableCollector.execute(ThrowableCollector.java:73) ~[junit-platform-engine-1.12.2.jar:1.12.2]
	at org.junit.platform.engine.support.hierarchical.NodeTestTask.lambda$executeRecursively$8(NodeTestTask.java:146) ~[junit-platform-engine-1.12.2.jar:1.12.2]
	at org.junit.platform.engine.support.hierarchical.Node.around(Node.java:137) ~[junit-platform-engine-1.12.2.jar:1.12.2]
	at org.junit.platform.engine.support.hierarchical.NodeTestTask.lambda$executeRecursively$9(NodeTestTask.java:144) ~[junit-platform-engine-1.12.2.jar:1.12.2]
	at org.junit.platform.engine.support.hierarchical.ThrowableCollector.execute(ThrowableCollector.java:73) ~[junit-platform-engine-1.12.2.jar:1.12.2]
	at org.junit.platform.engine.support.hierarchical.NodeTestTask.executeRecursively(NodeTestTask.java:143) ~[junit-platform-engine-1.12.2.jar:1.12.2]
	at org.junit.platform.engine.support.hierarchical.NodeTestTask.execute(NodeTestTask.java:100) ~[junit-platform-engine-1.12.2.jar:1.12.2]
	at org.junit.platform.engine.support.hierarchical.SameThreadHierarchicalTestExecutorService.submit(SameThreadHierarchicalTestExecutorService.java:35) ~[junit-platform-engine-1.12.2.jar:1.12.2]
	at org.junit.platform.engine.support.hierarchical.NodeTestTask$DefaultDynamicTestExecutor.execute(NodeTestTask.java:231) ~[junit-platform-engine-1.12.2.jar:1.12.2]
	at org.junit.platform.engine.support.hierarchical.NodeTestTask$DefaultDynamicTestExecutor.execute(NodeTestTask.java:209) ~[junit-platform-engine-1.12.2.jar:1.12.2]
	at org.junit.jupiter.engine.descriptor.TestTemplateTestDescriptor.execute(TestTemplateTestDescriptor.java:157) ~[junit-jupiter-engine-5.12.2.jar:5.12.2]
	at org.junit.jupiter.engine.descriptor.TestTemplateTestDescriptor.lambda$executeForProvider$0(TestTemplateTestDescriptor.java:115) ~[junit-jupiter-engine-5.12.2.jar:5.12.2]
	at java.base/java.util.Optional.ifPresent(Optional.java:178) ~[na:na]
	at org.junit.jupiter.engine.descriptor.TestTemplateTestDescriptor.lambda$executeForProvider$1(TestTemplateTestDescriptor.java:115) ~[junit-jupiter-engine-5.12.2.jar:5.12.2]
	at java.base/java.util.stream.ForEachOps$ForEachOp$OfRef.accept(ForEachOps.java:184) ~[na:na]
	at java.base/java.util.stream.ReferencePipeline$3$1.accept(ReferencePipeline.java:197) ~[na:na]
	at java.base/java.util.stream.ForEachOps$ForEachOp$OfRef.accept(ForEachOps.java:184) ~[na:na]
	at java.base/java.util.ArrayList$ArrayListSpliterator.forEachRemaining(ArrayList.java:1708) ~[na:na]
	at java.base/java.util.stream.ReferencePipeline$Head.forEach(ReferencePipeline.java:762) ~[na:na]
	at java.base/java.util.stream.ReferencePipeline$7$1.accept(ReferencePipeline.java:276) ~[na:na]
	at java.base/java.util.ArrayList$ArrayListSpliterator.forEachRemaining(ArrayList.java:1708) ~[na:na]
	at java.base/java.util.stream.AbstractPipeline.copyInto(AbstractPipeline.java:509) ~[na:na]
	at java.base/java.util.stream.AbstractPipeline.wrapAndCopyInto(AbstractPipeline.java:499) ~[na:na]
	at java.base/java.util.stream.ForEachOps$ForEachOp.evaluateSequential(ForEachOps.java:151) ~[na:na]
	at java.base/java.util.stream.ForEachOps$ForEachOp$OfRef.evaluateSequential(ForEachOps.java:174) ~[na:na]
	at java.base/java.util.stream.AbstractPipeline.evaluate(AbstractPipeline.java:234) ~[na:na]
	at java.base/java.util.stream.ReferencePipeline.forEach(ReferencePipeline.java:596) ~[na:na]
	at java.base/java.util.stream.ReferencePipeline$7$1.accept(ReferencePipeline.java:276) ~[na:na]
	at java.base/java.util.stream.ReferencePipeline$3$1.accept(ReferencePipeline.java:197) ~[na:na]
	at java.base/java.util.stream.ReferencePipeline$3$1.accept(ReferencePipeline.java:197) ~[na:na]
	at java.base/java.util.stream.ReferencePipeline$3$1.accept(ReferencePipeline.java:197) ~[na:na]
	at java.base/java.util.ArrayList$ArrayListSpliterator.forEachRemaining(ArrayList.java:1708) ~[na:na]
	at java.base/java.util.stream.AbstractPipeline.copyInto(AbstractPipeline.java:509) ~[na:na]
	at java.base/java.util.stream.AbstractPipeline.wrapAndCopyInto(AbstractPipeline.java:499) ~[na:na]
	at java.base/java.util.stream.ForEachOps$ForEachOp.evaluateSequential(ForEachOps.java:151) ~[na:na]
	at java.base/java.util.stream.ForEachOps$ForEachOp$OfRef.evaluateSequential(ForEachOps.java:174) ~[na:na]
	at java.base/java.util.stream.AbstractPipeline.evaluate(AbstractPipeline.java:234) ~[na:na]
	at java.base/java.util.stream.ReferencePipeline.forEach(ReferencePipeline.java:596) ~[na:na]
	at org.junit.jupiter.engine.descriptor.TestTemplateTestDescriptor.executeForProvider(TestTemplateTestDescriptor.java:114) ~[junit-jupiter-engine-5.12.2.jar:5.12.2]
	at org.junit.jupiter.engine.descriptor.TestTemplateTestDescriptor.execute(TestTemplateTestDescriptor.java:103) ~[junit-jupiter-engine-5.12.2.jar:5.12.2]
	at org.junit.jupiter.engine.descriptor.TestTemplateTestDescriptor.execute(TestTemplateTestDescriptor.java:43) ~[junit-jupiter-engine-5.12.2.jar:5.12.2]
	at org.junit.platform.engine.support.hierarchical.NodeTestTask.lambda$executeRecursively$6(NodeTestTask.java:156) ~[junit-platform-engine-1.12.2.jar:1.12.2]
	at org.junit.platform.engine.support.hierarchical.ThrowableCollector.execute(ThrowableCollector.java:73) ~[junit-platform-engine-1.12.2.jar:1.12.2]
	at org.junit.platform.engine.support.hierarchical.NodeTestTask.lambda$executeRecursively$8(NodeTestTask.java:146) ~[junit-platform-engine-1.12.2.jar:1.12.2]
	at org.junit.platform.engine.support.hierarchical.Node.around(Node.java:137) ~[junit-platform-engine-1.12.2.jar:1.12.2]
	at org.junit.platform.engine.support.hierarchical.NodeTestTask.lambda$executeRecursively$9(NodeTestTask.java:144) ~[junit-platform-engine-1.12.2.jar:1.12.2]
	at org.junit.platform.engine.support.hierarchical.ThrowableCollector.execute(ThrowableCollector.java:73) ~[junit-platform-engine-1.12.2.jar:1.12.2]
	at org.junit.platform.engine.support.hierarchical.NodeTestTask.executeRecursively(NodeTestTask.java:143) ~[junit-platform-engine-1.12.2.jar:1.12.2]
	at org.junit.platform.engine.support.hierarchical.NodeTestTask.execute(NodeTestTask.java:100) ~[junit-platform-engine-1.12.2.jar:1.12.2]
	at java.base/java.util.ArrayList.forEach(ArrayList.java:1596) ~[na:na]
	at org.junit.platform.engine.support.hierarchical.SameThreadHierarchicalTestExecutorService.invokeAll(SameThreadHierarchicalTestExecutorService.java:41) ~[junit-platform-engine-1.12.2.jar:1.12.2]
	at org.junit.platform.engine.support.hierarchical.NodeTestTask.lambda$executeRecursively$6(NodeTestTask.java:160) ~[junit-platform-engine-1.12.2.jar:1.12.2]
	at org.junit.platform.engine.support.hierarchical.ThrowableCollector.execute(ThrowableCollector.java:73) ~[junit-platform-engine-1.12.2.jar:1.12.2]
	at org.junit.platform.engine.support.hierarchical.NodeTestTask.lambda$executeRecursively$8(NodeTestTask.java:146) ~[junit-platform-engine-1.12.2.jar:1.12.2]
	at org.junit.platform.engine.support.hierarchical.Node.around(Node.java:137) ~[junit-platform-engine-1.12.2.jar:1.12.2]
	at org.junit.platform.engine.support.hierarchical.NodeTestTask.lambda$executeRecursively$9(NodeTestTask.java:144) ~[junit-platform-engine-1.12.2.jar:1.12.2]
	at org.junit.platform.engine.support.hierarchical.ThrowableCollector.execute(ThrowableCollector.java:73) ~[junit-platform-engine-1.12.2.jar:1.12.2]
	at org.junit.platform.engine.support.hierarchical.NodeTestTask.executeRecursively(NodeTestTask.java:143) ~[junit-platform-engine-1.12.2.jar:1.12.2]
	at org.junit.platform.engine.support.hierarchical.NodeTestTask.execute(NodeTestTask.java:100) ~[junit-platform-engine-1.12.2.jar:1.12.2]
	at java.base/java.util.ArrayList.forEach(ArrayList.java:1596) ~[na:na]
	at org.junit.platform.engine.support.hierarchical.SameThreadHierarchicalTestExecutorService.invokeAll(SameThreadHierarchicalTestExecutorService.java:41) ~[junit-platform-engine-1.12.2.jar:1.12.2]
	at org.junit.platform.engine.support.hierarchical.NodeTestTask.lambda$executeRecursively$6(NodeTestTask.java:160) ~[junit-platform-engine-1.12.2.jar:1.12.2]
	at org.junit.platform.engine.support.hierarchical.ThrowableCollector.execute(ThrowableCollector.java:73) ~[junit-platform-engine-1.12.2.jar:1.12.2]
	at org.junit.platform.engine.support.hierarchical.NodeTestTask.lambda$executeRecursively$8(NodeTestTask.java:146) ~[junit-platform-engine-1.12.2.jar:1.12.2]
	at org.junit.platform.engine.support.hierarchical.Node.around(Node.java:137) ~[junit-platform-engine-1.12.2.jar:1.12.2]
	at org.junit.platform.engine.support.hierarchical.NodeTestTask.lambda$executeRecursively$9(NodeTestTask.java:144) ~[junit-platform-engine-1.12.2.jar:1.12.2]
	at org.junit.platform.engine.support.hierarchical.ThrowableCollector.execute(ThrowableCollector.java:73) ~[junit-platform-engine-1.12.2.jar:1.12.2]
	at org.junit.platform.engine.support.hierarchical.NodeTestTask.executeRecursively(NodeTestTask.java:143) ~[junit-platform-engine-1.12.2.jar:1.12.2]
	at org.junit.platform.engine.support.hierarchical.NodeTestTask.execute(NodeTestTask.java:100) ~[junit-platform-engine-1.12.2.jar:1.12.2]
	at org.junit.platform.engine.support.hierarchical.SameThreadHierarchicalTestExecutorService.submit(SameThreadHierarchicalTestExecutorService.java:35) ~[junit-platform-engine-1.12.2.jar:1.12.2]
	at org.junit.platform.engine.support.hierarchical.HierarchicalTestExecutor.execute(HierarchicalTestExecutor.java:57) ~[junit-platform-engine-1.12.2.jar:1.12.2]
	at org.junit.platform.engine.support.hierarchical.HierarchicalTestEngine.execute(HierarchicalTestEngine.java:54) ~[junit-platform-engine-1.12.2.jar:1.12.2]
	at org.junit.platform.launcher.core.EngineExecutionOrchestrator.execute(EngineExecutionOrchestrator.java:201) ~[junit-platform-launcher-1.12.2.jar:1.12.2]
	at org.junit.platform.launcher.core.EngineExecutionOrchestrator.execute(EngineExecutionOrchestrator.java:170) ~[junit-platform-launcher-1.12.2.jar:1.12.2]
	at org.junit.platform.launcher.core.EngineExecutionOrchestrator.execute(EngineExecutionOrchestrator.java:94) ~[junit-platform-launcher-1.12.2.jar:1.12.2]
	at org.junit.platform.launcher.core.EngineExecutionOrchestrator.lambda$execute$0(EngineExecutionOrchestrator.java:59) ~[junit-platform-launcher-1.12.2.jar:1.12.2]
	at org.junit.platform.launcher.core.EngineExecutionOrchestrator.withInterceptedStreams(EngineExecutionOrchestrator.java:142) ~[junit-platform-launcher-1.12.2.jar:1.12.2]
	at org.junit.platform.launcher.core.EngineExecutionOrchestrator.execute(EngineExecutionOrchestrator.java:58) ~[junit-platform-launcher-1.12.2.jar:1.12.2]
	at org.junit.platform.launcher.core.DefaultLauncher.execute(DefaultLauncher.java:103) ~[junit-platform-launcher-1.12.2.jar:1.12.2]
	at org.junit.platform.launcher.core.DefaultLauncher.execute(DefaultLauncher.java:85) ~[junit-platform-launcher-1.12.2.jar:1.12.2]
	at org.junit.platform.launcher.core.DelegatingLauncher.execute(DelegatingLauncher.java:47) ~[junit-platform-launcher-1.12.2.jar:1.12.2]
	at org.junit.platform.launcher.core.InterceptingLauncher.lambda$execute$1(InterceptingLauncher.java:39) ~[junit-platform-launcher-1.12.2.jar:1.12.2]
	at org.junit.platform.launcher.core.ClasspathAlignmentCheckingLauncherInterceptor.intercept(ClasspathAlignmentCheckingLauncherInterceptor.java:25) ~[junit-platform-launcher-1.12.2.jar:1.12.2]
	at org.junit.platform.launcher.core.InterceptingLauncher.execute(InterceptingLauncher.java:38) ~[junit-platform-launcher-1.12.2.jar:1.12.2]
	at org.junit.platform.launcher.core.DelegatingLauncher.execute(DelegatingLauncher.java:47) ~[junit-platform-launcher-1.12.2.jar:1.12.2]
	at org.apache.maven.surefire.junitplatform.LauncherAdapter.executeWithoutCancellationToken(LauncherAdapter.java:60) ~[surefire-junit-platform-3.5.6.jar:3.5.6]
	at org.apache.maven.surefire.junitplatform.LauncherAdapter.execute(LauncherAdapter.java:52) ~[surefire-junit-platform-3.5.6.jar:3.5.6]
	at org.apache.maven.surefire.junitplatform.JUnitPlatformProvider.execute(JUnitPlatformProvider.java:203) ~[surefire-junit-platform-3.5.6.jar:3.5.6]
	at org.apache.maven.surefire.junitplatform.JUnitPlatformProvider.invokeAllTests(JUnitPlatformProvider.java:168) ~[surefire-junit-platform-3.5.6.jar:3.5.6]
	at org.apache.maven.surefire.junitplatform.JUnitPlatformProvider.invoke(JUnitPlatformProvider.java:136) ~[surefire-junit-platform-3.5.6.jar:3.5.6]
	at org.apache.maven.surefire.booter.ForkedBooter.runSuitesInProcess(ForkedBooter.java:385) ~[surefire-booter-3.5.6.jar:3.5.6]
	at org.apache.maven.surefire.booter.ForkedBooter.execute(ForkedBooter.java:162) ~[surefire-booter-3.5.6.jar:3.5.6]
	at org.apache.maven.surefire.booter.ForkedBooter.run(ForkedBooter.java:507) ~[surefire-booter-3.5.6.jar:3.5.6]
	at org.apache.maven.surefire.booter.ForkedBooter.main(ForkedBooter.java:495) ~[surefire-booter-3.5.6.jar:3.5.6]
Caused by: java.lang.IllegalArgumentException: fictional cause
	... 145 common frames omitted

2026-10-01T03:24:09.503+02:00  INFO 74862 --- [agilityhub-core-api] [           main] o.s.mock.web.MockServletContext          : Initializing Spring TestDispatcherServlet ''
2026-10-01T03:24:09.503+02:00  INFO 74862 --- [agilityhub-core-api] [           main] o.s.t.web.servlet.TestDispatcherServlet  : Initializing Servlet ''
2026-10-01T03:24:09.504+02:00  INFO 74862 --- [agilityhub-core-api] [           main] o.s.t.web.servlet.TestDispatcherServlet  : Completed initialization in 1 ms
2026-10-01T03:24:09.504+02:00 ERROR 74862 --- [agilityhub-core-api] [           main] c.a.core.shared.api.ApiExceptionHandler  : Unhandled request exception traceId=68066148-318c-42dd-815b-ede30c01bdda

java.lang.IllegalStateException: fictional failure
	at com.agilityhub.core.shared.api.ApiExceptionHandlerTest$TestController.unexpected(ApiExceptionHandlerTest.java:148) ~[test-classes/:na]
	at java.base/jdk.internal.reflect.DirectMethodHandleAccessor.invoke(DirectMethodHandleAccessor.java:103) ~[na:na]
	at java.base/java.lang.reflect.Method.invoke(Method.java:580) ~[na:na]
	at org.springframework.web.method.support.InvocableHandlerMethod.doInvoke(InvocableHandlerMethod.java:258) ~[spring-web-6.2.19.jar:6.2.19]
	at org.springframework.web.method.support.InvocableHandlerMethod.invokeForRequest(InvocableHandlerMethod.java:191) ~[spring-web-6.2.19.jar:6.2.19]
	at org.springframework.web.servlet.mvc.method.annotation.ServletInvocableHandlerMethod.invokeAndHandle(ServletInvocableHandlerMethod.java:118) ~[spring-webmvc-6.2.19.jar:6.2.19]
	at org.springframework.web.servlet.mvc.method.annotation.RequestMappingHandlerAdapter.invokeHandlerMethod(RequestMappingHandlerAdapter.java:991) ~[spring-webmvc-6.2.19.jar:6.2.19]
	at org.springframework.web.servlet.mvc.method.annotation.RequestMappingHandlerAdapter.handleInternal(RequestMappingHandlerAdapter.java:896) ~[spring-webmvc-6.2.19.jar:6.2.19]
	at org.springframework.web.servlet.mvc.method.AbstractHandlerMethodAdapter.handle(AbstractHandlerMethodAdapter.java:87) ~[spring-webmvc-6.2.19.jar:6.2.19]
	at org.springframework.web.servlet.DispatcherServlet.doDispatch(DispatcherServlet.java:1089) ~[spring-webmvc-6.2.19.jar:6.2.19]
	at org.springframework.web.servlet.DispatcherServlet.doService(DispatcherServlet.java:979) ~[spring-webmvc-6.2.19.jar:6.2.19]
	at org.springframework.web.servlet.FrameworkServlet.processRequest(FrameworkServlet.java:1014) ~[spring-webmvc-6.2.19.jar:6.2.19]
	at org.springframework.web.servlet.FrameworkServlet.doGet(FrameworkServlet.java:903) ~[spring-webmvc-6.2.19.jar:6.2.19]
	at jakarta.servlet.http.HttpServlet.service(HttpServlet.java:564) ~[tomcat-embed-core-10.1.55.jar:6.0]
	at org.springframework.web.servlet.FrameworkServlet.service(FrameworkServlet.java:885) ~[spring-webmvc-6.2.19.jar:6.2.19]
	at org.springframework.test.web.servlet.TestDispatcherServlet.service(TestDispatcherServlet.java:72) ~[spring-test-6.2.19.jar:6.2.19]
	at jakarta.servlet.http.HttpServlet.service(HttpServlet.java:658) ~[tomcat-embed-core-10.1.55.jar:6.0]
	at org.springframework.mock.web.MockFilterChain$ServletFilterProxy.doFilter(MockFilterChain.java:165) ~[spring-test-6.2.19.jar:6.2.19]
	at org.springframework.mock.web.MockFilterChain.doFilter(MockFilterChain.java:132) ~[spring-test-6.2.19.jar:6.2.19]
	at com.agilityhub.core.shared.api.RequestTraceFilter.doFilterInternal(RequestTraceFilter.java:32) ~[classes/:na]
	at org.springframework.web.filter.OncePerRequestFilter.doFilter(OncePerRequestFilter.java:116) ~[spring-web-6.2.19.jar:6.2.19]
	at org.springframework.mock.web.MockFilterChain.doFilter(MockFilterChain.java:132) ~[spring-test-6.2.19.jar:6.2.19]
	at org.springframework.test.web.servlet.MockMvc.perform(MockMvc.java:201) ~[spring-test-6.2.19.jar:6.2.19]
	at com.agilityhub.core.shared.api.ApiExceptionHandlerTest.E3_T06_INC02_unhandledFailureLogsOneFullExceptionWithTheResponseTrace(ApiExceptionHandlerTest.java:76) ~[test-classes/:na]
	at java.base/jdk.internal.reflect.DirectMethodHandleAccessor.invoke(DirectMethodHandleAccessor.java:103) ~[na:na]
	at java.base/java.lang.reflect.Method.invoke(Method.java:580) ~[na:na]
	at org.junit.platform.commons.util.ReflectionUtils.invokeMethod(ReflectionUtils.java:775) ~[junit-platform-commons-1.12.2.jar:1.12.2]
	at org.junit.platform.commons.support.ReflectionSupport.invokeMethod(ReflectionSupport.java:479) ~[junit-platform-commons-1.12.2.jar:1.12.2]
	at org.junit.jupiter.engine.execution.MethodInvocation.proceed(MethodInvocation.java:60) ~[junit-jupiter-engine-5.12.2.jar:5.12.2]
	at org.junit.jupiter.engine.execution.InvocationInterceptorChain$ValidatingInvocation.proceed(InvocationInterceptorChain.java:131) ~[junit-jupiter-engine-5.12.2.jar:5.12.2]
	at org.junit.jupiter.params.ArgumentCountValidator.interceptTestTemplateMethod(ArgumentCountValidator.java:45) ~[junit-jupiter-params-5.12.2.jar:5.12.2]
	at org.junit.jupiter.engine.execution.InterceptingExecutableInvoker$ReflectiveInterceptorCall.lambda$ofVoidMethod$0(InterceptingExecutableInvoker.java:112) ~[junit-jupiter-engine-5.12.2.jar:5.12.2]
	at org.junit.jupiter.engine.execution.InterceptingExecutableInvoker.lambda$invoke$0(InterceptingExecutableInvoker.java:94) ~[junit-jupiter-engine-5.12.2.jar:5.12.2]
	at org.junit.jupiter.engine.execution.InvocationInterceptorChain$InterceptedInvocation.proceed(InvocationInterceptorChain.java:106) ~[junit-jupiter-engine-5.12.2.jar:5.12.2]
	at org.junit.jupiter.engine.extension.TimeoutExtension.intercept(TimeoutExtension.java:161) ~[junit-jupiter-engine-5.12.2.jar:5.12.2]
	at org.junit.jupiter.engine.extension.TimeoutExtension.interceptTestableMethod(TimeoutExtension.java:152) ~[junit-jupiter-engine-5.12.2.jar:5.12.2]
	at org.junit.jupiter.engine.extension.TimeoutExtension.interceptTestTemplateMethod(TimeoutExtension.java:99) ~[junit-jupiter-engine-5.12.2.jar:5.12.2]
	at org.junit.jupiter.engine.execution.InterceptingExecutableInvoker$ReflectiveInterceptorCall.lambda$ofVoidMethod$0(InterceptingExecutableInvoker.java:112) ~[junit-jupiter-engine-5.12.2.jar:5.12.2]
	at org.junit.jupiter.engine.execution.InterceptingExecutableInvoker.lambda$invoke$0(InterceptingExecutableInvoker.java:94) ~[junit-jupiter-engine-5.12.2.jar:5.12.2]
	at org.junit.jupiter.engine.execution.InvocationInterceptorChain$InterceptedInvocation.proceed(InvocationInterceptorChain.java:106) ~[junit-jupiter-engine-5.12.2.jar:5.12.2]
	at org.junit.jupiter.engine.execution.InvocationInterceptorChain.proceed(InvocationInterceptorChain.java:64) ~[junit-jupiter-engine-5.12.2.jar:5.12.2]
	at org.junit.jupiter.engine.execution.InvocationInterceptorChain.chainAndInvoke(InvocationInterceptorChain.java:45) ~[junit-jupiter-engine-5.12.2.jar:5.12.2]
	at org.junit.jupiter.engine.execution.InvocationInterceptorChain.invoke(InvocationInterceptorChain.java:37) ~[junit-jupiter-engine-5.12.2.jar:5.12.2]
	at org.junit.jupiter.engine.execution.InterceptingExecutableInvoker.invoke(InterceptingExecutableInvoker.java:93) ~[junit-jupiter-engine-5.12.2.jar:5.12.2]
	at org.junit.jupiter.engine.execution.InterceptingExecutableInvoker.invoke(InterceptingExecutableInvoker.java:87) ~[junit-jupiter-engine-5.12.2.jar:5.12.2]
	at org.junit.jupiter.engine.descriptor.TestMethodTestDescriptor.lambda$invokeTestMethod$7(TestMethodTestDescriptor.java:216) ~[junit-jupiter-engine-5.12.2.jar:5.12.2]
	at org.junit.platform.engine.support.hierarchical.ThrowableCollector.execute(ThrowableCollector.java:73) ~[junit-platform-engine-1.12.2.jar:1.12.2]
	at org.junit.jupiter.engine.descriptor.TestMethodTestDescriptor.invokeTestMethod(TestMethodTestDescriptor.java:212) ~[junit-jupiter-engine-5.12.2.jar:5.12.2]
	at org.junit.jupiter.engine.descriptor.TestMethodTestDescriptor.execute(TestMethodTestDescriptor.java:137) ~[junit-jupiter-engine-5.12.2.jar:5.12.2]
	at org.junit.jupiter.engine.descriptor.TestMethodTestDescriptor.execute(TestMethodTestDescriptor.java:69) ~[junit-jupiter-engine-5.12.2.jar:5.12.2]
	at org.junit.platform.engine.support.hierarchical.NodeTestTask.lambda$executeRecursively$6(NodeTestTask.java:156) ~[junit-platform-engine-1.12.2.jar:1.12.2]
	at org.junit.platform.engine.support.hierarchical.ThrowableCollector.execute(ThrowableCollector.java:73) ~[junit-platform-engine-1.12.2.jar:1.12.2]
	at org.junit.platform.engine.support.hierarchical.NodeTestTask.lambda$executeRecursively$8(NodeTestTask.java:146) ~[junit-platform-engine-1.12.2.jar:1.12.2]
	at org.junit.platform.engine.support.hierarchical.Node.around(Node.java:137) ~[junit-platform-engine-1.12.2.jar:1.12.2]
	at org.junit.platform.engine.support.hierarchical.NodeTestTask.lambda$executeRecursively$9(NodeTestTask.java:144) ~[junit-platform-engine-1.12.2.jar:1.12.2]
	at org.junit.platform.engine.support.hierarchical.ThrowableCollector.execute(ThrowableCollector.java:73) ~[junit-platform-engine-1.12.2.jar:1.12.2]
	at org.junit.platform.engine.support.hierarchical.NodeTestTask.executeRecursively(NodeTestTask.java:143) ~[junit-platform-engine-1.12.2.jar:1.12.2]
	at org.junit.platform.engine.support.hierarchical.NodeTestTask.execute(NodeTestTask.java:100) ~[junit-platform-engine-1.12.2.jar:1.12.2]
	at org.junit.platform.engine.support.hierarchical.SameThreadHierarchicalTestExecutorService.submit(SameThreadHierarchicalTestExecutorService.java:35) ~[junit-platform-engine-1.12.2.jar:1.12.2]
	at org.junit.platform.engine.support.hierarchical.NodeTestTask$DefaultDynamicTestExecutor.execute(NodeTestTask.java:231) ~[junit-platform-engine-1.12.2.jar:1.12.2]
	at org.junit.platform.engine.support.hierarchical.NodeTestTask$DefaultDynamicTestExecutor.execute(NodeTestTask.java:209) ~[junit-platform-engine-1.12.2.jar:1.12.2]
	at org.junit.jupiter.engine.descriptor.TestTemplateTestDescriptor.execute(TestTemplateTestDescriptor.java:157) ~[junit-jupiter-engine-5.12.2.jar:5.12.2]
	at org.junit.jupiter.engine.descriptor.TestTemplateTestDescriptor.lambda$executeForProvider$0(TestTemplateTestDescriptor.java:115) ~[junit-jupiter-engine-5.12.2.jar:5.12.2]
	at java.base/java.util.Optional.ifPresent(Optional.java:178) ~[na:na]
	at org.junit.jupiter.engine.descriptor.TestTemplateTestDescriptor.lambda$executeForProvider$1(TestTemplateTestDescriptor.java:115) ~[junit-jupiter-engine-5.12.2.jar:5.12.2]
	at java.base/java.util.stream.ForEachOps$ForEachOp$OfRef.accept(ForEachOps.java:184) ~[na:na]
	at java.base/java.util.stream.ReferencePipeline$3$1.accept(ReferencePipeline.java:197) ~[na:na]
	at java.base/java.util.stream.ForEachOps$ForEachOp$OfRef.accept(ForEachOps.java:184) ~[na:na]
	at java.base/java.util.ArrayList$ArrayListSpliterator.forEachRemaining(ArrayList.java:1708) ~[na:na]
	at java.base/java.util.stream.ReferencePipeline$Head.forEach(ReferencePipeline.java:762) ~[na:na]
	at java.base/java.util.stream.ReferencePipeline$7$1.accept(ReferencePipeline.java:276) ~[na:na]
	at java.base/java.util.ArrayList$ArrayListSpliterator.forEachRemaining(ArrayList.java:1708) ~[na:na]
	at java.base/java.util.stream.AbstractPipeline.copyInto(AbstractPipeline.java:509) ~[na:na]
	at java.base/java.util.stream.AbstractPipeline.wrapAndCopyInto(AbstractPipeline.java:499) ~[na:na]
	at java.base/java.util.stream.ForEachOps$ForEachOp.evaluateSequential(ForEachOps.java:151) ~[na:na]
	at java.base/java.util.stream.ForEachOps$ForEachOp$OfRef.evaluateSequential(ForEachOps.java:174) ~[na:na]
	at java.base/java.util.stream.AbstractPipeline.evaluate(AbstractPipeline.java:234) ~[na:na]
	at java.base/java.util.stream.ReferencePipeline.forEach(ReferencePipeline.java:596) ~[na:na]
	at java.base/java.util.stream.ReferencePipeline$7$1.accept(ReferencePipeline.java:276) ~[na:na]
	at java.base/java.util.stream.ReferencePipeline$3$1.accept(ReferencePipeline.java:197) ~[na:na]
	at java.base/java.util.stream.ReferencePipeline$3$1.accept(ReferencePipeline.java:197) ~[na:na]
	at java.base/java.util.stream.ReferencePipeline$3$1.accept(ReferencePipeline.java:197) ~[na:na]
	at java.base/java.util.ArrayList$ArrayListSpliterator.forEachRemaining(ArrayList.java:1708) ~[na:na]
	at java.base/java.util.stream.AbstractPipeline.copyInto(AbstractPipeline.java:509) ~[na:na]
	at java.base/java.util.stream.AbstractPipeline.wrapAndCopyInto(AbstractPipeline.java:499) ~[na:na]
	at java.base/java.util.stream.ForEachOps$ForEachOp.evaluateSequential(ForEachOps.java:151) ~[na:na]
	at java.base/java.util.stream.ForEachOps$ForEachOp$OfRef.evaluateSequential(ForEachOps.java:174) ~[na:na]
	at java.base/java.util.stream.AbstractPipeline.evaluate(AbstractPipeline.java:234) ~[na:na]
	at java.base/java.util.stream.ReferencePipeline.forEach(ReferencePipeline.java:596) ~[na:na]
	at org.junit.jupiter.engine.descriptor.TestTemplateTestDescriptor.executeForProvider(TestTemplateTestDescriptor.java:114) ~[junit-jupiter-engine-5.12.2.jar:5.12.2]
	at org.junit.jupiter.engine.descriptor.TestTemplateTestDescriptor.execute(TestTemplateTestDescriptor.java:103) ~[junit-jupiter-engine-5.12.2.jar:5.12.2]
	at org.junit.jupiter.engine.descriptor.TestTemplateTestDescriptor.execute(TestTemplateTestDescriptor.java:43) ~[junit-jupiter-engine-5.12.2.jar:5.12.2]
	at org.junit.platform.engine.support.hierarchical.NodeTestTask.lambda$executeRecursively$6(NodeTestTask.java:156) ~[junit-platform-engine-1.12.2.jar:1.12.2]
	at org.junit.platform.engine.support.hierarchical.ThrowableCollector.execute(ThrowableCollector.java:73) ~[junit-platform-engine-1.12.2.jar:1.12.2]
	at org.junit.platform.engine.support.hierarchical.NodeTestTask.lambda$executeRecursively$8(NodeTestTask.java:146) ~[junit-platform-engine-1.12.2.jar:1.12.2]
	at org.junit.platform.engine.support.hierarchical.Node.around(Node.java:137) ~[junit-platform-engine-1.12.2.jar:1.12.2]
	at org.junit.platform.engine.support.hierarchical.NodeTestTask.lambda$executeRecursively$9(NodeTestTask.java:144) ~[junit-platform-engine-1.12.2.jar:1.12.2]
	at org.junit.platform.engine.support.hierarchical.ThrowableCollector.execute(ThrowableCollector.java:73) ~[junit-platform-engine-1.12.2.jar:1.12.2]
	at org.junit.platform.engine.support.hierarchical.NodeTestTask.executeRecursively(NodeTestTask.java:143) ~[junit-platform-engine-1.12.2.jar:1.12.2]
	at org.junit.platform.engine.support.hierarchical.NodeTestTask.execute(NodeTestTask.java:100) ~[junit-platform-engine-1.12.2.jar:1.12.2]
	at java.base/java.util.ArrayList.forEach(ArrayList.java:1596) ~[na:na]
	at org.junit.platform.engine.support.hierarchical.SameThreadHierarchicalTestExecutorService.invokeAll(SameThreadHierarchicalTestExecutorService.java:41) ~[junit-platform-engine-1.12.2.jar:1.12.2]
	at org.junit.platform.engine.support.hierarchical.NodeTestTask.lambda$executeRecursively$6(NodeTestTask.java:160) ~[junit-platform-engine-1.12.2.jar:1.12.2]
	at org.junit.platform.engine.support.hierarchical.ThrowableCollector.execute(ThrowableCollector.java:73) ~[junit-platform-engine-1.12.2.jar:1.12.2]
	at org.junit.platform.engine.support.hierarchical.NodeTestTask.lambda$executeRecursively$8(NodeTestTask.java:146) ~[junit-platform-engine-1.12.2.jar:1.12.2]
	at org.junit.platform.engine.support.hierarchical.Node.around(Node.java:137) ~[junit-platform-engine-1.12.2.jar:1.12.2]
	at org.junit.platform.engine.support.hierarchical.NodeTestTask.lambda$executeRecursively$9(NodeTestTask.java:144) ~[junit-platform-engine-1.12.2.jar:1.12.2]
	at org.junit.platform.engine.support.hierarchical.ThrowableCollector.execute(ThrowableCollector.java:73) ~[junit-platform-engine-1.12.2.jar:1.12.2]
	at org.junit.platform.engine.support.hierarchical.NodeTestTask.executeRecursively(NodeTestTask.java:143) ~[junit-platform-engine-1.12.2.jar:1.12.2]
	at org.junit.platform.engine.support.hierarchical.NodeTestTask.execute(NodeTestTask.java:100) ~[junit-platform-engine-1.12.2.jar:1.12.2]
	at java.base/java.util.ArrayList.forEach(ArrayList.java:1596) ~[na:na]
	at org.junit.platform.engine.support.hierarchical.SameThreadHierarchicalTestExecutorService.invokeAll(SameThreadHierarchicalTestExecutorService.java:41) ~[junit-platform-engine-1.12.2.jar:1.12.2]
	at org.junit.platform.engine.support.hierarchical.NodeTestTask.lambda$executeRecursively$6(NodeTestTask.java:160) ~[junit-platform-engine-1.12.2.jar:1.12.2]
	at org.junit.platform.engine.support.hierarchical.ThrowableCollector.execute(ThrowableCollector.java:73) ~[junit-platform-engine-1.12.2.jar:1.12.2]
	at org.junit.platform.engine.support.hierarchical.NodeTestTask.lambda$executeRecursively$8(NodeTestTask.java:146) ~[junit-platform-engine-1.12.2.jar:1.12.2]
	at org.junit.platform.engine.support.hierarchical.Node.around(Node.java:137) ~[junit-platform-engine-1.12.2.jar:1.12.2]
	at org.junit.platform.engine.support.hierarchical.NodeTestTask.lambda$executeRecursively$9(NodeTestTask.java:144) ~[junit-platform-engine-1.12.2.jar:1.12.2]
	at org.junit.platform.engine.support.hierarchical.ThrowableCollector.execute(ThrowableCollector.java:73) ~[junit-platform-engine-1.12.2.jar:1.12.2]
	at org.junit.platform.engine.support.hierarchical.NodeTestTask.executeRecursively(NodeTestTask.java:143) ~[junit-platform-engine-1.12.2.jar:1.12.2]
	at org.junit.platform.engine.support.hierarchical.NodeTestTask.execute(NodeTestTask.java:100) ~[junit-platform-engine-1.12.2.jar:1.12.2]
	at org.junit.platform.engine.support.hierarchical.SameThreadHierarchicalTestExecutorService.submit(SameThreadHierarchicalTestExecutorService.java:35) ~[junit-platform-engine-1.12.2.jar:1.12.2]
	at org.junit.platform.engine.support.hierarchical.HierarchicalTestExecutor.execute(HierarchicalTestExecutor.java:57) ~[junit-platform-engine-1.12.2.jar:1.12.2]
	at org.junit.platform.engine.support.hierarchical.HierarchicalTestEngine.execute(HierarchicalTestEngine.java:54) ~[junit-platform-engine-1.12.2.jar:1.12.2]
	at org.junit.platform.launcher.core.EngineExecutionOrchestrator.execute(EngineExecutionOrchestrator.java:201) ~[junit-platform-launcher-1.12.2.jar:1.12.2]
	at org.junit.platform.launcher.core.EngineExecutionOrchestrator.execute(EngineExecutionOrchestrator.java:170) ~[junit-platform-launcher-1.12.2.jar:1.12.2]
	at org.junit.platform.launcher.core.EngineExecutionOrchestrator.execute(EngineExecutionOrchestrator.java:94) ~[junit-platform-launcher-1.12.2.jar:1.12.2]
	at org.junit.platform.launcher.core.EngineExecutionOrchestrator.lambda$execute$0(EngineExecutionOrchestrator.java:59) ~[junit-platform-launcher-1.12.2.jar:1.12.2]
	at org.junit.platform.launcher.core.EngineExecutionOrchestrator.withInterceptedStreams(EngineExecutionOrchestrator.java:142) ~[junit-platform-launcher-1.12.2.jar:1.12.2]
	at org.junit.platform.launcher.core.EngineExecutionOrchestrator.execute(EngineExecutionOrchestrator.java:58) ~[junit-platform-launcher-1.12.2.jar:1.12.2]
	at org.junit.platform.launcher.core.DefaultLauncher.execute(DefaultLauncher.java:103) ~[junit-platform-launcher-1.12.2.jar:1.12.2]
	at org.junit.platform.launcher.core.DefaultLauncher.execute(DefaultLauncher.java:85) ~[junit-platform-launcher-1.12.2.jar:1.12.2]
	at org.junit.platform.launcher.core.DelegatingLauncher.execute(DelegatingLauncher.java:47) ~[junit-platform-launcher-1.12.2.jar:1.12.2]
	at org.junit.platform.launcher.core.InterceptingLauncher.lambda$execute$1(InterceptingLauncher.java:39) ~[junit-platform-launcher-1.12.2.jar:1.12.2]
	at org.junit.platform.launcher.core.ClasspathAlignmentCheckingLauncherInterceptor.intercept(ClasspathAlignmentCheckingLauncherInterceptor.java:25) ~[junit-platform-launcher-1.12.2.jar:1.12.2]
	at org.junit.platform.launcher.core.InterceptingLauncher.execute(InterceptingLauncher.java:38) ~[junit-platform-launcher-1.12.2.jar:1.12.2]
	at org.junit.platform.launcher.core.DelegatingLauncher.execute(DelegatingLauncher.java:47) ~[junit-platform-launcher-1.12.2.jar:1.12.2]
	at org.apache.maven.surefire.junitplatform.LauncherAdapter.executeWithoutCancellationToken(LauncherAdapter.java:60) ~[surefire-junit-platform-3.5.6.jar:3.5.6]
	at org.apache.maven.surefire.junitplatform.LauncherAdapter.execute(LauncherAdapter.java:52) ~[surefire-junit-platform-3.5.6.jar:3.5.6]
	at org.apache.maven.surefire.junitplatform.JUnitPlatformProvider.execute(JUnitPlatformProvider.java:203) ~[surefire-junit-platform-3.5.6.jar:3.5.6]
	at org.apache.maven.surefire.junitplatform.JUnitPlatformProvider.invokeAllTests(JUnitPlatformProvider.java:168) ~[surefire-junit-platform-3.5.6.jar:3.5.6]
	at org.apache.maven.surefire.junitplatform.JUnitPlatformProvider.invoke(JUnitPlatformProvider.java:136) ~[surefire-junit-platform-3.5.6.jar:3.5.6]
	at org.apache.maven.surefire.booter.ForkedBooter.runSuitesInProcess(ForkedBooter.java:385) ~[surefire-booter-3.5.6.jar:3.5.6]
	at org.apache.maven.surefire.booter.ForkedBooter.execute(ForkedBooter.java:162) ~[surefire-booter-3.5.6.jar:3.5.6]
	at org.apache.maven.surefire.booter.ForkedBooter.run(ForkedBooter.java:507) ~[surefire-booter-3.5.6.jar:3.5.6]
	at org.apache.maven.surefire.booter.ForkedBooter.main(ForkedBooter.java:495) ~[surefire-booter-3.5.6.jar:3.5.6]
Caused by: java.lang.IllegalArgumentException: fictional cause
	... 145 common frames omitted

2026-10-01T03:24:09.511+02:00  INFO 74862 --- [agilityhub-core-api] [           main] o.s.mock.web.MockServletContext          : Initializing Spring TestDispatcherServlet ''
2026-10-01T03:24:09.511+02:00  INFO 74862 --- [agilityhub-core-api] [           main] o.s.t.web.servlet.TestDispatcherServlet  : Initializing Servlet ''
2026-10-01T03:24:09.512+02:00  INFO 74862 --- [agilityhub-core-api] [           main] o.s.t.web.servlet.TestDispatcherServlet  : Completed initialization in 0 ms
2026-10-01T03:24:09.516+02:00  WARN 74862 --- [agilityhub-core-api] [           main] c.a.core.shared.api.ApiExceptionHandler  : Framework request rejected code=VALIDATION_ERROR traceId=986c4220-31e3-4be2-9892-d5f547c2ad19
2026-10-01T03:24:09.519+02:00  WARN 74862 --- [agilityhub-core-api] [           main] c.a.core.shared.api.ApiExceptionHandler  : Framework request rejected code=VALIDATION_ERROR traceId=83e80ffa-8dea-4555-89d1-b6903026e1a0
2026-10-01T03:24:09.520+02:00  WARN 74862 --- [agilityhub-core-api] [           main] o.s.web.servlet.PageNotFound             : No mapping for GET /missing
2026-10-01T03:24:09.520+02:00  WARN 74862 --- [agilityhub-core-api] [           main] c.a.core.shared.api.ApiExceptionHandler  : Framework request rejected status=404 code=NOT_FOUND traceId=f14fcbd3-ef4c-42d5-bc76-78571e203dc7
2026-10-01T03:24:09.525+02:00  INFO 74862 --- [agilityhub-core-api] [           main] o.s.mock.web.MockServletContext          : Initializing Spring TestDispatcherServlet ''
2026-10-01T03:24:09.525+02:00  INFO 74862 --- [agilityhub-core-api] [           main] o.s.t.web.servlet.TestDispatcherServlet  : Initializing Servlet ''
2026-10-01T03:24:09.525+02:00  INFO 74862 --- [agilityhub-core-api] [           main] o.s.t.web.servlet.TestDispatcherServlet  : Completed initialization in 0 ms
2026-10-01T03:24:09.532+02:00  WARN 74862 --- [agilityhub-core-api] [           main] c.a.core.shared.api.ApiExceptionHandler  : Framework request rejected code=VALIDATION_ERROR traceId=448fdcf7-bc58-4563-b226-2a0c546355ba
2026-10-01T03:24:09.536+02:00  INFO 74862 --- [agilityhub-core-api] [           main] o.s.mock.web.MockServletContext          : Initializing Spring TestDispatcherServlet ''
2026-10-01T03:24:09.536+02:00  INFO 74862 --- [agilityhub-core-api] [           main] o.s.t.web.servlet.TestDispatcherServlet  : Initializing Servlet ''
2026-10-01T03:24:09.536+02:00  INFO 74862 --- [agilityhub-core-api] [           main] o.s.t.web.servlet.TestDispatcherServlet  : Completed initialization in 0 ms
2026-10-01T03:24:09.588+02:00  INFO 74862 --- [agilityhub-core-api] [           main] o.s.mock.web.MockServletContext          : Initializing Spring TestDispatcherServlet ''
2026-10-01T03:24:09.588+02:00  INFO 74862 --- [agilityhub-core-api] [           main] o.s.t.web.servlet.TestDispatcherServlet  : Initializing Servlet ''
2026-10-01T03:24:09.588+02:00  INFO 74862 --- [agilityhub-core-api] [           main] o.s.t.web.servlet.TestDispatcherServlet  : Completed initialization in 0 ms
E0-T08 ca: 248 error messages; 617 keys; parity and ICU syntax OK
E0-T08 en: 248 error messages; 617 keys; parity and ICU syntax OK
E0-T08 es: 248 error messages; 617 keys; parity and ICU syntax OK

0 changes (applied)

0 changes (dry run)

0 changes (applied)
Usage: identity:seed-test-accounts <file> | --club=<slug> [--dry-run] [--allow-seed-passwords]
Usage: identity:seed-test-accounts <file> | --club=<slug> [--dry-run] [--allow-seed-passwords]
Usage: identity:seed-test-accounts <file> | --club=<slug> [--dry-run] [--allow-seed-passwords]
Usage: identity:seed-test-accounts <file> | --club=<slug> [--dry-run] [--allow-seed-passwords]
Usage: identity:seed-test-accounts <file> | --club=<slug> [--dry-run] [--allow-seed-passwords]
Usage: identity:seed-test-accounts <file> | --club=<slug> [--dry-run] [--allow-seed-passwords]
Usage: identity:seed-test-accounts <file> | --club=<slug> [--dry-run] [--allow-seed-passwords]
Usage: identity:seed-test-accounts <file> | --club=<slug> [--dry-run] [--allow-seed-passwords]
+ club
1 changes (dry run)
= club
0 changes (applied)
apiVersion: agilityhub.club/v1
Specify exactly one --core.command=<name>
Specify exactly one --core.command=<name>
Unknown or unavailable command: x
Specify exactly one --core.command=<name>
Usage: club:apply <file> [--dry-run] [--allow-seed-passwords]
Usage: club:apply <file> [--dry-run] [--allow-seed-passwords]
Usage: club:apply <file> [--dry-run] [--allow-seed-passwords]
Usage: club:apply <file> [--dry-run] [--allow-seed-passwords]
Usage: club:export <slug>
Usage: club:export <slug>
CLUB_NOT_FOUND {}
Command failed (IllegalStateException)
Playoff DRY_RUN
members: created=0 updated=0 skipped=0 errors=0
dogs: created=0 updated=0 skipped=0 errors=0
familyGroups: created=0 updated=0 skipped=0 errors=0 proposed=0
accounts: created=0 updated=0 skipped=0 errors=0
Incidents: {}
Playoff DRY_RUN
members: created=0 updated=0 skipped=0 errors=0
dogs: created=0 updated=0 skipped=0 errors=0
familyGroups: created=0 updated=0 skipped=0 errors=0 proposed=0
accounts: created=0 updated=0 skipped=0 errors=0
Incidents: {}
Playoff DRY_RUN
Validation failed; no changes applied. Counts below describe the proposed changes.
members: created=0 updated=0 skipped=0 errors=1
dogs: created=0 updated=0 skipped=0 errors=0
familyGroups: created=0 updated=0 skipped=0 errors=0 proposed=0
accounts: created=0 updated=0 skipped=0 errors=0
Incidents: {MAPPING_INVALID=1}
members:2 members ERROR MAPPING_INVALID
Playoff APPLY
Validation failed; no changes applied. Counts below describe the proposed changes.
REEXECUTION_UNSUPPORTED: 1 records cannot be reconciled with an earlier load (R-18-14). On staging, the way out is --reset and a new load.
members: created=0 updated=0 skipped=0 errors=1
dogs: created=0 updated=0 skipped=0 errors=0
familyGroups: created=0 updated=0 skipped=0 errors=0 proposed=0
accounts: created=0 updated=0 skipped=0 errors=0
Incidents: {REEXECUTION_UNSUPPORTED=1}
members:3 members ERROR REEXECUTION_UNSUPPORTED field=status
Anonymized Playoff files written; no input values or key logged.
[ERROR] Tests run: 14, Failures: 1, Errors: 0, Skipped: 0, Time elapsed: 1.925 s <<< FAILURE! -- in com.agilityhub.core.arch.ArchitectureTest
[ERROR] com.agilityhub.core.arch.ArchitectureTest.E0_T01_crossContextAccessUsesApplication -- Time elapsed: 0.092 s <<< FAILURE!
java.lang.AssertionError: 
Architecture Violation [Priority: MEDIUM] - Rule 'classes should access other contexts only through their application packages' was violated (22 times):
Constructor <com.agilityhub.core.clubs.census.application.DemoMessagingSeeder$Template.<init>(com.agilityhub.core.clubs.messaging.domain.NotificationCategory, java.util.Map, java.util.Map, com.agilityhub.core.clubs.messaging.domain.TemplateIcon, com.agilityhub.core.clubs.messaging.domain.TemplateColor)> has parameter of type <com.agilityhub.core.clubs.messaging.domain.NotificationCategory> in (DemoMessagingSeeder.java:0)
Constructor <com.agilityhub.core.clubs.census.application.DemoMessagingSeeder$Template.<init>(com.agilityhub.core.clubs.messaging.domain.NotificationCategory, java.util.Map, java.util.Map, com.agilityhub.core.clubs.messaging.domain.TemplateIcon, com.agilityhub.core.clubs.messaging.domain.TemplateColor)> has parameter of type <com.agilityhub.core.clubs.messaging.domain.TemplateColor> in (DemoMessagingSeeder.java:0)
Constructor <com.agilityhub.core.clubs.census.application.DemoMessagingSeeder$Template.<init>(com.agilityhub.core.clubs.messaging.domain.NotificationCategory, java.util.Map, java.util.Map, com.agilityhub.core.clubs.messaging.domain.TemplateIcon, com.agilityhub.core.clubs.messaging.domain.TemplateColor)> has parameter of type <com.agilityhub.core.clubs.messaging.domain.TemplateIcon> in (DemoMessagingSeeder.java:0)
Field <com.agilityhub.core.clubs.census.application.DemoMessagingSeeder$Template.category> has type <com.agilityhub.core.clubs.messaging.domain.NotificationCategory> in (DemoMessagingSeeder.java:0)
Field <com.agilityhub.core.clubs.census.application.DemoMessagingSeeder$Template.color> has type <com.agilityhub.core.clubs.messaging.domain.TemplateColor> in (DemoMessagingSeeder.java:0)
Field <com.agilityhub.core.clubs.census.application.DemoMessagingSeeder$Template.icon> has type <com.agilityhub.core.clubs.messaging.domain.TemplateIcon> in (DemoMessagingSeeder.java:0)
Method <com.agilityhub.core.clubs.census.application.DemoMessagingSeeder$Template.category()> has return type <com.agilityhub.core.clubs.messaging.domain.NotificationCategory> in (DemoMessagingSeeder.java:0)
Method <com.agilityhub.core.clubs.census.application.DemoMessagingSeeder$Template.color()> has return type <com.agilityhub.core.clubs.messaging.domain.TemplateColor> in (DemoMessagingSeeder.java:0)
Method <com.agilityhub.core.clubs.census.application.DemoMessagingSeeder$Template.icon()> has return type <com.agilityhub.core.clubs.messaging.domain.TemplateIcon> in (DemoMessagingSeeder.java:0)
Method <com.agilityhub.core.clubs.census.application.DemoMessagingSeeder.apply(com.agilityhub.core.shared.application.DemoSeedStep$Input)> gets field <com.agilityhub.core.clubs.messaging.domain.NotificationAudience.ADMINS> in (DemoMessagingSeeder.java:92)
Method <com.agilityhub.core.clubs.census.application.DemoMessagingSeeder.apply(com.agilityhub.core.shared.application.DemoSeedStep$Input)> gets field <com.agilityhub.core.clubs.messaging.domain.NotificationAudience.INSTRUCTORS> in (DemoMessagingSeeder.java:92)
Method <com.agilityhub.core.clubs.census.application.DemoMessagingSeeder.apply(com.agilityhub.core.shared.application.DemoSeedStep$Input)> gets field <com.agilityhub.core.clubs.messaging.domain.NotificationAudience.MEMBER> in (DemoMessagingSeeder.java:91)
Method <com.agilityhub.core.clubs.census.application.DemoMessagingSeeder.apply(com.agilityhub.core.shared.application.DemoSeedStep$Input)> gets field <com.agilityhub.core.clubs.messaging.domain.NotificationChannel.APP> in (DemoMessagingSeeder.java:91)
Method <com.agilityhub.core.clubs.census.application.DemoMessagingSeeder.apply(com.agilityhub.core.shared.application.DemoSeedStep$Input)> gets field <com.agilityhub.core.clubs.messaging.domain.NotificationChannel.APP> in (DemoMessagingSeeder.java:93)
Method <com.agilityhub.core.clubs.census.application.DemoMessagingSeeder.apply(com.agilityhub.core.shared.application.DemoSeedStep$Input)> gets field <com.agilityhub.core.clubs.messaging.domain.NotificationChannel.EMAIL> in (DemoMessagingSeeder.java:91)
Method <com.agilityhub.core.clubs.census.application.DemoMessagingSeeder.apply(com.agilityhub.core.shared.application.DemoSeedStep$Input)> gets field <com.agilityhub.core.clubs.messaging.domain.NotificationChannel.EMAIL> in (DemoMessagingSeeder.java:93)
Method <com.agilityhub.core.clubs.census.application.DemoMessagingSeeder.apply(com.agilityhub.core.shared.application.DemoSeedStep$Input)> gets field <com.agilityhub.core.clubs.messaging.domain.NotificationChannel.SMS> in (DemoMessagingSeeder.java:91)
Method <com.agilityhub.core.clubs.census.application.DemoMessagingSeeder.apply(com.agilityhub.core.shared.application.DemoSeedStep$Input)> gets field <com.agilityhub.core.clubs.messaging.domain.NotificationChannel.SMS> in (DemoMessagingSeeder.java:93)
Method <com.agilityhub.core.clubs.census.application.DemoMessagingSeeder.apply(com.agilityhub.core.shared.application.DemoSeedStep$Input)> references class object <com.agilityhub.core.clubs.messaging.domain.NotificationAudience> in (DemoMessagingSeeder.java:90)
Method <com.agilityhub.core.clubs.census.application.DemoMessagingSeeder.categories(java.util.Map)> calls method <com.agilityhub.core.clubs.messaging.domain.NotificationCategory.valueOf(java.lang.String)> in (DemoMessagingSeeder.java:127)
Method <com.agilityhub.core.clubs.census.application.DemoMessagingSeeder.categories(java.util.Map)> has generic return type <java.util.Map<com.agilityhub.core.clubs.messaging.domain.NotificationCategory, java.lang.Boolean>> with type argument depending on <com.agilityhub.core.clubs.messaging.domain.NotificationCategory> in (DemoMessagingSeeder.java:0)
Method <com.agilityhub.core.clubs.census.application.DemoMessagingSeeder.categories(java.util.Map)> references class object <com.agilityhub.core.clubs.messaging.domain.NotificationCategory> in (DemoMessagingSeeder.java:126)
	at com.tngtech.archunit.lang.ArchRule$Assertions.assertNoViolation(ArchRule.java:94)
	at com.tngtech.archunit.lang.ArchRule$Assertions.check(ArchRule.java:86)
	at com.tngtech.archunit.lang.ArchRule$Factory$SimpleArchRule.check(ArchRule.java:165)
	at com.tngtech.archunit.lang.syntax.ObjectsShouldInternal.check(ObjectsShouldInternal.java:81)
	at com.tngtech.archunit.junit.internal.ArchUnitTestDescriptor$ArchUnitRuleDescriptor.execute(ArchUnitTestDescriptor.java:168)
	at com.tngtech.archunit.junit.internal.ArchUnitTestDescriptor$ArchUnitRuleDescriptor.execute(ArchUnitTestDescriptor.java:151)
	at java.base/java.util.ArrayList.forEach(ArrayList.java:1596)
	at java.base/java.util.ArrayList.forEach(ArrayList.java:1596)

[ERROR] Failures: 
[ERROR]   ArchitectureTest.E0_T01_crossContextAccessUsesApplication Architecture Violation [Priority: MEDIUM] - Rule 'classes should access other contexts only through their application packages' was violated (22 times):
Constructor <com.agilityhub.core.clubs.census.application.DemoMessagingSeeder$Template.<init>(com.agilityhub.core.clubs.messaging.domain.NotificationCategory, java.util.Map, java.util.Map, com.agilityhub.core.clubs.messaging.domain.TemplateIcon, com.agilityhub.core.clubs.messaging.domain.TemplateColor)> has parameter of type <com.agilityhub.core.clubs.messaging.domain.NotificationCategory> in (DemoMessagingSeeder.java:0)
Constructor <com.agilityhub.core.clubs.census.application.DemoMessagingSeeder$Template.<init>(com.agilityhub.core.clubs.messaging.domain.NotificationCategory, java.util.Map, java.util.Map, com.agilityhub.core.clubs.messaging.domain.TemplateIcon, com.agilityhub.core.clubs.messaging.domain.TemplateColor)> has parameter of type <com.agilityhub.core.clubs.messaging.domain.TemplateColor> in (DemoMessagingSeeder.java:0)
Constructor <com.agilityhub.core.clubs.census.application.DemoMessagingSeeder$Template.<init>(com.agilityhub.core.clubs.messaging.domain.NotificationCategory, java.util.Map, java.util.Map, com.agilityhub.core.clubs.messaging.domain.TemplateIcon, com.agilityhub.core.clubs.messaging.domain.TemplateColor)> has parameter of type <com.agilityhub.core.clubs.messaging.domain.TemplateIcon> in (DemoMessagingSeeder.java:0)
Field <com.agilityhub.core.clubs.census.application.DemoMessagingSeeder$Template.category> has type <com.agilityhub.core.clubs.messaging.domain.NotificationCategory> in (DemoMessagingSeeder.java:0)
Field <com.agilityhub.core.clubs.census.application.DemoMessagingSeeder$Template.color> has type <com.agilityhub.core.clubs.messaging.domain.TemplateColor> in (DemoMessagingSeeder.java:0)
Field <com.agilityhub.core.clubs.census.application.DemoMessagingSeeder$Template.icon> has type <com.agilityhub.core.clubs.messaging.domain.TemplateIcon> in (DemoMessagingSeeder.java:0)
Method <com.agilityhub.core.clubs.census.application.DemoMessagingSeeder$Template.category()> has return type <com.agilityhub.core.clubs.messaging.domain.NotificationCategory> in (DemoMessagingSeeder.java:0)
Method <com.agilityhub.core.clubs.census.application.DemoMessagingSeeder$Template.color()> has return type <com.agilityhub.core.clubs.messaging.domain.TemplateColor> in (DemoMessagingSeeder.java:0)
Method <com.agilityhub.core.clubs.census.application.DemoMessagingSeeder$Template.icon()> has return type <com.agilityhub.core.clubs.messaging.domain.TemplateIcon> in (DemoMessagingSeeder.java:0)
Method <com.agilityhub.core.clubs.census.application.DemoMessagingSeeder.apply(com.agilityhub.core.shared.application.DemoSeedStep$Input)> gets field <com.agilityhub.core.clubs.messaging.domain.NotificationAudience.ADMINS> in (DemoMessagingSeeder.java:92)
Method <com.agilityhub.core.clubs.census.application.DemoMessagingSeeder.apply(com.agilityhub.core.shared.application.DemoSeedStep$Input)> gets field <com.agilityhub.core.clubs.messaging.domain.NotificationAudience.INSTRUCTORS> in (DemoMessagingSeeder.java:92)
Method <com.agilityhub.core.clubs.census.application.DemoMessagingSeeder.apply(com.agilityhub.core.shared.application.DemoSeedStep$Input)> gets field <com.agilityhub.core.clubs.messaging.domain.NotificationAudience.MEMBER> in (DemoMessagingSeeder.java:91)
Method <com.agilityhub.core.clubs.census.application.DemoMessagingSeeder.apply(com.agilityhub.core.shared.application.DemoSeedStep$Input)> gets field <com.agilityhub.core.clubs.messaging.domain.NotificationChannel.APP> in (DemoMessagingSeeder.java:91)
Method <com.agilityhub.core.clubs.census.application.DemoMessagingSeeder.apply(com.agilityhub.core.shared.application.DemoSeedStep$Input)> gets field <com.agilityhub.core.clubs.messaging.domain.NotificationChannel.APP> in (DemoMessagingSeeder.java:93)
Method <com.agilityhub.core.clubs.census.application.DemoMessagingSeeder.apply(com.agilityhub.core.shared.application.DemoSeedStep$Input)> gets field <com.agilityhub.core.clubs.messaging.domain.NotificationChannel.EMAIL> in (DemoMessagingSeeder.java:91)
Method <com.agilityhub.core.clubs.census.application.DemoMessagingSeeder.apply(com.agilityhub.core.shared.application.DemoSeedStep$Input)> gets field <com.agilityhub.core.clubs.messaging.domain.NotificationChannel.EMAIL> in (DemoMessagingSeeder.java:93)
Method <com.agilityhub.core.clubs.census.application.DemoMessagingSeeder.apply(com.agilityhub.core.shared.application.DemoSeedStep$Input)> gets field <com.agilityhub.core.clubs.messaging.domain.NotificationChannel.SMS> in (DemoMessagingSeeder.java:91)
Method <com.agilityhub.core.clubs.census.application.DemoMessagingSeeder.apply(com.agilityhub.core.shared.application.DemoSeedStep$Input)> gets field <com.agilityhub.core.clubs.messaging.domain.NotificationChannel.SMS> in (DemoMessagingSeeder.java:93)
Method <com.agilityhub.core.clubs.census.application.DemoMessagingSeeder.apply(com.agilityhub.core.shared.application.DemoSeedStep$Input)> references class object <com.agilityhub.core.clubs.messaging.domain.NotificationAudience> in (DemoMessagingSeeder.java:90)
Method <com.agilityhub.core.clubs.census.application.DemoMessagingSeeder.categories(java.util.Map)> calls method <com.agilityhub.core.clubs.messaging.domain.NotificationCategory.valueOf(java.lang.String)> in (DemoMessagingSeeder.java:127)
Method <com.agilityhub.core.clubs.census.application.DemoMessagingSeeder.categories(java.util.Map)> has generic return type <java.util.Map<com.agilityhub.core.clubs.messaging.domain.NotificationCategory, java.lang.Boolean>> with type argument depending on <com.agilityhub.core.clubs.messaging.domain.NotificationCategory> in (DemoMessagingSeeder.java:0)
Method <com.agilityhub.core.clubs.census.application.DemoMessagingSeeder.categories(java.util.Map)> references class object <com.agilityhub.core.clubs.messaging.domain.NotificationCategory> in (DemoMessagingSeeder.java:126)
[ERROR] Tests run: 2152, Failures: 1, Errors: 0, Skipped: 0
[ERROR] Failed to execute goal org.apache.maven.plugins:maven-surefire-plugin:3.5.6:test (default-test) on project agilityhub-core-api: There are test failures.
[ERROR] 
[ERROR] See /Users/jordib/dev/agilityhub/agilityhub-core-api/target/surefire-reports for the individual test results.
[ERROR] See dump files (if any exist) [date].dump, [date]-jvmRun[N].dump and [date].dumpstream.
[ERROR] -> [Help 1]
[ERROR] 
[ERROR] To see the full stack trace of the errors, re-run Maven with the -e switch.
[ERROR] Re-run Maven using the -X switch to enable full debug logging.
[ERROR] 
[ERROR] For more information about the errors and possible solutions, please read the following articles:
[ERROR] [Help 1] http://cwiki.apache.org/confluence/display/MAVEN/MojoFailureException
