20:10:30.479 [main] INFO org.springframework.test.context.support.AnnotationConfigContextLoaderUtils -- Could not detect default configuration classes for test class [com.agilityhub.core.payments.api.CapturedPaymentInvariantsIT]: CapturedPaymentInvariantsIT does not declare any static, non-private, non-final, nested classes annotated with @Configuration.
20:10:30.766 [main] INFO org.springframework.boot.test.context.SpringBootTestContextBootstrapper -- Found @SpringBootConfiguration com.agilityhub.core.CoreApplication for test class com.agilityhub.core.payments.api.CapturedPaymentInvariantsIT
20:10:30.910 [main] INFO org.testcontainers.images.PullPolicy -- Image pull policy will be performed by: DefaultPullPolicy()
20:10:30.913 [main] INFO org.testcontainers.utility.ImageNameSubstitutor -- Image name substitution will be performed by: DefaultImageNameSubstitutor (composite of 'ConfigurationFileImageNameSubstitutor' and 'PrefixingImageNameSubstitutor')
20:10:30.919 [main] INFO org.testcontainers.DockerClientFactory -- Testcontainers version: 1.21.4
20:10:31.189 [main] INFO org.testcontainers.dockerclient.DockerClientProviderStrategy -- Loaded org.testcontainers.dockerclient.UnixSocketClientProviderStrategy from ~/.testcontainers.properties, will try it first
20:10:31.493 [main] INFO org.testcontainers.dockerclient.DockerClientProviderStrategy -- Found Docker environment with local Unix socket (unix:///var/run/docker.sock)
20:10:31.494 [main] INFO org.testcontainers.DockerClientFactory -- Docker host IP address is localhost
20:10:31.513 [main] INFO org.testcontainers.DockerClientFactory -- Connected to docker: 
  Server Version: 29.8.2
  API Version: 1.56
  Operating System: Docker Desktop
  Total Memory: 7931 MB
  Labels: 
    com.docker.desktop.address=unix:///Users/jordib/Library/Containers/com.docker.docker/Data/docker-cli.sock
20:10:31.925 [main] INFO tc.testcontainers/ryuk:0.12.0 -- Creating container for image: testcontainers/ryuk:0.12.0
20:10:32.037 [main] INFO org.testcontainers.utility.RegistryAuthLocator -- Credential helper/store (docker-credential-desktop) does not have credentials for https://index.docker.io/v1/
20:10:32.183 [main] INFO tc.testcontainers/ryuk:0.12.0 -- Container testcontainers/ryuk:0.12.0 is starting: 03860b7245d73bef02912d76b5628418a7fb500c318bc7845ced8b8b13fcdd63
20:10:32.479 [main] INFO tc.testcontainers/ryuk:0.12.0 -- Container testcontainers/ryuk:0.12.0 started in PT0.554556S
20:10:32.488 [main] INFO org.testcontainers.utility.RyukResourceReaper -- Ryuk started - will monitor and terminate Testcontainers containers on JVM exit
20:10:32.488 [main] INFO org.testcontainers.DockerClientFactory -- Checking the system...
20:10:32.489 [main] INFO org.testcontainers.DockerClientFactory -- ✔︎ Docker server version should be at least 1.6.0
20:10:32.489 [main] INFO tc.mongo:7 -- Creating container for image: mongo:7
20:10:32.556 [main] INFO tc.mongo:7 -- Container mongo:7 is starting: 6d51f2386dea6f40a36c97c9abdca7097511cf42dee296d0b84f37d595fd10a5
20:10:33.141 [main] INFO tc.mongo:7 -- Container mongo:7 started in PT0.651685S
Integration JVM availableProcessors=18

  .   ____          _            __ _ _
 /\\ / ___'_ __ _ _(_)_ __  __ _ \ \ \ \
( ( )\___ | '_ | '_| | '_ \/ _` | \ \ \ \
 \\/  ___)| |_)| | | | | || (_| |  ) ) ) )
  '  |____| .__|_| |_|_| |_\__, | / / / /
 =========|_|==============|___/=/_/_/_/

 :: Spring Boot ::               (v3.5.16)

2026-10-09T20:10:34.349+02:00 INFO  [main] c.a.c.p.api.CapturedPaymentInvariantsIT traceId= clubId= accountId= : Starting CapturedPaymentInvariantsIT using Java [redacted] with PID 10211 (started by jordib in /Users/jordib/dev/agilityhub/agilityhub-core-api)
2026-10-09T20:10:34.352+02:00 INFO  [main] c.a.c.p.api.CapturedPaymentInvariantsIT traceId= clubId= accountId= : The following 1 profile is active: "test"
2026-10-09T20:10:37.811+02:00 INFO  [main] o.s.d.r.c.RepositoryConfigurationDelegate traceId= clubId= accountId= : Bootstrapping Spring Data MongoDB repositories in DEFAULT mode.
2026-10-09T20:10:37.876+02:00 INFO  [main] o.s.d.r.c.RepositoryConfigurationDelegate traceId= clubId= accountId= : Finished Spring Data repository scanning in 59 ms. Found 0 MongoDB repository interfaces.
2026-10-09T20:10:38.626+02:00 INFO  [main] org.mongodb.driver.client traceId= clubId= accountId= : MongoClient with metadata {"driver": {"name": "mongo-java-driver|sync|spring-boot", "version": "5.5.2"}, "os": {"type": "Darwin", "name": "Mac OS X", "architecture": "aarch64", "version": "26.4.1"}, "platform": "Java/Homebrew/[redacted]"} created with settings MongoClientSettings{readPreference=primary, writeConcern=WriteConcern{w=null, wTimeout=null ms, journal=null}, retryWrites=true, retryReads=true, readConcern=ReadConcern{level=null}, credential=null, transportSettings=null, commandListeners=[io.micrometer.core.instrument.binder.mongodb.MongoMetricsCommandListener@21249add], codecRegistry=ProvidersCodecRegistry{codecProviders=[ValueCodecProvider{}, BsonValueCodecProvider{}, DBRefCodecProvider{}, DBObjectCodecProvider{}, DocumentCodecProvider{}, CollectionCodecProvider{}, IterableCodecProvider{}, MapCodecProvider{}, GeoJsonCodecProvider{}, GridFSFileCodecProvider{}, Jsr310CodecProvider{}, JsonObjectCodecProvider{}, BsonCodecProvider{}, EnumCodecProvider{}, com.mongodb.client.model.mql.ExpressionCodecProvider@2ff2b7a2, com.mongodb.Jep395RecordCodecProvider@7c5f2945, com.mongodb.KotlinCodecProvider@157b0f6]}, loggerSettings=LoggerSettings{maxDocumentLength=1000}, clusterSettings={hosts=[localhost:61830], srvServiceName=mongodb, mode=SINGLE, requiredClusterType=UNKNOWN, requiredReplicaSetName='null', serverSelector='null', clusterListeners='[]', serverSelectionTimeout='2000 ms', localThreshold='15 ms'}, socketSettings=SocketSettings{connectTimeoutMS=2000, readTimeoutMS=0, receiveBufferSize=0, proxySettings=ProxySettings{host=null, port=null, username=null, [redacted], heartbeatSocketSettings=SocketSettings{connectTimeoutMS=2000, readTimeoutMS=2000, receiveBufferSize=0, proxySettings=ProxySettings{host=null, port=null, username=null, [redacted], connectionPoolSettings=ConnectionPoolSettings{maxSize=100, minSize=0, maxWaitTimeMS=2000, maxConnectionLifeTimeMS=0, maxConnectionIdleTimeMS=0, maintenanceInitialDelayMS=0, maintenanceFrequencyMS=60000, connectionPoolListeners=[io.micrometer.core.instrument.binder.mongodb.MongoMetricsConnectionPoolListener@4202073], maxConnecting=2}, serverSettings=ServerSettings{heartbeatFrequencyMS=10000, minHeartbeatFrequencyMS=500, serverMonitoringMode=AUTO, serverListeners='[]', serverMonitorListeners='[]'}, sslSettings=SslSettings{enabled=false, invalidHostNameAllowed=false, context=null}, applicationName='null', compressorList=[], uuidRepresentation=JAVA_LEGACY, serverApi=null, autoEncryptionSettings=null, dnsClient=null, inetAddressResolver=null, contextProvider=null, timeoutMS=null}
2026-10-09T20:10:38.638+02:00 INFO  [cluster-ClusterId{value='6ac92e1e90fb66dd8d24c26c', description='null'}-localhost:61830] org.mongodb.driver.cluster traceId= clubId= accountId= : Monitor thread successfully connected to server with description ServerDescription{address=localhost:61830, type=REPLICA_SET_PRIMARY, cryptd=false, state=CONNECTED, ok=true, minWireVersion=0, maxWireVersion=21, maxDocumentSize=16777216, logicalSessionTimeoutMinutes=30, roundTripTimeNanos=16747708, minRoundTripTimeNanos=0, setName='docker-rs', canonicalAddress=6d51f2386dea:27017, hosts=[6d51f2386dea:27017], passives=[], arbiters=[], primary='6d51f2386dea:27017', tagSet=TagSet{[]}, electionId=7fffffff0000000000000001, setVersion=1, topologyVersion=TopologyVersion{processId=6ac92e184dc23940ea5ceee8, counter=6}, lastWriteDate=Fri Oct 09 20:10:33 CEST 2026, lastUpdateTimeNanos=[redacted]}
2026-10-09T20:10:44.920+02:00 INFO  [main] o.s.b.t.m.w.SpringBootMockServletContext traceId= clubId= accountId= : Initializing Spring TestDispatcherServlet ''
2026-10-09T20:10:44.921+02:00 INFO  [main] o.s.t.web.servlet.TestDispatcherServlet traceId= clubId= accountId= : Initializing Servlet ''
2026-10-09T20:10:44.923+02:00 INFO  [main] o.s.t.web.servlet.TestDispatcherServlet traceId= clubId= accountId= : Completed initialization in 2 ms
2026-10-09T20:10:44.987+02:00 INFO  [main] c.a.c.p.api.CapturedPaymentInvariantsIT traceId= clubId= accountId= : Started CapturedPaymentInvariantsIT in 10.971 seconds (process running for 15.389)
Mockito is currently self-attaching to enable the inline-mock-maker. This will no longer work in future releases of the JDK. Please add Mockito as an agent to your build as described in Mockito's documentation: https://javadoc.io/doc/org.mockito/mockito-core/latest/org.mockito/org/mockito/Mockito.html#0.3
WARNING: A Java agent has been loaded dynamically (/Users/jordib/.m2/repository/net/bytebuddy/byte-buddy-agent/1.17.8/byte-buddy-agent-1.17.8.jar)
WARNING: If a serviceability tool is in use, please run with -XX:+EnableDynamicAgentLoading to hide this warning
WARNING: If a serviceability tool is not in use, please run with -Djdk.instrument.traceUsage for more information
WARNING: Dynamic loading of agents will be disallowed by default in a future release
OpenJDK 64-Bit Server VM warning: Sharing is only supported for boot loader classes because bootstrap classpath has been appended
2026-10-09T20:10:48.174+02:00 WARN  [main] c.a.c.p.application.CheckoutService traceId=ee163774-e12f-4012-ac7a-5b540289017c clubId=- accountId=- : Late provider completion to refund: the checkout expired checkoutSessionId=37fe0a39-2753-4386-b21d-01c28476daab bookingId=inv-booking providerPaymentId=pi_invariants clubId=bill-a
2026-10-09T20:10:48.288+02:00 WARN  [main] c.a.c.p.application.PaymentRetryPolicy traceId=f2515de1-acb6-4a1f-87c2-7db05787d9f4 clubId=- accountId=- : Refund reconciliation status=failed: eventId=re_fake_a0cad353-0dac-485d-b660-68a7d1b4496a traceId=f2515de1-acb6-4a1f-87c2-7db05787d9f4
2026-10-09T20:10:48.336+02:00 WARN  [main] c.a.c.p.application.PaymentRetryPolicy traceId=f2515de1-acb6-4a1f-87c2-7db05787d9f4 clubId=- accountId=- : Refund compensation needs an admin: paymentId=1d5ecea3-904d-452a-a92b-20b9d5c32a91 traceId=f2515de1-acb6-4a1f-87c2-7db05787d9f4
2026-10-09T20:10:49.866+02:00 WARN  [main] c.a.c.p.application.CheckoutService traceId=c6bc7fa1-975d-4039-b07a-05b494a343e0 clubId=- accountId=- : Late provider completion to refund: the checkout expired checkoutSessionId=[redacted] bookingId=inv-booking providerPaymentId=pi_invariants clubId=bill-a
2026-10-09T20:10:49.946+02:00 WARN  [main] c.a.c.p.application.PaymentRetryPolicy traceId=4c027d6e-8b04-46f9-961a-addf40172a32 clubId=- accountId=- : Refund reconciliation status=canceled: eventId=re_fake_1b12d03c-f6f9-4229-9324-211cca34c398 traceId=4c027d6e-8b04-46f9-961a-addf40172a32
2026-10-09T20:10:49.967+02:00 WARN  [main] c.a.c.p.application.PaymentRetryPolicy traceId=4c027d6e-8b04-46f9-961a-addf40172a32 clubId=- accountId=- : Refund compensation needs an admin: paymentId=7f718164-4d5f-4a0c-b761-e500ebf648bc traceId=4c027d6e-8b04-46f9-961a-addf40172a32
2026-10-09T20:10:51.069+02:00 WARN  [main] c.a.c.p.application.CheckoutService traceId=a53336ca-4412-4027-aa14-9be0cfe31e45 clubId=- accountId=- : Late provider completion to refund: the checkout expired checkoutSessionId=a2790b22-f685-4347-993f-94e1140940fa bookingId=inv-booking providerPaymentId=pi_invariants clubId=bill-a
2026-10-09T20:10:51.208+02:00 WARN  [main] c.a.c.p.application.PaymentRetryPolicy traceId=5845e174-4397-432c-8a82-e172a371774b clubId= accountId= : Refund compensation needs an admin: paymentId=d72f3c2b-61f6-4946-89e4-8a74f4bbd2b3 traceId=5845e174-4397-432c-8a82-e172a371774b
2026-10-09T20:10:51.212+02:00 WARN  [main] c.a.c.p.application.PaymentRetryPolicy traceId=06fa35b7-918c-4e67-9eaa-2d8a53e55a24 clubId= accountId= : Payment operation recovery exhausted: eventId=a52bc3cd-1154-453e-9473-e3c3cc96c271 traceId=06fa35b7-918c-4e67-9eaa-2d8a53e55a24
2026-10-09T20:10:52.321+02:00 WARN  [main] c.a.c.p.application.CheckoutService traceId=87c0b01c-f771-4a2a-ae5c-ed79cead5908 clubId=- accountId=- : Late provider completion to refund: the checkout expired checkoutSessionId=4ccbd8f3-1286-4036-a725-3479d51feaff bookingId=null providerPaymentId=pi_invariants clubId=bill-a
2026-10-09T20:10:52.393+02:00 WARN  [main] c.a.c.p.application.PaymentRetryPolicy traceId=0bcab002-11cb-4667-9b09-495dd23dc7ed clubId=- accountId=- : Refund reconciliation status=failed: eventId=re_fake_f2574fe8-59b6-466f-a211-71b28f74493b traceId=0bcab002-11cb-4667-9b09-495dd23dc7ed
2026-10-09T20:10:52.414+02:00 WARN  [main] c.a.c.p.application.PaymentRetryPolicy traceId=0bcab002-11cb-4667-9b09-495dd23dc7ed clubId=- accountId=- : Refund compensation needs an admin: paymentId=2477ff28-19bb-4628-a114-52f68fba4b78 traceId=0bcab002-11cb-4667-9b09-495dd23dc7ed
2026-10-09T20:10:53.441+02:00 WARN  [main] c.a.c.p.application.CheckoutService traceId=c6c48380-0bdb-477b-a3a8-30366205e55e clubId=- accountId=- : Late provider completion to refund: the checkout expired checkoutSessionId=5622b945-2ab3-4966-9ace-24a82b759e75 bookingId=null providerPaymentId=pi_invariants clubId=bill-a
2026-10-09T20:10:53.558+02:00 WARN  [main] c.a.c.p.application.PaymentRetryPolicy traceId=ff0e6af9-5191-4d02-826a-e2a5d60ac96c clubId= accountId= : Refund compensation needs an admin: paymentId=761bdcb3-2cd3-4033-a5bf-e63ec231dfde traceId=ff0e6af9-5191-4d02-826a-e2a5d60ac96c
2026-10-09T20:10:53.561+02:00 WARN  [main] c.a.c.p.application.PaymentRetryPolicy traceId=a6399ea6-d588-480c-b9cb-bd2a1928c376 clubId= accountId= : Payment operation recovery exhausted: eventId=4539e9a9-c85c-49dc-b858-ecf6622dab42 traceId=a6399ea6-d588-480c-b9cb-bd2a1928c376
2026-10-09T20:10:57.522+02:00 WARN  [main] c.a.c.p.application.PaymentRetryPolicy traceId=e78fe6c7-d98a-4015-a5c7-af5d1a8d7181 clubId=- accountId=- : Refund reconciliation status=failed: eventId=re_fake_6aeea1bf-[redacted]=e78fe6c7-d98a-4015-a5c7-af5d1a8d7181
2026-10-09T20:10:57.628+02:00 WARN  [main] c.a.c.p.application.PaymentRetryPolicy traceId=4967630a-c950-4fa0-a40e-ac6138c14631 clubId=- accountId=- : Refund reconciliation status=failed: eventId=re_fake_a93c1ef3-c574-4201-a42a-562a28b820ae traceId=4967630a-c950-4fa0-a40e-ac6138c14631
2026-10-09T20:10:57.744+02:00 WARN  [main] c.a.c.p.application.PaymentRetryPolicy traceId=a59dfc67-872c-42bf-8c78-d7603a9be5a7 clubId=- accountId=- : Refund reconciliation status=failed: eventId=re_fake_9e72e774-2b08-4f4d-977a-4e19aa3fed8b traceId=a59dfc67-872c-42bf-8c78-d7603a9be5a7
2026-10-09T20:10:57.843+02:00 WARN  [main] c.a.c.p.application.PaymentRetryPolicy traceId=98144e45-5586-4c62-ad77-1192c05bee0c clubId=- accountId=- : Refund reconciliation status=failed: eventId=re_fake_e2a50b6b-[redacted]=98144e45-5586-4c62-[redacted]
2026-10-09T20:11:02.133+02:00 WARN  [main] c.a.c.p.application.PaymentRetryPolicy traceId=6170642c-33ba-4506-99c8-6c5e7c2c97af clubId=- accountId=- : Refund reconciliation status=failed: eventId=re_fake_3d6723df-15e0-4650-8e48-7d03b3bafe22 traceId=6170642c-33ba-4506-99c8-6c5e7c2c97af
2026-10-09T20:11:02.174+02:00 WARN  [main] c.a.c.p.application.PaymentRetryPolicy traceId=6170642c-33ba-4506-99c8-6c5e7c2c97af clubId=- accountId=- : Refund compensation needs an admin: paymentId=inv-payment traceId=6170642c-33ba-4506-99c8-6c5e7c2c97af
2026-10-09T20:11:03.014+02:00 WARN  [main] c.a.c.p.application.PaymentRetryPolicy traceId=a216bd9e-855b-4b2a-92ec-a2c92908e2e5 clubId= accountId= : Refund compensation needs an admin: paymentId=inv-payment traceId=a216bd9e-855b-4b2a-92ec-a2c92908e2e5
2026-10-09T20:11:03.019+02:00 WARN  [main] c.a.c.p.application.PaymentRetryPolicy traceId=e3911ce3-949d-4ca3-9190-0759c096b3cc clubId= accountId= : Payment operation recovery exhausted: eventId=715f9aa3-7d39-4365-8335-93a62db18838 traceId=e3911ce3-949d-4ca3-9190-0759c096b3cc
2026-10-09T20:11:03.808+02:00 WARN  [main] c.a.c.p.application.PaymentRetryPolicy traceId=7fe0a0dd-a063-428e-92ee-3573783a10b7 clubId= accountId= : Refund reconciliation status=failed: eventId=re_fake_71c74c5e-2e3b-404a-8a56-1134fcc775a7 traceId=7fe0a0dd-a063-428e-92ee-3573783a10b7
2026-10-09T20:11:04.589+02:00 WARN  [main] c.a.c.p.application.PaymentRetryPolicy traceId=326fd986-e41f-49de-bcc4-77e942415b4a clubId=- accountId=- : Refund reconciliation status=failed: eventId=re_fake_714aac16-a0c2-4fe2-85f6-1c35fd5c1c62 traceId=326fd986-e41f-49de-bcc4-77e942415b4a
2026-10-09T20:11:04.623+02:00 WARN  [main] c.a.c.p.application.PaymentRetryPolicy traceId=326fd986-e41f-49de-bcc4-77e942415b4a clubId=- accountId=- : Refund compensation needs an admin: paymentId=inv-payment traceId=326fd986-e41f-49de-bcc4-77e942415b4a
2026-10-09T20:11:05.350+02:00 WARN  [main] c.a.c.p.application.PaymentRetryPolicy traceId=d25826a2-1cb6-495c-9e8f-c13149e906ab clubId=- accountId=- : Refund reconciliation status=canceled: eventId=re_fake_ef67f8a9-a5da-4b6e-a8b8-62f62651d354 traceId=d25826a2-1cb6-495c-9e8f-c13149e906ab
2026-10-09T20:11:05.377+02:00 WARN  [main] c.a.c.p.application.PaymentRetryPolicy traceId=d25826a2-1cb6-495c-9e8f-c13149e906ab clubId=- accountId=- : Refund compensation needs an admin: paymentId=inv-payment traceId=d25826a2-1cb6-495c-9e8f-c13149e906ab
2026-10-09T20:11:06.162+02:00 WARN  [main] c.a.c.p.application.PaymentRetryPolicy traceId=2aba600a-a77a-4d66-a5ce-cb6e39b8ac43 clubId=- accountId=- : Refund reconciliation status=failed: eventId=re_fake_2d40354a-2b13-4808-b41f-2a38c7cd2916 traceId=2aba600a-a77a-4d66-a5ce-cb6e39b8ac43
2026-10-09T20:11:06.189+02:00 WARN  [main] c.a.c.p.application.PaymentRetryPolicy traceId=2aba600a-a77a-4d66-a5ce-cb6e39b8ac43 clubId=- accountId=- : Refund compensation needs an admin: paymentId=inv-payment traceId=2aba600a-a77a-4d66-a5ce-cb6e39b8ac43
2026-10-09T20:11:07.034+02:00 WARN  [main] c.a.c.p.application.PaymentRetryPolicy traceId=d8a936c8-98f6-4532-b3d7-2644d2dbf7a4 clubId=- accountId=- : Refund reconciliation status=failed: eventId=re_fake_c38e1130-e571-459d-a8f4-6a96ffa12e01 traceId=d8a936c8-98f6-4532-b3d7-2644d2dbf7a4
2026-10-09T20:11:07.063+02:00 WARN  [main] c.a.c.p.application.PaymentRetryPolicy traceId=d8a936c8-98f6-4532-b3d7-2644d2dbf7a4 clubId=- accountId=- : Refund compensation needs an admin: paymentId=inv-payment traceId=d8a936c8-98f6-4532-b3d7-2644d2dbf7a4
2026-10-09T20:11:07.984+02:00 WARN  [main] c.a.c.p.application.PaymentRetryPolicy traceId=32e85203-53fa-42ef-a2c1-a5215584666e clubId=- accountId=- : Refund reconciliation status=failed: eventId=re_fake_be203b45-8df2-41a5-[redacted]=32e85203-53fa-42ef-a2c1-a5215584666e
2026-10-09T20:11:08.014+02:00 WARN  [main] c.a.c.p.application.PaymentRetryPolicy traceId=32e85203-53fa-42ef-a2c1-a5215584666e clubId=- accountId=- : Refund compensation needs an admin: paymentId=inv-payment traceId=32e85203-53fa-42ef-a2c1-a5215584666e
2026-10-09T20:11:09.322+02:00 WARN  [main] c.a.c.p.application.PaymentRetryPolicy traceId=5df37247-5cd3-42d8-8de3-0c6a1fd2c911 clubId=- accountId=- : Refund compensation needs an admin: paymentId=inv-payment traceId=5df37247-5cd3-42d8-8de3-0c6a1fd2c911
2026-10-09T20:11:10.120+02:00 WARN  [main] c.a.c.p.application.PaymentRetryPolicy traceId=4f3171fa-2644-4db1-8d35-882bcbeff216 clubId=- accountId=- : Refund compensation needs an admin: paymentId=inv-payment traceId=4f3171fa-2644-4db1-8d35-882bcbeff216
2026-10-09T20:11:11.099+02:00 WARN  [main] c.a.c.p.application.PaymentRetryPolicy traceId=e85d9bfe-6a03-4fd8-9c95-66b17ce526a0 clubId=- accountId=- : Refund compensation needs an admin: paymentId=inv-payment traceId=e85d9bfe-6a03-4fd8-9c95-66b17ce526a0
2026-10-09T20:11:12.026+02:00 WARN  [main] c.a.c.p.application.PaymentRetryPolicy traceId=ec388bdb-7811-476e-b49c-5880e595215c clubId= accountId= : Payment operation recovery exhausted: eventId=8c6ea7a3-69d3-48ef-b423-1f5716425132 traceId=[redacted]
2026-10-09T20:11:12.233+02:00 WARN  [main] c.a.c.p.application.PaymentRetryPolicy traceId=f8f01d71-b03c-4325-b5b5-6032d4df2e89 clubId=- accountId=- : Refund reconciliation status=failed: eventId=re_fake_84132997-633c-4b5c-a3d7-4cbf49a834f7 traceId=f8f01d71-b03c-4325-b5b5-6032d4df2e89
2026-10-09T20:11:13.221+02:00 WARN  [main] c.a.c.p.application.PaymentRetryPolicy traceId=e0019493-c976-40da-992c-73bce8411f35 clubId=- accountId=- : Refund reconciliation status=canceled: eventId=re_round2_dashboard_15 traceId=e0019493-c976-40da-992c-73bce8411f35
2026-10-09T20:11:13.685+02:00 WARN  [main] c.a.c.p.application.PaymentRetryPolicy traceId=f3ed7314-7a36-4ced-b607-31b0010914b1 clubId=- accountId=- : Refund reconciliation status=failed: eventId=re_round2_dashboard_20 traceId=f3ed7314-7a36-4ced-b607-31b0010914b1
2026-10-09T20:11:14.013+02:00 WARN  [main] c.a.c.p.application.PaymentRetryPolicy traceId=83b02fc1-8d4b-4b00-9f04-489140109be6 clubId=- accountId=- : Refund reconciliation status=failed: eventId=re_round2_dashboard_14 traceId=83b02fc1-8d4b-4b00-9f04-489140109be6
2026-10-09T20:11:14.934+02:00 WARN  [main] c.a.c.p.application.PaymentRetryPolicy traceId=48766cc5-99df-4866-9410-9060bfb64cde clubId=- accountId=- : Refund reconciliation status=failed: eventId=re_round2_dashboard_30 traceId=48766cc5-99df-4866-9410-9060bfb64cde
2026-10-09T20:11:15.160+02:00 WARN  [main] c.a.c.p.application.PaymentRetryPolicy traceId=583eb5c8-02b4-42fd-b78d-256c77a63571 clubId=- accountId=- : Refund reconciliation status=failed: eventId=re_round2_dashboard_39 traceId=583eb5c8-02b4-42fd-b78d-256c77a63571
2026-10-09T20:11:15.520+02:00 WARN  [main] c.a.c.p.application.PaymentRetryPolicy traceId=38b2cf25-d43d-4d4b-86d9-edc1d71f2bc2 clubId= accountId= : Refund reconciliation status=canceled: eventId=re_round2_dashboard_42 traceId=38b2cf25-d43d-4d4b-86d9-edc1d71f2bc2
2026-10-09T20:11:15.608+02:00 WARN  [main] c.a.c.p.application.PaymentRetryPolicy traceId=10262360-b1fe-4bb1-a154-234900ee238b clubId= accountId= : Refund reconciliation status=failed: eventId=re_round2_dashboard_46 traceId=10262360-b1fe-4bb1-a154-234900ee238b
2026-10-09T20:11:16.004+02:00 WARN  [main] c.a.c.p.application.PaymentRetryPolicy traceId=bdacbcae-a3a2-4761-85c8-3c2f641759e1 clubId=- accountId=- : Refund reconciliation status=canceled: eventId=re_fake_555aee68-89fb-4528-[redacted]=bdacbcae-a3a2-4761-85c8-3c2f641759e1
2026-10-09T20:11:16.050+02:00 WARN  [main] c.a.c.p.application.PaymentRetryPolicy traceId=01d58e43-1a00-409e-83d5-85a37b58eea7 clubId=- accountId=- : Refund reconciliation status=failed: eventId=re_round2_dashboard_53 traceId=01d58e43-1a00-409e-83d5-85a37b58eea7
2026-10-09T20:11:16.446+02:00 WARN  [main] c.a.c.p.application.PaymentRetryPolicy traceId=e0e1602e-8f56-43a1-a113-75e7c75e1f17 clubId=- accountId=- : Refund reconciliation status=failed: eventId=re_round2_dashboard_57 traceId=e0e1602e-8f56-43a1-a113-75e7c75e1f17
2026-10-09T20:11:17.701+02:00 WARN  [main] c.a.c.p.application.PaymentRetryPolicy traceId=25f34bf7-6da4-47f2-90b9-162ac6a9a66c clubId=- accountId=- : Refund reconciliation status=failed: eventId=re_round2_dashboard_74 traceId=25f34bf7-6da4-47f2-90b9-162ac6a9a66c
2026-10-09T20:11:17.769+02:00 WARN  [main] c.a.c.p.application.PaymentRetryPolicy traceId=2686215c-25ba-425a-83a1-497cf72f9cbd clubId=- accountId=- : Refund reconciliation status=failed: eventId=re_fake_d8d17d23-c35d-47d6-acf4-98773e72821a traceId=2686215c-25ba-425a-83a1-497cf72f9cbd
2026-10-09T20:11:18.127+02:00 WARN  [main] c.a.c.p.application.PaymentRetryPolicy traceId=1a8abfdb-d1e7-4c02-85da-ca3e9b0e6981 clubId=- accountId=- : Refund reconciliation status=failed: eventId=re_fake_eea0a686-0414-4397-b7da-960f9348bb87 traceId=1a8abfdb-d1e7-4c02-85da-ca3e9b0e6981
2026-10-09T20:11:18.225+02:00 WARN  [main] c.a.c.p.application.PaymentRetryPolicy traceId=34524b66-a5e3-4e0a-b3aa-9549a4c0fb04 clubId= accountId= : Refund reconciliation status=failed: eventId=re_fake_a6372cb0-76b9-4ea0-9407-f24ed00ff267 traceId=34524b66-a5e3-4e0a-b3aa-9549a4c0fb04
2026-10-09T20:11:18.979+02:00 WARN  [main] c.a.c.p.application.PaymentRetryPolicy traceId=0ad5d692-a359-49d0-af9b-6334797bd2a8 clubId= accountId= : Payment operation recovery exhausted: eventId=8ae21fd0-d81f-4e80-aeaf-e79c7e8bebe7 traceId=0ad5d692-a359-49d0-af9b-6334797bd2a8
2026-10-09T20:11:19.446+02:00 WARN  [main] c.a.c.p.application.PaymentRetryPolicy traceId=34a74449-c64a-4011-b5e7-8b0ecda79eb6 clubId=- accountId=- : Refund reconciliation status=canceled: eventId=re_round2_dashboard_94 traceId=34a74449-c64a-4011-b5e7-8b0ecda79eb6
2026-10-09T20:11:19.847+02:00 WARN  [main] c.a.c.p.application.PaymentRetryPolicy traceId=453414ff-5cca-4496-9158-30dba0e48b97 clubId=- accountId=- : Refund reconciliation status=failed: eventId=re_fake_b3c3c944-9b85-4d25-a541-e1c8f8eaecb7 traceId=453414ff-5cca-4496-9158-30dba0e48b97
2026-10-09T20:11:20.823+02:00 WARN  [main] c.a.c.p.application.PaymentRetryPolicy traceId=ab4fac10-c15f-4e67-b3b8-8c013d30fb6b clubId=- accountId=- : Refund reconciliation status=failed: eventId=re_round2_dashboard_126 traceId=ab4fac10-c15f-4e67-b3b8-8c013d30fb6b
2026-10-09T20:11:21.066+02:00 WARN  [main] c.a.c.p.application.PaymentRetryPolicy traceId=70f2a617-53eb-4b48-b985-026e2b9dcf31 clubId=- accountId=- : Refund reconciliation status=canceled: eventId=re_fake_29cd8c05-7814-4cda-8a78-b98a8ef05e9b traceId=70f2a617-53eb-4b48-b985-026e2b9dcf31
2026-10-09T20:11:22.042+02:00 WARN  [main] c.a.c.p.application.PaymentRetryPolicy traceId=23baaaa4-6d0c-4e77-b037-eeaa10476495 clubId=- accountId=- : Refund reconciliation status=failed: eventId=re_fake_2354c63f-5edc-45cc-af7f-cbeda5c6627e traceId=23baaaa4-6d0c-4e77-b037-eeaa10476495
2026-10-09T20:11:22.338+02:00 WARN  [main] c.a.c.p.application.PaymentRetryPolicy traceId=710fdb86-d69d-475b-8e62-11a009e8583f clubId= accountId= : Refund reconciliation status=canceled: eventId=re_fake_6e01bfae-b141-46f3-bce0-4a50b3c25b80 traceId=710fdb86-d69d-475b-8e62-11a009e8583f
2026-10-09T20:11:22.532+02:00 WARN  [main] c.a.c.p.application.PaymentRetryPolicy traceId=2d7fae8c-ecb6-449a-9f11-adbf15c607e9 clubId=- accountId=- : Refund reconciliation status=failed: eventId=re_fake_f3e557ff-556a-4c18-9783-91c7134e5dd4 traceId=2d7fae8c-ecb6-449a-9f11-adbf15c607e9
2026-10-09T20:11:23.585+02:00 WARN  [main] c.a.c.p.application.PaymentRetryPolicy traceId=3c02ca11-14ef-4bbe-ad38-285331032c3f clubId=- accountId=- : Refund reconciliation status=canceled: eventId=re_round2_dashboard_167 traceId=3c02ca11-14ef-4bbe-[redacted]
2026-10-09T20:11:23.880+02:00 WARN  [main] c.a.c.p.application.PaymentRetryPolicy traceId=e147cc49-9d80-485c-979f-a31f1d128436 clubId= accountId= : Refund reconciliation status=failed: eventId=re_fake_b88bfcb6-20ff-47f6-ae8e-149c23c7a897 traceId=e147cc49-9d80-485c-979f-a31f1d128436
2026-10-09T20:11:24.453+02:00 WARN  [main] c.a.c.p.application.PaymentRetryPolicy traceId=f10a7cf7-2300-404a-b470-ee15c06953fc clubId=- accountId=- : Refund reconciliation status=canceled: eventId=re_round2_dashboard_175 traceId=f10a7cf7-2300-404a-b470-ee15c06953fc
2026-10-09T20:11:24.501+02:00 WARN  [main] c.a.c.p.application.PaymentRetryPolicy traceId=bd4d803a-7e5a-4f5f-9aef-5d1419dde753 clubId=- accountId=- : Refund reconciliation status=failed: eventId=re_round2_dashboard_180 traceId=bd4d803a-7e5a-4f5f-9aef-5d1419dde753
2026-10-09T20:11:24.723+02:00 WARN  [main] c.a.c.p.application.PaymentRetryPolicy traceId=ad86786d-49e5-46b7-afb3-fc5ff7638c13 clubId=- accountId=- : Refund reconciliation status=failed: eventId=re_fake_6aa3b880-184c-47f3-94ba-b07d2339431d traceId=[redacted]
2026-10-09T20:11:25.359+02:00 WARN  [main] c.a.c.p.application.PaymentRetryPolicy traceId=11467b4a-21f1-4853-b4b4-dfd5f84d11a3 clubId=- accountId=- : Refund reconciliation status=failed: eventId=re_round2_dashboard_186 traceId=11467b4a-21f1-4853-b4b4-dfd5f84d11a3
2026-10-09T20:11:26.492+02:00 WARN  [main] c.a.c.p.application.PaymentRetryPolicy traceId=05355f75-b93c-4426-842e-c9f3316342d4 clubId=- accountId=- : Refund reconciliation status=failed: eventId=re_fake_d8cbdaa0-af0b-45a8-93e0-64601c2809e3 traceId=05355f75-b93c-4426-842e-c9f3316342d4
2026-10-09T20:11:27.083+02:00 WARN  [main] c.a.c.p.application.PaymentRetryPolicy traceId=360e915b-e2df-4783-95f1-6cd182bb2478 clubId=- accountId=- : Refund reconciliation status=failed: eventId=re_fake_3bdaa080-b48c-4b2e-82f7-3b773576c585 traceId=360e915b-e2df-4783-95f1-6cd182bb2478
2026-10-09T20:11:27.310+02:00 WARN  [main] c.a.c.p.application.PaymentRetryPolicy traceId=685fe72c-163d-4ae6-a82b-b44098643d64 clubId=- accountId=- : Refund reconciliation status=failed: eventId=re_round2_dashboard_213 traceId=685fe72c-163d-4ae6-a82b-b44098643d64
2026-10-09T20:11:27.442+02:00 WARN  [main] c.a.c.p.application.PaymentRetryPolicy traceId=ed6c7668-a425-4471-bfa6-3af22afeb532 clubId=- accountId=- : Refund reconciliation status=failed: eventId=re_fake_76e70827-2c64-4fff-b32c-8813fcf3087b traceId=ed6c7668-a425-4471-bfa6-3af22afeb532
2026-10-09T20:11:28.050+02:00 WARN  [main] c.a.c.p.application.PaymentRetryPolicy traceId=f8abaf65-f4f6-4800-9efb-494002d79170 clubId=- accountId=- : Refund reconciliation status=failed: eventId=re_fake_d445249e-97e6-4681-80a3-61e3154ebc3b traceId=f8abaf65-f4f6-4800-9efb-494002d79170
2026-10-09T20:11:28.556+02:00 WARN  [main] c.a.c.p.application.PaymentRetryPolicy traceId=ca0220f5-27cc-4993-957b-aec89505c261 clubId=- accountId=- : Refund reconciliation status=failed: eventId=re_round2_dashboard_241 traceId=[redacted]
2026-10-09T20:11:29.210+02:00 WARN  [main] c.a.c.p.application.PaymentRetryPolicy traceId=899454a1-12ee-4f55-b34e-d9ae3a0c4adc clubId= accountId= : Refund reconciliation status=failed: eventId=re_round2_dashboard_250 traceId=899454a1-12ee-4f55-b34e-d9ae3a0c4adc
2026-10-09T20:11:29.551+02:00 WARN  [main] c.a.c.p.application.PaymentRetryPolicy traceId=453f3de6-faa6-4f5e-be9d-acbb4edf6c30 clubId=- accountId=- : Refund reconciliation status=failed: eventId=re_round2_dashboard_256 traceId=453f3de6-faa6-4f5e-be9d-acbb4edf6c30
2026-10-09T20:11:30.596+02:00 WARN  [main] c.a.c.p.application.PaymentRetryPolicy traceId=1c47a412-0aa4-44ce-bcc4-e538b3b791a0 clubId=- accountId=- : Refund reconciliation status=failed: eventId=re_fake_623f546f-4ce0-41a4-a85d-fda7fe3606d1 traceId=1c47a412-0aa4-44ce-bcc4-e538b3b791a0
2026-10-09T20:11:30.866+02:00 WARN  [main] c.a.c.p.application.PaymentRetryPolicy traceId=64891576-d52d-4850-9fc9-e0ae1c63720c clubId=- accountId=- : Refund reconciliation status=canceled: eventId=re_round2_dashboard_288 traceId=64891576-d52d-4850-9fc9-e0ae1c63720c
2026-10-09T20:11:30.910+02:00 WARN  [main] c.a.c.p.application.PaymentRetryPolicy traceId=6b6fb51d-69a3-497f-b57b-641ac6f6f9f2 clubId=- accountId=- : Refund reconciliation status=failed: eventId=re_round2_dashboard_286 traceId=6b6fb51d-69a3-497f-b57b-641ac6f6f9f2
2026-10-09T20:11:31.252+02:00 WARN  [main] c.a.c.p.application.PaymentRetryPolicy traceId=1d9fbaab-1ef7-4eda-851e-934397be7de6 clubId=- accountId=- : Refund reconciliation status=failed: eventId=re_fake_74b807c5-766c-445a-81db-f0224190a246 traceId=1d9fbaab-1ef7-4eda-851e-934397be7de6
2026-10-09T20:11:31.519+02:00 WARN  [main] c.a.c.p.application.PaymentRetryPolicy traceId=ce462b9b-0078-40d2-a83e-61359b6db5d9 clubId=- accountId=- : Refund reconciliation status=failed: eventId=re_fake_b5b44e61-2bb5-4ac3-9e4f-d300d9ed0875 traceId=[redacted]
2026-10-09T20:11:32.072+02:00 WARN  [main] c.a.c.p.application.PaymentRetryPolicy traceId=32c6277f-dc1d-4053-8fb1-d65488ba0663 clubId=- accountId=- : Refund reconciliation status=failed: eventId=re_round2_dashboard_304 traceId=32c6277f-dc1d-4053-8fb1-d65488ba0663
2026-10-09T20:11:32.934+02:00 WARN  [main] c.a.c.p.application.PaymentRetryPolicy traceId=2e4301fb-3dc3-4d6e-a9da-74c2982e3fd2 clubId=- accountId=- : Refund reconciliation status=failed: eventId=re_round2_dashboard_314 traceId=2e4301fb-3dc3-4d6e-a9da-74c2982e3fd2
2026-10-09T20:11:33.067+02:00 WARN  [main] c.a.c.p.application.PaymentRetryPolicy traceId=f2795259-255d-44fc-9592-453463ea517c clubId= accountId= : Refund reconciliation status=failed: eventId=re_fake_27d3eb51-2090-43e6-9d2e-bfd7823e2646 traceId=f2795259-255d-44fc-9592-453463ea517c
2026-10-09T20:11:33.619+02:00 WARN  [main] c.a.c.p.application.PaymentRetryPolicy traceId=7445cd93-40e2-470d-86c7-f7d92d22158c clubId= accountId= : Refund reconciliation status=failed: eventId=re_round2_dashboard_329 traceId=7445cd93-40e2-470d-86c7-f7d92d22158c
2026-10-09T20:11:33.996+02:00 WARN  [main] c.a.c.p.application.PaymentRetryPolicy traceId=b1123295-db02-4df5-8d61-ea8fc8428845 clubId=- accountId=- : Refund reconciliation status=failed: eventId=re_fake_7d8bffe2-d0f4-4ecf-90f3-19d97daca43c traceId=b1123295-[redacted]
2026-10-09T20:11:35.021+02:00 WARN  [main] c.a.c.p.application.PaymentRetryPolicy traceId=55e2430a-650f-44c6-b737-210670085d8e clubId=- accountId=- : Refund reconciliation status=canceled: eventId=re_round2_dashboard_356 traceId=55e2430a-650f-44c6-b737-210670085d8e
2026-10-09T20:11:35.606+02:00 WARN  [main] c.a.c.p.application.PaymentRetryPolicy traceId=74311daa-2c56-4bd4-8bcb-10a89688d54c clubId=- accountId=- : Refund reconciliation status=failed: eventId=re_round2_dashboard_365 traceId=74311daa-2c56-4bd4-8bcb-10a89688d54c
2026-10-09T20:11:36.892+02:00 WARN  [main] c.a.c.p.application.PaymentRetryPolicy traceId=287e7113-1e5a-491a-b702-dff24259f157 clubId= accountId= : Refund reconciliation status=canceled: eventId=re_fake_70f2b2b3-9646-449c-a4f8-461a4de691fb traceId=287e7113-1e5a-491a-b702-dff24259f157
2026-10-09T20:11:37.181+02:00 WARN  [main] c.a.c.p.application.PaymentRetryPolicy traceId=409313ba-239e-4a55-bb63-870aeddd04f6 clubId=- accountId=- : Refund reconciliation status=failed: eventId=re_round2_dashboard_377 traceId=409313ba-239e-4a55-[redacted]
E8-T12 round 2 shared generator: 32 seeds x 24 steps; [accepted, dashboard, execute, recover, redeliver, refused, webhook]
2026-10-09T20:11:38.331+02:00 WARN  [main] c.a.c.p.application.PaymentRetryPolicy traceId=52c459d0-3f5b-40f1-959e-f99bc01b37ca clubId=- accountId=- : Refund compensation needs an admin: paymentId=inv-payment traceId=52c459d0-3f5b-40f1-959e-f99bc01b37ca
2026-10-09T20:11:38.768+02:00 WARN  [main] c.a.c.p.application.CheckoutService traceId=e73de65e-580c-4cf4-9702-db248e6e5c94 clubId=- accountId=- : Late provider completion to refund: the checkout expired checkoutSessionId=5d43533a-054e-4ba9-8c1f-0e332defb277 bookingId=null providerPaymentId=pi_invariants clubId=bill-a
2026-10-09T20:11:38.855+02:00 WARN  [main] c.a.c.p.application.PaymentRetryPolicy traceId=10d4cde8-ed61-4f8f-9223-7cf6106e5db2 clubId= accountId= : Refund compensation needs an admin: paymentId=68a7faaa-0f63-464e-b8ff-8e4975facfe1 traceId=10d4cde8-[redacted]
2026-10-09T20:11:38.856+02:00 WARN  [main] c.a.c.p.application.PaymentRetryPolicy traceId=ec5767b7-31c3-469f-b626-b3ccb6fffbf5 clubId= accountId= : Payment operation recovery exhausted: eventId=c6cc25d0-8d27-47e0-abc3-14628395f0ab traceId=[redacted]
2026-10-09T20:11:38.938+02:00 WARN  [main] c.a.c.p.application.PaymentRetryPolicy traceId=93686581-e6fa-4b1c-9f15-767c442db5fc clubId= accountId= : Refund reconciliation status=failed: eventId=re_round2_dashboard_1 traceId=93686581-e6fa-4b1c-9f15-767c442db5fc
2026-10-09T20:11:39.322+02:00 WARN  [main] c.a.c.p.application.CheckoutService traceId=3f5c886d-986a-45c6-8641-0ae1f5e4c624 clubId=- accountId=- : Late provider completion to refund: the checkout expired checkoutSessionId=a596a6cb-9979-44b0-b959-59cb98745d8e bookingId=inv-booking providerPaymentId=pi_invariants clubId=bill-a
2026-10-09T20:11:39.423+02:00 WARN  [main] c.a.c.p.application.PaymentRetryPolicy traceId=ba157ca2-c023-4328-a584-1047c758ebea clubId= accountId= : Refund compensation needs an admin: paymentId=f69b2a18-b3b5-4fbf-8471-[redacted]=[redacted]
2026-10-09T20:11:39.425+02:00 WARN  [main] c.a.c.p.application.PaymentRetryPolicy traceId=fc357f46-7c89-481d-87d1-76c9c7cf1d30 clubId= accountId= : Payment operation recovery exhausted: eventId=35a5a24b-db3b-48dc-8436-c37ee181a7fe traceId=[redacted]
2026-10-09T20:11:39.684+02:00 WARN  [main] c.a.c.p.application.PaymentRetryPolicy traceId=ade0883c-8fa4-47ec-8434-afd047833738 clubId= accountId= : Refund reconciliation status=failed: eventId=re_dashboard_33 traceId=ade0883c-8fa4-47ec-8434-afd047833738
2026-10-09T20:11:39.741+02:00 WARN  [main] c.a.c.p.application.PaymentRetryPolicy traceId=8d2f04e9-f1e4-4b21-b139-8dc1a3081650 clubId= accountId= : Refund reconciliation status=failed: eventId=re_dashboard_26 traceId=8d2f04e9-f1e4-4b21-b139-8dc1a3081650
2026-10-09T20:11:39.856+02:00 WARN  [main] c.a.c.p.application.PaymentRetryPolicy traceId=5fb054d1-0694-4f1a-83b5-7317c8718832 clubId= accountId= : Refund reconciliation status=failed: eventId=re_dashboard_50 traceId=5fb054d1-0694-4f1a-83b5-7317c8718832
2026-10-09T20:11:40.060+02:00 WARN  [main] c.a.c.p.application.CheckoutService traceId=0d772d3a-d93f-4b39-806c-ccee7df65229 clubId=- accountId=- : Late provider completion to refund: the checkout expired checkoutSessionId=59270b16-[redacted]=null providerPaymentId=pi_invariants clubId=bill-a
2026-10-09T20:11:40.152+02:00 WARN  [main] c.a.c.p.application.PaymentRetryPolicy traceId=00450f39-3d5f-4dd2-87b5-4b9c34c7051a clubId= accountId= : Payment operation recovery exhausted: eventId=[redacted] traceId=00450f39-3d5f-4dd2-87b5-4b9c34c7051a
2026-10-09T20:11:40.169+02:00 WARN  [main] c.a.c.p.application.PaymentRetryPolicy traceId=687273d6-11c6-45a6-b424-2c15bc592eb1 clubId=- accountId=- : Refund reconciliation status=failed: eventId=re_round2_dashboard_59 traceId=687273d6-11c6-45a6-b424-2c15bc592eb1
2026-10-09T20:11:40.177+02:00 WARN  [main] c.a.c.p.application.PaymentRetryPolicy traceId=687273d6-11c6-45a6-b424-2c15bc592eb1 clubId=- accountId=- : Refund compensation needs an admin: paymentId=375aaf3a-f8f3-4913-8c61-98f9260270e0 traceId=687273d6-11c6-45a6-b424-2c15bc592eb1
2026-10-09T20:11:40.447+02:00 WARN  [main] c.a.c.p.application.PaymentRetryPolicy traceId=53ad37d3-4237-47f4-b44d-394f50e18b0a clubId= accountId= : Refund reconciliation status=failed: eventId=re_dashboard_62 traceId=53ad37d3-4237-47f4-b44d-394f50e18b0a
2026-10-09T20:11:40.598+02:00 WARN  [main] c.a.c.p.application.PaymentRetryPolicy traceId=37070258-348e-4835-8689-ac625ec91095 clubId=- accountId=- : Refund reconciliation status=failed: eventId=re_dashboard_77 traceId=37070258-348e-4835-8689-ac625ec91095
2026-10-09T20:11:40.706+02:00 WARN  [main] c.a.c.p.application.CheckoutService traceId=09356982-a4b9-487c-b245-4bc89c2695e6 clubId=- accountId=- : Late provider completion to refund: the checkout expired checkoutSessionId=039690e0-9419-4ad5-8580-6fe2917c78be bookingId=inv-booking providerPaymentId=pi_invariants clubId=bill-a
2026-10-09T20:11:40.790+02:00 WARN  [main] c.a.c.p.application.PaymentRetryPolicy traceId=71eac509-1685-43b6-87be-b171b17baf88 clubId= accountId= : Refund compensation needs an admin: paymentId=[redacted] traceId=71eac509-1685-43b6-87be-b171b17baf88
2026-10-09T20:11:40.791+02:00 WARN  [main] c.a.c.p.application.PaymentRetryPolicy traceId=ae20966e-f455-4f38-a6f3-28d52bd46aab clubId= accountId= : Payment operation recovery exhausted: eventId=909abd39-4c8b-475b-a64f-076f005322d9 traceId=[redacted]
2026-10-09T20:11:40.835+02:00 WARN  [main] c.a.c.p.application.PaymentRetryPolicy traceId=a8fb52b5-c67b-4bb4-a575-36ae1935bb3a clubId=- accountId=- : Refund reconciliation status=failed: eventId=re_dashboard_83 traceId=a8fb52b5-c67b-4bb4-a575-36ae1935bb3a
2026-10-09T20:11:40.872+02:00 WARN  [main] c.a.c.p.application.PaymentRetryPolicy traceId=3da4e83e-cafe-4d8f-b9cb-fa8c65a5d73a clubId=- accountId=- : Refund reconciliation status=canceled: eventId=re_round2_dashboard_82 traceId=3da4e83e-cafe-4d8f-b9cb-fa8c65a5d73a
2026-10-09T20:11:41.396+02:00 WARN  [main] c.a.c.p.application.CheckoutService traceId=d0671ba9-8dfd-494e-ae5b-c7e568013167 clubId=- accountId=- : Late provider completion to refund: the checkout expired checkoutSessionId=5787cc01-b2a7-4172-877e-4c89b0ffcd05 bookingId=null providerPaymentId=pi_invariants clubId=bill-a
2026-10-09T20:11:41.513+02:00 WARN  [main] c.a.c.p.application.PaymentRetryPolicy traceId=fc4629d2-b522-4c68-97ec-71b95ae960f9 clubId= accountId= : Refund compensation needs an admin: paymentId=13d4a455-320f-48ab-acce-a86b7919006d traceId=[redacted]
2026-10-09T20:11:41.516+02:00 WARN  [main] c.a.c.p.application.PaymentRetryPolicy traceId=1b7aa0cf-d7d9-446d-bd6f-282222b70d01 clubId= accountId= : Payment operation recovery exhausted: eventId=71738c1b-[redacted]=1b7aa0cf-d7d9-446d-bd6f-282222b70d01
2026-10-09T20:11:41.693+02:00 WARN  [main] c.a.c.p.application.PaymentRetryPolicy traceId=ed796039-7ccc-4454-8fb0-5155a1ae32cc clubId=- accountId=- : Refund reconciliation status=failed: eventId=re_round2_dashboard_108 traceId=[redacted]
2026-10-09T20:11:42.004+02:00 WARN  [main] c.a.c.p.application.CheckoutService traceId=f3fb7f6b-5d0c-4edb-8cd0-94ff80d7ce77 clubId=- accountId=- : Late provider completion to refund: the checkout expired checkoutSessionId=a0c04b98-04ea-495e-[redacted]=inv-booking providerPaymentId=pi_invariants clubId=bill-a
2026-10-09T20:11:42.101+02:00 WARN  [main] c.a.c.p.application.PaymentRetryPolicy traceId=9ea43798-7a36-4aea-bc34-3a3d7e599edb clubId= accountId= : Payment operation recovery exhausted: eventId=1858296b-bef2-4c72-93ce-71ab7e47151b traceId=9ea43798-7a36-4aea-[redacted]
2026-10-09T20:11:42.174+02:00 WARN  [main] c.a.c.p.application.PaymentRetryPolicy traceId=5e3572e5-2182-4cf0-9611-51bc917fa4d7 clubId=- accountId=- : Refund reconciliation status=failed: eventId=re_round2_dashboard_130 traceId=5e3572e5-2182-4cf0-9611-51bc917fa4d7
2026-10-09T20:11:42.182+02:00 WARN  [main] c.a.c.p.application.PaymentRetryPolicy traceId=5e3572e5-2182-4cf0-9611-51bc917fa4d7 clubId=- accountId=- : Refund compensation needs an admin: paymentId=023eee3e-f1e4-4e73-aeeb-48aa111f5eca traceId=5e3572e5-2182-4cf0-9611-51bc917fa4d7
2026-10-09T20:11:42.267+02:00 WARN  [main] c.a.c.p.application.PaymentRetryPolicy traceId=973118c8-7dfe-4f68-9984-f441a0cf6f19 clubId=- accountId=- : Refund reconciliation status=failed: eventId=re_dashboard_135 traceId=973118c8-7dfe-4f68-9984-f441a0cf6f19
2026-10-09T20:11:42.519+02:00 WARN  [main] c.a.c.p.application.PaymentRetryPolicy traceId=df9be25e-c192-4080-8aa9-5ca6275c8203 clubId= accountId= : Refund reconciliation status=failed: eventId=re_dashboard_140 traceId=df9be25e-c192-4080-8aa9-5ca6275c8203
2026-10-09T20:11:42.746+02:00 WARN  [main] c.a.c.p.application.CheckoutService traceId=d24e6094-cb47-40a8-ac8a-99522b574244 clubId=- accountId=- : Late provider completion to refund: the checkout expired checkoutSessionId=f617e373-b235-41cc-[redacted]=null providerPaymentId=pi_invariants clubId=bill-a
2026-10-09T20:11:42.821+02:00 WARN  [main] c.a.c.p.application.PaymentRetryPolicy traceId=d1e529e9-233a-4436-9d73-67c0463c557c clubId= accountId= : Refund compensation needs an admin: paymentId=5ac5d0db-33f9-4059-90e3-9d8b13d07c48 traceId=d1e529e9-233a-4436-9d73-67c0463c557c
2026-10-09T20:11:42.822+02:00 WARN  [main] c.a.c.p.application.PaymentRetryPolicy traceId=2e9b7bfd-7613-43e8-8333-8c5ebcf48bc9 clubId= accountId= : Payment operation recovery exhausted: eventId=6ca2aabf-055d-4acc-b85b-32b8bd85cf34 traceId=2e9b7bfd-7613-43e8-8333-8c5ebcf48bc9
2026-10-09T20:11:42.882+02:00 WARN  [main] c.a.c.p.application.PaymentRetryPolicy traceId=47743fd2-411f-443b-b72f-5b5c61007ab9 clubId=- accountId=- : Refund reconciliation status=failed: eventId=re_round2_dashboard_160 traceId=47743fd2-411f-443b-b72f-5b5c61007ab9
2026-10-09T20:11:43.033+02:00 WARN  [main] c.a.c.p.application.PaymentRetryPolicy traceId=feb1a6fe-df66-4e22-bbf9-e349b83e519c clubId=- accountId=- : Refund reconciliation status=canceled: eventId=re_dashboard_165 traceId=feb1a6fe-[redacted]
2026-10-09T20:11:43.416+02:00 WARN  [main] c.a.c.p.application.CheckoutService traceId=2bf07c33-9b65-44ed-8a0b-d4b3d37b0094 clubId=- accountId=- : Late provider completion to refund: the checkout expired checkoutSessionId=47350df1-4d10-42b8-80bf-0e4cb1462976 bookingId=inv-booking providerPaymentId=pi_invariants clubId=bill-a
2026-10-09T20:11:43.506+02:00 WARN  [main] c.a.c.p.application.PaymentRetryPolicy traceId=484e036f-b2c3-48ea-a5e7-057627942fbe clubId= accountId= : Refund compensation needs an admin: paymentId=71f1ed0d-59cb-45fc-b7e5-9e504c0842a6 traceId=484e036f-b2c3-48ea-a5e7-057627942fbe
2026-10-09T20:11:43.507+02:00 WARN  [main] c.a.c.p.application.PaymentRetryPolicy traceId=60672a4e-8987-483a-b9c7-992ad5ce677f clubId= accountId= : Payment operation recovery exhausted: eventId=7845caac-564f-473f-8ace-8735b743b817 traceId=60672a4e-8987-483a-b9c7-992ad5ce677f
2026-10-09T20:11:43.603+02:00 WARN  [main] c.a.c.p.application.PaymentRetryPolicy traceId=c03b2a87-3bbc-4840-8bd6-76ade5528cbc clubId= accountId= : Refund reconciliation status=canceled: eventId=re_dashboard_191 traceId=c03b2a87-3bbc-4840-8bd6-76ade5528cbc
2026-10-09T20:11:43.787+02:00 WARN  [main] c.a.c.p.application.PaymentRetryPolicy traceId=f69229b0-b643-4394-a43f-068e23f2732b clubId=- accountId=- : Refund reconciliation status=failed: eventId=re_dashboard_198 traceId=f69229b0-b643-4394-a43f-068e23f2732b
2026-10-09T20:11:44.042+02:00 WARN  [main] c.a.c.p.application.CheckoutService traceId=10864bbd-6d8a-4059-a4b3-80ca17249238 clubId=- accountId=- : Late provider completion to refund: the checkout expired checkoutSessionId=9cfd1699-2d67-4221-8f13-a8027300c47d bookingId=null providerPaymentId=pi_invariants clubId=bill-a
2026-10-09T20:11:44.140+02:00 WARN  [main] c.a.c.p.application.PaymentRetryPolicy traceId=c218601b-c403-4e53-9bc1-babe9a7f7df3 clubId= accountId= : Payment operation recovery exhausted: eventId=c8ec1c2d-dae7-487b-b3be-5224568cf571 traceId=c218601b-c403-4e53-9bc1-babe9a7f7df3
2026-10-09T20:11:44.181+02:00 WARN  [main] c.a.c.p.application.PaymentRetryPolicy traceId=be4f7c3e-0e6e-47cc-a4bb-1c6ad9d60f0e clubId=- accountId=- : Refund reconciliation status=failed: eventId=re_round2_dashboard_214 traceId=be4f7c3e-0e6e-47cc-a4bb-1c6ad9d60f0e
2026-10-09T20:11:44.191+02:00 WARN  [main] c.a.c.p.application.PaymentRetryPolicy traceId=be4f7c3e-0e6e-47cc-a4bb-1c6ad9d60f0e clubId=- accountId=- : Refund compensation needs an admin: paymentId=dd3bcc7b-502f-471e-a1f9-a35d5ec072f8 traceId=be4f7c3e-0e6e-47cc-a4bb-1c6ad9d60f0e
2026-10-09T20:11:44.390+02:00 WARN  [main] c.a.c.p.application.PaymentRetryPolicy traceId=ee2d9f42-7288-425b-9ecf-ac248d5576b0 clubId= accountId= : Refund reconciliation status=failed: eventId=re_dashboard_220 traceId=ee2d9f42-7288-425b-9ecf-ac248d5576b0
2026-10-09T20:11:44.431+02:00 WARN  [main] c.a.c.p.application.PaymentRetryPolicy traceId=9a37b0f4-2ccc-4c51-8174-fc7d292d0796 clubId=- accountId=- : Refund reconciliation status=canceled: eventId=re_dashboard_223 traceId=9a37b0f4-2ccc-4c51-8174-fc7d292d0796
2026-10-09T20:11:44.783+02:00 WARN  [main] c.a.c.p.application.CheckoutService traceId=5649964f-fe36-4a71-8925-bc19e7d30223 clubId=- accountId=- : Late provider completion to refund: the checkout expired checkoutSessionId=[redacted] bookingId=inv-booking providerPaymentId=pi_invariants clubId=bill-a
2026-10-09T20:11:44.857+02:00 WARN  [main] c.a.c.p.application.PaymentRetryPolicy traceId=b77224ad-bf8d-4067-8adc-1507bdbd5a5e clubId= accountId= : Refund compensation needs an admin: paymentId=4f30e504-1052-4a72-afe7-6888bd9ea172 traceId=b77224ad-bf8d-4067-8adc-1507bdbd5a5e
2026-10-09T20:11:44.859+02:00 WARN  [main] c.a.c.p.application.PaymentRetryPolicy traceId=3249e95b-423d-4a4e-bef6-17f07a70f72f clubId= accountId= : Payment operation recovery exhausted: eventId=87e13e99-[redacted]=3249e95b-423d-4a4e-bef6-17f07a70f72f
2026-10-09T20:11:44.978+02:00 WARN  [main] c.a.c.p.application.PaymentRetryPolicy traceId=a1642128-1d53-42da-aff6-33d9cd69bb05 clubId=- accountId=- : Refund reconciliation status=failed: eventId=re_round2_dashboard_242 traceId=a1642128-1d53-42da-aff6-33d9cd69bb05
2026-10-09T20:11:45.202+02:00 WARN  [main] c.a.c.p.application.PaymentRetryPolicy traceId=542572d3-a571-4346-b301-b2147ec2e17a clubId= accountId= : Refund reconciliation status=failed: eventId=re_dashboard_245 traceId=542572d3-a571-4346-b301-b2147ec2e17a
2026-10-09T20:11:45.290+02:00 WARN  [main] c.a.c.p.application.PaymentRetryPolicy traceId=0e71e2e8-ce5f-4b90-94b1-f1ad3a60f41e clubId=- accountId=- : Refund reconciliation status=failed: eventId=re_dashboard_256 traceId=0e71e2e8-ce5f-4b90-94b1-f1ad3a60f41e
2026-10-09T20:11:45.466+02:00 WARN  [main] c.a.c.p.application.CheckoutService traceId=22c57d52-7d07-4896-90c4-ef5d000b0e88 clubId=- accountId=- : Late provider completion to refund: the checkout expired checkoutSessionId=8840cbf7-99b0-4e81-89ce-[redacted]=null providerPaymentId=pi_invariants clubId=bill-a
2026-10-09T20:11:45.547+02:00 WARN  [main] c.a.c.p.application.PaymentRetryPolicy traceId=591fd275-2a3e-4f92-938e-a74c79b491fa clubId= accountId= : Refund compensation needs an admin: paymentId=[redacted] traceId=591fd275-2a3e-4f92-938e-a74c79b491fa
2026-10-09T20:11:45.548+02:00 WARN  [main] c.a.c.p.application.PaymentRetryPolicy traceId=a72197a8-e444-4fbb-93f7-efe10a2e148a clubId= accountId= : Payment operation recovery exhausted: eventId=0f3c3057-7ccc-46bb-81e0-4aed6face5db traceId=a72197a8-e444-4fbb-93f7-efe10a2e148a
2026-10-09T20:11:45.586+02:00 WARN  [main] c.a.c.p.application.PaymentRetryPolicy traceId=e146034a-192f-4a7d-bcaa-54f7a41d894d clubId=- accountId=- : Refund reconciliation status=failed: eventId=re_round2_dashboard_270 traceId=e146034a-192f-4a7d-bcaa-54f7a41d894d
2026-10-09T20:11:45.713+02:00 WARN  [main] c.a.c.p.application.PaymentRetryPolicy traceId=d876c20c-8cb5-4c43-9dab-9bcd81567f18 clubId= accountId= : Refund reconciliation status=failed: eventId=re_dashboard_278 traceId=d876c20c-8cb5-4c43-9dab-9bcd81567f18
2026-10-09T20:11:45.827+02:00 WARN  [main] c.a.c.p.application.PaymentRetryPolicy traceId=07a6fc18-b26b-4fef-b395-d65600a56cd1 clubId=- accountId=- : Refund reconciliation status=failed: eventId=re_dashboard_282 traceId=07a6fc18-b26b-4fef-b395-d65600a56cd1
2026-10-09T20:11:46.050+02:00 WARN  [main] c.a.c.p.application.CheckoutService traceId=7c2a9a3c-2cfb-49ab-99b7-f7c5fbaf7a8c clubId=- accountId=- : Late provider completion to refund: the checkout expired checkoutSessionId=21b29a3a-14db-4924-9c56-74c93a3c341a bookingId=inv-booking providerPaymentId=pi_invariants clubId=bill-a
2026-10-09T20:11:46.121+02:00 WARN  [main] c.a.c.p.application.PaymentRetryPolicy traceId=229f6692-c162-459e-bec8-b5133f2aba26 clubId= accountId= : Payment operation recovery exhausted: eventId=8a34f8b1-6872-43b4-8220-a0c4c965cf69 traceId=229f6692-c162-459e-bec8-b5133f2aba26
2026-10-09T20:11:46.465+02:00 WARN  [main] c.a.c.p.application.PaymentRetryPolicy traceId=470e6309-c416-4e6b-9fc6-b04a09efb1d7 clubId= accountId= : Refund reconciliation status=failed: eventId=re_round2_dashboard_295 traceId=470e6309-c416-4e6b-9fc6-b04a09efb1d7
2026-10-09T20:11:46.474+02:00 WARN  [main] c.a.c.p.application.PaymentRetryPolicy traceId=be62632c-f8ce-4e16-8d46-461422b59b11 clubId= accountId= : Refund compensation needs an admin: paymentId=fe9ddc85-6016-47eb-b0fe-1e22c91adfbb traceId=[redacted]
2026-10-09T20:11:46.664+02:00 WARN  [main] c.a.c.p.application.CheckoutService traceId=86796ade-7d8d-46fe-9d28-c23ecfb159be clubId=- accountId=- : Late provider completion to refund: the checkout expired checkoutSessionId=d87732ac-7020-44ee-97cf-cc6f1e2e88e2 bookingId=null providerPaymentId=pi_invariants clubId=bill-a
2026-10-09T20:11:46.764+02:00 WARN  [main] c.a.c.p.application.PaymentRetryPolicy traceId=6984b237-ccea-4fd6-b943-f17ed61208fd clubId= accountId= : Refund compensation needs an admin: paymentId=d071fc25-5a0b-42ed-9394-[redacted]=6984b237-ccea-4fd6-b943-f17ed61208fd
2026-10-09T20:11:46.766+02:00 WARN  [main] c.a.c.p.application.PaymentRetryPolicy traceId=9a5c3969-3537-464f-8141-b8c15bc18ac7 clubId= accountId= : Payment operation recovery exhausted: eventId=990fbea7-9642-49f7-bce3-b43cd175738b traceId=9a5c3969-3537-464f-8141-b8c15bc18ac7
2026-10-09T20:11:46.947+02:00 WARN  [main] c.a.c.p.application.PaymentRetryPolicy traceId=5c1f6027-d1e5-4f66-8241-61f383ea1608 clubId=- accountId=- : Refund reconciliation status=failed: eventId=re_dashboard_317 traceId=5c1f6027-d1e5-4f66-8241-61f383ea1608
2026-10-09T20:11:47.206+02:00 WARN  [main] c.a.c.p.application.PaymentRetryPolicy traceId=304b9546-2036-4ec3-84a4-7de5a89db679 clubId=- accountId=- : Refund reconciliation status=failed: eventId=re_round2_dashboard_315 traceId=304b9546-2036-4ec3-84a4-7de5a89db679
2026-10-09T20:11:47.344+02:00 WARN  [main] c.a.c.p.application.PaymentRetryPolicy traceId=b5505e03-127a-4ec3-809e-ad15301f61b6 clubId=- accountId=- : Refund reconciliation status=canceled: eventId=re_dashboard_331 traceId=b5505e03-127a-4ec3-809e-ad15301f61b6
2026-10-09T20:11:47.452+02:00 WARN  [main] c.a.c.p.application.PaymentRetryPolicy traceId=fdf08c73-0a36-4b5b-a263-71a264245a85 clubId=- accountId=- : Refund reconciliation status=failed: eventId=re_dashboard_338 traceId=fdf08c73-0a36-4b5b-a263-71a264245a85
2026-10-09T20:11:47.518+02:00 WARN  [main] c.a.c.p.application.PaymentRetryPolicy traceId=bcf2453c-b003-4b98-b49d-2d1ccd6ad3f3 clubId=- accountId=- : Refund reconciliation status=failed: eventId=re_dashboard_343 traceId=bcf2453c-b003-4b98-b49d-2d1ccd6ad3f3
2026-10-09T20:11:47.698+02:00 WARN  [main] c.a.c.p.application.CheckoutService traceId=ed907992-c800-4b61-a9c1-3bc1a9461a42 clubId=- accountId=- : Late provider completion to refund: the checkout expired checkoutSessionId=22809e96-e62c-4839-ab8b-b55a00f5ddc1 bookingId=inv-booking providerPaymentId=pi_invariants clubId=bill-a
2026-10-09T20:11:47.785+02:00 WARN  [main] c.a.c.p.application.PaymentRetryPolicy traceId=17b451c3-891f-4438-bddd-5ff38e6925a7 clubId= accountId= : Refund compensation needs an admin: paymentId=c5f6c971-755d-4b05-aad5-7223bbc36d6f traceId=17b451c3-891f-4438-bddd-5ff38e6925a7
2026-10-09T20:11:47.787+02:00 WARN  [main] c.a.c.p.application.PaymentRetryPolicy traceId=c4e8d8e8-3d01-4575-a76e-8ee12a0dd45c clubId= accountId= : Payment operation recovery exhausted: eventId=584bd6cd-3259-460c-a843-46df1ad61777 traceId=c4e8d8e8-3d01-4575-a76e-8ee12a0dd45c
2026-10-09T20:11:47.895+02:00 WARN  [main] c.a.c.p.application.PaymentRetryPolicy traceId=9df25276-96ed-40b4-9c82-d65d1b4b2878 clubId=- accountId=- : Refund reconciliation status=failed: eventId=re_dashboard_352 traceId=9df25276-96ed-40b4-9c82-d65d1b4b2878
2026-10-09T20:11:47.949+02:00 WARN  [main] c.a.c.p.application.PaymentRetryPolicy traceId=e0d48231-0fd5-4869-8c85-bdc876eb9dec clubId=- accountId=- : Refund reconciliation status=failed: eventId=re_round2_dashboard_351 traceId=e0d48231-0fd5-4869-8c85-bdc876eb9dec
2026-10-09T20:11:47.998+02:00 WARN  [main] c.a.c.p.application.PaymentRetryPolicy traceId=434dba5c-1ab4-4ff6-bf46-2facdabc29da clubId=- accountId=- : Refund reconciliation status=failed: eventId=re_dashboard_360 traceId=434dba5c-1ab4-4ff6-[redacted]
2026-10-09T20:11:48.141+02:00 WARN  [main] c.a.c.p.application.PaymentRetryPolicy traceId=f129f141-984e-406c-8212-60837ec6c6ca clubId=- accountId=- : Refund reconciliation status=failed: eventId=re_dashboard_370 traceId=f129f141-984e-406c-8212-60837ec6c6ca
2026-10-09T20:11:48.207+02:00 WARN  [main] c.a.c.p.application.PaymentRetryPolicy traceId=9010a571-3178-4e10-a023-2740db05658c clubId= accountId= : Refund reconciliation status=failed: eventId=re_dashboard_373 traceId=9010a571-3178-4e10-a023-2740db05658c
2026-10-09T20:11:48.343+02:00 WARN  [main] c.a.c.p.application.CheckoutService traceId=6784b30e-55db-40c9-b3e7-4a01773f6ef3 clubId=- accountId=- : Late provider completion to refund: the checkout expired checkoutSessionId=c9f75d03-d969-4ffb-91b3-8b68bc25b284 bookingId=null providerPaymentId=pi_invariants clubId=bill-a
2026-10-09T20:11:48.470+02:00 WARN  [main] c.a.c.p.application.PaymentRetryPolicy traceId=a463df8e-0c84-41ce-902a-dd55f29b93a4 clubId= accountId= : Payment operation recovery exhausted: eventId=b10fd76d-[redacted]=a463df8e-0c84-41ce-902a-dd55f29b93a4
2026-10-09T20:11:48.498+02:00 WARN  [main] c.a.c.p.application.PaymentRetryPolicy traceId=f382bcc8-cbe6-44ae-8893-8f638846893c clubId=- accountId=- : Refund reconciliation status=failed: eventId=re_round2_dashboard_376 traceId=f382bcc8-cbe6-44ae-8893-8f638846893c
2026-10-09T20:11:48.512+02:00 WARN  [main] c.a.c.p.application.PaymentRetryPolicy traceId=f382bcc8-cbe6-44ae-8893-8f638846893c clubId=- accountId=- : Refund compensation needs an admin: paymentId=2d85e4fb-[redacted]=f382bcc8-cbe6-44ae-8893-8f638846893c
2026-10-09T20:11:48.605+02:00 WARN  [main] c.a.c.p.application.PaymentRetryPolicy traceId=0a2b6a41-4399-43e9-97e6-1838941d0bd2 clubId=- accountId=- : Refund reconciliation status=canceled: eventId=re_dashboard_378 traceId=0a2b6a41-4399-43e9-97e6-1838941d0bd2
2026-10-09T20:11:49.202+02:00 WARN  [main] c.a.c.p.application.CheckoutService traceId=4873c75e-d6d1-4e93-9f59-ee4a8c3f2d1b clubId=- accountId=- : Late provider completion to refund: the checkout expired checkoutSessionId=1f6b4cbf-5ecb-44e7-[redacted]=inv-booking providerPaymentId=pi_invariants clubId=bill-a
2026-10-09T20:11:49.298+02:00 WARN  [main] c.a.c.p.application.PaymentRetryPolicy traceId=69c4c16d-63ae-4c24-9c7f-424a05c554ae clubId= accountId= : Refund compensation needs an admin: paymentId=[redacted] traceId=69c4c16d-63ae-4c24-9c7f-424a05c554ae
2026-10-09T20:11:49.299+02:00 WARN  [main] c.a.c.p.application.PaymentRetryPolicy traceId=4d960abf-f692-43ec-931f-377bb15ac639 clubId= accountId= : Payment operation recovery exhausted: eventId=0821908e-f3b4-4ac7-a89a-19ed235df328 traceId=4d960abf-f692-43ec-931f-377bb15ac639
2026-10-09T20:11:49.347+02:00 WARN  [main] c.a.c.p.application.PaymentRetryPolicy traceId=7bbf3407-7bc5-44f7-990d-b4c1cbcf9255 clubId=- accountId=- : Refund reconciliation status=failed: eventId=re_round2_dashboard_398 traceId=7bbf3407-7bc5-44f7-990d-b4c1cbcf9255
2026-10-09T20:11:49.741+02:00 WARN  [main] c.a.c.p.application.PaymentRetryPolicy traceId=c9555c4f-6eec-4454-bfe8-1ea7d16ead03 clubId=- accountId=- : Refund reconciliation status=failed: eventId=re_dashboard_399 traceId=c9555c4f-6eec-4454-bfe8-1ea7d16ead03
2026-10-09T20:11:49.976+02:00 WARN  [main] c.a.c.p.application.CheckoutService traceId=486c1d46-9c57-4e45-9a57-9481c1ce9b3c clubId=- accountId=- : Late provider completion to refund: the checkout expired checkoutSessionId=6a20c64d-46e4-497e-85a7-282c560e4a8b bookingId=null providerPaymentId=pi_invariants clubId=bill-a
2026-10-09T20:11:50.075+02:00 WARN  [main] c.a.c.p.application.PaymentRetryPolicy traceId=3c91dd76-6e4b-4a37-9e70-7b566ea1149f clubId= accountId= : Refund compensation needs an admin: paymentId=afb95fb8-d08b-4bb4-a9e9-5952b3167e59 traceId=3c91dd76-6e4b-4a37-9e70-7b566ea1149f
2026-10-09T20:11:50.076+02:00 WARN  [main] c.a.c.p.application.PaymentRetryPolicy traceId=20175d8b-c09b-471a-8a0d-de2cbe436e9f clubId= accountId= : Payment operation recovery exhausted: eventId=321c325a-390b-40c2-8325-1a6d6328d3b8 traceId=20175d8b-c09b-471a-8a0d-de2cbe436e9f
2026-10-09T20:11:50.436+02:00 WARN  [main] c.a.c.p.application.PaymentRetryPolicy traceId=c7615fd2-ebbd-4a8d-9ba1-a34af225a508 clubId=- accountId=- : Refund reconciliation status=failed: eventId=re_dashboard_425 traceId=c7615fd2-ebbd-4a8d-9ba1-a34af225a508
2026-10-09T20:11:50.780+02:00 WARN  [main] c.a.c.p.application.CheckoutService traceId=05e334bf-b8f9-46ec-90f3-b1b21d0fd2e6 clubId=- accountId=- : Late provider completion to refund: the checkout expired checkoutSessionId=d8ad2b63-d3c8-4577-9a4b-62a179bd0c62 bookingId=inv-booking providerPaymentId=pi_invariants clubId=bill-a
2026-10-09T20:11:50.914+02:00 WARN  [main] c.a.c.p.application.PaymentRetryPolicy traceId=6ff5e397-2145-4129-89a6-fdb0adac7a0a clubId= accountId= : Payment operation recovery exhausted: eventId=1c69b036-a678-4361-bbff-18d7ce4d545e traceId=6ff5e397-2145-4129-89a6-fdb0adac7a0a
2026-10-09T20:11:51.024+02:00 WARN  [main] c.a.c.p.application.PaymentRetryPolicy traceId=e16f5c4e-bb03-4b81-a03a-9f7818d61185 clubId=- accountId=- : Refund reconciliation status=failed: eventId=re_round2_dashboard_448 traceId=e16f5c4e-[redacted]
2026-10-09T20:11:51.032+02:00 WARN  [main] c.a.c.p.application.PaymentRetryPolicy traceId=e16f5c4e-bb03-4b81-a03a-9f7818d61185 clubId=- accountId=- : Refund compensation needs an admin: paymentId=906d8520-09c7-433f-b408-92dec2364397 traceId=e16f5c4e-[redacted]
2026-10-09T20:11:51.087+02:00 WARN  [main] c.a.c.p.application.PaymentRetryPolicy traceId=57d14c93-d622-4f93-85c4-d97acb85e49c clubId=- accountId=- : Refund reconciliation status=canceled: eventId=re_dashboard_453 traceId=57d14c93-d622-4f93-85c4-d97acb85e49c
2026-10-09T20:11:51.365+02:00 WARN  [main] c.a.c.p.application.PaymentRetryPolicy traceId=57209588-941a-4b83-a645-0ceef7411824 clubId=- accountId=- : Refund reconciliation status=failed: eventId=re_dashboard_464 traceId=57209588-941a-4b83-a645-0ceef7411824
2026-10-09T20:11:51.430+02:00 WARN  [main] c.a.c.p.application.PaymentRetryPolicy traceId=d6050bb9-ba3b-4815-9d40-b6ac85f31d66 clubId=- accountId=- : Refund reconciliation status=failed: eventId=re_dashboard_457 traceId=d6050bb9-ba3b-4815-9d40-b6ac85f31d66
2026-10-09T20:11:51.629+02:00 WARN  [main] c.a.c.p.application.CheckoutService traceId=c5c7c3d9-be3c-49c0-9fd9-47a6bf1140a6 clubId=- accountId=- : Late provider completion to refund: the checkout expired checkoutSessionId=671fd6fc-b16b-428c-a3e3-18605e8b0e81 bookingId=null providerPaymentId=pi_invariants clubId=bill-a
2026-10-09T20:11:51.726+02:00 WARN  [main] c.a.c.p.application.PaymentRetryPolicy traceId=f4ae664b-8544-4a37-ad12-127c8d35c4bd clubId= accountId= : Refund compensation needs an admin: paymentId=5718802a-58fe-4d61-8ad7-56c1a9642bff traceId=f4ae664b-8544-4a37-[redacted]
2026-10-09T20:11:51.727+02:00 WARN  [main] c.a.c.p.application.PaymentRetryPolicy traceId=8bb7b26f-82f7-4fa9-bd4a-5b051be816e0 clubId= accountId= : Payment operation recovery exhausted: eventId=294435c2-c239-4718-8cad-f8f7d0abd77b traceId=8bb7b26f-82f7-4fa9-bd4a-5b051be816e0
2026-10-09T20:11:51.766+02:00 WARN  [main] c.a.c.p.application.PaymentRetryPolicy traceId=3a7d1464-e411-480b-9fc5-ad21919b5067 clubId=- accountId=- : Refund reconciliation status=failed: eventId=re_round2_dashboard_474 traceId=3a7d1464-e411-480b-9fc5-ad21919b5067
2026-10-09T20:11:52.340+02:00 WARN  [main] c.a.c.p.application.CheckoutService traceId=0d12fd2a-9ad2-45b2-a94d-59f1928b8c75 clubId=- accountId=- : Late provider completion to refund: the checkout expired checkoutSessionId=101d441c-1979-4280-b6a1-248314dd334c bookingId=inv-booking providerPaymentId=pi_invariants clubId=bill-a
2026-10-09T20:11:52.437+02:00 WARN  [main] c.a.c.p.application.PaymentRetryPolicy traceId=0726d71d-53b0-4d7f-b64c-9b1beada8dbd clubId= accountId= : Refund compensation needs an admin: paymentId=6943ae9a-9750-48e6-[redacted]=0726d71d-53b0-4d7f-b64c-9b1beada8dbd
2026-10-09T20:11:52.439+02:00 WARN  [main] c.a.c.p.application.PaymentRetryPolicy traceId=f594a034-cb59-40b9-b3e9-c4ff2be30696 clubId= accountId= : Payment operation recovery exhausted: eventId=[redacted] traceId=f594a034-[redacted]
2026-10-09T20:11:52.491+02:00 WARN  [main] c.a.c.p.application.PaymentRetryPolicy traceId=32de75ed-3768-4610-8f9a-6dd547f13f0e clubId=- accountId=- : Refund reconciliation status=failed: eventId=re_round2_dashboard_497 traceId=32de75ed-3768-4610-8f9a-6dd547f13f0e
2026-10-09T20:11:52.732+02:00 WARN  [main] c.a.c.p.application.PaymentRetryPolicy traceId=f41b9f06-b12d-4fb9-bf09-3886e15cb602 clubId=- accountId=- : Refund reconciliation status=failed: eventId=re_dashboard_507 traceId=f41b9f06-b12d-4fb9-[redacted]
2026-10-09T20:11:52.769+02:00 WARN  [main] c.a.c.p.application.PaymentRetryPolicy traceId=a17c2a3a-38df-43f6-8a0c-edab7a4b1987 clubId=- accountId=- : Refund reconciliation status=failed: eventId=re_dashboard_503 traceId=a17c2a3a-38df-43f6-8a0c-edab7a4b1987
2026-10-09T20:11:53.082+02:00 WARN  [main] c.a.c.p.application.CheckoutService traceId=aa727969-a31f-4baa-96b0-79eccbcece20 clubId=- accountId=- : Late provider completion to refund: the checkout expired checkoutSessionId=cc0cc56b-80b7-45a4-bddf-a5fd45940321 bookingId=null providerPaymentId=pi_invariants clubId=bill-a
2026-10-09T20:11:53.179+02:00 WARN  [main] c.a.c.p.application.PaymentRetryPolicy traceId=4e89aac2-a725-4baf-a4ef-e401777ccc84 clubId= accountId= : Payment operation recovery exhausted: eventId=4420bf66-f15a-4e39-85f6-9d9bdebed4d1 traceId=4e89aac2-a725-4baf-a4ef-e401777ccc84
2026-10-09T20:11:53.259+02:00 WARN  [main] c.a.c.p.application.PaymentRetryPolicy traceId=98ebc492-c866-4ae7-b0ed-653a77e7b8c7 clubId=- accountId=- : Refund reconciliation status=failed: eventId=re_round2_dashboard_522 traceId=98ebc492-c866-4ae7-b0ed-653a77e7b8c7
2026-10-09T20:11:53.268+02:00 WARN  [main] c.a.c.p.application.PaymentRetryPolicy traceId=98ebc492-c866-4ae7-b0ed-653a77e7b8c7 clubId=- accountId=- : Refund compensation needs an admin: paymentId=[redacted] traceId=98ebc492-c866-4ae7-b0ed-653a77e7b8c7
2026-10-09T20:11:53.523+02:00 WARN  [main] c.a.c.p.application.PaymentRetryPolicy traceId=5cb98485-b445-4247-ae1d-269b76e4bd8a clubId=- accountId=- : Refund reconciliation status=failed: eventId=re_dashboard_527 traceId=5cb98485-b445-4247-ae1d-269b76e4bd8a
2026-10-09T20:11:53.765+02:00 WARN  [main] c.a.c.p.application.CheckoutService traceId=b1904db3-afdd-421f-b833-0cfe3cf6c7e6 clubId=- accountId=- : Late provider completion to refund: the checkout expired checkoutSessionId=0b23181c-4955-4b0e-a606-3b2f3876b1bb bookingId=inv-booking providerPaymentId=pi_invariants clubId=bill-a
2026-10-09T20:11:53.857+02:00 WARN  [main] c.a.c.p.application.PaymentRetryPolicy traceId=ed740a19-ba06-454c-9131-709342d3af9b clubId= accountId= : Refund compensation needs an admin: paymentId=20a6de7f-82e1-4acd-9c3e-120ba773a0bc traceId=[redacted]
2026-10-09T20:11:53.858+02:00 WARN  [main] c.a.c.p.application.PaymentRetryPolicy traceId=97a153e9-9826-41d5-828f-31a7e5ff4f88 clubId= accountId= : Payment operation recovery exhausted: eventId=9673c60c-5e09-4902-8bb4-a1084aa6faf3 traceId=97a153e9-9826-41d5-828f-31a7e5ff4f88
2026-10-09T20:11:53.873+02:00 WARN  [main] c.a.c.p.application.PaymentRetryPolicy traceId=b1b0570b-c0df-4cc6-b0ed-18bb9125b346 clubId= accountId= : Refund reconciliation status=failed: eventId=re_round2_dashboard_544 traceId=b1b0570b-c0df-4cc6-b0ed-18bb9125b346
2026-10-09T20:11:53.931+02:00 WARN  [main] c.a.c.p.application.PaymentRetryPolicy traceId=77e314fb-40cc-46c4-bda8-d7956f52dd44 clubId=- accountId=- : Refund reconciliation status=failed: eventId=re_dashboard_546 traceId=77e314fb-40cc-46c4-bda8-d7956f52dd44
2026-10-09T20:11:54.514+02:00 WARN  [main] c.a.c.p.application.CheckoutService traceId=c80367a4-ac4e-4802-935d-2a1e556cdab1 clubId=- accountId=- : Late provider completion to refund: the checkout expired checkoutSessionId=0f8a40ce-4fec-404d-83be-b80153d95194 bookingId=null providerPaymentId=pi_invariants clubId=bill-a
2026-10-09T20:11:54.620+02:00 WARN  [main] c.a.c.p.application.PaymentRetryPolicy traceId=abfaf185-63e8-4add-bd3a-d6f68f80242a clubId= accountId= : Refund compensation needs an admin: paymentId=[redacted] traceId=abfaf185-63e8-4add-bd3a-d6f68f80242a
2026-10-09T20:11:54.622+02:00 WARN  [main] c.a.c.p.application.PaymentRetryPolicy traceId=8ccc1dde-e9c6-4482-9417-40792fc98b06 clubId= accountId= : Payment operation recovery exhausted: eventId=de8d423d-59ff-479b-a81b-a7a62d32d9c5 traceId=8ccc1dde-e9c6-4482-9417-40792fc98b06
2026-10-09T20:11:54.638+02:00 WARN  [main] c.a.c.p.application.PaymentRetryPolicy traceId=a521270b-4fc7-4ba0-bd2b-0e89db99ee61 clubId= accountId= : Refund reconciliation status=failed: eventId=re_round2_dashboard_566 traceId=a521270b-4fc7-4ba0-bd2b-0e89db99ee61
2026-10-09T20:11:54.754+02:00 WARN  [main] c.a.c.p.application.PaymentRetryPolicy traceId=a4421a6c-550e-455b-9091-d9cd6e6eeb0f clubId=- accountId=- : Refund reconciliation status=failed: eventId=re_dashboard_570 traceId=a4421a6c-550e-455b-9091-d9cd6e6eeb0f
2026-10-09T20:11:55.086+02:00 WARN  [main] c.a.c.p.application.PaymentRetryPolicy traceId=d8630bae-2eb1-449c-a8f0-75c581bdf927 clubId= accountId= : Refund reconciliation status=failed: eventId=re_dashboard_576 traceId=d8630bae-2eb1-449c-a8f0-75c581bdf927
2026-10-09T20:11:55.164+02:00 WARN  [main] c.a.c.p.application.PaymentRetryPolicy traceId=d5514479-10f0-4b80-9713-d148e9eaa478 clubId=- accountId=- : Refund reconciliation status=failed: eventId=re_dashboard_590 traceId=d5514479-10f0-4b80-9713-d148e9eaa478
2026-10-09T20:11:55.273+02:00 WARN  [main] c.a.c.p.application.CheckoutService traceId=7fc99928-754b-430d-adcd-5e15d1d2a503 clubId=- accountId=- : Late provider completion to refund: the checkout expired checkoutSessionId=e161e2a6-1f1b-4ba5-98db-f1480574f6a9 bookingId=inv-booking providerPaymentId=pi_invariants clubId=bill-a
2026-10-09T20:11:55.370+02:00 WARN  [main] c.a.c.p.application.PaymentRetryPolicy traceId=5fa404ee-6f33-448a-9912-55505c734d99 clubId= accountId= : Payment operation recovery exhausted: eventId=dfb209b6-3648-42df-b0b0-6dfea85f1667 traceId=5fa404ee-6f33-448a-9912-55505c734d99
2026-10-09T20:11:55.413+02:00 WARN  [main] c.a.c.p.application.PaymentRetryPolicy traceId=db624631-038d-426d-8d49-9ff80a1b7232 clubId=- accountId=- : Refund reconciliation status=failed: eventId=re_round2_dashboard_594 traceId=[redacted]
2026-10-09T20:11:55.423+02:00 WARN  [main] c.a.c.p.application.PaymentRetryPolicy traceId=db624631-038d-426d-8d49-9ff80a1b7232 clubId=- accountId=- : Refund compensation needs an admin: paymentId=5467dd12-e362-41da-a2ac-e674cf03db1a traceId=[redacted]
2026-10-09T20:11:55.559+02:00 WARN  [main] c.a.c.p.application.PaymentRetryPolicy traceId=9fccd954-dd84-4473-b36d-403fc0f3bb0c clubId= accountId= : Refund reconciliation status=failed: eventId=re_dashboard_599 traceId=9fccd954-[redacted]
2026-10-09T20:11:55.817+02:00 WARN  [main] c.a.c.p.application.PaymentRetryPolicy traceId=d23aa34a-09cb-4afc-b931-d4aaa337e752 clubId=- accountId=- : Refund reconciliation status=failed: eventId=re_dashboard_603 traceId=d23aa34a-09cb-4afc-b931-d4aaa337e752
2026-10-09T20:11:55.893+02:00 WARN  [main] c.a.c.p.application.PaymentRetryPolicy traceId=c82128f6-3fb4-4929-bbf7-fc97fe06368a clubId=- accountId=- : Refund reconciliation status=failed: eventId=re_dashboard_619 traceId=c82128f6-3fb4-4929-bbf7-fc97fe06368a
E8-T12 round 2 late repayment generator: 24 seeds x 24 steps; [closed, owed]
2026-10-09T20:11:56.328+02:00 WARN  [main] c.a.c.p.application.PaymentRetryPolicy traceId=29c44266-626e-4346-b492-542eb53baedb clubId=- accountId=- : Refund reconciliation status=failed: eventId=re_fake_a970187e-58b7-49a6-b433-055f73aabfbb traceId=29c44266-626e-4346-b492-542eb53baedb
2026-10-09T20:11:56.353+02:00 WARN  [main] c.a.c.p.application.PaymentRetryPolicy traceId=29c44266-626e-4346-b492-542eb53baedb clubId=- accountId=- : Refund compensation needs an admin: paymentId=inv-payment traceId=29c44266-626e-4346-b492-542eb53baedb
2026-10-09T20:11:56.373+02:00 WARN  [main] c.a.c.p.application.PaymentRetryPolicy traceId=eb25ed28-846d-47d3-9351-eea1ed0a9c39 clubId=- accountId=- : Refund reconciliation status=failed: eventId=re_fake_099ab438-1696-486b-8d25-892bd0ab380d traceId=[redacted]
2026-10-09T20:11:57.456+02:00 WARN  [main] c.a.c.p.application.CheckoutService traceId=95f7a253-8c4b-4c45-a18b-c35fec550fed clubId=- accountId=- : Late provider completion to refund: the checkout expired checkoutSessionId=a397f439-09e5-4c11-8758-c29350d9a1b8 bookingId=inv-booking providerPaymentId=pi_invariants clubId=bill-a
2026-10-09T20:11:57.575+02:00 WARN  [main] c.a.c.p.application.PaymentRetryPolicy traceId=12a0a123-8fbd-4397-b0d0-af6353613ef2 clubId= accountId= : Refund compensation needs an admin: paymentId=414a20e4-7e4f-44ff-9c88-d62ea63e97c9 traceId=12a0a123-8fbd-4397-b0d0-af6353613ef2
2026-10-09T20:11:57.576+02:00 WARN  [main] c.a.c.p.application.PaymentRetryPolicy traceId=f08ed14c-4d53-4218-8bca-6e407c58f521 clubId= accountId= : Payment operation recovery exhausted: eventId=ca0e6a87-b5ec-4e23-9391-d611f96f0b3a traceId=f08ed14c-4d53-4218-8bca-6e407c58f521
2026-10-09T20:11:58.144+02:00 WARN  [main] c.a.c.p.application.CheckoutService traceId=e68a4ec6-f1c5-414f-aab1-bcd912c92906 clubId=- accountId=- : Late provider completion to refund: the checkout expired checkoutSessionId=3bb6e3de-7b05-45e4-b5ec-b7495fd57f7d bookingId=inv-booking providerPaymentId=pi_invariants clubId=bill-a
2026-10-09T20:11:58.234+02:00 WARN  [main] c.a.c.p.application.PaymentRetryPolicy traceId=02017c36-4781-430f-b354-713bc1bd757b clubId= accountId= : Payment operation recovery exhausted: eventId=3ebf3ef2-9d57-4de6-9832-861bc6729f76 traceId=02017c36-4781-430f-b354-713bc1bd757b
2026-10-09T20:11:58.602+02:00 WARN  [main] c.a.c.p.application.CheckoutService traceId=e55390e0-fe68-4d0d-bbc2-f8c2d8ea7a8c clubId=- accountId=- : Late provider completion to refund: the checkout expired checkoutSessionId=f76ed6cc-1f51-4eb3-b78f-4f7bd4dc99ed bookingId=inv-booking providerPaymentId=pi_invariants clubId=bill-a
2026-10-09T20:11:58.697+02:00 WARN  [main] c.a.c.p.application.PaymentRetryPolicy traceId=a76fd60b-4e56-46b5-90ff-b1d365b6ae9e clubId= accountId= : Refund compensation needs an admin: paymentId=201d4548-490e-4855-b79b-7385a996f6b5 traceId=a76fd60b-4e56-46b5-90ff-b1d365b6ae9e
2026-10-09T20:11:58.699+02:00 WARN  [main] c.a.c.p.application.PaymentRetryPolicy traceId=95094942-7d66-420e-b30d-1cfcf940b28f clubId= accountId= : Payment operation recovery exhausted: eventId=27ea1ab9-3232-4303-b9a1-1a69be388c0d traceId=95094942-7d66-420e-b30d-1cfcf940b28f
2026-10-09T20:11:59.270+02:00 WARN  [main] c.a.c.p.application.CheckoutService traceId=297080a2-1bef-4c7a-9b1f-28a7a62bcb37 clubId=- accountId=- : Late provider completion to refund: the checkout expired checkoutSessionId=551be0df-d534-4cf5-8be1-a85cff781ede bookingId=inv-booking providerPaymentId=pi_invariants clubId=bill-a
2026-10-09T20:11:59.363+02:00 WARN  [main] c.a.c.p.application.PaymentRetryPolicy traceId=f7a12c96-ddf2-479b-bfa1-2e7fee1d919c clubId= accountId= : Payment operation recovery exhausted: eventId=7376ea75-[redacted]=f7a12c96-ddf2-479b-bfa1-2e7fee1d919c
2026-10-09T20:11:59.851+02:00 WARN  [main] c.a.c.p.application.CheckoutService traceId=d25602db-2172-4734-af9d-ae23dcab237e clubId=- accountId=- : Late provider completion to refund: the checkout expired checkoutSessionId=3476bcf0-5749-44e7-8dbd-54b8471df15b bookingId=null providerPaymentId=pi_invariants clubId=bill-a
2026-10-09T20:11:59.967+02:00 WARN  [main] c.a.c.p.application.PaymentRetryPolicy traceId=84294be5-f1ef-494f-ac62-a7325c10d4e9 clubId= accountId= : Refund compensation needs an admin: paymentId=[redacted] traceId=84294be5-f1ef-494f-[redacted]
2026-10-09T20:11:59.968+02:00 WARN  [main] c.a.c.p.application.PaymentRetryPolicy traceId=f518d3f3-63c7-47f0-9e2a-6a6b098e47dd clubId= accountId= : Payment operation recovery exhausted: eventId=36357158-32eb-464d-a43e-04ae66cd2aa1 traceId=f518d3f3-63c7-47f0-9e2a-6a6b098e47dd
2026-10-09T20:12:00.801+02:00 WARN  [main] c.a.c.p.application.CheckoutService traceId=e65a4099-d82e-4cc9-abc5-18016b550ae9 clubId=- accountId=- : Late provider completion to refund: the checkout expired checkoutSessionId=89ee3690-ebba-4856-b937-e3c58a0c06f8 bookingId=null providerPaymentId=pi_invariants clubId=bill-a
2026-10-09T20:12:00.944+02:00 WARN  [main] c.a.c.p.application.PaymentRetryPolicy traceId=c6c33942-06d5-4e92-ba78-c4d0e60401a0 clubId= accountId= : Payment operation recovery exhausted: eventId=5d88ca5a-935e-4089-8e3b-e297eab33d2b traceId=c6c33942-06d5-4e92-[redacted]
2026-10-09T20:12:02.796+02:00 WARN  [main] c.a.c.p.application.PaymentRetryPolicy traceId=47a1cc94-d7bf-4285-be4d-d3a7b6388483 clubId= accountId= : Refund reconciliation status=failed: eventId=re_fake_c0cc3026-34a5-4b97-96f0-cbae0ffadb57 traceId=47a1cc94-d7bf-4285-be4d-d3a7b6388483
2026-10-09T20:12:03.385+02:00 WARN  [main] c.a.c.p.application.PaymentRetryPolicy traceId=59ae4eb1-64bb-4213-9a29-4da0be30eecb clubId= accountId= : Refund compensation needs an admin: paymentId=inv-payment traceId=59ae4eb1-64bb-4213-9a29-4da0be30eecb
2026-10-09T20:12:04.279+02:00 WARN  [main] c.a.c.p.application.PaymentRetryPolicy traceId=209f2590-5fd5-4989-894d-156c27a6f555 clubId=- accountId=- : Refund reconciliation status=failed: eventId=re_fake_e7cc196d-ef9b-4fd2-a14a-2042e8ec3d23 traceId=209f2590-5fd5-4989-894d-156c27a6f555
2026-10-09T20:12:04.311+02:00 WARN  [main] c.a.c.p.application.PaymentRetryPolicy traceId=f09a29b5-68ab-402f-a391-5254ad7e864f clubId=- accountId=- : Refund reconciliation status=failed: eventId=re_dashboard_15 traceId=f09a29b5-68ab-402f-a391-5254ad7e864f
2026-10-09T20:12:04.425+02:00 WARN  [main] c.a.c.p.application.PaymentRetryPolicy traceId=44cd5fb2-9aad-49e7-8bcb-0fabc72c6fae clubId=- accountId=- : Refund reconciliation status=failed: eventId=re_fake_d7a864aa-958f-4ef7-8821-81462ada9388 traceId=44cd5fb2-9aad-49e7-8bcb-0fabc72c6fae
2026-10-09T20:12:04.448+02:00 WARN  [main] c.a.c.p.application.PaymentRetryPolicy traceId=44cd5fb2-9aad-49e7-8bcb-0fabc72c6fae clubId=- accountId=- : Refund compensation needs an admin: paymentId=inv-payment traceId=44cd5fb2-9aad-49e7-8bcb-0fabc72c6fae
2026-10-09T20:12:04.784+02:00 WARN  [main] c.a.c.p.application.PaymentRetryPolicy traceId=9eb6db94-ec29-4103-b0ba-a7329d971771 clubId=- accountId=- : Refund reconciliation status=failed: eventId=re_fake_e34c12b0-1c42-48dd-[redacted]=9eb6db94-[redacted]
2026-10-09T20:12:04.800+02:00 WARN  [main] c.a.c.p.application.PaymentRetryPolicy traceId=9eb6db94-ec29-4103-b0ba-a7329d971771 clubId=- accountId=- : Refund compensation needs an admin: paymentId=inv-payment traceId=9eb6db94-[redacted]
2026-10-09T20:12:05.687+02:00 WARN  [main] c.a.c.p.application.PaymentRetryPolicy traceId=2a712d23-7959-4116-867c-f9fbd771510d clubId= accountId= : Refund reconciliation status=failed: eventId=re_dashboard_30 traceId=2a712d23-7959-4116-867c-f9fbd771510d
2026-10-09T20:12:05.997+02:00 WARN  [main] c.a.c.p.application.PaymentRetryPolicy traceId=49de2e4f-96ad-4327-857a-0f57360f5157 clubId=- accountId=- : Refund reconciliation status=failed: eventId=re_fake_93f19596-e5f4-477e-b6a0-[redacted]=49de2e4f-96ad-4327-857a-0f57360f5157
2026-10-09T20:12:06.018+02:00 WARN  [main] c.a.c.p.application.PaymentRetryPolicy traceId=49de2e4f-96ad-4327-857a-0f57360f5157 clubId=- accountId=- : Refund compensation needs an admin: paymentId=inv-payment traceId=49de2e4f-96ad-4327-857a-0f57360f5157
2026-10-09T20:12:07.844+02:00 WARN  [main] c.a.c.p.application.PaymentRetryPolicy traceId=72d5fd80-5473-479f-95cc-cad3558097d8 clubId= accountId= : Payment operation recovery exhausted: eventId=a733c935-138c-42a0-b9b7-98ae3400acbf traceId=72d5fd80-5473-479f-95cc-cad3558097d8
2026-10-09T20:12:07.961+02:00 WARN  [main] c.a.c.p.application.PaymentRetryPolicy traceId=90720a09-3f5e-4559-a4f7-38fac332285a clubId= accountId= : Refund reconciliation status=failed: eventId=re_dashboard_49 traceId=90720a09-3f5e-4559-a4f7-38fac332285a
2026-10-09T20:12:08.106+02:00 WARN  [main] c.a.c.p.application.PaymentRetryPolicy traceId=4767741f-8b29-4c81-a6ed-ddc0ff706012 clubId= accountId= : Payment operation recovery exhausted: eventId=f8346d15-[redacted]=4767741f-8b29-4c81-a6ed-ddc0ff706012
2026-10-09T20:12:08.254+02:00 WARN  [main] c.a.c.p.application.PaymentRetryPolicy traceId=bce7375c-ceff-4732-b1be-3be242e06e5f clubId=- accountId=- : Refund reconciliation status=failed: eventId=re_generated_pending traceId=bce7375c-ceff-4732-b1be-3be242e06e5f
2026-10-09T20:12:08.275+02:00 WARN  [main] c.a.c.p.application.PaymentRetryPolicy traceId=bce7375c-ceff-4732-b1be-3be242e06e5f clubId=- accountId=- : Refund compensation needs an admin: paymentId=inv-payment traceId=bce7375c-ceff-4732-b1be-3be242e06e5f
2026-10-09T20:12:09.146+02:00 WARN  [main] c.a.c.p.application.PaymentRetryPolicy traceId=c4beafaf-9fd2-4923-8acf-a6c12f965be9 clubId=- accountId=- : Refund reconciliation status=failed: eventId=re_fake_0e94d289-ea0b-425e-8d2d-d750a9de81d3 traceId=c4beafaf-9fd2-4923-8acf-a6c12f965be9
2026-10-09T20:12:09.466+02:00 WARN  [main] c.a.c.p.application.PaymentRetryPolicy traceId=2b8f94a6-0d33-4189-9ae6-6ce14ba61fa8 clubId= accountId= : Payment operation recovery exhausted: eventId=d66b83e4-3e01-4f14-b27a-465e0cce9887 traceId=2b8f94a6-0d33-4189-9ae6-6ce14ba61fa8
2026-10-09T20:12:10.017+02:00 WARN  [main] c.a.c.p.application.PaymentRetryPolicy traceId=958f4d49-73fa-4c9c-bad1-530d6cb25ff8 clubId=- accountId=- : Refund compensation needs an admin: paymentId=inv-payment traceId=958f4d49-73fa-4c9c-bad1-530d6cb25ff8
2026-10-09T20:12:10.098+02:00 WARN  [main] c.a.c.p.application.PaymentRetryPolicy traceId=040c2d7e-2435-4f4f-856f-b6a7b893f216 clubId= accountId= : Payment operation recovery exhausted: eventId=bef6627a-7380-4ac5-a2af-9e9b7b6041a2 traceId=040c2d7e-2435-4f4f-856f-b6a7b893f216
2026-10-09T20:12:10.327+02:00 WARN  [main] c.a.c.p.application.PaymentRetryPolicy traceId=715a1ebb-6be2-4e5f-a4ed-ba3cafdb69ed clubId= accountId= : Payment operation recovery exhausted: eventId=1aa5a7e8-10f0-413d-9f91-073c0c6203f2 traceId=715a1ebb-6be2-4e5f-a4ed-ba3cafdb69ed
2026-10-09T20:12:10.480+02:00 WARN  [main] c.a.c.p.application.PaymentRetryPolicy traceId=d2fa999d-a638-42ab-8de7-00e0f8dc4d2d clubId= accountId= : Payment operation recovery exhausted: eventId=aec2f6cf-12d4-4f12-b74f-81e2e1c8b1a4 traceId=d2fa999d-a638-42ab-8de7-00e0f8dc4d2d
2026-10-09T20:12:11.205+02:00 WARN  [main] c.a.c.p.application.PaymentRetryPolicy traceId=891dfb37-32ac-47e8-9392-b8b266ca45fc clubId=- accountId=- : Refund reconciliation status=failed: eventId=re_fake_c8814864-27b2-4323-[redacted]=891dfb37-32ac-47e8-9392-b8b266ca45fc
2026-10-09T20:12:11.901+02:00 WARN  [main] c.a.c.p.application.PaymentRetryPolicy traceId=f1ff19b4-4954-4232-ab79-0e3486325c21 clubId= accountId= : Payment operation recovery exhausted: eventId=bfff96b5-4643-4d3e-a075-2846694ffdbb traceId=f1ff19b4-4954-4232-[redacted]
2026-10-09T20:12:12.212+02:00 WARN  [main] c.a.c.p.application.PaymentRetryPolicy traceId=206a8670-8e2a-4e3c-8e85-183894ad5b12 clubId= accountId= : Refund reconciliation status=canceled: eventId=re_fake_c4514742-6541-42df-9fbf-b7ff8348f35b traceId=206a8670-8e2a-4e3c-8e85-183894ad5b12
2026-10-09T20:12:12.421+02:00 WARN  [main] c.a.c.p.application.PaymentRetryPolicy traceId=1651b046-d76b-4384-9307-576e5b40f0c1 clubId=- accountId=- : Refund reconciliation status=canceled: eventId=re_fake_2f0151d5-6ef4-48cb-bd7d-b16e16f3a62e traceId=1651b046-d76b-4384-9307-576e5b40f0c1
2026-10-09T20:12:12.449+02:00 WARN  [main] c.a.c.p.application.PaymentRetryPolicy traceId=1651b046-d76b-4384-9307-576e5b40f0c1 clubId=- accountId=- : Refund compensation needs an admin: paymentId=inv-payment traceId=1651b046-d76b-4384-9307-576e5b40f0c1
2026-10-09T20:12:13.179+02:00 WARN  [main] c.a.c.p.application.PaymentRetryPolicy traceId=da5957e0-d763-42a9-b9b2-8ae1f2be6cd2 clubId=- accountId=- : Refund reconciliation status=failed: eventId=re_fake_15894414-4b57-484e-88ed-71a306471f38 traceId=[redacted]
2026-10-09T20:12:13.206+02:00 WARN  [main] c.a.c.p.application.PaymentRetryPolicy traceId=da5957e0-d763-42a9-b9b2-8ae1f2be6cd2 clubId=- accountId=- : Refund compensation needs an admin: paymentId=inv-payment traceId=[redacted]
2026-10-09T20:12:13.731+02:00 WARN  [main] c.a.c.p.application.PaymentRetryPolicy traceId=73f3360a-953f-43b0-b83c-0186b572f23f clubId=- accountId=- : Refund reconciliation status=failed: eventId=re_fake_b2477014-0075-4c0b-b998-[redacted]=73f3360a-953f-43b0-b83c-0186b572f23f
2026-10-09T20:12:14.242+02:00 WARN  [main] c.a.c.p.application.PaymentRetryPolicy traceId=eeb1a30c-829d-454c-8e0a-a23e9f20c698 clubId=- accountId=- : Refund reconciliation status=failed: eventId=re_fake_44561312-1846-492c-8073-f9774b91966f traceId=eeb1a30c-829d-454c-8e0a-a23e9f20c698
2026-10-09T20:12:14.447+02:00 WARN  [main] c.a.c.p.application.PaymentRetryPolicy traceId=6d0cae80-e5cf-41af-b5a8-abd9d49fd72e clubId= accountId= : Refund reconciliation status=failed: eventId=re_fake_c4cee4c2-173b-4522-ba9d-0a3b451b1a07 traceId=6d0cae80-e5cf-41af-b5a8-abd9d49fd72e
2026-10-09T20:12:14.470+02:00 WARN  [main] c.a.c.p.application.PaymentRetryPolicy traceId=d6fa735f-7ae0-42cd-a772-e30941f8baaa clubId= accountId= : Refund compensation needs an admin: paymentId=inv-payment traceId=d6fa735f-7ae0-42cd-a772-e30941f8baaa
2026-10-09T20:12:14.699+02:00 WARN  [main] c.a.c.p.application.PaymentRetryPolicy traceId=f2703f81-4f0f-4759-b162-12dafe5a34cd clubId=- accountId=- : Refund reconciliation status=failed: eventId=re_dashboard_111 traceId=f2703f81-4f0f-4759-b162-12dafe5a34cd
2026-10-09T20:12:14.992+02:00 WARN  [main] c.a.c.p.application.PaymentRetryPolicy traceId=ad16058c-533d-4866-88ec-01479353a2c8 clubId=- accountId=- : Refund reconciliation status=failed: eventId=re_fake_29672cb5-13dc-489b-8482-3359319ce2e9 traceId=[redacted]
2026-10-09T20:12:15.842+02:00 WARN  [main] c.a.c.p.application.PaymentRetryPolicy traceId=108a6bd2-10e7-40df-9be0-46e5f178e5b5 clubId=- accountId=- : Refund reconciliation status=failed: eventId=re_generated_pending traceId=108a6bd2-10e7-40df-9be0-46e5f178e5b5
2026-10-09T20:12:15.867+02:00 WARN  [main] c.a.c.p.application.PaymentRetryPolicy traceId=108a6bd2-10e7-40df-9be0-46e5f178e5b5 clubId=- accountId=- : Refund compensation needs an admin: paymentId=inv-payment traceId=108a6bd2-10e7-40df-9be0-46e5f178e5b5
2026-10-09T20:12:17.142+02:00 WARN  [main] c.a.c.p.application.PaymentRetryPolicy traceId=6de41c1b-b480-498c-a360-6d02fb485a5d clubId= accountId= : Refund reconciliation status=failed: eventId=re_dashboard_130 traceId=6de41c1b-b480-498c-a360-6d02fb485a5d
2026-10-09T20:12:17.759+02:00 WARN  [main] c.a.c.p.application.PaymentRetryPolicy traceId=9b459b8e-5a61-42a1-850e-bf17b624534d clubId= accountId= : Refund reconciliation status=failed: eventId=re_fake_9d37e647-b469-47cd-bdf9-a0eee017ddc8 traceId=9b459b8e-5a61-42a1-850e-bf17b624534d
2026-10-09T20:12:17.788+02:00 WARN  [main] c.a.c.p.application.PaymentRetryPolicy traceId=dc327fb7-ee0b-4c3c-ba7a-90820de21de5 clubId= accountId= : Refund reconciliation status=failed: eventId=re_fake_57dc9573-[redacted]=[redacted]
2026-10-09T20:12:18.161+02:00 WARN  [main] c.a.c.p.application.PaymentRetryPolicy traceId=4dc21a8b-5339-4b39-9456-38477d41f7e3 clubId=- accountId=- : Refund reconciliation status=canceled: eventId=re_fake_9a870aef-8549-4fce-8d97-61ef8bace095 traceId=4dc21a8b-5339-4b39-9456-38477d41f7e3
2026-10-09T20:12:18.453+02:00 WARN  [main] c.a.c.p.application.PaymentRetryPolicy traceId=a276d5af-d48e-40d2-9fe2-3a130c89c1da clubId=- accountId=- : Refund reconciliation status=failed: eventId=re_fake_dc2c9116-[redacted]=a276d5af-d48e-40d2-9fe2-3a130c89c1da
2026-10-09T20:12:18.470+02:00 WARN  [main] c.a.c.p.application.PaymentRetryPolicy traceId=a276d5af-d48e-40d2-9fe2-3a130c89c1da clubId=- accountId=- : Refund compensation needs an admin: paymentId=inv-payment traceId=a276d5af-d48e-40d2-9fe2-3a130c89c1da
2026-10-09T20:12:18.791+02:00 WARN  [main] c.a.c.p.application.PaymentRetryPolicy traceId=77419170-3cd0-4f08-afdd-a8e7484fa33b clubId= accountId= : Payment operation recovery exhausted: eventId=20ab005d-fc0d-4018-8a78-05f4fa437064 traceId=77419170-3cd0-4f08-afdd-a8e7484fa33b
2026-10-09T20:12:20.537+02:00 WARN  [main] c.a.c.p.application.PaymentRetryPolicy traceId=8a3c129e-3860-4d60-b4e9-640095d53f9c clubId=- accountId=- : Refund reconciliation status=failed: eventId=re_fake_6fdb0dd1-1105-451f-9229-93c70e8299b4 traceId=8a3c129e-3860-4d60-b4e9-640095d53f9c
2026-10-09T20:12:21.434+02:00 WARN  [main] c.a.c.p.application.PaymentRetryPolicy traceId=0d110327-9e48-4db0-9e20-e907d52b3df6 clubId=- accountId=- : Refund reconciliation status=failed: eventId=re_fake_1f83c550-558c-4910-b47e-6372b7ac3f1f traceId=0d110327-9e48-4db0-9e20-e907d52b3df6
2026-10-09T20:12:22.561+02:00 WARN  [main] c.a.c.p.application.PaymentRetryPolicy traceId=bdf3106c-a058-4429-9edc-3ee4e4fd8bb2 clubId= accountId= : Payment operation recovery exhausted: eventId=42c7cbad-1862-497d-a025-eaf17f34f2d2 traceId=bdf3106c-a058-4429-9edc-3ee4e4fd8bb2
2026-10-09T20:12:22.861+02:00 WARN  [main] c.a.c.p.application.PaymentRetryPolicy traceId=4d7aaef1-e277-4300-a472-1dfa62e1f49c clubId=- accountId=- : Refund reconciliation status=failed: eventId=re_generated_pending traceId=4d7aaef1-e277-4300-a472-1dfa62e1f49c
2026-10-09T20:12:22.878+02:00 WARN  [main] c.a.c.p.application.PaymentRetryPolicy traceId=4d7aaef1-e277-4300-a472-1dfa62e1f49c clubId=- accountId=- : Refund compensation needs an admin: paymentId=inv-payment traceId=4d7aaef1-e277-4300-a472-1dfa62e1f49c
2026-10-09T20:12:23.218+02:00 WARN  [main] c.a.c.p.application.PaymentRetryPolicy traceId=f7d892f2-7e32-463a-ab95-b7b8048afe7e clubId=- accountId=- : Refund reconciliation status=failed: eventId=re_dashboard_189 traceId=f7d892f2-7e32-463a-[redacted]
2026-10-09T20:12:23.494+02:00 WARN  [main] c.a.c.p.application.PaymentRetryPolicy traceId=b9a409fa-545f-435d-a0f3-7872d98ff8f1 clubId= accountId= : Payment operation recovery exhausted: eventId=deae5b09-c652-4bd9-84a5-e5654e072330 traceId=b9a409fa-545f-435d-a0f3-7872d98ff8f1
2026-10-09T20:12:24.028+02:00 WARN  [main] c.a.c.p.application.PaymentRetryPolicy traceId=9c28c466-32e4-4d3c-a29e-c96d8f6fbdc1 clubId= accountId= : Refund reconciliation status=failed: eventId=re_fake_f49636ec-[redacted]=9c28c466-32e4-4d3c-a29e-c96d8f6fbdc1
2026-10-09T20:12:24.434+02:00 WARN  [main] c.a.c.p.application.PaymentRetryPolicy traceId=99c31dca-2015-4c25-a241-4e0d6d3ba4b4 clubId=- accountId=- : Refund reconciliation status=canceled: eventId=re_fake_c20955c8-2005-433a-bad4-3de7ccf0f3bc traceId=99c31dca-2015-4c25-a241-4e0d6d3ba4b4
2026-10-09T20:12:24.455+02:00 WARN  [main] c.a.c.p.application.PaymentRetryPolicy traceId=99c31dca-2015-4c25-a241-4e0d6d3ba4b4 clubId=- accountId=- : Refund compensation needs an admin: paymentId=inv-payment traceId=99c31dca-2015-4c25-a241-4e0d6d3ba4b4
2026-10-09T20:12:25.085+02:00 WARN  [main] c.a.c.p.application.PaymentRetryPolicy traceId=38ef0e30-d2a3-497c-a9e6-0c3de7b32324 clubId=- accountId=- : Refund reconciliation status=failed: eventId=re_dashboard_208 traceId=38ef0e30-d2a3-497c-a9e6-0c3de7b32324
2026-10-09T20:12:25.722+02:00 WARN  [main] c.a.c.p.application.PaymentRetryPolicy traceId=622c52ae-4856-46fa-b2b5-8e9e4a306db6 clubId= accountId= : Refund reconciliation status=failed: eventId=re_fake_6c1684b7-c36b-4aad-83c1-64d0db795eab traceId=622c52ae-4856-46fa-b2b5-8e9e4a306db6
2026-10-09T20:12:25.742+02:00 WARN  [main] c.a.c.p.application.PaymentRetryPolicy traceId=61467100-c4c0-4676-a49c-1856fc5e4954 clubId= accountId= : Refund compensation needs an admin: paymentId=inv-payment traceId=61467100-c4c0-4676-a49c-1856fc5e4954
2026-10-09T20:12:26.228+02:00 WARN  [main] c.a.c.p.application.PaymentRetryPolicy traceId=1415441d-d123-4f3c-9ffa-4e72a9f10ddf clubId= accountId= : Refund reconciliation status=failed: eventId=re_fake_aa2b6659-1d0e-4060-8494-aaa76962d3d6 traceId=1415441d-d123-4f3c-9ffa-4e72a9f10ddf
2026-10-09T20:12:27.240+02:00 WARN  [main] c.a.c.p.application.PaymentRetryPolicy traceId=a834c8d2-86d3-4d28-9f0e-6d13640c338f clubId=- accountId=- : Refund reconciliation status=failed: eventId=re_fake_e91c5002-c282-4cb3-909f-9c7cb15900ac traceId=a834c8d2-86d3-4d28-9f0e-6d13640c338f
2026-10-09T20:12:27.630+02:00 WARN  [main] c.a.c.p.application.PaymentRetryPolicy traceId=02703ecf-2fd1-4bf8-8d23-0b8a468035e5 clubId= accountId= : Payment operation recovery exhausted: eventId=f7813ec8-cce8-4ee4-9474-65527222b825 traceId=02703ecf-2fd1-4bf8-8d23-0b8a468035e5
2026-10-09T20:12:28.302+02:00 WARN  [main] c.a.c.p.application.PaymentRetryPolicy traceId=a07f08ae-6f57-43c8-9b67-4b247dd397aa clubId=- accountId=- : Refund reconciliation status=failed: eventId=re_fake_e67f2605-4931-4098-a856-a583124171b3 traceId=a07f08ae-6f57-43c8-9b67-4b247dd397aa
2026-10-09T20:12:28.322+02:00 WARN  [main] c.a.c.p.application.PaymentRetryPolicy traceId=a07f08ae-6f57-43c8-9b67-4b247dd397aa clubId=- accountId=- : Refund compensation needs an admin: paymentId=inv-payment traceId=a07f08ae-6f57-43c8-9b67-4b247dd397aa
2026-10-09T20:12:28.782+02:00 WARN  [main] c.a.c.p.application.PaymentRetryPolicy traceId=7c18de69-ce71-47f1-bb98-7717ded1408b clubId= accountId= : Refund reconciliation status=failed: eventId=re_fake_b0b6627d-3358-45d0-9047-6b98bf52b163 traceId=7c18de69-[redacted]
2026-10-09T20:12:29.672+02:00 WARN  [main] c.a.c.p.application.PaymentRetryPolicy traceId=b732c24a-243c-45d4-99f9-cff3ca42697b clubId=- accountId=- : Refund reconciliation status=failed: eventId=re_fake_4a5a442d-913a-436d-a9fc-ee9ef0792c6a traceId=b732c24a-243c-45d4-99f9-cff3ca42697b
2026-10-09T20:12:29.694+02:00 WARN  [main] c.a.c.p.application.PaymentRetryPolicy traceId=b732c24a-243c-45d4-99f9-cff3ca42697b clubId=- accountId=- : Refund compensation needs an admin: paymentId=inv-payment traceId=b732c24a-243c-45d4-99f9-cff3ca42697b
2026-10-09T20:12:29.727+02:00 WARN  [main] c.a.c.p.application.PaymentRetryPolicy traceId=d2d9a3d2-1f1b-4d41-a8f0-2159b162d254 clubId= accountId= : Refund reconciliation status=failed: eventId=re_dashboard_249 traceId=d2d9a3d2-1f1b-4d41-a8f0-2159b162d254
2026-10-09T20:12:30.634+02:00 WARN  [main] c.a.c.p.application.PaymentRetryPolicy traceId=2cbf0780-4f2a-4221-bc61-fc7005c0148f clubId= accountId= : Refund reconciliation status=failed: eventId=re_generated_pending traceId=2cbf0780-4f2a-4221-[redacted]
2026-10-09T20:12:30.656+02:00 WARN  [main] c.a.c.p.application.PaymentRetryPolicy traceId=54783dd8-bf3c-484b-8aaf-5146ca108a57 clubId= accountId= : Refund compensation needs an admin: paymentId=inv-payment traceId=54783dd8-bf3c-484b-8aaf-5146ca108a57
2026-10-09T20:12:31.507+02:00 WARN  [main] c.a.c.p.application.PaymentRetryPolicy traceId=04c46955-ae65-4ee4-b369-efceb6b3d5ee clubId=- accountId=- : Refund reconciliation status=failed: eventId=re_dashboard_265 traceId=04c46955-[redacted]
2026-10-09T20:12:31.683+02:00 WARN  [main] c.a.c.p.application.PaymentRetryPolicy traceId=b7113253-5fe7-40d2-b65d-bae0688ecc91 clubId=- accountId=- : Refund reconciliation status=failed: eventId=re_fake_0cfa13ac-c972-4f7e-a085-d027b9a250e2 traceId=b7113253-5fe7-40d2-b65d-bae0688ecc91
2026-10-09T20:12:31.711+02:00 WARN  [main] c.a.c.p.application.PaymentRetryPolicy traceId=b7113253-5fe7-40d2-b65d-bae0688ecc91 clubId=- accountId=- : Refund compensation needs an admin: paymentId=inv-payment traceId=b7113253-5fe7-40d2-b65d-bae0688ecc91
2026-10-09T20:12:33.228+02:00 WARN  [main] c.a.c.p.application.PaymentRetryPolicy traceId=8d6b7aff-e187-4e6f-a9d3-cdd75a1f0610 clubId=- accountId=- : Refund reconciliation status=canceled: eventId=re_dashboard_278 traceId=8d6b7aff-e187-4e6f-a9d3-cdd75a1f0610
2026-10-09T20:12:33.252+02:00 WARN  [main] c.a.c.p.application.PaymentRetryPolicy traceId=8d6b7aff-e187-4e6f-a9d3-cdd75a1f0610 clubId=- accountId=- : Refund compensation needs an admin: paymentId=inv-payment traceId=8d6b7aff-e187-4e6f-a9d3-cdd75a1f0610
2026-10-09T20:12:33.987+02:00 WARN  [main] c.a.c.p.application.PaymentRetryPolicy traceId=145127be-b578-44d2-9785-3cdb65e84e50 clubId= accountId= : Refund reconciliation status=failed: eventId=re_dashboard_285 traceId=145127be-b578-44d2-9785-3cdb65e84e50
2026-10-09T20:12:34.274+02:00 WARN  [main] c.a.c.p.application.PaymentRetryPolicy traceId=370c97aa-9ffc-41a1-a5c9-73bd557c7f60 clubId=- accountId=- : Refund reconciliation status=failed: eventId=re_fake_cf540b83-79ab-4185-8f47-aed9a11f4ebf traceId=370c97aa-9ffc-41a1-a5c9-73bd557c7f60
2026-10-09T20:12:34.819+02:00 WARN  [main] c.a.c.p.application.PaymentRetryPolicy traceId=5a721a6a-b9a8-4f48-bc8f-bd51cc7289a5 clubId=- accountId=- : Refund reconciliation status=failed: eventId=re_fake_37c15599-d7df-4f1e-ac5a-2722ef48565a traceId=5a721a6a-b9a8-4f48-bc8f-bd51cc7289a5
2026-10-09T20:12:35.668+02:00 WARN  [main] c.a.c.p.application.PaymentRetryPolicy traceId=d5fec8bf-f50c-44f5-a083-2bc334bf7c8c clubId=- accountId=- : Refund reconciliation status=canceled: eventId=re_dashboard_300 traceId=d5fec8bf-f50c-44f5-a083-2bc334bf7c8c
2026-10-09T20:12:36.369+02:00 WARN  [main] c.a.c.p.application.PaymentRetryPolicy traceId=c38c76a7-8ecb-4509-a51d-fe3545f2c7a0 clubId= accountId= : Payment operation recovery exhausted: eventId=a5f518a6-c2f9-4674-a245-55307e6084d3 traceId=c38c76a7-8ecb-4509-a51d-fe3545f2c7a0
2026-10-09T20:12:36.411+02:00 WARN  [main] c.a.c.p.application.PaymentRetryPolicy traceId=e8d7afc9-ecb9-444a-b7fb-b2b4b97314a4 clubId= accountId= : Payment operation recovery exhausted: eventId=0ca35e99-e7c9-4690-9f7b-c5ad29575c95 traceId=e8d7afc9-ecb9-444a-b7fb-b2b4b97314a4
2026-10-09T20:12:36.452+02:00 WARN  [main] c.a.c.p.application.PaymentRetryPolicy traceId=585a4e71-05d1-49c2-989d-fa35fc4d44da clubId= accountId= : Payment operation recovery exhausted: eventId=0fc2819c-e623-4131-9304-3273598ac086 traceId=585a4e71-05d1-49c2-989d-fa35fc4d44da
2026-10-09T20:12:36.781+02:00 WARN  [main] c.a.c.p.application.PaymentRetryPolicy traceId=7c2320f0-c96d-433b-8d32-08b625b3ec27 clubId=- accountId=- : Refund reconciliation status=failed: eventId=re_fake_03048cfd-272b-4bd1-b7a3-137f126900e7 traceId=7c2320f0-c96d-433b-8d32-08b625b3ec27
2026-10-09T20:12:36.804+02:00 WARN  [main] c.a.c.p.application.PaymentRetryPolicy traceId=7c2320f0-c96d-433b-8d32-08b625b3ec27 clubId=- accountId=- : Refund compensation needs an admin: paymentId=inv-payment traceId=7c2320f0-c96d-433b-8d32-08b625b3ec27
2026-10-09T20:12:37.552+02:00 WARN  [main] c.a.c.p.application.PaymentRetryPolicy traceId=600efee5-424e-48b7-b095-c13f2116ef46 clubId=- accountId=- : Refund reconciliation status=canceled: eventId=re_dashboard_310 traceId=600efee5-424e-48b7-b095-c13f2116ef46
2026-10-09T20:12:37.726+02:00 WARN  [main] c.a.c.p.application.PaymentRetryPolicy traceId=40e750e0-1666-48b1-9c76-f85610455e8e clubId= accountId= : Payment operation recovery exhausted: eventId=759a014b-9d83-48dc-[redacted]=40e750e0-1666-48b1-9c76-f85610455e8e
2026-10-09T20:12:37.771+02:00 WARN  [main] c.a.c.p.application.PaymentRetryPolicy traceId=301e3004-8f62-45ca-893e-37c63ab5a7ca clubId= accountId= : Payment operation recovery exhausted: eventId=f4bbf300-3704-4dec-a5e9-60575a69db12 traceId=301e3004-8f62-45ca-893e-37c63ab5a7ca
2026-10-09T20:12:38.284+02:00 WARN  [main] c.a.c.p.application.PaymentRetryPolicy traceId=7cb75a3e-0d27-47d4-ae74-d4958e71d741 clubId=- accountId=- : Refund reconciliation status=failed: eventId=re_fake_55533ba7-59aa-4636-bcf2-aec87832c787 traceId=7cb75a3e-0d27-47d4-[redacted]
2026-10-09T20:12:38.306+02:00 WARN  [main] c.a.c.p.application.PaymentRetryPolicy traceId=7cb75a3e-0d27-47d4-ae74-d4958e71d741 clubId=- accountId=- : Refund compensation needs an admin: paymentId=inv-payment traceId=7cb75a3e-0d27-47d4-[redacted]
2026-10-09T20:12:38.953+02:00 WARN  [main] c.a.c.p.application.PaymentRetryPolicy traceId=f87f7947-2452-4da2-82b7-c2dc00e57378 clubId=- accountId=- : Refund reconciliation status=canceled: eventId=re_fake_cd66b181-8ff1-44a3-b56d-c2c67272d96f traceId=f87f7947-2452-4da2-82b7-c2dc00e57378
2026-10-09T20:12:39.307+02:00 WARN  [main] c.a.c.p.application.PaymentRetryPolicy traceId=3d26c1bf-b966-4b1c-88b8-eba38fbebd11 clubId=- accountId=- : Refund reconciliation status=canceled: eventId=re_fake_e9f88a36-b93e-40c1-86ec-e07d676c904c traceId=3d26c1bf-b966-4b1c-88b8-eba38fbebd11
2026-10-09T20:12:39.331+02:00 WARN  [main] c.a.c.p.application.PaymentRetryPolicy traceId=3d26c1bf-b966-4b1c-88b8-eba38fbebd11 clubId=- accountId=- : Refund compensation needs an admin: paymentId=inv-payment traceId=3d26c1bf-b966-4b1c-88b8-eba38fbebd11
2026-10-09T20:12:39.545+02:00 WARN  [main] c.a.c.p.application.PaymentRetryPolicy traceId=0c6ab370-3e18-4417-b1d9-7826fe8f49a5 clubId= accountId= : Refund reconciliation status=failed: eventId=re_fake_24cbc988-0e34-4e49-b966-0358701db20d traceId=0c6ab370-3e18-4417-b1d9-7826fe8f49a5
2026-10-09T20:12:39.736+02:00 WARN  [main] c.a.c.p.application.PaymentRetryPolicy traceId=f3410d6b-aa61-4577-bce1-325465d1d919 clubId=- accountId=- : Refund reconciliation status=failed: eventId=re_generated_pending traceId=f3410d6b-[redacted]
2026-10-09T20:12:39.757+02:00 WARN  [main] c.a.c.p.application.PaymentRetryPolicy traceId=f3410d6b-aa61-4577-bce1-325465d1d919 clubId=- accountId=- : Refund compensation needs an admin: paymentId=inv-payment traceId=f3410d6b-[redacted]
2026-10-09T20:12:40.398+02:00 WARN  [main] c.a.c.p.application.PaymentRetryPolicy traceId=7069e2b4-ce3c-4ce8-ad97-a4b876943f8b clubId= accountId= : Refund reconciliation status=canceled: eventId=re_dashboard_334 traceId=7069e2b4-ce3c-4ce8-[redacted]
2026-10-09T20:12:40.768+02:00 WARN  [main] c.a.c.p.application.PaymentRetryPolicy traceId=5873e3cd-8252-41f0-9634-b9d160c9cb1e clubId= accountId= : Payment operation recovery exhausted: eventId=a00d17ee-f7ad-4d56-a99b-27f187498718 traceId=5873e3cd-8252-41f0-9634-b9d160c9cb1e
2026-10-09T20:12:41.320+02:00 WARN  [main] c.a.c.p.application.PaymentRetryPolicy traceId=6e659aee-ed86-4cee-989d-f692b84b9485 clubId=- accountId=- : Refund reconciliation status=canceled: eventId=re_fake_ef5a1582-5910-4549-ac3c-bad2af9226ad traceId=6e659aee-[redacted]
2026-10-09T20:12:41.341+02:00 WARN  [main] c.a.c.p.application.PaymentRetryPolicy traceId=6e659aee-ed86-4cee-989d-f692b84b9485 clubId=- accountId=- : Refund compensation needs an admin: paymentId=inv-payment traceId=6e659aee-[redacted]
2026-10-09T20:12:42.811+02:00 WARN  [main] c.a.c.p.application.PaymentRetryPolicy traceId=974f415f-50af-4a1b-ad4e-36532cd094dd clubId=- accountId=- : Refund reconciliation status=failed: eventId=re_fake_e277cb5e-c07f-4c9a-b227-3f29c3b6ae8a traceId=974f415f-50af-4a1b-ad4e-36532cd094dd
2026-10-09T20:12:42.922+02:00 WARN  [main] c.a.c.p.application.PaymentRetryPolicy traceId=3274fd8a-d81f-49f0-be82-fbfe94f3d5c8 clubId=- accountId=- : Refund reconciliation status=failed: eventId=re_fake_424c1a37-a58d-43e4-9984-7ab87d2daab5 traceId=3274fd8a-d81f-49f0-[redacted]
2026-10-09T20:12:42.952+02:00 WARN  [main] c.a.c.p.application.PaymentRetryPolicy traceId=3274fd8a-d81f-49f0-be82-fbfe94f3d5c8 clubId=- accountId=- : Refund compensation needs an admin: paymentId=inv-payment traceId=3274fd8a-d81f-49f0-[redacted]
2026-10-09T20:12:44.121+02:00 WARN  [main] c.a.c.p.application.PaymentRetryPolicy traceId=27a73913-af81-48fb-a405-27a780f7d949 clubId= accountId= : Payment operation recovery exhausted: eventId=66977b8a-253f-4a4d-a6f6-3b332c9083bf traceId=27a73913-[redacted]
2026-10-09T20:12:44.945+02:00 WARN  [main] c.a.c.p.application.PaymentRetryPolicy traceId=58965d52-89e8-4edf-8fc8-ab6a2fda3e48 clubId=- accountId=- : Refund reconciliation status=failed: eventId=re_dashboard_376 traceId=58965d52-89e8-4edf-8fc8-ab6a2fda3e48
2026-10-09T20:12:45.398+02:00 WARN  [main] c.a.c.p.application.PaymentRetryPolicy traceId=846961b1-e30d-4f3d-9ba1-e997dfea4207 clubId=- accountId=- : Refund reconciliation status=canceled: eventId=re_fake_ddaf1731-3ae6-4601-a6f0-becf0fcb8619 traceId=846961b1-e30d-4f3d-9ba1-e997dfea4207
2026-10-09T20:12:46.663+02:00 WARN  [main] c.a.c.p.application.PaymentRetryPolicy traceId=39871b1d-a407-49ea-98dc-24d6acfa4814 clubId=- accountId=- : Refund reconciliation status=failed: eventId=re_fake_787d0bcc-c66d-4ece-8b27-1b878de359f2 traceId=39871b1d-a407-49ea-98dc-24d6acfa4814
2026-10-09T20:12:47.414+02:00 WARN  [main] c.a.c.p.application.PaymentRetryPolicy traceId=bce485ac-3935-4ecd-9c43-b2d2209f19d7 clubId=- accountId=- : Refund reconciliation status=failed: eventId=re_fake_a7fcab02-476e-4332-80aa-43e15ca0af51 traceId=bce485ac-3935-4ecd-9c43-b2d2209f19d7
2026-10-09T20:12:48.439+02:00 WARN  [main] c.a.c.p.application.PaymentRetryPolicy traceId=5567a1ae-f5de-4740-9b22-b80e7ed7856f clubId= accountId= : Refund reconciliation status=failed: eventId=re_generated_pending traceId=5567a1ae-f5de-4740-9b22-b80e7ed7856f
2026-10-09T20:12:48.456+02:00 WARN  [main] c.a.c.p.application.PaymentRetryPolicy traceId=f50ce889-28d3-4eea-a0b0-2a855f435be9 clubId= accountId= : Refund compensation needs an admin: paymentId=inv-payment traceId=f50ce889-28d3-4eea-a0b0-2a855f435be9
2026-10-09T20:12:49.060+02:00 WARN  [main] c.a.c.p.application.PaymentRetryPolicy traceId=4c637860-bdce-4c18-b56e-94b3981d17b3 clubId= accountId= : Refund compensation needs an admin: paymentId=inv-payment traceId=4c637860-bdce-4c18-b56e-94b3981d17b3
2026-10-09T20:12:49.779+02:00 WARN  [main] c.a.c.p.application.PaymentRetryPolicy traceId=2bea2b9b-5d8d-4e14-a245-a1aa5c6ac51d clubId=- accountId=- : Refund reconciliation status=failed: eventId=re_dashboard_421 traceId=2bea2b9b-5d8d-4e14-a245-a1aa5c6ac51d
2026-10-09T20:12:49.919+02:00 WARN  [main] c.a.c.p.application.PaymentRetryPolicy traceId=23fff57a-6b80-4c33-9615-fd50fa2be369 clubId= accountId= : Refund compensation needs an admin: paymentId=inv-payment traceId=23fff57a-6b80-4c33-9615-fd50fa2be369
2026-10-09T20:12:49.921+02:00 WARN  [main] c.a.c.p.application.PaymentRetryPolicy traceId=f81930e7-b635-45be-9d05-4799589c00fc clubId= accountId= : Payment operation recovery exhausted: eventId=717a4e44-31c2-4188-97c5-44d884fbedea traceId=f81930e7-b635-45be-9d05-4799589c00fc
2026-10-09T20:12:50.185+02:00 WARN  [main] c.a.c.p.application.PaymentRetryPolicy traceId=f32ca64c-3a09-4d3a-b526-f35ca2d05313 clubId=- accountId=- : Refund reconciliation status=canceled: eventId=re_fake_d10d441f-5c92-492c-80e3-4753d25a0c08 traceId=f32ca64c-3a09-4d3a-b526-f35ca2d05313
2026-10-09T20:12:50.208+02:00 WARN  [main] c.a.c.p.application.PaymentRetryPolicy traceId=f32ca64c-3a09-4d3a-b526-f35ca2d05313 clubId=- accountId=- : Refund compensation needs an admin: paymentId=inv-payment traceId=f32ca64c-3a09-4d3a-b526-f35ca2d05313
2026-10-09T20:12:50.350+02:00 WARN  [main] c.a.c.p.application.PaymentRetryPolicy traceId=a8aed0c1-78ee-452a-96ef-0ac81e1f8d37 clubId=- accountId=- : Refund reconciliation status=canceled: eventId=re_fake_98cb11c9-6399-409c-8de7-570636a67f3f traceId=a8aed0c1-78ee-452a-96ef-0ac81e1f8d37
2026-10-09T20:12:50.720+02:00 WARN  [main] c.a.c.p.application.PaymentRetryPolicy traceId=c28ad83f-f38d-4566-9f88-916f52092d46 clubId=- accountId=- : Refund reconciliation status=failed: eventId=re_dashboard_433 traceId=c28ad83f-f38d-4566-9f88-916f52092d46
2026-10-09T20:12:51.585+02:00 WARN  [main] c.a.c.p.application.PaymentRetryPolicy traceId=6bc5bc2f-c38e-4ed9-b3f7-8a0829b5ceab clubId= accountId= : Payment operation recovery exhausted: eventId=fc8ce04b-f6c4-4e89-b8c2-0c5783991e31 traceId=6bc5bc2f-c38e-4ed9-b3f7-8a0829b5ceab
2026-10-09T20:12:51.785+02:00 WARN  [main] c.a.c.p.application.PaymentRetryPolicy traceId=250e05a1-05f2-4a4f-b7b4-9a064646a1c9 clubId=- accountId=- : Refund reconciliation status=canceled: eventId=re_dashboard_438 traceId=250e05a1-05f2-4a4f-b7b4-9a064646a1c9
2026-10-09T20:12:52.107+02:00 WARN  [main] c.a.c.p.application.PaymentRetryPolicy traceId=a114bf04-cbfc-42d5-b9df-c0cd66d68f0f clubId=- accountId=- : Refund reconciliation status=failed: eventId=re_fake_c445fb51-38b1-48ac-9b90-3db36b2c1f84 traceId=a114bf04-cbfc-42d5-b9df-c0cd66d68f0f
2026-10-09T20:12:52.512+02:00 WARN  [main] c.a.c.p.application.PaymentRetryPolicy traceId=7a590f65-be84-42d9-85cc-048ad5e5d3f6 clubId=- accountId=- : Refund reconciliation status=canceled: eventId=re_dashboard_446 traceId=7a590f65-[redacted]
2026-10-09T20:12:52.650+02:00 WARN  [main] c.a.c.p.application.PaymentRetryPolicy traceId=10a9b47b-ac2f-4c8a-b122-1f05c48ea19d clubId=- accountId=- : Refund reconciliation status=failed: eventId=re_fake_a37248b7-4b31-412e-85e9-458808ca3ea5 traceId=10a9b47b-ac2f-4c8a-b122-1f05c48ea19d
2026-10-09T20:12:53.500+02:00 WARN  [main] c.a.c.p.application.PaymentRetryPolicy traceId=d1bcf343-4985-4053-bd73-08f30ac27aa6 clubId=- accountId=- : Refund reconciliation status=failed: eventId=re_dashboard_457 traceId=d1bcf343-4985-4053-[redacted]
2026-10-09T20:12:53.783+02:00 WARN  [main] c.a.c.p.application.PaymentRetryPolicy traceId=32a7603c-b714-4245-a928-c387bf1d4f95 clubId=- accountId=- : Refund reconciliation status=failed: eventId=re_fake_377d6373-25f8-4bc8-8cd5-2ea8f548ee01 traceId=32a7603c-b714-4245-a928-c387bf1d4f95
2026-10-09T20:12:53.801+02:00 WARN  [main] c.a.c.p.application.PaymentRetryPolicy traceId=32a7603c-b714-4245-a928-c387bf1d4f95 clubId=- accountId=- : Refund compensation needs an admin: paymentId=inv-payment traceId=32a7603c-b714-4245-a928-c387bf1d4f95
2026-10-09T20:12:54.255+02:00 WARN  [main] c.a.c.p.application.PaymentRetryPolicy traceId=6f24191c-171f-463d-a31e-5761a19ebba2 clubId=- accountId=- : Refund reconciliation status=failed: eventId=re_dashboard_468 traceId=6f24191c-171f-463d-a31e-5761a19ebba2
2026-10-09T20:12:54.674+02:00 WARN  [main] c.a.c.p.application.PaymentRetryPolicy traceId=9d53125b-dadb-45ed-a9ae-be40a36488c5 clubId= accountId= : Refund reconciliation status=failed: eventId=re_dashboard_472 traceId=9d53125b-dadb-45ed-a9ae-be40a36488c5
2026-10-09T20:12:55.079+02:00 WARN  [main] c.a.c.p.application.PaymentRetryPolicy traceId=415e8f39-ab8d-4209-8590-1ddf613ff7c9 clubId=- accountId=- : Refund reconciliation status=failed: eventId=re_fake_3fd8f0c6-d602-4c18-89e4-83ace7823235 traceId=415e8f39-ab8d-4209-8590-1ddf613ff7c9
2026-10-09T20:12:55.333+02:00 WARN  [main] c.a.c.p.application.PaymentRetryPolicy traceId=bf87ec19-6632-4e28-a5c5-f0b3e6c5fec9 clubId= accountId= : Refund reconciliation status=failed: eventId=re_dashboard_483 traceId=[redacted]
2026-10-09T20:12:55.757+02:00 WARN  [main] c.a.c.p.application.PaymentRetryPolicy traceId=346a4bb7-cf0a-4cbd-b1af-260b9b6522fb clubId=- accountId=- : Refund reconciliation status=failed: eventId=re_generated_pending traceId=346a4bb7-cf0a-4cbd-b1af-260b9b6522fb
2026-10-09T20:12:55.779+02:00 WARN  [main] c.a.c.p.application.PaymentRetryPolicy traceId=346a4bb7-cf0a-4cbd-b1af-260b9b6522fb clubId=- accountId=- : Refund compensation needs an admin: paymentId=inv-payment traceId=346a4bb7-cf0a-4cbd-b1af-260b9b6522fb
2026-10-09T20:12:56.833+02:00 WARN  [main] c.a.c.p.application.PaymentRetryPolicy traceId=1689b705-f9cb-4f03-9efa-c174625c05e5 clubId= accountId= : Refund reconciliation status=failed: eventId=re_dashboard_501 traceId=1689b705-f9cb-4f03-9efa-c174625c05e5
2026-10-09T20:12:58.056+02:00 WARN  [main] c.a.c.p.application.PaymentRetryPolicy traceId=53e338f0-7265-4e14-8ccc-eaa0faef7af5 clubId= accountId= : Refund reconciliation status=canceled: eventId=re_fake_672c018f-88a9-4535-89c3-e0d5a0bd3a26 traceId=53e338f0-7265-4e14-8ccc-eaa0faef7af5
2026-10-09T20:12:58.495+02:00 WARN  [main] c.a.c.p.application.PaymentRetryPolicy traceId=9cfd066d-5107-4683-98a9-468b630c2edc clubId= accountId= : Refund reconciliation status=failed: eventId=re_fake_ece2c3ae-d6d0-4725-b2df-6bb3ae1df11c traceId=9cfd066d-5107-4683-98a9-468b630c2edc
2026-10-09T20:12:58.516+02:00 WARN  [main] c.a.c.p.application.PaymentRetryPolicy traceId=859459f2-0f1a-4e40-8cbd-13838e5f8565 clubId= accountId= : Refund compensation needs an admin: paymentId=inv-payment traceId=859459f2-0f1a-4e40-8cbd-13838e5f8565
2026-10-09T20:12:59.897+02:00 WARN  [main] c.a.c.p.application.PaymentRetryPolicy traceId=763360e3-fe36-4682-a805-56b886fae962 clubId= accountId= : Payment operation recovery exhausted: eventId=5e1e5a17-ede0-4c8f-9226-6acc12d7beb0 traceId=763360e3-[redacted]
2026-10-09T20:13:00.353+02:00 WARN  [main] c.a.c.p.application.PaymentRetryPolicy traceId=849259e1-db68-4d51-bc0e-e9e03dec84f8 clubId=- accountId=- : Refund reconciliation status=failed: eventId=re_fake_e43a68cf-[redacted]=849259e1-[redacted]
2026-10-09T20:13:00.374+02:00 WARN  [main] c.a.c.p.application.PaymentRetryPolicy traceId=849259e1-db68-4d51-bc0e-e9e03dec84f8 clubId=- accountId=- : Refund compensation needs an admin: paymentId=inv-payment traceId=849259e1-[redacted]
2026-10-09T20:13:01.076+02:00 WARN  [main] c.a.c.p.application.PaymentRetryPolicy traceId=b4bbe446-e997-4310-b8ae-a9cdace5da64 clubId=- accountId=- : Refund reconciliation status=canceled: eventId=re_dashboard_526 traceId=b4bbe446-e997-4310-b8ae-a9cdace5da64
2026-10-09T20:13:02.030+02:00 WARN  [main] c.a.c.p.application.PaymentRetryPolicy traceId=bcb1f65a-967b-40a5-a582-29edaa0e8038 clubId= accountId= : Payment operation recovery exhausted: eventId=1e5d55b0-c04d-442d-b07e-4c1a37d68eeb traceId=bcb1f65a-967b-40a5-a582-29edaa0e8038
2026-10-09T20:13:02.978+02:00 WARN  [main] c.a.c.p.application.PaymentRetryPolicy traceId=8ed57c53-37cb-4892-834f-c7104f459b4e clubId= accountId= : Refund reconciliation status=failed: eventId=re_generated_pending traceId=8ed57c53-37cb-4892-834f-c7104f459b4e
2026-10-09T20:13:02.996+02:00 WARN  [main] c.a.c.p.application.PaymentRetryPolicy traceId=a53fbae7-75e8-4cc1-9d49-4b562b203907 clubId= accountId= : Refund compensation needs an admin: paymentId=inv-payment traceId=a53fbae7-75e8-4cc1-9d49-4b562b203907
2026-10-09T20:13:03.555+02:00 WARN  [main] c.a.c.p.application.PaymentRetryPolicy traceId=8ea5526e-98ca-469b-9289-48a04ddce4c6 clubId=- accountId=- : Refund reconciliation status=failed: eventId=re_dashboard_549 traceId=8ea5526e-98ca-469b-9289-48a04ddce4c6
E8-T11, 80 seeds x 24 steps reached: {admin refund n=566, bill credit=52, cancel CREDIT=92, cancel CREDIT before confirmation=16, cancel REFUND=87, cancel REFUND before confirmation=22, dashboard nothing=55, dashboard refund pending=35, dashboard refund succeeded=38, disable Stripe=71, enable Stripe=35, execute (lost response)=40, execute (pending)=40, execute (refused)=31, execute (refused, not reached)=12, execute (rejected)=17, execute (rejected, not reached)=6, execute (succeeded)=31, late confirmation=85, n h later, recover=52, recover=174, redeliver canceled=4, redeliver failed=9, redeliver pending=20, redeliver succeeded=22, webhook canceled=33, webhook failed=80, webhook pending=65, webhook succeeded=130, ~ compensation postponed by an outage (E8-T11 point 1)=3, ~ credit absorbed a dashboard refund (E8-T11 point 3)=10, ~ credit grown after a failed refund (finding 1)=2, ~ dashboard refund beyond a billed credit (E8-T11 point 3)=8, ~ obligation CREDIT=21, ~ obligation CREDIT with intervention=13, ~ obligation REFUND=25, ~ obligation REFUND with intervention=21, ~ pending dashboard billed then failed=4, ~ pending dashboard billed then succeeded=4, ~ reconciled while Stripe was disabled=35}
2026-10-09T20:13:04.061+02:00 WARN  [main] c.a.c.p.application.PaymentRetryPolicy traceId=5d8174a0-53da-478b-852e-168654735edc clubId=- accountId=- : Refund compensation needs an admin: paymentId=inv-payment traceId=5d8174a0-53da-478b-852e-168654735edc
2026-10-09T20:13:05.516+02:00 WARN  [main] c.a.c.p.application.PaymentRetryPolicy traceId=ec205388-7503-45a9-82e8-bc199f46558e clubId=- accountId=- : Refund reconciliation status=failed: eventId=re_fake_98378aa3-5d9e-4a4f-b7ea-260cda7cd6fd traceId=[redacted]
2026-10-09T20:13:05.959+02:00 WARN  [main] c.a.c.p.application.PaymentRetryPolicy traceId=fa97cc65-3cdf-4fcc-91a9-acdd20dd0400 clubId=- accountId=- : Refund reconciliation status=failed: eventId=re_fake_603e6e1e-[redacted]=[redacted]
2026-10-09T20:13:07.203+02:00 WARN  [main] c.a.c.p.application.CheckoutService traceId=e78f1d9d-c219-4af3-8f24-4d6d1beb70ae clubId=- accountId=- : Late provider completion to refund: the checkout expired checkoutSessionId=3136c4f0-[redacted]=inv-booking providerPaymentId=pi_invariants clubId=bill-a
2026-10-09T20:13:07.412+02:00 WARN  [main] c.a.c.p.application.PaymentRetryPolicy traceId=ba03dad3-5951-4e0b-843d-a4151f3e43f9 clubId= accountId= : Refund reconciliation status=failed: eventId=re_fake_c242a126-047d-4ea3-b4b6-8450d78644ec traceId=[redacted]
2026-10-09T20:13:07.420+02:00 WARN  [main] c.a.c.p.application.PaymentRetryPolicy traceId=2213550e-243d-4650-a3df-09ea381d83c7 clubId= accountId= : Refund compensation needs an admin: paymentId=188ef26d-2092-4669-8562-698ba392f1bc traceId=2213550e-243d-4650-a3df-09ea381d83c7
2026-10-09T20:13:07.645+02:00 WARN  [main] c.a.c.p.application.CheckoutService traceId=232a01b4-76fc-4e38-8caa-46cf82476404 clubId=- accountId=- : Late provider completion to refund: the checkout expired checkoutSessionId=b29b112f-448b-4150-9aee-2eee37df3527 bookingId=inv-booking providerPaymentId=pi_invariants clubId=bill-a
2026-10-09T20:13:08.131+02:00 WARN  [main] c.a.c.p.application.CheckoutService traceId=e9b5351e-7969-4a2e-bd70-680b4b6a5053 clubId=- accountId=- : Late provider completion to refund: the checkout expired checkoutSessionId=[redacted] bookingId=inv-booking providerPaymentId=pi_invariants clubId=bill-a
2026-10-09T20:13:08.302+02:00 WARN  [main] c.a.c.p.application.PaymentRetryPolicy traceId=cd3623dc-abf0-48a8-bb3f-e65978a91aae clubId= accountId= : Refund reconciliation status=failed: eventId=re_fake_99bf0d1f-4b26-4e8c-8551-982735d24f39 traceId=[redacted]
2026-10-09T20:13:08.311+02:00 WARN  [main] c.a.c.p.application.PaymentRetryPolicy traceId=2a89ebe8-2084-4551-b285-362f0d37d7f2 clubId= accountId= : Refund compensation needs an admin: paymentId=a7197774-477e-4e14-a762-fae7b45fbafb traceId=2a89ebe8-2084-4551-b285-362f0d37d7f2
2026-10-09T20:13:08.689+02:00 WARN  [main] c.a.c.p.application.CheckoutService traceId=3063639d-4a01-4dd7-9dcf-5f8b9bdf5eaa clubId=- accountId=- : Late provider completion to refund: the checkout expired checkoutSessionId=d71dd21d-4389-44f3-b148-4aad88e333f4 bookingId=inv-booking providerPaymentId=pi_invariants clubId=bill-a
2026-10-09T20:13:08.792+02:00 WARN  [main] c.a.c.p.application.PaymentRetryPolicy traceId=66cb194a-85d1-4e64-b3f5-4c8e431aaf9e clubId= accountId= : Refund reconciliation status=canceled: eventId=re_fake_97ae7e71-4bc5-4749-bb1c-7b7b290f41bb traceId=66cb194a-85d1-4e64-b3f5-4c8e431aaf9e
2026-10-09T20:13:08.800+02:00 WARN  [main] c.a.c.p.application.PaymentRetryPolicy traceId=a4f478b0-d14b-4834-9685-7280c33262bb clubId= accountId= : Refund compensation needs an admin: paymentId=be1a47b3-3bd1-4636-8faf-836a804e449f traceId=a4f478b0-d14b-4834-9685-7280c33262bb
2026-10-09T20:13:09.225+02:00 WARN  [main] c.a.c.p.application.CheckoutService traceId=cfb4e90e-19d0-4f32-97e3-7a393e9d87f5 clubId=- accountId=- : Late provider completion to refund: the checkout expired checkoutSessionId=29e8c417-7dcd-447f-b9f0-cdd6fd8e46de bookingId=inv-booking providerPaymentId=pi_invariants clubId=bill-a
2026-10-09T20:13:09.293+02:00 WARN  [main] c.a.c.p.application.PaymentRetryPolicy traceId=cb73cc45-f12f-4cbf-9fcc-d1f42f416984 clubId=- accountId=- : Refund reconciliation status=failed: eventId=re_fake_8b90ed0e-0e13-4ff6-beda-7eb39503aef5 traceId=[redacted]
2026-10-09T20:13:09.302+02:00 WARN  [main] c.a.c.p.application.PaymentRetryPolicy traceId=cb73cc45-f12f-4cbf-9fcc-d1f42f416984 clubId=- accountId=- : Refund compensation needs an admin: paymentId=6adbe2b6-a207-4fac-b5ba-adcd65d04a44 traceId=[redacted]
2026-10-09T20:13:09.735+02:00 WARN  [main] c.a.c.p.application.CheckoutService traceId=8bbf421f-0676-4533-9234-c2100c4e32f9 clubId=- accountId=- : Late provider completion to refund: the checkout expired checkoutSessionId=6c2d7cbc-592f-428e-99d0-0fc034659997 bookingId=inv-booking providerPaymentId=pi_invariants clubId=bill-a
2026-10-09T20:13:09.773+02:00 WARN  [main] c.a.c.p.application.PaymentRetryPolicy traceId=f2a3efd3-d7c6-4dc0-a31f-ffe040f858db clubId=- accountId=- : Refund reconciliation status=canceled: eventId=re_fake_c72c1e0b-53f6-493e-bab9-fecc093b5ddb traceId=f2a3efd3-d7c6-4dc0-a31f-ffe040f858db
2026-10-09T20:13:09.781+02:00 WARN  [main] c.a.c.p.application.PaymentRetryPolicy traceId=f2a3efd3-d7c6-4dc0-a31f-ffe040f858db clubId=- accountId=- : Refund compensation needs an admin: paymentId=e7410717-d68f-445f-bea0-30092b3f7500 traceId=f2a3efd3-d7c6-4dc0-a31f-ffe040f858db
2026-10-09T20:13:10.240+02:00 WARN  [main] c.a.c.p.application.CheckoutService traceId=441716a1-0e06-4cf4-96ba-10815df7cbf5 clubId=- accountId=- : Late provider completion to refund: the checkout expired checkoutSessionId=0c90f125-f810-4456-8480-1c13b2a97481 bookingId=inv-booking providerPaymentId=pi_invariants clubId=bill-a
2026-10-09T20:13:10.410+02:00 WARN  [main] c.a.c.p.application.PaymentRetryPolicy traceId=fd86efd6-cf97-4c3e-90e8-03ca120fc36a clubId= accountId= : Refund reconciliation status=canceled: eventId=re_fake_a11994d9-[redacted]=[redacted]
2026-10-09T20:13:10.420+02:00 WARN  [main] c.a.c.p.application.PaymentRetryPolicy traceId=ca507168-6217-4a61-8671-9f59f367d167 clubId= accountId= : Refund compensation needs an admin: paymentId=380f9aab-e9ab-4190-8bd7-a55b9d222acf traceId=[redacted]
2026-10-09T20:13:10.750+02:00 WARN  [main] c.a.c.p.application.CheckoutService traceId=952e3ef3-c96b-4ce4-a928-0cbd6868df63 clubId=- accountId=- : Late provider completion to refund: the checkout expired checkoutSessionId=8610926d-9bdb-43a8-9e50-902a45427aed bookingId=inv-booking providerPaymentId=pi_invariants clubId=bill-a
2026-10-09T20:13:11.249+02:00 WARN  [main] c.a.c.p.application.CheckoutService traceId=2ca8740b-f042-44b7-9117-8f93256626aa clubId=- accountId=- : Late provider completion to refund: the checkout expired checkoutSessionId=d7fb482d-3c37-42be-[redacted]=inv-booking providerPaymentId=pi_invariants clubId=bill-a
2026-10-09T20:13:11.463+02:00 WARN  [main] c.a.c.p.application.PaymentRetryPolicy traceId=afde31a1-b6b8-4619-b5f1-0ddb90d3df8a clubId=- accountId=- : Refund reconciliation status=failed: eventId=re_fake_fc49bfaa-0648-48f0-bf8f-b2fc49d77829 traceId=afde31a1-b6b8-4619-b5f1-0ddb90d3df8a
2026-10-09T20:13:11.471+02:00 WARN  [main] c.a.c.p.application.PaymentRetryPolicy traceId=afde31a1-b6b8-4619-b5f1-0ddb90d3df8a clubId=- accountId=- : Refund compensation needs an admin: paymentId=78c04f3a-dcef-4737-b527-1b64320696c5 traceId=afde31a1-b6b8-4619-b5f1-0ddb90d3df8a
2026-10-09T20:13:11.689+02:00 WARN  [main] c.a.c.p.application.CheckoutService traceId=7a8088c3-8d6a-406c-94bd-e8e591357820 clubId=- accountId=- : Late provider completion to refund: the checkout expired checkoutSessionId=90058fae-54f0-4a96-a165-[redacted]=inv-booking providerPaymentId=pi_invariants clubId=bill-a
2026-10-09T20:13:12.231+02:00 WARN  [main] c.a.c.p.application.CheckoutService traceId=7a63a7f3-c142-458d-9364-2bffe4957ff4 clubId=- accountId=- : Late provider completion to refund: the checkout expired checkoutSessionId=7959ce8a-5faa-4bf9-957a-0cedafdf0627 bookingId=inv-booking providerPaymentId=pi_invariants clubId=bill-a
2026-10-09T20:13:12.424+02:00 WARN  [main] c.a.c.p.application.PaymentRetryPolicy traceId=4f729ab0-9d18-4306-965a-247802d0a6be clubId=- accountId=- : Refund reconciliation status=failed: eventId=re_fake_0db9d301-c2fc-4b2d-9f18-1df45ec1f908 traceId=4f729ab0-9d18-4306-965a-247802d0a6be
2026-10-09T20:13:12.433+02:00 WARN  [main] c.a.c.p.application.PaymentRetryPolicy traceId=4f729ab0-9d18-4306-965a-247802d0a6be clubId=- accountId=- : Refund compensation needs an admin: paymentId=1d2fba58-962c-479d-b58e-1a01d0789da8 traceId=4f729ab0-9d18-4306-965a-247802d0a6be
2026-10-09T20:13:12.723+02:00 WARN  [main] c.a.c.p.application.CheckoutService traceId=8f673ad5-baf7-4eee-82fd-12a208be0b32 clubId=- accountId=- : Late provider completion to refund: the checkout expired checkoutSessionId=4b748595-3815-4ef2-b081-0d4481d445f9 bookingId=inv-booking providerPaymentId=pi_invariants clubId=bill-a
2026-10-09T20:13:13.331+02:00 WARN  [main] c.a.c.p.application.CheckoutService traceId=14a100a0-fbb1-4cc5-87ca-18a5a7e2806d clubId=- accountId=- : Late provider completion to refund: the checkout expired checkoutSessionId=0aeb2491-6972-46c2-9337-b21950884b96 bookingId=inv-booking providerPaymentId=pi_invariants clubId=bill-a
2026-10-09T20:13:13.590+02:00 WARN  [main] c.a.c.p.application.PaymentRetryPolicy traceId=f7424f7a-4606-4e14-af6f-460ae8ce5d7c clubId= accountId= : Refund reconciliation status=failed: eventId=re_fake_ecfdb760-64e9-4081-bb9d-6ff86b6393c2 traceId=f7424f7a-4606-4e14-af6f-460ae8ce5d7c
2026-10-09T20:13:13.599+02:00 WARN  [main] c.a.c.p.application.PaymentRetryPolicy traceId=fbcbeb66-c34b-4c7b-9dcc-29663af2bca0 clubId= accountId= : Refund compensation needs an admin: paymentId=35722391-167f-4061-87a5-2eae46c28860 traceId=fbcbeb66-c34b-4c7b-9dcc-29663af2bca0
2026-10-09T20:13:13.816+02:00 WARN  [main] c.a.c.p.application.CheckoutService traceId=84c3e273-6939-4569-b8cb-04055c94c694 clubId=- accountId=- : Late provider completion to refund: the checkout expired checkoutSessionId=70adc0b7-2a7e-4b93-987c-3bc6a27aeb09 bookingId=inv-booking providerPaymentId=pi_invariants clubId=bill-a
2026-10-09T20:13:14.315+02:00 WARN  [main] c.a.c.p.application.CheckoutService traceId=6bddc576-7d4c-4f92-b004-a8bb318aebc9 clubId=- accountId=- : Late provider completion to refund: the checkout expired checkoutSessionId=27b210cc-6787-4283-b5b7-590aff4d000a bookingId=inv-booking providerPaymentId=pi_invariants clubId=bill-a
2026-10-09T20:13:14.398+02:00 WARN  [main] c.a.c.p.application.PaymentRetryPolicy traceId=0a4d97da-4cf7-4767-b568-e66af9e9b1a6 clubId=- accountId=- : Refund reconciliation status=failed: eventId=re_fake_398ae389-a8d7-4ce8-[redacted]=0a4d97da-4cf7-4767-b568-e66af9e9b1a6
2026-10-09T20:13:14.407+02:00 WARN  [main] c.a.c.p.application.PaymentRetryPolicy traceId=0a4d97da-4cf7-4767-b568-e66af9e9b1a6 clubId=- accountId=- : Refund compensation needs an admin: paymentId=43735ca2-bf5a-457b-9677-c590b85d390c traceId=0a4d97da-4cf7-4767-b568-e66af9e9b1a6
2026-10-09T20:13:14.911+02:00 WARN  [main] c.a.c.p.application.CheckoutService traceId=25c49bba-9370-497d-9209-38d20900d341 clubId=- accountId=- : Late provider completion to refund: the checkout expired checkoutSessionId=488ffb9d-0c71-43ed-b25a-9827fd506ca6 bookingId=inv-booking providerPaymentId=pi_invariants clubId=bill-a
2026-10-09T20:13:14.955+02:00 WARN  [main] c.a.c.p.application.PaymentRetryPolicy traceId=ca3bbc5a-c399-404d-8f73-730f419e9b17 clubId=- accountId=- : Refund reconciliation status=failed: eventId=re_fake_f6d7b7d8-1bc3-448a-8dd2-a0a4d4a7c956 traceId=ca3bbc5a-c399-404d-8f73-730f419e9b17
2026-10-09T20:13:14.965+02:00 WARN  [main] c.a.c.p.application.PaymentRetryPolicy traceId=ca3bbc5a-c399-404d-8f73-730f419e9b17 clubId=- accountId=- : Refund compensation needs an admin: paymentId=e9c967f9-be0e-41ad-b753-b4fca1cc14f3 traceId=ca3bbc5a-c399-404d-8f73-730f419e9b17
2026-10-09T20:13:15.484+02:00 WARN  [main] c.a.c.p.application.CheckoutService traceId=9d1603fd-3411-4507-963d-1135a456dd3d clubId=- accountId=- : Late provider completion to refund: the checkout expired checkoutSessionId=2becec87-0203-4e70-8450-1e2cac2fe18b bookingId=inv-booking providerPaymentId=pi_invariants clubId=bill-a
2026-10-09T20:13:15.620+02:00 WARN  [main] c.a.c.p.application.PaymentRetryPolicy traceId=c4d1e85e-e213-4f52-865e-1c3d3a0c7de4 clubId=- accountId=- : Refund reconciliation status=failed: eventId=re_fake_4d5dd716-63a7-4d2a-8b30-5ad037b42735 traceId=c4d1e85e-e213-4f52-865e-1c3d3a0c7de4
2026-10-09T20:13:15.631+02:00 WARN  [main] c.a.c.p.application.PaymentRetryPolicy traceId=c4d1e85e-e213-4f52-865e-1c3d3a0c7de4 clubId=- accountId=- : Refund compensation needs an admin: paymentId=a1254d4c-9fb7-4933-b778-5ad344942f4a traceId=c4d1e85e-e213-4f52-865e-1c3d3a0c7de4
2026-10-09T20:13:16.181+02:00 WARN  [main] c.a.c.p.application.CheckoutService traceId=c9e2fb36-b54d-451d-b147-ede838e584fb clubId=- accountId=- : Late provider completion to refund: the checkout expired checkoutSessionId=8f19caa0-3abe-4d22-a5b7-02e283279b86 bookingId=inv-booking providerPaymentId=pi_invariants clubId=bill-a
2026-10-09T20:13:16.875+02:00 WARN  [main] c.a.c.p.application.CheckoutService traceId=01029314-1c2a-43d5-bc70-5a4ab3bb3466 clubId=- accountId=- : Late provider completion to refund: the checkout expired checkoutSessionId=477bd3a0-acea-4973-bcc6-92a38eab2972 bookingId=inv-booking providerPaymentId=pi_invariants clubId=bill-a
2026-10-09T20:13:17.171+02:00 WARN  [main] c.a.c.p.application.PaymentRetryPolicy traceId=4dca5098-a345-4154-8e7d-251281fa8f80 clubId= accountId= : Refund reconciliation status=failed: eventId=re_fake_3efb06ce-0da3-4eeb-a08c-e18460cf25f8 traceId=4dca5098-a345-4154-8e7d-251281fa8f80
2026-10-09T20:13:17.180+02:00 WARN  [main] c.a.c.p.application.PaymentRetryPolicy traceId=35057ff2-146a-4c83-83f5-d694ff888453 clubId= accountId= : Refund compensation needs an admin: paymentId=54dc515d-3e79-4820-8651-87b84afba774 traceId=35057ff2-146a-4c83-83f5-d694ff888453
2026-10-09T20:13:17.403+02:00 WARN  [main] c.a.c.p.application.CheckoutService traceId=e8b1256f-4d6e-4906-8f36-d77914f4e466 clubId=- accountId=- : Late provider completion to refund: the checkout expired checkoutSessionId=116335ab-d951-4df5-b503-0af05e881fbc bookingId=inv-booking providerPaymentId=pi_invariants clubId=bill-a
2026-10-09T20:13:17.448+02:00 WARN  [main] c.a.c.p.application.PaymentRetryPolicy traceId=53b77087-b5c1-4114-9373-b71c7a7e4b44 clubId=- accountId=- : Refund reconciliation status=canceled: eventId=re_fake_b972cd98-b86c-4314-b25d-ede4ddcffa9f traceId=53b77087-b5c1-4114-9373-b71c7a7e4b44
2026-10-09T20:13:17.459+02:00 WARN  [main] c.a.c.p.application.PaymentRetryPolicy traceId=53b77087-b5c1-4114-9373-b71c7a7e4b44 clubId=- accountId=- : Refund compensation needs an admin: paymentId=b76a7d19-8327-489c-bf6b-82eaa15ef8a1 traceId=53b77087-b5c1-4114-9373-b71c7a7e4b44
2026-10-09T20:13:18.061+02:00 WARN  [main] c.a.c.p.application.CheckoutService traceId=5d67ebf2-b82d-4921-ad9e-62589307b540 clubId=- accountId=- : Late provider completion to refund: the checkout expired checkoutSessionId=3ea8c344-d652-4ce7-96a5-336030b29beb bookingId=inv-booking providerPaymentId=pi_invariants clubId=bill-a
2026-10-09T20:13:18.129+02:00 WARN  [main] c.a.c.p.application.PaymentRetryPolicy traceId=e947214b-fc42-4cbc-94bd-7fee750f59f9 clubId= accountId= : Refund reconciliation status=canceled: eventId=re_fake_b8777c55-719e-4fa8-81e1-d3bac5996196 traceId=e947214b-[redacted]
2026-10-09T20:13:18.139+02:00 WARN  [main] c.a.c.p.application.PaymentRetryPolicy traceId=12597054-db53-4613-a5a0-ca1ca88d15e8 clubId= accountId= : Refund compensation needs an admin: paymentId=767298b9-9eaa-4377-add0-be0c41f470dc traceId=12597054-[redacted]
2026-10-09T20:13:18.531+02:00 WARN  [main] c.a.c.p.application.CheckoutService traceId=9a7ea93f-31a7-4b34-b239-71443795323a clubId=- accountId=- : Late provider completion to refund: the checkout expired checkoutSessionId=05a5841c-[redacted]=inv-booking providerPaymentId=pi_invariants clubId=bill-a
2026-10-09T20:13:18.587+02:00 WARN  [main] c.a.c.p.application.PaymentRetryPolicy traceId=53ee14b4-d664-49e2-81eb-a944d04e5133 clubId= accountId= : Refund reconciliation status=failed: eventId=re_fake_60466fa5-5e00-4c5b-b533-4c1578b52af4 traceId=53ee14b4-d664-49e2-81eb-a944d04e5133
2026-10-09T20:13:18.598+02:00 WARN  [main] c.a.c.p.application.PaymentRetryPolicy traceId=e170fa0f-a6bb-4276-bf0c-c3324105532c clubId= accountId= : Refund compensation needs an admin: paymentId=a172b327-6480-4879-[redacted]=e170fa0f-a6bb-4276-bf0c-c3324105532c
2026-10-09T20:13:19.056+02:00 WARN  [main] c.a.c.p.application.CheckoutService traceId=8384b76e-e596-4915-a670-433722b89d67 clubId=- accountId=- : Late provider completion to refund: the checkout expired checkoutSessionId=0fdac983-e7ea-4599-95ca-4cd4ba760511 bookingId=inv-booking providerPaymentId=pi_invariants clubId=bill-a
2026-10-09T20:13:19.139+02:00 WARN  [main] c.a.c.p.application.PaymentRetryPolicy traceId=f7d32676-4e7c-4a79-9bb5-e7c82fb9beeb clubId= accountId= : Refund reconciliation status=failed: eventId=re_fake_0317c1b3-a31f-4f59-8c6f-33bfaa3fbd46 traceId=f7d32676-4e7c-4a79-9bb5-e7c82fb9beeb
2026-10-09T20:13:19.147+02:00 WARN  [main] c.a.c.p.application.PaymentRetryPolicy traceId=424f7465-8774-412b-8a1b-596a6b06c488 clubId= accountId= : Refund compensation needs an admin: paymentId=071577fc-7ebc-46f2-9a1c-97d06e1df803 traceId=424f7465-8774-412b-8a1b-596a6b06c488
2026-10-09T20:13:19.522+02:00 WARN  [main] c.a.c.p.application.CheckoutService traceId=dc2ce545-de7a-41ec-b8b6-1b4ad5830aac clubId=- accountId=- : Late provider completion to refund: the checkout expired checkoutSessionId=90838567-dae8-4e39-a2fc-abc1ddcc9f50 bookingId=inv-booking providerPaymentId=pi_invariants clubId=bill-a
E8-T12 expired checkout generator: 24 seeds x 24 steps; [failed with intervention, succeeded]
2026-10-09T20:13:20.257+02:00 WARN  [main] c.a.c.p.application.PaymentRetryPolicy traceId=03c5a44c-c9ae-4bc0-9958-7eb1ad30ac22 clubId= accountId= : Refund compensation needs an admin: paymentId=inv-payment traceId=03c5a44c-c9ae-4bc0-9958-7eb1ad30ac22
2026-10-09T20:13:21.139+02:00 WARN  [main] c.a.c.p.application.PaymentRetryPolicy traceId=32887eaf-7042-46cf-aaaf-a926960bf846 clubId=- accountId=- : Refund reconciliation status=failed: eventId=re_e8t12_pending traceId=32887eaf-7042-46cf-aaaf-a926960bf846
2026-10-09T20:13:21.162+02:00 WARN  [main] c.a.c.p.application.PaymentRetryPolicy traceId=32887eaf-7042-46cf-aaaf-a926960bf846 clubId=- accountId=- : Refund compensation needs an admin: paymentId=inv-payment traceId=32887eaf-7042-46cf-aaaf-a926960bf846
2026-10-09T20:13:21.578+02:00 WARN  [main] c.a.c.p.application.PaymentRetryPolicy traceId=df99119f-3cd0-45e1-b4f4-187bf0aea346 clubId=- accountId=- : Refund reconciliation status=canceled: eventId=re_e8t12_pending traceId=[redacted]
2026-10-09T20:13:21.596+02:00 WARN  [main] c.a.c.p.application.PaymentRetryPolicy traceId=df99119f-3cd0-45e1-b4f4-187bf0aea346 clubId=- accountId=- : Refund compensation needs an admin: paymentId=inv-payment traceId=[redacted]
2026-10-09T20:13:21.974+02:00 WARN  [main] c.a.c.p.application.PaymentRetryPolicy traceId=ec0c4295-d6a8-4428-acf6-9106b2d92fec clubId=- accountId=- : Refund reconciliation status=failed: eventId=re_e8t12_pending traceId=ec0c4295-d6a8-4428-acf6-9106b2d92fec
2026-10-09T20:13:22.370+02:00 WARN  [main] c.a.c.p.application.PaymentRetryPolicy traceId=b7ee9775-9ffa-4cdc-8e97-f44e61e8270f clubId=- accountId=- : Refund reconciliation status=canceled: eventId=re_e8t12_pending traceId=b7ee9775-9ffa-4cdc-8e97-f44e61e8270f
2026-10-09T20:13:22.746+02:00 WARN  [main] c.a.c.p.application.PaymentRetryPolicy traceId=d393ab2f-08d8-47d3-b1f7-454f76e483d3 clubId=- accountId=- : Refund reconciliation status=failed: eventId=re_fake_2228bc2e-1656-407e-b18e-347e003c7f7b traceId=d393ab2f-08d8-47d3-b1f7-454f76e483d3
2026-10-09T20:13:23.158+02:00 WARN  [main] c.a.c.p.application.PaymentRetryPolicy traceId=3d62e9b0-f6bf-40fa-b572-1625c13bd270 clubId=- accountId=- : Refund reconciliation status=failed: eventId=re_fake_89ae19d8-6e78-4e88-a504-a5428203f0c5 traceId=3d62e9b0-f6bf-40fa-b572-1625c13bd270
2026-10-09T20:13:23.184+02:00 WARN  [main] c.a.c.p.application.PaymentRetryPolicy traceId=3d62e9b0-f6bf-40fa-b572-1625c13bd270 clubId=- accountId=- : Refund compensation needs an admin: paymentId=inv-payment traceId=3d62e9b0-f6bf-40fa-b572-1625c13bd270
