heavy.sh: 15:48 waiting for the host lock, held by: 15:45 agilityhub-core-web: pnpm --dir /Users/jordib/dev/agilityhub/agilityhub-core-web e2e:core E4-W18
heavy.sh: 15:51 got the host lock after 3 min 15 s
Mockito is currently self-attaching to enable the inline-mock-maker. This will no longer work in future releases of the JDK. Please add Mockito as an agent to your build as described in Mockito's documentation: https://javadoc.io/doc/org.mockito/mockito-core/latest/org.mockito/org/mockito/Mockito.html#0.3
OpenJDK 64-Bit Server VM warning: Sharing is only supported for boot loader classes because bootstrap classpath has been appended
WARNING: A Java agent has been loaded dynamically (/Users/jordib/.m2/repository/net/bytebuddy/byte-buddy-agent/1.17.8/byte-buddy-agent-1.17.8.jar)
WARNING: If a serviceability tool is in use, please run with -XX:+EnableDynamicAgentLoading to hide this warning
WARNING: If a serviceability tool is not in use, please run with -Djdk.instrument.traceUsage for more information
WARNING: Dynamic loading of agents will be disallowed by default in a future release
15:52:10.666 [main] INFO com.agilityhub.core.clubs.messaging.application.LogEmailSender -- Local email accepted notificationId=fixture
15:52:10.668 [main] INFO com.agilityhub.core.clubs.messaging.application.LogEmailSender -- Local email accepted notificationId=fixture
15:52:10.718 [main] WARN org.springframework.context.annotation.AnnotationConfigApplicationContext -- Exception encountered during context initialization - cancelling refresh attempt: org.springframework.beans.factory.BeanCreationException: Error creating bean with name 'emailSender' defined in com.agilityhub.core.configuration.EmailConfiguration: Failed to instantiate [com.agilityhub.core.clubs.messaging.application.EmailSender]: Factory method 'emailSender' threw exception with message: MAIL_FROM_PLATFORM is required in staging/prod
15:52:10.828 [main] WARN org.springframework.context.annotation.AnnotationConfigApplicationContext -- Exception encountered during context initialization - cancelling refresh attempt: org.springframework.beans.factory.BeanCreationException: Error creating bean with name 'sendGridSignatures' defined in com.agilityhub.core.configuration.EmailConfiguration: Failed to instantiate [com.agilityhub.core.clubs.messaging.application.SendGridSignatureVerifier]: Factory method 'sendGridSignatures' threw exception with message: SENDGRID_WEBHOOK_PUBLIC_KEY is required in staging/prod
15:52:11.210 [main] INFO com.agilityhub.core.clubs.messaging.application.LogEmailSender -- Local email accepted notificationId=fixture
15:52:11.255 [main] WARN org.springframework.context.annotation.AnnotationConfigApplicationContext -- Exception encountered during context initialization - cancelling refresh attempt: org.springframework.beans.factory.BeanCreationException: Error creating bean with name 'emailSender' defined in com.agilityhub.core.configuration.EmailConfiguration: Failed to instantiate [com.agilityhub.core.clubs.messaging.application.EmailSender]: Factory method 'emailSender' threw exception with message: SENDGRID_API_KEY is required in staging/prod
15:52:11.265 [main] WARN org.springframework.context.annotation.AnnotationConfigApplicationContext -- Exception encountered during context initialization - cancelling refresh attempt: org.springframework.beans.factory.BeanCreationException: Error creating bean with name 'emailSender' defined in com.agilityhub.core.configuration.EmailConfiguration: Failed to instantiate [com.agilityhub.core.clubs.messaging.application.EmailSender]: Factory method 'emailSender' threw exception with message: SENDGRID_API_KEY is required in staging/prod
15:52:11.439 [main] WARN org.springframework.context.annotation.AnnotationConfigApplicationContext -- Exception encountered during context initialization - cancelling refresh attempt: org.springframework.beans.factory.BeanCreationException: Error creating bean with name 'trustedProxyGuard' defined in com.agilityhub.core.configuration.TrustedProxyConfiguration: TRUSTED_PROXY_PATTERN is empty: set it to the Caddy peers' address pattern (docs/DEPLOY.md), or every client shares the proxy's address in the rate limits and the consent ipHash
15:52:11.441 [main] WARN org.springframework.context.annotation.AnnotationConfigApplicationContext -- Exception encountered during context initialization - cancelling refresh attempt: org.springframework.beans.factory.BeanCreationException: Error creating bean with name 'trustedProxyGuard' defined in com.agilityhub.core.configuration.TrustedProxyConfiguration: TRUSTED_PROXY_PATTERN is empty: set it to the Caddy peers' address pattern (docs/DEPLOY.md), or every client shares the proxy's address in the rate limits and the consent ipHash
15:52:11.443 [main] WARN org.springframework.context.annotation.AnnotationConfigApplicationContext -- Exception encountered during context initialization - cancelling refresh attempt: org.springframework.beans.factory.BeanCreationException: Error creating bean with name 'trustedProxyGuard' defined in com.agilityhub.core.configuration.TrustedProxyConfiguration: TRUSTED_PROXY_PATTERN is empty: set it to the Caddy peers' address pattern (docs/DEPLOY.md), or every client shares the proxy's address in the rate limits and the consent ipHash
15:52:11.445 [main] WARN org.springframework.context.annotation.AnnotationConfigApplicationContext -- Exception encountered during context initialization - cancelling refresh attempt: org.springframework.beans.factory.BeanCreationException: Error creating bean with name 'trustedProxyGuard' defined in com.agilityhub.core.configuration.TrustedProxyConfiguration: TRUSTED_PROXY_PATTERN is empty: set it to the Caddy peers' address pattern (docs/DEPLOY.md), or every client shares the proxy's address in the rate limits and the consent ipHash
15:52:11.569 [main] WARN com.networknt.schema.UnknownKeywordFactory -- Unknown keyword components - you should define your own Meta Schema. If the keyword is irrelevant for validation, just use a NonValidationKeyword or if it should generate annotations AnnotationKeyword
15:52:13.010 [main] WARN org.springframework.context.annotation.AnnotationConfigApplicationContext -- Exception encountered during context initialization - cancelling refresh attempt: org.springframework.beans.factory.UnsatisfiedDependencyException: Error creating bean with name 'registeredClients' defined in com.agilityhub.core.configuration.OidcClientConfiguration: Unsatisfied dependency expressed through method 'registeredClients' parameter 0: Error creating bean with name 'core.oidc-com.agilityhub.core.configuration.OidcClientConfiguration$Properties': Could not bind properties to 'OidcClientConfiguration.Properties' : prefix=core.oidc, ignoreInvalidFields=false, ignoreUnknownFields=true
15:52:13.013 [main] WARN org.springframework.context.annotation.AnnotationConfigApplicationContext -- Exception encountered during context initialization - cancelling refresh attempt: org.springframework.beans.factory.BeanCreationException: Error creating bean with name 'registeredClients' defined in com.agilityhub.core.configuration.OidcClientConfiguration: Failed to instantiate [org.springframework.security.oauth2.server.authorization.client.RegisteredClientRepository]: Factory method 'registeredClients' threw exception with message: OIDC tokenDelivery is required
15:52:13.023 [main] INFO com.tngtech.archunit.core.PluginLoader -- Detected Java version 21.0.12.1
[ERROR] Tests run: 2, Failures: 1, Errors: 0, Skipped: 0, Time elapsed: 2.459 s <<< FAILURE! -- in com.agilityhub.core.configuration.S04ErrorContractTest
[ERROR] com.agilityhub.core.configuration.S04ErrorContractTest.T_04_25_everyS04RouteDocumentsTheCodesItsHandlerCanThrow -- Time elapsed: 0.023 s <<< FAILURE!
java.lang.AssertionError: 
[POST /checkout-sessions throws CHIP_ALREADY_EXISTS (via com.agilityhub.core.clubs.census.persistence.CensusRepository.duplicate(org.springframework.dao.DuplicateKeyException)) but does not document it
POST /checkout-sessions throws ID_DOCUMENT_ALREADY_EXISTS (via com.agilityhub.core.clubs.census.persistence.CensusRepository.duplicate(org.springframework.dao.DuplicateKeyException)) but does not document it] 
Expecting empty but was: ["POST /checkout-sessions throws CHIP_ALREADY_EXISTS (via com.agilityhub.core.clubs.census.persistence.CensusRepository.duplicate(org.springframework.dao.DuplicateKeyException)) but does not document it",
    "POST /checkout-sessions throws ID_DOCUMENT_ALREADY_EXISTS (via com.agilityhub.core.clubs.census.persistence.CensusRepository.duplicate(org.springframework.dao.DuplicateKeyException)) but does not document it"]
	at com.agilityhub.core.configuration.S04ErrorContractTest.T_04_25_everyS04RouteDocumentsTheCodesItsHandlerCanThrow(S04ErrorContractTest.java:87)
	at java.base/java.lang.reflect.Method.invoke(Method.java:580)
	at java.base/java.util.ArrayList.forEach(ArrayList.java:1596)
	at java.base/java.util.ArrayList.forEach(ArrayList.java:1596)

15:52:16.007 [main] INFO org.hibernate.validator.internal.util.Version -- HV000001: Hibernate Validator 8.0.3.Final
15:52:16.208 [main] INFO org.springframework.mock.web.MockServletContext -- Initializing Spring TestDispatcherServlet ''
15:52:16.208 [main] INFO org.springframework.test.web.servlet.TestDispatcherServlet -- Initializing Servlet ''
15:52:16.209 [main] INFO org.springframework.test.web.servlet.TestDispatcherServlet -- Completed initialization in 1 ms
15:52:16.316 [main] INFO org.springframework.mock.web.MockServletContext -- Initializing Spring TestDispatcherServlet ''
15:52:16.316 [main] INFO org.springframework.test.web.servlet.TestDispatcherServlet -- Initializing Servlet ''
15:52:16.316 [main] INFO org.springframework.test.web.servlet.TestDispatcherServlet -- Completed initialization in 0 ms
15:52:16.343 [main] INFO org.springframework.mock.web.MockServletContext -- Initializing Spring TestDispatcherServlet ''
15:52:16.343 [main] INFO org.springframework.test.web.servlet.TestDispatcherServlet -- Initializing Servlet ''
15:52:16.343 [main] INFO org.springframework.test.web.servlet.TestDispatcherServlet -- Completed initialization in 0 ms
15:52:16.368 [main] INFO org.springframework.mock.web.MockServletContext -- Initializing Spring TestDispatcherServlet ''
15:52:16.368 [main] INFO org.springframework.test.web.servlet.TestDispatcherServlet -- Initializing Servlet ''
15:52:16.369 [main] INFO org.springframework.test.web.servlet.TestDispatcherServlet -- Completed initialization in 1 ms
15:52:16.391 [main] INFO org.springframework.mock.web.MockServletContext -- Initializing Spring TestDispatcherServlet ''
15:52:16.391 [main] INFO org.springframework.test.web.servlet.TestDispatcherServlet -- Initializing Servlet ''
15:52:16.391 [main] INFO org.springframework.test.web.servlet.TestDispatcherServlet -- Completed initialization in 0 ms
15:52:16.414 [main] INFO org.springframework.mock.web.MockServletContext -- Initializing Spring TestDispatcherServlet ''
15:52:16.414 [main] INFO org.springframework.test.web.servlet.TestDispatcherServlet -- Initializing Servlet ''
15:52:16.414 [main] INFO org.springframework.test.web.servlet.TestDispatcherServlet -- Completed initialization in 0 ms
15:52:16.433 [main] INFO org.springframework.mock.web.MockServletContext -- Initializing Spring TestDispatcherServlet ''
15:52:16.433 [main] INFO org.springframework.test.web.servlet.TestDispatcherServlet -- Initializing Servlet ''
15:52:16.434 [main] INFO org.springframework.test.web.servlet.TestDispatcherServlet -- Completed initialization in 1 ms
15:52:16.453 [main] INFO org.springframework.mock.web.MockServletContext -- Initializing Spring TestDispatcherServlet ''
15:52:16.453 [main] INFO org.springframework.test.web.servlet.TestDispatcherServlet -- Initializing Servlet ''
15:52:16.453 [main] INFO org.springframework.test.web.servlet.TestDispatcherServlet -- Completed initialization in 0 ms
E6-T03 N-22 ca: Nota nova de l'alumne | Marc Example (alumne) ha escrit o canviat la nota als instructors de Toby.
E6-T03 N-22 es: Nota nueva del alumno | Marc Example (alumno) ha escrito o cambiado la nota para los instructores sobre Toby.
E6-T03 N-22 ca: Nota nova de l'alumna | Laura Example (alumna) ha escrit o canviat la nota als instructors de Duna.
E6-T03 N-22 en: New note from a student | Marc Example (student) wrote or changed the note to the instructors about Toby.
E6-T03 N-20 ca: Tasca nova per a Duna | Estel t'ha posat una tasca per a Duna: «Practiqueu el balancí amb calma»
E6-T03 N-20 es: Nueva tarea para Duna | Estel te ha puesto una tarea para Duna: «Practiqueu el balancí amb calma»
E6-T03 N-20 en: New task for Duna | Estel set you a task for Duna: “Practiqueu el balancí amb calma”
E6-T03 N-21 ca: Tasca completada | La tasca de Duna (Laura Example, alumna) ja és feta: «Practiqueu el balancí»
E6-T03 N-21 es: Tarea completada | La tarea de Duna (Laura Example, alumna) ya está hecha: «Practiqueu el balancí»
E6-T03 N-21 en: Task completed | The task for Duna (Laura Example, student) is done: “Practiqueu el balancí”
E6-T04 N-19 ca: T'hem trobat a faltar | No vas poder venir amb Mel a la classe de dilluns, 12 d’octubre de 2026. Recorda que pots anul·lar des de l'app fins a última hora: així pot aprofitar la classe algú altre. La sessió compta dins el teu còmput.
E6-T04 N-19 es: Te hemos echado de menos | No pudiste venir con Mel a la clase del lunes, 12 de octubre de 2026. Recuerda que puedes anular desde la app hasta última hora: así otra persona puede aprovechar la clase. La sesión cuenta en tu cómputo.
E6-T04 N-19 en: We missed you | You couldn't make it with Mel to the class on Monday, October 12, 2026. Remember you can cancel from the app right up to the last minute, so someone else can use the class. The session still counts towards your total.
15:52:19.671 [main] WARN com.agilityhub.core.clubs.common.application.ExportWorker -- Export poll failed for club club-a
15:52:19.672 [main] WARN com.agilityhub.core.clubs.common.application.ExportWorker -- Export attempt failed for job null (attempt 0)
15:52:19.672 [main] WARN com.agilityhub.core.clubs.common.application.ExportWorker -- Export attempt failed for job null (attempt 0)
Finished activities: 0
Finished activities: 0
Finished activities: 0
15:52:22.500 [main] INFO com.agilityhub.core.clubs.messaging.application.integrations.LogSmsSender -- SMS accepted locally ref=log-31f9dc1f-1fe0-4b9f-8949-b3b265423773 notificationId=notification-a length=47
T-11-05 snapshot ca: 51 seeded codes, 20 staff texts
T-11-05 snapshot es: 51 seeded codes, 20 staff texts
T-11-05 snapshot en: 51 seeded codes, 20 staff texts
15:52:22.929 [main] WARN com.agilityhub.core.clubs.messaging.application.engine.TemplateRenderer -- Notification template of N-04 uses the unknown variable unknown_var
15:52:22.930 [main] WARN com.agilityhub.core.clubs.messaging.application.engine.TemplateRenderer -- Notification template of N-04 is not valid ICU; rendered as plain text
15:52:22.930 [main] WARN com.agilityhub.core.clubs.messaging.application.engine.TemplateRenderer -- Notification template of N-37 has no value for change
15:52:22.930 [main] WARN com.agilityhub.core.clubs.messaging.application.engine.TemplateRenderer -- Notification template of N-17 has no value for dogs_count
15:52:22.930 [main] WARN com.agilityhub.core.clubs.messaging.application.engine.TemplateRenderer -- Notification template of N-17 has no value for club_name
NotificationCatalog parity: 61 rows (43 main + 18 Annex A) = 61 codes; N-12 absent
NotificationCatalog variables: 75 used, 0 outside the catalog lists
T-11-02 truth table: 61 catalog codes, 9792 code x audience x row combinations
Imported: 0 created, 0 linked, 0 skipped, 1 errors
Reasons: {INVALID_PASSWORD=1}
VALIDATION_ERROR {}
Usage: identity:import-learn <csv> [--dry-run] [--platform-admins=a@x,b@y]
Usage: identity:import-learn <csv> [--dry-run] [--platform-admins=a@x,b@y]
Usage: identity:import-learn <csv> [--dry-run] [--platform-admins=a@x,b@y]
Usage: identity:import-learn <csv> [--dry-run] [--platform-admins=a@x,b@y]
Usage: identity:import-learn <csv> [--dry-run] [--platform-admins=a@x,b@y]
Usage: identity:import-learn <csv> [--dry-run] [--platform-admins=a@x,b@y]
Usage: identity:import-learn <csv> [--dry-run] [--platform-admins=a@x,b@y]
Usage: identity:import-learn <csv> [--dry-run] [--platform-admins=a@x,b@y]
Usage: identity:import-learn <csv> [--dry-run] [--platform-admins=a@x,b@y]
Imported: 1 created, 0 linked, 0 skipped, 0 errors
Reasons: {NEW_ACCOUNT=1}
Dry run: 1 would create, 0 would link, 0 skipped, 0 errors
Reasons: {NEW_ACCOUNT=1}
15:52:23.921 [main] WARN org.springframework.security.crypto.argon2.Argon2PasswordEncoder -- Malformed password hash
java.lang.IllegalArgumentException: Invalid encoded Argon2-hash
	at org.springframework.security.crypto.argon2.Argon2EncodingUtils.decode(Argon2EncodingUtils.java:107)
	at org.springframework.security.crypto.argon2.Argon2PasswordEncoder.matches(Argon2PasswordEncoder.java:137)
	at com.agilityhub.core.identity.application.PasswordHasher.verify(PasswordHasher.java:21)
	at com.agilityhub.core.identity.application.PasswordHasherTest.T_01_02_missingAndUnusableHashesFailThroughDummyVerification(PasswordHasherTest.java:40)
	at java.base/jdk.internal.reflect.DirectMethodHandleAccessor.invoke(DirectMethodHandleAccessor.java:103)
	at java.base/java.lang.reflect.Method.invoke(Method.java:580)
	at org.junit.platform.commons.util.ReflectionUtils.invokeMethod(ReflectionUtils.java:775)
	at org.junit.platform.commons.support.ReflectionSupport.invokeMethod(ReflectionSupport.java:479)
	at org.junit.jupiter.engine.execution.MethodInvocation.proceed(MethodInvocation.java:60)
	at org.junit.jupiter.engine.execution.InvocationInterceptorChain$ValidatingInvocation.proceed(InvocationInterceptorChain.java:131)
	at org.junit.jupiter.engine.extension.TimeoutExtension.intercept(TimeoutExtension.java:161)
	at org.junit.jupiter.engine.extension.TimeoutExtension.interceptTestableMethod(TimeoutExtension.java:152)
	at org.junit.jupiter.engine.extension.TimeoutExtension.interceptTestMethod(TimeoutExtension.java:91)
	at org.junit.jupiter.engine.execution.InterceptingExecutableInvoker$ReflectiveInterceptorCall.lambda$ofVoidMethod$0(InterceptingExecutableInvoker.java:112)
	at org.junit.jupiter.engine.execution.InterceptingExecutableInvoker.lambda$invoke$0(InterceptingExecutableInvoker.java:94)
	at org.junit.jupiter.engine.execution.InvocationInterceptorChain$InterceptedInvocation.proceed(InvocationInterceptorChain.java:106)
	at org.junit.jupiter.engine.execution.InvocationInterceptorChain.proceed(InvocationInterceptorChain.java:64)
	at org.junit.jupiter.engine.execution.InvocationInterceptorChain.chainAndInvoke(InvocationInterceptorChain.java:45)
	at org.junit.jupiter.engine.execution.InvocationInterceptorChain.invoke(InvocationInterceptorChain.java:37)
	at org.junit.jupiter.engine.execution.InterceptingExecutableInvoker.invoke(InterceptingExecutableInvoker.java:93)
	at org.junit.jupiter.engine.execution.InterceptingExecutableInvoker.invoke(InterceptingExecutableInvoker.java:87)
	at org.junit.jupiter.engine.descriptor.TestMethodTestDescriptor.lambda$invokeTestMethod$7(TestMethodTestDescriptor.java:216)
	at org.junit.platform.engine.support.hierarchical.ThrowableCollector.execute(ThrowableCollector.java:73)
	at org.junit.jupiter.engine.descriptor.TestMethodTestDescriptor.invokeTestMethod(TestMethodTestDescriptor.java:212)
	at org.junit.jupiter.engine.descriptor.TestMethodTestDescriptor.execute(TestMethodTestDescriptor.java:137)
	at org.junit.jupiter.engine.descriptor.TestMethodTestDescriptor.execute(TestMethodTestDescriptor.java:69)
	at org.junit.platform.engine.support.hierarchical.NodeTestTask.lambda$executeRecursively$6(NodeTestTask.java:156)
	at org.junit.platform.engine.support.hierarchical.ThrowableCollector.execute(ThrowableCollector.java:73)
	at org.junit.platform.engine.support.hierarchical.NodeTestTask.lambda$executeRecursively$8(NodeTestTask.java:146)
	at org.junit.platform.engine.support.hierarchical.Node.around(Node.java:137)
	at org.junit.platform.engine.support.hierarchical.NodeTestTask.lambda$executeRecursively$9(NodeTestTask.java:144)
	at org.junit.platform.engine.support.hierarchical.ThrowableCollector.execute(ThrowableCollector.java:73)
	at org.junit.platform.engine.support.hierarchical.NodeTestTask.executeRecursively(NodeTestTask.java:143)
	at org.junit.platform.engine.support.hierarchical.NodeTestTask.execute(NodeTestTask.java:100)
	at java.base/java.util.ArrayList.forEach(ArrayList.java:1596)
	at org.junit.platform.engine.support.hierarchical.SameThreadHierarchicalTestExecutorService.invokeAll(SameThreadHierarchicalTestExecutorService.java:41)
	at org.junit.platform.engine.support.hierarchical.NodeTestTask.lambda$executeRecursively$6(NodeTestTask.java:160)
	at org.junit.platform.engine.support.hierarchical.ThrowableCollector.execute(ThrowableCollector.java:73)
	at org.junit.platform.engine.support.hierarchical.NodeTestTask.lambda$executeRecursively$8(NodeTestTask.java:146)
	at org.junit.platform.engine.support.hierarchical.Node.around(Node.java:137)
	at org.junit.platform.engine.support.hierarchical.NodeTestTask.lambda$executeRecursively$9(NodeTestTask.java:144)
	at org.junit.platform.engine.support.hierarchical.ThrowableCollector.execute(ThrowableCollector.java:73)
	at org.junit.platform.engine.support.hierarchical.NodeTestTask.executeRecursively(NodeTestTask.java:143)
	at org.junit.platform.engine.support.hierarchical.NodeTestTask.execute(NodeTestTask.java:100)
	at java.base/java.util.ArrayList.forEach(ArrayList.java:1596)
	at org.junit.platform.engine.support.hierarchical.SameThreadHierarchicalTestExecutorService.invokeAll(SameThreadHierarchicalTestExecutorService.java:41)
	at org.junit.platform.engine.support.hierarchical.NodeTestTask.lambda$executeRecursively$6(NodeTestTask.java:160)
	at org.junit.platform.engine.support.hierarchical.ThrowableCollector.execute(ThrowableCollector.java:73)
	at org.junit.platform.engine.support.hierarchical.NodeTestTask.lambda$executeRecursively$8(NodeTestTask.java:146)
	at org.junit.platform.engine.support.hierarchical.Node.around(Node.java:137)
	at org.junit.platform.engine.support.hierarchical.NodeTestTask.lambda$executeRecursively$9(NodeTestTask.java:144)
	at org.junit.platform.engine.support.hierarchical.ThrowableCollector.execute(ThrowableCollector.java:73)
	at org.junit.platform.engine.support.hierarchical.NodeTestTask.executeRecursively(NodeTestTask.java:143)
	at org.junit.platform.engine.support.hierarchical.NodeTestTask.execute(NodeTestTask.java:100)
	at org.junit.platform.engine.support.hierarchical.SameThreadHierarchicalTestExecutorService.submit(SameThreadHierarchicalTestExecutorService.java:35)
	at org.junit.platform.engine.support.hierarchical.HierarchicalTestExecutor.execute(HierarchicalTestExecutor.java:57)
	at org.junit.platform.engine.support.hierarchical.HierarchicalTestEngine.execute(HierarchicalTestEngine.java:54)
	at org.junit.platform.launcher.core.EngineExecutionOrchestrator.execute(EngineExecutionOrchestrator.java:201)
	at org.junit.platform.launcher.core.EngineExecutionOrchestrator.execute(EngineExecutionOrchestrator.java:170)
	at org.junit.platform.launcher.core.EngineExecutionOrchestrator.execute(EngineExecutionOrchestrator.java:94)
	at org.junit.platform.launcher.core.EngineExecutionOrchestrator.lambda$execute$0(EngineExecutionOrchestrator.java:59)
	at org.junit.platform.launcher.core.EngineExecutionOrchestrator.withInterceptedStreams(EngineExecutionOrchestrator.java:142)
	at org.junit.platform.launcher.core.EngineExecutionOrchestrator.execute(EngineExecutionOrchestrator.java:58)
	at org.junit.platform.launcher.core.DefaultLauncher.execute(DefaultLauncher.java:103)
	at org.junit.platform.launcher.core.DefaultLauncher.execute(DefaultLauncher.java:85)
	at org.junit.platform.launcher.core.DelegatingLauncher.execute(DelegatingLauncher.java:47)
	at org.junit.platform.launcher.core.InterceptingLauncher.lambda$execute$1(InterceptingLauncher.java:39)
	at org.junit.platform.launcher.core.ClasspathAlignmentCheckingLauncherInterceptor.intercept(ClasspathAlignmentCheckingLauncherInterceptor.java:25)
	at org.junit.platform.launcher.core.InterceptingLauncher.execute(InterceptingLauncher.java:38)
	at org.junit.platform.launcher.core.DelegatingLauncher.execute(DelegatingLauncher.java:47)
	at org.apache.maven.surefire.junitplatform.LauncherAdapter.executeWithoutCancellationToken(LauncherAdapter.java:60)
	at org.apache.maven.surefire.junitplatform.LauncherAdapter.execute(LauncherAdapter.java:52)
	at org.apache.maven.surefire.junitplatform.JUnitPlatformProvider.execute(JUnitPlatformProvider.java:203)
	at org.apache.maven.surefire.junitplatform.JUnitPlatformProvider.invokeAllTests(JUnitPlatformProvider.java:168)
	at org.apache.maven.surefire.junitplatform.JUnitPlatformProvider.invoke(JUnitPlatformProvider.java:136)
	at org.apache.maven.surefire.booter.ForkedBooter.runSuitesInProcess(ForkedBooter.java:385)
	at org.apache.maven.surefire.booter.ForkedBooter.execute(ForkedBooter.java:162)
	at org.apache.maven.surefire.booter.ForkedBooter.run(ForkedBooter.java:507)
	at org.apache.maven.surefire.booter.ForkedBooter.main(ForkedBooter.java:495)
15:52:25.312 [main] WARN com.agilityhub.core.identity.application.CompromisedPasswords -- Compromised password check unavailable; continuing per A2
15:52:25.338 [main] WARN com.agilityhub.core.identity.application.CompromisedPasswords -- Compromised password check unavailable; continuing per A2
15:52:25.339 [main] WARN com.agilityhub.core.identity.application.CompromisedPasswords -- Compromised password check unavailable; continuing per A2
15:52:25.534 [main] WARN com.agilityhub.core.platform.application.ClubConfigService -- ParameterInvalidOverride clubId=club-a key=training.capacityPerRingSlot error=PARAMETER_INVALID
15:52:25.534 [main] WARN com.agilityhub.core.platform.application.ClubConfigService -- ParameterInvalidOverride clubId=club-a key=signup.enabled error=PARAMETER_INVALID
15:52:25.534 [main] WARN com.agilityhub.core.platform.application.ClubConfigService -- ParameterInvalidOverride clubId=club-a key=retired.key error=UNKNOWN_PARAMETER
15:52:25.535 [main] WARN com.agilityhub.core.platform.application.ClubConfigService -- ParameterInvalidOverride clubId=club-a key=training.capacityPerRingSlot error=PARAMETER_INVALID
FREE_TRAINING dependsOn=[] selfService=false MINIM=false CANIC=true
BILLING dependsOn=[] selfService=false MINIM=false CANIC=true
PACKS dependsOn=[BILLING] selfService=false MINIM=false CANIC=true
SINGLE_CLASS dependsOn=[BILLING] selfService=false MINIM=false CANIC=false
ACTIVITIES dependsOn=[] selfService=false MINIM=false CANIC=true
FAMILY_GROUP dependsOn=[] selfService=false MINIM=false CANIC=true
WAITLIST dependsOn=[] selfService=false MINIM=true CANIC=true
TASKS dependsOn=[] selfService=false MINIM=false CANIC=true
FAQ dependsOn=[] selfService=true MINIM=true CANIC=true
SMS dependsOn=[] selfService=false MINIM=false CANIC=true
PUSH dependsOn=[] selfService=true MINIM=true CANIC=true
INACTIVITY dependsOn=[] selfService=false MINIM=false CANIC=true
COURSES dependsOn=[] selfService=false MINIM=false CANIC=true
LEARN_LINK dependsOn=[] selfService=true MINIM=false CANIC=true
STATS dependsOn=[] selfService=false MINIM=false CANIC=false
SOCIAL_LEAGUE dependsOn=[STATS] selfService=false MINIM=false CANIC=false
Audit coverage: ACTIVITY_PUBLISHED -> ActivityIT.T_07_10_publicationCreatesFiveBlocksAndTitleCellsWithAtomicReplay
Audit coverage: ACTIVITY_CANCELLED -> ActivityIT.T_07_13_cancellationNotifiesActiveAndWaitingAndZeroesCounters
Audit coverage: ACTIVITY_UPDATED -> ActivityIT.T_07_10_publicationCreatesFiveBlocksAndTitleCellsWithAtomicReplay
Audit coverage: ACTIVITY_REGISTERED_BY_CLUB -> ActivityIT.T_07_23_impersonationRecordsBothActorsAndClubChangeChannels
Audit coverage: ACTIVITY_REGISTRATION_CANCELLED_BY_CLUB -> ActivityIT.T_07_23_impersonationRecordsBothActorsAndClubChangeChannels
Audit coverage: WEEK_VALIDATED -> CalendarIT.T_06_12_validateAtomicallyAndExposeDraftsOnlyAfterValidation
Audit coverage: CLASS_CANCELLED -> CalendarIT.T_06_14_T_06_15_T_06_34_cancellationRollsBackAndDeliversEveryDogInRecipientLocaleOnce
Audit coverage: CLASS_UPDATED_WITH_BOOKINGS -> CalendarIT.T_06_13_editPresenceCapacityVersionExemptionAndLocalizedChangeNotifications
Audit coverage: CLASS_RISK_EXEMPTION_CHANGED -> CalendarIT.T_06_13_editPresenceCapacityVersionExemptionAndLocalizedChangeNotifications
Audit coverage: RING_BLOCK_CREATED -> CalendarIT.R_14_09_anInstructorsAuditedActionIsStoredBackofficeAndItsEventKeepsInstructor, CalendarIT.T_06_16_T_06_32_ringBlockLifecycleConflictsTimeRulesRolesAndRedaction
Audit coverage: RING_BLOCK_CANCELLED -> CalendarIT.T_06_16_T_06_32_ringBlockLifecycleConflictsTimeRulesRolesAndRedaction
Audit coverage: TEMPLATE_CLASS_DELETED -> PlanningIT.T_06_01_T_06_09_templateCrudCopyNullResetsAuditEventsAndUsage
Audit coverage: TEMPLATE_BAND_DELETED -> PlanningIT.T_06_01_T_06_09_templateCrudCopyNullResetsAuditEventsAndUsage
Audit coverage: MEMBER_VALIDATED -> SignupIT.T_04_17_publicSignupAndValidationAreAtomicOnRealCensusEntities
Audit coverage: SIGNUP_REJECTED -> SignupIT.T_04_19_rejectionCancelsDuePaymentsAndCannotRepeat
Audit coverage: SIGNUP_SUBMITTED -> SignupSecurityFixesIT.R_04_06_R_14_09_theReusedDogsSubmittedValuesAreAuditedLikeTheMembers, SignupSecurityFixesIT.T_04_12_readmissionKeepsTheLeftRecordUntilValidationWhichAppliesTheSubmittedValues
Audit coverage: MEMBER_UPDATED -> CensusIT.T_03_12_memberEditsUseVersionUniquenessAndExactAuditDiff
Audit coverage: SIGNUP_EDITED -> CensusIT.T_03_12_memberEditsUseVersionUniquenessAndExactAuditDiff, SignupIT.T_04_20_pendingEditsEmitSignupEditedAndRejectStaleVersion
Audit coverage: MEMBER_PAYMENT_METHOD_CHANGED -> CensusIT.T_03_13_paymentMethodsAreValidatedAndAlwaysMasked
Audit coverage: MEMBER_STATUS_CHANGED -> CensusIT.T_03_06_T_03_31_memberLeaveDeactivatesDogsAndReactivationKeepsTheirStatus
Audit coverage: BOOKING_CREATED_BY_CLUB -> BookingsIT.T_08_27_impersonatedBookingAndCancellationAreBackofficeAuditedAndNotifiedWithN36
Audit coverage: BOOKING_CANCELLED_BY_CLUB -> BookingsIT.T_08_27_impersonatedBookingAndCancellationAreBackofficeAuditedAndNotifiedWithN36
Audit coverage: BOOKING_CANCELLED_LATE -> BookingsIT.T_08_18_cancellationInTimeLateAndRejectedWithSeatReleaseAndMinimumAlert, BookingsIT.T_08_27_impersonatedBookingAndCancellationAreBackofficeAuditedAndNotifiedWithN36
Audit coverage: TRAINING_BOOKED_BY_CLUB -> TrainingIT.T_09_23_impersonationIsBackofficeAuditedMayOverrideTheLimitAndCancelLateWithAReason
Audit coverage: TRAINING_CANCELLED_BY_CLUB -> TrainingIT.T_09_23_impersonationIsBackofficeAuditedMayOverrideTheLimitAndCancelLateWithAReason
Audit coverage: ATTENDANCE_OVERRIDDEN -> AttendanceIT.T_10_01_anAdminMarksOutsideTheWindowAuditedAndAnInstructorIsRefused
Audit coverage: BOOKING_BLOCK_SET -> CensusIT.T_03_14_bookingBlocksAreReversibleAndRejectDuplicateChanges
Audit coverage: BOOKING_BLOCK_CLEARED -> CensusIT.T_03_14_bookingBlocksAreReversibleAndRejectDuplicateChanges
Audit coverage: ACCESS_RESENT -> CensusIT.T_03_16_accessResendPublishesAndDeliversN27Once
Audit coverage: DOG_UPDATED -> CensusIT.T_03_05_T_03_23_uploadOwnershipFileValidationAndSoftRemoval, FollowupIT.T_10_15_T_10_22_theImpersonatedOwnerCompletesAuditedAndStaffRoutesRejectTheToken, FollowupIT.T_10_17_observationsAreVersionedAuditedAndNeverReachAMember
Audit coverage: DOG_LEVEL_CHANGED -> CensusIT.T_03_19_levelChangeKeepsBookingsAndEmitsNoWarnings, SignupIT.T_04_17_publicSignupAndValidationAreAtomicOnRealCensusEntities
Audit coverage: DOG_FREE_TRAINING_CHANGED -> CensusIT.T_03_20_freeOverrideOnlyEmitsAnEventForEffectiveChanges
Audit coverage: DOG_TRANSFERRED -> CensusIT.T_03_21_transferPreservesDogDataAndClearsSelections
Audit coverage: DOG_DEACTIVATED -> CensusIT.T_03_22_deactivationChecksWaitlistsAndReactivationRequiresAnActiveOwner
Audit coverage: DOG_REACTIVATED -> CensusIT.T_03_22_deactivationChecksWaitlistsAndReactivationRequiresAnActiveOwner
Audit coverage: DOG_DOCUMENT_FILE_REMOVED -> CensusIT.T_03_05_T_03_23_uploadOwnershipFileValidationAndSoftRemoval
Audit coverage: FAMILY_GROUP_CHANGED -> CensusIT.T_03_28_familyMembershipHolderUpdatesAndDissolutionAreAtomic
Audit coverage: MEMBER_ROLES_CHANGED -> TeamIT.T_05_13_createReactivateRolesAndAtomicAudit
Audit coverage: DATA_EXPORTED -> ExportEngineIT.T_14_15_localizedHeadersMaskedValuesDatesAndReadyJobs, UniversalListsIT.T_03_11_exportsMaskFilesAndWriteTransactionalAuditOutbox
Audit coverage: CATALOG_CHANGED -> CatalogsIT.T_05_06_T_05_19_T_05_20_catalogCrudOrderVersionAuditAndOutbox, ClubPagesIT.T_05_CP_05_auditOutboxAndPageWritesCommitAndRollbackTogether, DemoSeedsIT.T_05_21_catalogSeedAppliesExportsUpdatesAndRepeatsWithoutWrites, PlansIT.T_05_02_supersessionResolvesBothBoundariesAndEmitsTwoAtomicChanges, TeamIT.T_05_13_createReactivateRolesAndAtomicAudit
Audit coverage: ANNOUNCEMENT_SENT -> E7PersistenceIT.T_11_18_announcementSentIsAnAuditActionOfTheClub
Audit coverage: MIGRATION_APPLIED -> PlayoffMigrationIT.T_18_01_fixtureIncidentsSplitPeopleAndDogsWithoutSignupRejections
Audit coverage: PLATFORM_ROLES_CHANGED -> PlatformRolesIT.T_17_09_globalReadReplaceAndRemovalAuditOnlyRolePathWithoutDomainEvent
Audit coverage: ONBOARDING_COMPLETED -> OnboardingIT.T_01_26_importedAccountAcceptsOnceWithVersionTimeAndTransactionalAudit
Audit coverage: IMPERSONATION_STARTED -> ImpersonationHandoffIT.T_01_11_claimsMemberViewAuditedMutationAndRevocation
Audit coverage: ACCOUNT_EMAIL_STATUS_CHANGED -> SendGridWebhookIT.T_11_11_T_11_22_engineMailDeliveredSoftAndHardBouncesPerContactAddressAndTheAccountMarkCoexists, SendGridWebhookIT.T_11_22_validSignatureUpdatesAccountAuditAndDeliveryExactlyOnce
Audit coverage: PARAMETER_CHANGED -> AuditedAspectIT.T_14_12_parameterEntryCommitsAtomicallyWithAggregateAndOutboxAndCapturesMetadata, SettingsIT.T_02_03_R_02_04_theD11BlocksFollowTheCatalogAndOnlyTheClubKeysAreEditable, SettingsIT.T_02_08_parameterHistoryAuditOutboxCacheAndVersionedReset
Audit coverage: CLUB_UPDATED -> AuditedAspectIT.T_14_12_manualWriterMasksAndFreezesMutableSnapshotsBeforeCommit, ClubDefinitionsIT.T_02_12_canicMatchesBrandingAndParametersFixturesAndSecondApplyDoesNotWrite, SettingsIT.R_02_02_R_02_06_displayCityIsEditedWithTheClubAndTheTaxIdFollowsTheCountryProfile, SettingsIT.T_02_11_clubProjectionAndAllowlistedUpdatesAuditAndRefreshBranding
Audit coverage: CLUB_MODULES_CHANGED -> AuditedAspectIT.T_14_11_lastChangeUsesLatestTimestampAndSeparatesTenantsAndTargets, SettingsIT.T_02_09_selfServiceModulesAuditOutboxDependenciesAndBranding
Audit coverage: CLUB_STATUS_CHANGED -> AuditedAspectIT.T_14_11_platformEntriesHaveNullClubIdAndExplicitIsolatedQuery
Audit coverage: JOB_TRIGGERED -> JobFrameworkIT.T_15_08_manualTriggerIsAuditedAndRefusedWhileRunning, JobsApiIT.T_15_08_manualTriggerRunsTheProcessEvenSwitchedOffIsAuditedAndGuarded
catalog.yaml parameter keys: 151
CATALEG_PARAMETRES.md expanded effective parameter keys: 151
Markdown grouped keys/jobs expanded; Club binding rows excluded; Annex amendments folded
15:52:28.081 [main] INFO org.springframework.boot.test.context.SpringBootTestContextBootstrapper -- Found @SpringBootConfiguration com.agilityhub.core.CoreApplication for test class com.agilityhub.core.shared.api.HealthControllerTest

  .   ____          _            __ _ _
 /\\ / ___'_ __ _ _(_)_ __  __ _ \ \ \ \
( ( )\___ | '_ | '_| | '_ \/ _` | \ \ \ \
 \\/  ___)| |_)| | | | | || (_| |  ) ) ) )
  '  |____| .__|_| |_|_| |_\__, | / / / /
 =========|_|==============|___/=/_/_/_/

 :: Spring Boot ::               (v3.5.16)

2026-09-30T15:52:28.160+02:00  INFO 52541 --- [agilityhub-core-api] [           main] c.a.c.shared.api.HealthControllerTest    : Starting HealthControllerTest using Java 21.0.12.1 with PID 52541 (started by jordib in /Users/jordib/dev/agilityhub/agilityhub-core-api)
2026-09-30T15:52:28.161+02:00  INFO 52541 --- [agilityhub-core-api] [           main] c.a.c.shared.api.HealthControllerTest    : The following 1 profile is active: "test"
2026-09-30T15:52:28.941+02:00  INFO 52541 --- [agilityhub-core-api] [           main] o.s.b.t.m.w.SpringBootMockServletContext : Initializing Spring TestDispatcherServlet ''
2026-09-30T15:52:28.941+02:00  INFO 52541 --- [agilityhub-core-api] [           main] o.s.t.web.servlet.TestDispatcherServlet  : Initializing Servlet ''
2026-09-30T15:52:28.942+02:00  INFO 52541 --- [agilityhub-core-api] [           main] o.s.t.web.servlet.TestDispatcherServlet  : Completed initialization in 0 ms
2026-09-30T15:52:28.948+02:00  INFO 52541 --- [agilityhub-core-api] [           main] c.a.c.shared.api.HealthControllerTest    : Started HealthControllerTest in 0.847 seconds (process running for 21.568)
2026-09-30T15:52:28.959+02:00  WARN 52541 --- [agilityhub-core-api] [           main] c.a.core.shared.api.HealthController     : Health DOWN: the database did not answer a ping within 1000 ms traceId=fc89a64e-49cb-4169-86d1-9f132afcb01e
2026-09-30T15:52:28.974+02:00  WARN 52541 --- [agilityhub-core-api] [           main] c.a.core.shared.api.ApiExceptionHandler  : Framework request rejected status=404 code=NOT_FOUND traceId=726f30f1-9e7f-4a28-ad3c-d562b6259d94
2026-09-30T15:52:28.989+02:00  WARN 52541 --- [agilityhub-core-api] [           main] c.a.core.shared.api.ApiExceptionHandler  : Framework request rejected status=405 code=METHOD_NOT_ALLOWED traceId=36a7c601-7494-4902-ac4d-f96b625e8f0d
2026-09-30T15:52:29.008+02:00  WARN 52541 --- [agilityhub-core-api] [           main] c.a.core.shared.api.ApiExceptionHandler  : Framework request rejected status=404 code=NOT_FOUND traceId=3e565f82-93ee-4845-80dc-1ec900dba716
2026-09-30T15:52:29.052+02:00  INFO 52541 --- [agilityhub-core-api] [           main] o.s.mock.web.MockServletContext          : Initializing Spring TestDispatcherServlet ''
2026-09-30T15:52:29.052+02:00  INFO 52541 --- [agilityhub-core-api] [           main] o.s.t.web.servlet.TestDispatcherServlet  : Initializing Servlet ''
2026-09-30T15:52:29.052+02:00  INFO 52541 --- [agilityhub-core-api] [           main] o.s.t.web.servlet.TestDispatcherServlet  : Completed initialization in 0 ms
2026-09-30T15:52:29.053+02:00  WARN 52541 --- [agilityhub-core-api] [           main] c.a.core.shared.api.ApiExceptionHandler  : Framework request rejected status=405 code=METHOD_NOT_ALLOWED traceId=56e41d54-50e4-491c-840b-99fc2fdf421e
2026-09-30T15:52:29.058+02:00  WARN 52541 --- [agilityhub-core-api] [           main] c.a.core.shared.api.ApiExceptionHandler  : Framework request rejected code=VALIDATION_ERROR traceId=91c90d67-92d4-464b-ac5d-465b14c4b200
2026-09-30T15:52:29.061+02:00  WARN 52541 --- [agilityhub-core-api] [           main] c.a.core.shared.api.ApiExceptionHandler  : Framework request rejected status=415 code=UNSUPPORTED_MEDIA_TYPE traceId=5e433924-0428-4a50-83cb-e32f289350d0
2026-09-30T15:52:29.062+02:00  WARN 52541 --- [agilityhub-core-api] [           main] c.a.core.shared.api.ApiExceptionHandler  : Framework request rejected status=406 code=NOT_ACCEPTABLE traceId=9c185a36-609f-4323-80c9-ca8fef09a730
2026-09-30T15:52:29.063+02:00  WARN 52541 --- [agilityhub-core-api] [           main] c.a.core.shared.api.ApiExceptionHandler  : Framework request rejected status=400 code=VALIDATION_ERROR traceId=d3e26c4b-2ff5-4020-854e-97eab08a693f
2026-09-30T15:52:29.063+02:00  WARN 52541 --- [agilityhub-core-api] [           main] o.s.web.servlet.PageNotFound             : No mapping for GET /missing
2026-09-30T15:52:29.064+02:00  WARN 52541 --- [agilityhub-core-api] [           main] c.a.core.shared.api.ApiExceptionHandler  : Framework request rejected status=404 code=NOT_FOUND traceId=065a1dc4-789b-4ef6-af6d-215f12654cb7
2026-09-30T15:52:29.064+02:00  WARN 52541 --- [agilityhub-core-api] [           main] c.a.core.shared.api.ApiExceptionHandler  : Framework request rejected code=FILE_TOO_LARGE traceId=ad1695a9-06ab-41e2-afcf-7f69ce0a0650
2026-09-30T15:52:29.069+02:00  INFO 52541 --- [agilityhub-core-api] [           main] o.s.mock.web.MockServletContext          : Initializing Spring TestDispatcherServlet ''
2026-09-30T15:52:29.069+02:00  INFO 52541 --- [agilityhub-core-api] [           main] o.s.t.web.servlet.TestDispatcherServlet  : Initializing Servlet ''
2026-09-30T15:52:29.069+02:00  INFO 52541 --- [agilityhub-core-api] [           main] o.s.t.web.servlet.TestDispatcherServlet  : Completed initialization in 0 ms
2026-09-30T15:52:29.074+02:00  INFO 52541 --- [agilityhub-core-api] [           main] o.s.mock.web.MockServletContext          : Initializing Spring TestDispatcherServlet ''
2026-09-30T15:52:29.074+02:00  INFO 52541 --- [agilityhub-core-api] [           main] o.s.t.web.servlet.TestDispatcherServlet  : Initializing Servlet ''
2026-09-30T15:52:29.074+02:00  INFO 52541 --- [agilityhub-core-api] [           main] o.s.t.web.servlet.TestDispatcherServlet  : Completed initialization in 0 ms
2026-09-30T15:52:29.075+02:00 ERROR 52541 --- [agilityhub-core-api] [           main] c.a.core.shared.api.ApiExceptionHandler  : Unhandled request exception traceId=73acc8d0-5cc7-4add-97ec-7a7eca4ef944

java.lang.IllegalStateException: fictional failure
	at com.agilityhub.core.shared.api.ApiExceptionHandlerTest$TestController.unexpected(ApiExceptionHandlerTest.java:148) ~[test-classes/:na]
	at java.base/jdk.internal.reflect.DirectMethodHandleAccessor.invoke(DirectMethodHandleAccessor.java:103) ~[na:na]
	at java.base/java.lang.reflect.Method.invoke(Method.java:580) ~[na:na]
	at org.springframework.web.method.support.InvocableHandlerMethod.doInvoke(InvocableHandlerMethod.java:258) ~[spring-web-6.2.19.jar:6.2.19]
	at org.springframework.web.method.support.InvocableHandlerMethod.invokeForRequest(InvocableHandlerMethod.java:191) ~[spring-web-6.2.19.jar:6.2.19]
	at org.springframework.web.servlet.mvc.method.annotation.ServletInvocableHandlerMethod.invokeAndHandle(ServletInvocableHandlerMethod.java:118) ~[spring-webmvc-6.2.19.jar:6.2.19]
	at org.springframework.web.servlet.mvc.method.annotation.RequestMappingHandlerAdapter.invokeHandlerMethod(RequestMappingHandlerAdapter.java:991) ~[spring-webmvc-6.2.19.jar:6.2.19]
	at org.springframework.web.servlet.mvc.method.annotation.RequestMappingHandlerAdapter.handleInternal(RequestMappingHandlerAdapter.java:896) ~[spring-webmvc-6.2.19.jar:6.2.19]
	at org.springframework.web.servlet.mvc.method.AbstractHandlerMethodAdapter.handle(AbstractHandlerMethodAdapter.java:87) ~[spring-webmvc-6.2.19.jar:6.2.19]
	at org.springframework.web.servlet.DispatcherServlet.doDispatch(DispatcherServlet.java:1089) ~[spring-webmvc-6.2.19.jar:6.2.19]
	at org.springframework.web.servlet.DispatcherServlet.doService(DispatcherServlet.java:979) ~[spring-webmvc-6.2.19.jar:6.2.19]
	at org.springframework.web.servlet.FrameworkServlet.processRequest(FrameworkServlet.java:1014) ~[spring-webmvc-6.2.19.jar:6.2.19]
	at org.springframework.web.servlet.FrameworkServlet.doGet(FrameworkServlet.java:903) ~[spring-webmvc-6.2.19.jar:6.2.19]
	at jakarta.servlet.http.HttpServlet.service(HttpServlet.java:564) ~[tomcat-embed-core-10.1.55.jar:6.0]
	at org.springframework.web.servlet.FrameworkServlet.service(FrameworkServlet.java:885) ~[spring-webmvc-6.2.19.jar:6.2.19]
	at org.springframework.test.web.servlet.TestDispatcherServlet.service(TestDispatcherServlet.java:72) ~[spring-test-6.2.19.jar:6.2.19]
	at jakarta.servlet.http.HttpServlet.service(HttpServlet.java:658) ~[tomcat-embed-core-10.1.55.jar:6.0]
	at org.springframework.mock.web.MockFilterChain$ServletFilterProxy.doFilter(MockFilterChain.java:165) ~[spring-test-6.2.19.jar:6.2.19]
	at org.springframework.mock.web.MockFilterChain.doFilter(MockFilterChain.java:132) ~[spring-test-6.2.19.jar:6.2.19]
	at com.agilityhub.core.shared.api.RequestTraceFilter.doFilterInternal(RequestTraceFilter.java:32) ~[classes/:na]
	at org.springframework.web.filter.OncePerRequestFilter.doFilter(OncePerRequestFilter.java:116) ~[spring-web-6.2.19.jar:6.2.19]
	at org.springframework.mock.web.MockFilterChain.doFilter(MockFilterChain.java:132) ~[spring-test-6.2.19.jar:6.2.19]
	at org.springframework.test.web.servlet.MockMvc.perform(MockMvc.java:201) ~[spring-test-6.2.19.jar:6.2.19]
	at com.agilityhub.core.shared.api.ApiExceptionHandlerTest.E3_T06_INC02_unhandledFailureLogsOneFullExceptionWithTheResponseTrace(ApiExceptionHandlerTest.java:76) ~[test-classes/:na]
	at java.base/jdk.internal.reflect.DirectMethodHandleAccessor.invoke(DirectMethodHandleAccessor.java:103) ~[na:na]
	at java.base/java.lang.reflect.Method.invoke(Method.java:580) ~[na:na]
	at org.junit.platform.commons.util.ReflectionUtils.invokeMethod(ReflectionUtils.java:775) ~[junit-platform-commons-1.12.2.jar:1.12.2]
	at org.junit.platform.commons.support.ReflectionSupport.invokeMethod(ReflectionSupport.java:479) ~[junit-platform-commons-1.12.2.jar:1.12.2]
	at org.junit.jupiter.engine.execution.MethodInvocation.proceed(MethodInvocation.java:60) ~[junit-jupiter-engine-5.12.2.jar:5.12.2]
	at org.junit.jupiter.engine.execution.InvocationInterceptorChain$ValidatingInvocation.proceed(InvocationInterceptorChain.java:131) ~[junit-jupiter-engine-5.12.2.jar:5.12.2]
	at org.junit.jupiter.params.ArgumentCountValidator.interceptTestTemplateMethod(ArgumentCountValidator.java:45) ~[junit-jupiter-params-5.12.2.jar:5.12.2]
	at org.junit.jupiter.engine.execution.InterceptingExecutableInvoker$ReflectiveInterceptorCall.lambda$ofVoidMethod$0(InterceptingExecutableInvoker.java:112) ~[junit-jupiter-engine-5.12.2.jar:5.12.2]
	at org.junit.jupiter.engine.execution.InterceptingExecutableInvoker.lambda$invoke$0(InterceptingExecutableInvoker.java:94) ~[junit-jupiter-engine-5.12.2.jar:5.12.2]
	at org.junit.jupiter.engine.execution.InvocationInterceptorChain$InterceptedInvocation.proceed(InvocationInterceptorChain.java:106) ~[junit-jupiter-engine-5.12.2.jar:5.12.2]
	at org.junit.jupiter.engine.extension.TimeoutExtension.intercept(TimeoutExtension.java:161) ~[junit-jupiter-engine-5.12.2.jar:5.12.2]
	at org.junit.jupiter.engine.extension.TimeoutExtension.interceptTestableMethod(TimeoutExtension.java:152) ~[junit-jupiter-engine-5.12.2.jar:5.12.2]
	at org.junit.jupiter.engine.extension.TimeoutExtension.interceptTestTemplateMethod(TimeoutExtension.java:99) ~[junit-jupiter-engine-5.12.2.jar:5.12.2]
	at org.junit.jupiter.engine.execution.InterceptingExecutableInvoker$ReflectiveInterceptorCall.lambda$ofVoidMethod$0(InterceptingExecutableInvoker.java:112) ~[junit-jupiter-engine-5.12.2.jar:5.12.2]
	at org.junit.jupiter.engine.execution.InterceptingExecutableInvoker.lambda$invoke$0(InterceptingExecutableInvoker.java:94) ~[junit-jupiter-engine-5.12.2.jar:5.12.2]
	at org.junit.jupiter.engine.execution.InvocationInterceptorChain$InterceptedInvocation.proceed(InvocationInterceptorChain.java:106) ~[junit-jupiter-engine-5.12.2.jar:5.12.2]
	at org.junit.jupiter.engine.execution.InvocationInterceptorChain.proceed(InvocationInterceptorChain.java:64) ~[junit-jupiter-engine-5.12.2.jar:5.12.2]
	at org.junit.jupiter.engine.execution.InvocationInterceptorChain.chainAndInvoke(InvocationInterceptorChain.java:45) ~[junit-jupiter-engine-5.12.2.jar:5.12.2]
	at org.junit.jupiter.engine.execution.InvocationInterceptorChain.invoke(InvocationInterceptorChain.java:37) ~[junit-jupiter-engine-5.12.2.jar:5.12.2]
	at org.junit.jupiter.engine.execution.InterceptingExecutableInvoker.invoke(InterceptingExecutableInvoker.java:93) ~[junit-jupiter-engine-5.12.2.jar:5.12.2]
	at org.junit.jupiter.engine.execution.InterceptingExecutableInvoker.invoke(InterceptingExecutableInvoker.java:87) ~[junit-jupiter-engine-5.12.2.jar:5.12.2]
	at org.junit.jupiter.engine.descriptor.TestMethodTestDescriptor.lambda$invokeTestMethod$7(TestMethodTestDescriptor.java:216) ~[junit-jupiter-engine-5.12.2.jar:5.12.2]
	at org.junit.platform.engine.support.hierarchical.ThrowableCollector.execute(ThrowableCollector.java:73) ~[junit-platform-engine-1.12.2.jar:1.12.2]
	at org.junit.jupiter.engine.descriptor.TestMethodTestDescriptor.invokeTestMethod(TestMethodTestDescriptor.java:212) ~[junit-jupiter-engine-5.12.2.jar:5.12.2]
	at org.junit.jupiter.engine.descriptor.TestMethodTestDescriptor.execute(TestMethodTestDescriptor.java:137) ~[junit-jupiter-engine-5.12.2.jar:5.12.2]
	at org.junit.jupiter.engine.descriptor.TestMethodTestDescriptor.execute(TestMethodTestDescriptor.java:69) ~[junit-jupiter-engine-5.12.2.jar:5.12.2]
	at org.junit.platform.engine.support.hierarchical.NodeTestTask.lambda$executeRecursively$6(NodeTestTask.java:156) ~[junit-platform-engine-1.12.2.jar:1.12.2]
	at org.junit.platform.engine.support.hierarchical.ThrowableCollector.execute(ThrowableCollector.java:73) ~[junit-platform-engine-1.12.2.jar:1.12.2]
	at org.junit.platform.engine.support.hierarchical.NodeTestTask.lambda$executeRecursively$8(NodeTestTask.java:146) ~[junit-platform-engine-1.12.2.jar:1.12.2]
	at org.junit.platform.engine.support.hierarchical.Node.around(Node.java:137) ~[junit-platform-engine-1.12.2.jar:1.12.2]
	at org.junit.platform.engine.support.hierarchical.NodeTestTask.lambda$executeRecursively$9(NodeTestTask.java:144) ~[junit-platform-engine-1.12.2.jar:1.12.2]
	at org.junit.platform.engine.support.hierarchical.ThrowableCollector.execute(ThrowableCollector.java:73) ~[junit-platform-engine-1.12.2.jar:1.12.2]
	at org.junit.platform.engine.support.hierarchical.NodeTestTask.executeRecursively(NodeTestTask.java:143) ~[junit-platform-engine-1.12.2.jar:1.12.2]
	at org.junit.platform.engine.support.hierarchical.NodeTestTask.execute(NodeTestTask.java:100) ~[junit-platform-engine-1.12.2.jar:1.12.2]
	at org.junit.platform.engine.support.hierarchical.SameThreadHierarchicalTestExecutorService.submit(SameThreadHierarchicalTestExecutorService.java:35) ~[junit-platform-engine-1.12.2.jar:1.12.2]
	at org.junit.platform.engine.support.hierarchical.NodeTestTask$DefaultDynamicTestExecutor.execute(NodeTestTask.java:231) ~[junit-platform-engine-1.12.2.jar:1.12.2]
	at org.junit.platform.engine.support.hierarchical.NodeTestTask$DefaultDynamicTestExecutor.execute(NodeTestTask.java:209) ~[junit-platform-engine-1.12.2.jar:1.12.2]
	at org.junit.jupiter.engine.descriptor.TestTemplateTestDescriptor.execute(TestTemplateTestDescriptor.java:157) ~[junit-jupiter-engine-5.12.2.jar:5.12.2]
	at org.junit.jupiter.engine.descriptor.TestTemplateTestDescriptor.lambda$executeForProvider$0(TestTemplateTestDescriptor.java:115) ~[junit-jupiter-engine-5.12.2.jar:5.12.2]
	at java.base/java.util.Optional.ifPresent(Optional.java:178) ~[na:na]
	at org.junit.jupiter.engine.descriptor.TestTemplateTestDescriptor.lambda$executeForProvider$1(TestTemplateTestDescriptor.java:115) ~[junit-jupiter-engine-5.12.2.jar:5.12.2]
	at java.base/java.util.stream.ForEachOps$ForEachOp$OfRef.accept(ForEachOps.java:184) ~[na:na]
	at java.base/java.util.stream.ReferencePipeline$3$1.accept(ReferencePipeline.java:197) ~[na:na]
	at java.base/java.util.stream.ForEachOps$ForEachOp$OfRef.accept(ForEachOps.java:184) ~[na:na]
	at java.base/java.util.ArrayList$ArrayListSpliterator.forEachRemaining(ArrayList.java:1708) ~[na:na]
	at java.base/java.util.stream.ReferencePipeline$Head.forEach(ReferencePipeline.java:762) ~[na:na]
	at java.base/java.util.stream.ReferencePipeline$7$1.accept(ReferencePipeline.java:276) ~[na:na]
	at java.base/java.util.ArrayList$ArrayListSpliterator.forEachRemaining(ArrayList.java:1708) ~[na:na]
	at java.base/java.util.stream.AbstractPipeline.copyInto(AbstractPipeline.java:509) ~[na:na]
	at java.base/java.util.stream.AbstractPipeline.wrapAndCopyInto(AbstractPipeline.java:499) ~[na:na]
	at java.base/java.util.stream.ForEachOps$ForEachOp.evaluateSequential(ForEachOps.java:151) ~[na:na]
	at java.base/java.util.stream.ForEachOps$ForEachOp$OfRef.evaluateSequential(ForEachOps.java:174) ~[na:na]
	at java.base/java.util.stream.AbstractPipeline.evaluate(AbstractPipeline.java:234) ~[na:na]
	at java.base/java.util.stream.ReferencePipeline.forEach(ReferencePipeline.java:596) ~[na:na]
	at java.base/java.util.stream.ReferencePipeline$7$1.accept(ReferencePipeline.java:276) ~[na:na]
	at java.base/java.util.stream.ReferencePipeline$3$1.accept(ReferencePipeline.java:197) ~[na:na]
	at java.base/java.util.stream.ReferencePipeline$3$1.accept(ReferencePipeline.java:197) ~[na:na]
	at java.base/java.util.stream.ReferencePipeline$3$1.accept(ReferencePipeline.java:197) ~[na:na]
	at java.base/java.util.ArrayList$ArrayListSpliterator.forEachRemaining(ArrayList.java:1708) ~[na:na]
	at java.base/java.util.stream.AbstractPipeline.copyInto(AbstractPipeline.java:509) ~[na:na]
	at java.base/java.util.stream.AbstractPipeline.wrapAndCopyInto(AbstractPipeline.java:499) ~[na:na]
	at java.base/java.util.stream.ForEachOps$ForEachOp.evaluateSequential(ForEachOps.java:151) ~[na:na]
	at java.base/java.util.stream.ForEachOps$ForEachOp$OfRef.evaluateSequential(ForEachOps.java:174) ~[na:na]
	at java.base/java.util.stream.AbstractPipeline.evaluate(AbstractPipeline.java:234) ~[na:na]
	at java.base/java.util.stream.ReferencePipeline.forEach(ReferencePipeline.java:596) ~[na:na]
	at org.junit.jupiter.engine.descriptor.TestTemplateTestDescriptor.executeForProvider(TestTemplateTestDescriptor.java:114) ~[junit-jupiter-engine-5.12.2.jar:5.12.2]
	at org.junit.jupiter.engine.descriptor.TestTemplateTestDescriptor.execute(TestTemplateTestDescriptor.java:103) ~[junit-jupiter-engine-5.12.2.jar:5.12.2]
	at org.junit.jupiter.engine.descriptor.TestTemplateTestDescriptor.execute(TestTemplateTestDescriptor.java:43) ~[junit-jupiter-engine-5.12.2.jar:5.12.2]
	at org.junit.platform.engine.support.hierarchical.NodeTestTask.lambda$executeRecursively$6(NodeTestTask.java:156) ~[junit-platform-engine-1.12.2.jar:1.12.2]
	at org.junit.platform.engine.support.hierarchical.ThrowableCollector.execute(ThrowableCollector.java:73) ~[junit-platform-engine-1.12.2.jar:1.12.2]
	at org.junit.platform.engine.support.hierarchical.NodeTestTask.lambda$executeRecursively$8(NodeTestTask.java:146) ~[junit-platform-engine-1.12.2.jar:1.12.2]
	at org.junit.platform.engine.support.hierarchical.Node.around(Node.java:137) ~[junit-platform-engine-1.12.2.jar:1.12.2]
	at org.junit.platform.engine.support.hierarchical.NodeTestTask.lambda$executeRecursively$9(NodeTestTask.java:144) ~[junit-platform-engine-1.12.2.jar:1.12.2]
	at org.junit.platform.engine.support.hierarchical.ThrowableCollector.execute(ThrowableCollector.java:73) ~[junit-platform-engine-1.12.2.jar:1.12.2]
	at org.junit.platform.engine.support.hierarchical.NodeTestTask.executeRecursively(NodeTestTask.java:143) ~[junit-platform-engine-1.12.2.jar:1.12.2]
	at org.junit.platform.engine.support.hierarchical.NodeTestTask.execute(NodeTestTask.java:100) ~[junit-platform-engine-1.12.2.jar:1.12.2]
	at java.base/java.util.ArrayList.forEach(ArrayList.java:1596) ~[na:na]
	at org.junit.platform.engine.support.hierarchical.SameThreadHierarchicalTestExecutorService.invokeAll(SameThreadHierarchicalTestExecutorService.java:41) ~[junit-platform-engine-1.12.2.jar:1.12.2]
	at org.junit.platform.engine.support.hierarchical.NodeTestTask.lambda$executeRecursively$6(NodeTestTask.java:160) ~[junit-platform-engine-1.12.2.jar:1.12.2]
	at org.junit.platform.engine.support.hierarchical.ThrowableCollector.execute(ThrowableCollector.java:73) ~[junit-platform-engine-1.12.2.jar:1.12.2]
	at org.junit.platform.engine.support.hierarchical.NodeTestTask.lambda$executeRecursively$8(NodeTestTask.java:146) ~[junit-platform-engine-1.12.2.jar:1.12.2]
	at org.junit.platform.engine.support.hierarchical.Node.around(Node.java:137) ~[junit-platform-engine-1.12.2.jar:1.12.2]
	at org.junit.platform.engine.support.hierarchical.NodeTestTask.lambda$executeRecursively$9(NodeTestTask.java:144) ~[junit-platform-engine-1.12.2.jar:1.12.2]
	at org.junit.platform.engine.support.hierarchical.ThrowableCollector.execute(ThrowableCollector.java:73) ~[junit-platform-engine-1.12.2.jar:1.12.2]
	at org.junit.platform.engine.support.hierarchical.NodeTestTask.executeRecursively(NodeTestTask.java:143) ~[junit-platform-engine-1.12.2.jar:1.12.2]
	at org.junit.platform.engine.support.hierarchical.NodeTestTask.execute(NodeTestTask.java:100) ~[junit-platform-engine-1.12.2.jar:1.12.2]
	at java.base/java.util.ArrayList.forEach(ArrayList.java:1596) ~[na:na]
	at org.junit.platform.engine.support.hierarchical.SameThreadHierarchicalTestExecutorService.invokeAll(SameThreadHierarchicalTestExecutorService.java:41) ~[junit-platform-engine-1.12.2.jar:1.12.2]
	at org.junit.platform.engine.support.hierarchical.NodeTestTask.lambda$executeRecursively$6(NodeTestTask.java:160) ~[junit-platform-engine-1.12.2.jar:1.12.2]
	at org.junit.platform.engine.support.hierarchical.ThrowableCollector.execute(ThrowableCollector.java:73) ~[junit-platform-engine-1.12.2.jar:1.12.2]
	at org.junit.platform.engine.support.hierarchical.NodeTestTask.lambda$executeRecursively$8(NodeTestTask.java:146) ~[junit-platform-engine-1.12.2.jar:1.12.2]
	at org.junit.platform.engine.support.hierarchical.Node.around(Node.java:137) ~[junit-platform-engine-1.12.2.jar:1.12.2]
	at org.junit.platform.engine.support.hierarchical.NodeTestTask.lambda$executeRecursively$9(NodeTestTask.java:144) ~[junit-platform-engine-1.12.2.jar:1.12.2]
	at org.junit.platform.engine.support.hierarchical.ThrowableCollector.execute(ThrowableCollector.java:73) ~[junit-platform-engine-1.12.2.jar:1.12.2]
	at org.junit.platform.engine.support.hierarchical.NodeTestTask.executeRecursively(NodeTestTask.java:143) ~[junit-platform-engine-1.12.2.jar:1.12.2]
	at org.junit.platform.engine.support.hierarchical.NodeTestTask.execute(NodeTestTask.java:100) ~[junit-platform-engine-1.12.2.jar:1.12.2]
	at org.junit.platform.engine.support.hierarchical.SameThreadHierarchicalTestExecutorService.submit(SameThreadHierarchicalTestExecutorService.java:35) ~[junit-platform-engine-1.12.2.jar:1.12.2]
	at org.junit.platform.engine.support.hierarchical.HierarchicalTestExecutor.execute(HierarchicalTestExecutor.java:57) ~[junit-platform-engine-1.12.2.jar:1.12.2]
	at org.junit.platform.engine.support.hierarchical.HierarchicalTestEngine.execute(HierarchicalTestEngine.java:54) ~[junit-platform-engine-1.12.2.jar:1.12.2]
	at org.junit.platform.launcher.core.EngineExecutionOrchestrator.execute(EngineExecutionOrchestrator.java:201) ~[junit-platform-launcher-1.12.2.jar:1.12.2]
	at org.junit.platform.launcher.core.EngineExecutionOrchestrator.execute(EngineExecutionOrchestrator.java:170) ~[junit-platform-launcher-1.12.2.jar:1.12.2]
	at org.junit.platform.launcher.core.EngineExecutionOrchestrator.execute(EngineExecutionOrchestrator.java:94) ~[junit-platform-launcher-1.12.2.jar:1.12.2]
	at org.junit.platform.launcher.core.EngineExecutionOrchestrator.lambda$execute$0(EngineExecutionOrchestrator.java:59) ~[junit-platform-launcher-1.12.2.jar:1.12.2]
	at org.junit.platform.launcher.core.EngineExecutionOrchestrator.withInterceptedStreams(EngineExecutionOrchestrator.java:142) ~[junit-platform-launcher-1.12.2.jar:1.12.2]
	at org.junit.platform.launcher.core.EngineExecutionOrchestrator.execute(EngineExecutionOrchestrator.java:58) ~[junit-platform-launcher-1.12.2.jar:1.12.2]
	at org.junit.platform.launcher.core.DefaultLauncher.execute(DefaultLauncher.java:103) ~[junit-platform-launcher-1.12.2.jar:1.12.2]
	at org.junit.platform.launcher.core.DefaultLauncher.execute(DefaultLauncher.java:85) ~[junit-platform-launcher-1.12.2.jar:1.12.2]
	at org.junit.platform.launcher.core.DelegatingLauncher.execute(DelegatingLauncher.java:47) ~[junit-platform-launcher-1.12.2.jar:1.12.2]
	at org.junit.platform.launcher.core.InterceptingLauncher.lambda$execute$1(InterceptingLauncher.java:39) ~[junit-platform-launcher-1.12.2.jar:1.12.2]
	at org.junit.platform.launcher.core.ClasspathAlignmentCheckingLauncherInterceptor.intercept(ClasspathAlignmentCheckingLauncherInterceptor.java:25) ~[junit-platform-launcher-1.12.2.jar:1.12.2]
	at org.junit.platform.launcher.core.InterceptingLauncher.execute(InterceptingLauncher.java:38) ~[junit-platform-launcher-1.12.2.jar:1.12.2]
	at org.junit.platform.launcher.core.DelegatingLauncher.execute(DelegatingLauncher.java:47) ~[junit-platform-launcher-1.12.2.jar:1.12.2]
	at org.apache.maven.surefire.junitplatform.LauncherAdapter.executeWithoutCancellationToken(LauncherAdapter.java:60) ~[surefire-junit-platform-3.5.6.jar:3.5.6]
	at org.apache.maven.surefire.junitplatform.LauncherAdapter.execute(LauncherAdapter.java:52) ~[surefire-junit-platform-3.5.6.jar:3.5.6]
	at org.apache.maven.surefire.junitplatform.JUnitPlatformProvider.execute(JUnitPlatformProvider.java:203) ~[surefire-junit-platform-3.5.6.jar:3.5.6]
	at org.apache.maven.surefire.junitplatform.JUnitPlatformProvider.invokeAllTests(JUnitPlatformProvider.java:168) ~[surefire-junit-platform-3.5.6.jar:3.5.6]
	at org.apache.maven.surefire.junitplatform.JUnitPlatformProvider.invoke(JUnitPlatformProvider.java:136) ~[surefire-junit-platform-3.5.6.jar:3.5.6]
	at org.apache.maven.surefire.booter.ForkedBooter.runSuitesInProcess(ForkedBooter.java:385) ~[surefire-booter-3.5.6.jar:3.5.6]
	at org.apache.maven.surefire.booter.ForkedBooter.execute(ForkedBooter.java:162) ~[surefire-booter-3.5.6.jar:3.5.6]
	at org.apache.maven.surefire.booter.ForkedBooter.run(ForkedBooter.java:507) ~[surefire-booter-3.5.6.jar:3.5.6]
	at org.apache.maven.surefire.booter.ForkedBooter.main(ForkedBooter.java:495) ~[surefire-booter-3.5.6.jar:3.5.6]
Caused by: java.lang.IllegalArgumentException: fictional cause
	... 145 common frames omitted

2026-09-30T15:52:29.083+02:00  INFO 52541 --- [agilityhub-core-api] [           main] o.s.mock.web.MockServletContext          : Initializing Spring TestDispatcherServlet ''
2026-09-30T15:52:29.083+02:00  INFO 52541 --- [agilityhub-core-api] [           main] o.s.t.web.servlet.TestDispatcherServlet  : Initializing Servlet ''
2026-09-30T15:52:29.083+02:00  INFO 52541 --- [agilityhub-core-api] [           main] o.s.t.web.servlet.TestDispatcherServlet  : Completed initialization in 0 ms
2026-09-30T15:52:29.084+02:00 ERROR 52541 --- [agilityhub-core-api] [           main] c.a.core.shared.api.ApiExceptionHandler  : Unhandled request exception traceId=15fd1936-153a-4731-8103-fa5d3c2a7e4f

java.lang.IllegalStateException: fictional failure
	at com.agilityhub.core.shared.api.ApiExceptionHandlerTest$TestController.unexpected(ApiExceptionHandlerTest.java:148) ~[test-classes/:na]
	at java.base/jdk.internal.reflect.DirectMethodHandleAccessor.invoke(DirectMethodHandleAccessor.java:103) ~[na:na]
	at java.base/java.lang.reflect.Method.invoke(Method.java:580) ~[na:na]
	at org.springframework.web.method.support.InvocableHandlerMethod.doInvoke(InvocableHandlerMethod.java:258) ~[spring-web-6.2.19.jar:6.2.19]
	at org.springframework.web.method.support.InvocableHandlerMethod.invokeForRequest(InvocableHandlerMethod.java:191) ~[spring-web-6.2.19.jar:6.2.19]
	at org.springframework.web.servlet.mvc.method.annotation.ServletInvocableHandlerMethod.invokeAndHandle(ServletInvocableHandlerMethod.java:118) ~[spring-webmvc-6.2.19.jar:6.2.19]
	at org.springframework.web.servlet.mvc.method.annotation.RequestMappingHandlerAdapter.invokeHandlerMethod(RequestMappingHandlerAdapter.java:991) ~[spring-webmvc-6.2.19.jar:6.2.19]
	at org.springframework.web.servlet.mvc.method.annotation.RequestMappingHandlerAdapter.handleInternal(RequestMappingHandlerAdapter.java:896) ~[spring-webmvc-6.2.19.jar:6.2.19]
	at org.springframework.web.servlet.mvc.method.AbstractHandlerMethodAdapter.handle(AbstractHandlerMethodAdapter.java:87) ~[spring-webmvc-6.2.19.jar:6.2.19]
	at org.springframework.web.servlet.DispatcherServlet.doDispatch(DispatcherServlet.java:1089) ~[spring-webmvc-6.2.19.jar:6.2.19]
	at org.springframework.web.servlet.DispatcherServlet.doService(DispatcherServlet.java:979) ~[spring-webmvc-6.2.19.jar:6.2.19]
	at org.springframework.web.servlet.FrameworkServlet.processRequest(FrameworkServlet.java:1014) ~[spring-webmvc-6.2.19.jar:6.2.19]
	at org.springframework.web.servlet.FrameworkServlet.doGet(FrameworkServlet.java:903) ~[spring-webmvc-6.2.19.jar:6.2.19]
	at jakarta.servlet.http.HttpServlet.service(HttpServlet.java:564) ~[tomcat-embed-core-10.1.55.jar:6.0]
	at org.springframework.web.servlet.FrameworkServlet.service(FrameworkServlet.java:885) ~[spring-webmvc-6.2.19.jar:6.2.19]
	at org.springframework.test.web.servlet.TestDispatcherServlet.service(TestDispatcherServlet.java:72) ~[spring-test-6.2.19.jar:6.2.19]
	at jakarta.servlet.http.HttpServlet.service(HttpServlet.java:658) ~[tomcat-embed-core-10.1.55.jar:6.0]
	at org.springframework.mock.web.MockFilterChain$ServletFilterProxy.doFilter(MockFilterChain.java:165) ~[spring-test-6.2.19.jar:6.2.19]
	at org.springframework.mock.web.MockFilterChain.doFilter(MockFilterChain.java:132) ~[spring-test-6.2.19.jar:6.2.19]
	at com.agilityhub.core.shared.api.RequestTraceFilter.doFilterInternal(RequestTraceFilter.java:32) ~[classes/:na]
	at org.springframework.web.filter.OncePerRequestFilter.doFilter(OncePerRequestFilter.java:116) ~[spring-web-6.2.19.jar:6.2.19]
	at org.springframework.mock.web.MockFilterChain.doFilter(MockFilterChain.java:132) ~[spring-test-6.2.19.jar:6.2.19]
	at org.springframework.test.web.servlet.MockMvc.perform(MockMvc.java:201) ~[spring-test-6.2.19.jar:6.2.19]
	at com.agilityhub.core.shared.api.ApiExceptionHandlerTest.E3_T06_INC02_unhandledFailureLogsOneFullExceptionWithTheResponseTrace(ApiExceptionHandlerTest.java:76) ~[test-classes/:na]
	at java.base/jdk.internal.reflect.DirectMethodHandleAccessor.invoke(DirectMethodHandleAccessor.java:103) ~[na:na]
	at java.base/java.lang.reflect.Method.invoke(Method.java:580) ~[na:na]
	at org.junit.platform.commons.util.ReflectionUtils.invokeMethod(ReflectionUtils.java:775) ~[junit-platform-commons-1.12.2.jar:1.12.2]
	at org.junit.platform.commons.support.ReflectionSupport.invokeMethod(ReflectionSupport.java:479) ~[junit-platform-commons-1.12.2.jar:1.12.2]
	at org.junit.jupiter.engine.execution.MethodInvocation.proceed(MethodInvocation.java:60) ~[junit-jupiter-engine-5.12.2.jar:5.12.2]
	at org.junit.jupiter.engine.execution.InvocationInterceptorChain$ValidatingInvocation.proceed(InvocationInterceptorChain.java:131) ~[junit-jupiter-engine-5.12.2.jar:5.12.2]
	at org.junit.jupiter.params.ArgumentCountValidator.interceptTestTemplateMethod(ArgumentCountValidator.java:45) ~[junit-jupiter-params-5.12.2.jar:5.12.2]
	at org.junit.jupiter.engine.execution.InterceptingExecutableInvoker$ReflectiveInterceptorCall.lambda$ofVoidMethod$0(InterceptingExecutableInvoker.java:112) ~[junit-jupiter-engine-5.12.2.jar:5.12.2]
	at org.junit.jupiter.engine.execution.InterceptingExecutableInvoker.lambda$invoke$0(InterceptingExecutableInvoker.java:94) ~[junit-jupiter-engine-5.12.2.jar:5.12.2]
	at org.junit.jupiter.engine.execution.InvocationInterceptorChain$InterceptedInvocation.proceed(InvocationInterceptorChain.java:106) ~[junit-jupiter-engine-5.12.2.jar:5.12.2]
	at org.junit.jupiter.engine.extension.TimeoutExtension.intercept(TimeoutExtension.java:161) ~[junit-jupiter-engine-5.12.2.jar:5.12.2]
	at org.junit.jupiter.engine.extension.TimeoutExtension.interceptTestableMethod(TimeoutExtension.java:152) ~[junit-jupiter-engine-5.12.2.jar:5.12.2]
	at org.junit.jupiter.engine.extension.TimeoutExtension.interceptTestTemplateMethod(TimeoutExtension.java:99) ~[junit-jupiter-engine-5.12.2.jar:5.12.2]
	at org.junit.jupiter.engine.execution.InterceptingExecutableInvoker$ReflectiveInterceptorCall.lambda$ofVoidMethod$0(InterceptingExecutableInvoker.java:112) ~[junit-jupiter-engine-5.12.2.jar:5.12.2]
	at org.junit.jupiter.engine.execution.InterceptingExecutableInvoker.lambda$invoke$0(InterceptingExecutableInvoker.java:94) ~[junit-jupiter-engine-5.12.2.jar:5.12.2]
	at org.junit.jupiter.engine.execution.InvocationInterceptorChain$InterceptedInvocation.proceed(InvocationInterceptorChain.java:106) ~[junit-jupiter-engine-5.12.2.jar:5.12.2]
	at org.junit.jupiter.engine.execution.InvocationInterceptorChain.proceed(InvocationInterceptorChain.java:64) ~[junit-jupiter-engine-5.12.2.jar:5.12.2]
	at org.junit.jupiter.engine.execution.InvocationInterceptorChain.chainAndInvoke(InvocationInterceptorChain.java:45) ~[junit-jupiter-engine-5.12.2.jar:5.12.2]
	at org.junit.jupiter.engine.execution.InvocationInterceptorChain.invoke(InvocationInterceptorChain.java:37) ~[junit-jupiter-engine-5.12.2.jar:5.12.2]
	at org.junit.jupiter.engine.execution.InterceptingExecutableInvoker.invoke(InterceptingExecutableInvoker.java:93) ~[junit-jupiter-engine-5.12.2.jar:5.12.2]
	at org.junit.jupiter.engine.execution.InterceptingExecutableInvoker.invoke(InterceptingExecutableInvoker.java:87) ~[junit-jupiter-engine-5.12.2.jar:5.12.2]
	at org.junit.jupiter.engine.descriptor.TestMethodTestDescriptor.lambda$invokeTestMethod$7(TestMethodTestDescriptor.java:216) ~[junit-jupiter-engine-5.12.2.jar:5.12.2]
	at org.junit.platform.engine.support.hierarchical.ThrowableCollector.execute(ThrowableCollector.java:73) ~[junit-platform-engine-1.12.2.jar:1.12.2]
	at org.junit.jupiter.engine.descriptor.TestMethodTestDescriptor.invokeTestMethod(TestMethodTestDescriptor.java:212) ~[junit-jupiter-engine-5.12.2.jar:5.12.2]
	at org.junit.jupiter.engine.descriptor.TestMethodTestDescriptor.execute(TestMethodTestDescriptor.java:137) ~[junit-jupiter-engine-5.12.2.jar:5.12.2]
	at org.junit.jupiter.engine.descriptor.TestMethodTestDescriptor.execute(TestMethodTestDescriptor.java:69) ~[junit-jupiter-engine-5.12.2.jar:5.12.2]
	at org.junit.platform.engine.support.hierarchical.NodeTestTask.lambda$executeRecursively$6(NodeTestTask.java:156) ~[junit-platform-engine-1.12.2.jar:1.12.2]
	at org.junit.platform.engine.support.hierarchical.ThrowableCollector.execute(ThrowableCollector.java:73) ~[junit-platform-engine-1.12.2.jar:1.12.2]
	at org.junit.platform.engine.support.hierarchical.NodeTestTask.lambda$executeRecursively$8(NodeTestTask.java:146) ~[junit-platform-engine-1.12.2.jar:1.12.2]
	at org.junit.platform.engine.support.hierarchical.Node.around(Node.java:137) ~[junit-platform-engine-1.12.2.jar:1.12.2]
	at org.junit.platform.engine.support.hierarchical.NodeTestTask.lambda$executeRecursively$9(NodeTestTask.java:144) ~[junit-platform-engine-1.12.2.jar:1.12.2]
	at org.junit.platform.engine.support.hierarchical.ThrowableCollector.execute(ThrowableCollector.java:73) ~[junit-platform-engine-1.12.2.jar:1.12.2]
	at org.junit.platform.engine.support.hierarchical.NodeTestTask.executeRecursively(NodeTestTask.java:143) ~[junit-platform-engine-1.12.2.jar:1.12.2]
	at org.junit.platform.engine.support.hierarchical.NodeTestTask.execute(NodeTestTask.java:100) ~[junit-platform-engine-1.12.2.jar:1.12.2]
	at org.junit.platform.engine.support.hierarchical.SameThreadHierarchicalTestExecutorService.submit(SameThreadHierarchicalTestExecutorService.java:35) ~[junit-platform-engine-1.12.2.jar:1.12.2]
	at org.junit.platform.engine.support.hierarchical.NodeTestTask$DefaultDynamicTestExecutor.execute(NodeTestTask.java:231) ~[junit-platform-engine-1.12.2.jar:1.12.2]
	at org.junit.platform.engine.support.hierarchical.NodeTestTask$DefaultDynamicTestExecutor.execute(NodeTestTask.java:209) ~[junit-platform-engine-1.12.2.jar:1.12.2]
	at org.junit.jupiter.engine.descriptor.TestTemplateTestDescriptor.execute(TestTemplateTestDescriptor.java:157) ~[junit-jupiter-engine-5.12.2.jar:5.12.2]
	at org.junit.jupiter.engine.descriptor.TestTemplateTestDescriptor.lambda$executeForProvider$0(TestTemplateTestDescriptor.java:115) ~[junit-jupiter-engine-5.12.2.jar:5.12.2]
	at java.base/java.util.Optional.ifPresent(Optional.java:178) ~[na:na]
	at org.junit.jupiter.engine.descriptor.TestTemplateTestDescriptor.lambda$executeForProvider$1(TestTemplateTestDescriptor.java:115) ~[junit-jupiter-engine-5.12.2.jar:5.12.2]
	at java.base/java.util.stream.ForEachOps$ForEachOp$OfRef.accept(ForEachOps.java:184) ~[na:na]
	at java.base/java.util.stream.ReferencePipeline$3$1.accept(ReferencePipeline.java:197) ~[na:na]
	at java.base/java.util.stream.ForEachOps$ForEachOp$OfRef.accept(ForEachOps.java:184) ~[na:na]
	at java.base/java.util.ArrayList$ArrayListSpliterator.forEachRemaining(ArrayList.java:1708) ~[na:na]
	at java.base/java.util.stream.ReferencePipeline$Head.forEach(ReferencePipeline.java:762) ~[na:na]
	at java.base/java.util.stream.ReferencePipeline$7$1.accept(ReferencePipeline.java:276) ~[na:na]
	at java.base/java.util.ArrayList$ArrayListSpliterator.forEachRemaining(ArrayList.java:1708) ~[na:na]
	at java.base/java.util.stream.AbstractPipeline.copyInto(AbstractPipeline.java:509) ~[na:na]
	at java.base/java.util.stream.AbstractPipeline.wrapAndCopyInto(AbstractPipeline.java:499) ~[na:na]
	at java.base/java.util.stream.ForEachOps$ForEachOp.evaluateSequential(ForEachOps.java:151) ~[na:na]
	at java.base/java.util.stream.ForEachOps$ForEachOp$OfRef.evaluateSequential(ForEachOps.java:174) ~[na:na]
	at java.base/java.util.stream.AbstractPipeline.evaluate(AbstractPipeline.java:234) ~[na:na]
	at java.base/java.util.stream.ReferencePipeline.forEach(ReferencePipeline.java:596) ~[na:na]
	at java.base/java.util.stream.ReferencePipeline$7$1.accept(ReferencePipeline.java:276) ~[na:na]
	at java.base/java.util.stream.ReferencePipeline$3$1.accept(ReferencePipeline.java:197) ~[na:na]
	at java.base/java.util.stream.ReferencePipeline$3$1.accept(ReferencePipeline.java:197) ~[na:na]
	at java.base/java.util.stream.ReferencePipeline$3$1.accept(ReferencePipeline.java:197) ~[na:na]
	at java.base/java.util.ArrayList$ArrayListSpliterator.forEachRemaining(ArrayList.java:1708) ~[na:na]
	at java.base/java.util.stream.AbstractPipeline.copyInto(AbstractPipeline.java:509) ~[na:na]
	at java.base/java.util.stream.AbstractPipeline.wrapAndCopyInto(AbstractPipeline.java:499) ~[na:na]
	at java.base/java.util.stream.ForEachOps$ForEachOp.evaluateSequential(ForEachOps.java:151) ~[na:na]
	at java.base/java.util.stream.ForEachOps$ForEachOp$OfRef.evaluateSequential(ForEachOps.java:174) ~[na:na]
	at java.base/java.util.stream.AbstractPipeline.evaluate(AbstractPipeline.java:234) ~[na:na]
	at java.base/java.util.stream.ReferencePipeline.forEach(ReferencePipeline.java:596) ~[na:na]
	at org.junit.jupiter.engine.descriptor.TestTemplateTestDescriptor.executeForProvider(TestTemplateTestDescriptor.java:114) ~[junit-jupiter-engine-5.12.2.jar:5.12.2]
	at org.junit.jupiter.engine.descriptor.TestTemplateTestDescriptor.execute(TestTemplateTestDescriptor.java:103) ~[junit-jupiter-engine-5.12.2.jar:5.12.2]
	at org.junit.jupiter.engine.descriptor.TestTemplateTestDescriptor.execute(TestTemplateTestDescriptor.java:43) ~[junit-jupiter-engine-5.12.2.jar:5.12.2]
	at org.junit.platform.engine.support.hierarchical.NodeTestTask.lambda$executeRecursively$6(NodeTestTask.java:156) ~[junit-platform-engine-1.12.2.jar:1.12.2]
	at org.junit.platform.engine.support.hierarchical.ThrowableCollector.execute(ThrowableCollector.java:73) ~[junit-platform-engine-1.12.2.jar:1.12.2]
	at org.junit.platform.engine.support.hierarchical.NodeTestTask.lambda$executeRecursively$8(NodeTestTask.java:146) ~[junit-platform-engine-1.12.2.jar:1.12.2]
	at org.junit.platform.engine.support.hierarchical.Node.around(Node.java:137) ~[junit-platform-engine-1.12.2.jar:1.12.2]
	at org.junit.platform.engine.support.hierarchical.NodeTestTask.lambda$executeRecursively$9(NodeTestTask.java:144) ~[junit-platform-engine-1.12.2.jar:1.12.2]
	at org.junit.platform.engine.support.hierarchical.ThrowableCollector.execute(ThrowableCollector.java:73) ~[junit-platform-engine-1.12.2.jar:1.12.2]
	at org.junit.platform.engine.support.hierarchical.NodeTestTask.executeRecursively(NodeTestTask.java:143) ~[junit-platform-engine-1.12.2.jar:1.12.2]
	at org.junit.platform.engine.support.hierarchical.NodeTestTask.execute(NodeTestTask.java:100) ~[junit-platform-engine-1.12.2.jar:1.12.2]
	at java.base/java.util.ArrayList.forEach(ArrayList.java:1596) ~[na:na]
	at org.junit.platform.engine.support.hierarchical.SameThreadHierarchicalTestExecutorService.invokeAll(SameThreadHierarchicalTestExecutorService.java:41) ~[junit-platform-engine-1.12.2.jar:1.12.2]
	at org.junit.platform.engine.support.hierarchical.NodeTestTask.lambda$executeRecursively$6(NodeTestTask.java:160) ~[junit-platform-engine-1.12.2.jar:1.12.2]
	at org.junit.platform.engine.support.hierarchical.ThrowableCollector.execute(ThrowableCollector.java:73) ~[junit-platform-engine-1.12.2.jar:1.12.2]
	at org.junit.platform.engine.support.hierarchical.NodeTestTask.lambda$executeRecursively$8(NodeTestTask.java:146) ~[junit-platform-engine-1.12.2.jar:1.12.2]
	at org.junit.platform.engine.support.hierarchical.Node.around(Node.java:137) ~[junit-platform-engine-1.12.2.jar:1.12.2]
	at org.junit.platform.engine.support.hierarchical.NodeTestTask.lambda$executeRecursively$9(NodeTestTask.java:144) ~[junit-platform-engine-1.12.2.jar:1.12.2]
	at org.junit.platform.engine.support.hierarchical.ThrowableCollector.execute(ThrowableCollector.java:73) ~[junit-platform-engine-1.12.2.jar:1.12.2]
	at org.junit.platform.engine.support.hierarchical.NodeTestTask.executeRecursively(NodeTestTask.java:143) ~[junit-platform-engine-1.12.2.jar:1.12.2]
	at org.junit.platform.engine.support.hierarchical.NodeTestTask.execute(NodeTestTask.java:100) ~[junit-platform-engine-1.12.2.jar:1.12.2]
	at java.base/java.util.ArrayList.forEach(ArrayList.java:1596) ~[na:na]
	at org.junit.platform.engine.support.hierarchical.SameThreadHierarchicalTestExecutorService.invokeAll(SameThreadHierarchicalTestExecutorService.java:41) ~[junit-platform-engine-1.12.2.jar:1.12.2]
	at org.junit.platform.engine.support.hierarchical.NodeTestTask.lambda$executeRecursively$6(NodeTestTask.java:160) ~[junit-platform-engine-1.12.2.jar:1.12.2]
	at org.junit.platform.engine.support.hierarchical.ThrowableCollector.execute(ThrowableCollector.java:73) ~[junit-platform-engine-1.12.2.jar:1.12.2]
	at org.junit.platform.engine.support.hierarchical.NodeTestTask.lambda$executeRecursively$8(NodeTestTask.java:146) ~[junit-platform-engine-1.12.2.jar:1.12.2]
	at org.junit.platform.engine.support.hierarchical.Node.around(Node.java:137) ~[junit-platform-engine-1.12.2.jar:1.12.2]
	at org.junit.platform.engine.support.hierarchical.NodeTestTask.lambda$executeRecursively$9(NodeTestTask.java:144) ~[junit-platform-engine-1.12.2.jar:1.12.2]
	at org.junit.platform.engine.support.hierarchical.ThrowableCollector.execute(ThrowableCollector.java:73) ~[junit-platform-engine-1.12.2.jar:1.12.2]
	at org.junit.platform.engine.support.hierarchical.NodeTestTask.executeRecursively(NodeTestTask.java:143) ~[junit-platform-engine-1.12.2.jar:1.12.2]
	at org.junit.platform.engine.support.hierarchical.NodeTestTask.execute(NodeTestTask.java:100) ~[junit-platform-engine-1.12.2.jar:1.12.2]
	at org.junit.platform.engine.support.hierarchical.SameThreadHierarchicalTestExecutorService.submit(SameThreadHierarchicalTestExecutorService.java:35) ~[junit-platform-engine-1.12.2.jar:1.12.2]
	at org.junit.platform.engine.support.hierarchical.HierarchicalTestExecutor.execute(HierarchicalTestExecutor.java:57) ~[junit-platform-engine-1.12.2.jar:1.12.2]
	at org.junit.platform.engine.support.hierarchical.HierarchicalTestEngine.execute(HierarchicalTestEngine.java:54) ~[junit-platform-engine-1.12.2.jar:1.12.2]
	at org.junit.platform.launcher.core.EngineExecutionOrchestrator.execute(EngineExecutionOrchestrator.java:201) ~[junit-platform-launcher-1.12.2.jar:1.12.2]
	at org.junit.platform.launcher.core.EngineExecutionOrchestrator.execute(EngineExecutionOrchestrator.java:170) ~[junit-platform-launcher-1.12.2.jar:1.12.2]
	at org.junit.platform.launcher.core.EngineExecutionOrchestrator.execute(EngineExecutionOrchestrator.java:94) ~[junit-platform-launcher-1.12.2.jar:1.12.2]
	at org.junit.platform.launcher.core.EngineExecutionOrchestrator.lambda$execute$0(EngineExecutionOrchestrator.java:59) ~[junit-platform-launcher-1.12.2.jar:1.12.2]
	at org.junit.platform.launcher.core.EngineExecutionOrchestrator.withInterceptedStreams(EngineExecutionOrchestrator.java:142) ~[junit-platform-launcher-1.12.2.jar:1.12.2]
	at org.junit.platform.launcher.core.EngineExecutionOrchestrator.execute(EngineExecutionOrchestrator.java:58) ~[junit-platform-launcher-1.12.2.jar:1.12.2]
	at org.junit.platform.launcher.core.DefaultLauncher.execute(DefaultLauncher.java:103) ~[junit-platform-launcher-1.12.2.jar:1.12.2]
	at org.junit.platform.launcher.core.DefaultLauncher.execute(DefaultLauncher.java:85) ~[junit-platform-launcher-1.12.2.jar:1.12.2]
	at org.junit.platform.launcher.core.DelegatingLauncher.execute(DelegatingLauncher.java:47) ~[junit-platform-launcher-1.12.2.jar:1.12.2]
	at org.junit.platform.launcher.core.InterceptingLauncher.lambda$execute$1(InterceptingLauncher.java:39) ~[junit-platform-launcher-1.12.2.jar:1.12.2]
	at org.junit.platform.launcher.core.ClasspathAlignmentCheckingLauncherInterceptor.intercept(ClasspathAlignmentCheckingLauncherInterceptor.java:25) ~[junit-platform-launcher-1.12.2.jar:1.12.2]
	at org.junit.platform.launcher.core.InterceptingLauncher.execute(InterceptingLauncher.java:38) ~[junit-platform-launcher-1.12.2.jar:1.12.2]
	at org.junit.platform.launcher.core.DelegatingLauncher.execute(DelegatingLauncher.java:47) ~[junit-platform-launcher-1.12.2.jar:1.12.2]
	at org.apache.maven.surefire.junitplatform.LauncherAdapter.executeWithoutCancellationToken(LauncherAdapter.java:60) ~[surefire-junit-platform-3.5.6.jar:3.5.6]
	at org.apache.maven.surefire.junitplatform.LauncherAdapter.execute(LauncherAdapter.java:52) ~[surefire-junit-platform-3.5.6.jar:3.5.6]
	at org.apache.maven.surefire.junitplatform.JUnitPlatformProvider.execute(JUnitPlatformProvider.java:203) ~[surefire-junit-platform-3.5.6.jar:3.5.6]
	at org.apache.maven.surefire.junitplatform.JUnitPlatformProvider.invokeAllTests(JUnitPlatformProvider.java:168) ~[surefire-junit-platform-3.5.6.jar:3.5.6]
	at org.apache.maven.surefire.junitplatform.JUnitPlatformProvider.invoke(JUnitPlatformProvider.java:136) ~[surefire-junit-platform-3.5.6.jar:3.5.6]
	at org.apache.maven.surefire.booter.ForkedBooter.runSuitesInProcess(ForkedBooter.java:385) ~[surefire-booter-3.5.6.jar:3.5.6]
	at org.apache.maven.surefire.booter.ForkedBooter.execute(ForkedBooter.java:162) ~[surefire-booter-3.5.6.jar:3.5.6]
	at org.apache.maven.surefire.booter.ForkedBooter.run(ForkedBooter.java:507) ~[surefire-booter-3.5.6.jar:3.5.6]
	at org.apache.maven.surefire.booter.ForkedBooter.main(ForkedBooter.java:495) ~[surefire-booter-3.5.6.jar:3.5.6]
Caused by: java.lang.IllegalArgumentException: fictional cause
	... 145 common frames omitted

2026-09-30T15:52:29.090+02:00  INFO 52541 --- [agilityhub-core-api] [           main] o.s.mock.web.MockServletContext          : Initializing Spring TestDispatcherServlet ''
2026-09-30T15:52:29.091+02:00  INFO 52541 --- [agilityhub-core-api] [           main] o.s.t.web.servlet.TestDispatcherServlet  : Initializing Servlet ''
2026-09-30T15:52:29.091+02:00  INFO 52541 --- [agilityhub-core-api] [           main] o.s.t.web.servlet.TestDispatcherServlet  : Completed initialization in 0 ms
2026-09-30T15:52:29.091+02:00 ERROR 52541 --- [agilityhub-core-api] [           main] c.a.core.shared.api.ApiExceptionHandler  : Unhandled request exception traceId=ba7652c5-3d59-4814-8001-2d50c3f99131

java.lang.IllegalStateException: fictional failure
	at com.agilityhub.core.shared.api.ApiExceptionHandlerTest$TestController.unexpected(ApiExceptionHandlerTest.java:148) ~[test-classes/:na]
	at java.base/jdk.internal.reflect.DirectMethodHandleAccessor.invoke(DirectMethodHandleAccessor.java:103) ~[na:na]
	at java.base/java.lang.reflect.Method.invoke(Method.java:580) ~[na:na]
	at org.springframework.web.method.support.InvocableHandlerMethod.doInvoke(InvocableHandlerMethod.java:258) ~[spring-web-6.2.19.jar:6.2.19]
	at org.springframework.web.method.support.InvocableHandlerMethod.invokeForRequest(InvocableHandlerMethod.java:191) ~[spring-web-6.2.19.jar:6.2.19]
	at org.springframework.web.servlet.mvc.method.annotation.ServletInvocableHandlerMethod.invokeAndHandle(ServletInvocableHandlerMethod.java:118) ~[spring-webmvc-6.2.19.jar:6.2.19]
	at org.springframework.web.servlet.mvc.method.annotation.RequestMappingHandlerAdapter.invokeHandlerMethod(RequestMappingHandlerAdapter.java:991) ~[spring-webmvc-6.2.19.jar:6.2.19]
	at org.springframework.web.servlet.mvc.method.annotation.RequestMappingHandlerAdapter.handleInternal(RequestMappingHandlerAdapter.java:896) ~[spring-webmvc-6.2.19.jar:6.2.19]
	at org.springframework.web.servlet.mvc.method.AbstractHandlerMethodAdapter.handle(AbstractHandlerMethodAdapter.java:87) ~[spring-webmvc-6.2.19.jar:6.2.19]
	at org.springframework.web.servlet.DispatcherServlet.doDispatch(DispatcherServlet.java:1089) ~[spring-webmvc-6.2.19.jar:6.2.19]
	at org.springframework.web.servlet.DispatcherServlet.doService(DispatcherServlet.java:979) ~[spring-webmvc-6.2.19.jar:6.2.19]
	at org.springframework.web.servlet.FrameworkServlet.processRequest(FrameworkServlet.java:1014) ~[spring-webmvc-6.2.19.jar:6.2.19]
	at org.springframework.web.servlet.FrameworkServlet.doGet(FrameworkServlet.java:903) ~[spring-webmvc-6.2.19.jar:6.2.19]
	at jakarta.servlet.http.HttpServlet.service(HttpServlet.java:564) ~[tomcat-embed-core-10.1.55.jar:6.0]
	at org.springframework.web.servlet.FrameworkServlet.service(FrameworkServlet.java:885) ~[spring-webmvc-6.2.19.jar:6.2.19]
	at org.springframework.test.web.servlet.TestDispatcherServlet.service(TestDispatcherServlet.java:72) ~[spring-test-6.2.19.jar:6.2.19]
	at jakarta.servlet.http.HttpServlet.service(HttpServlet.java:658) ~[tomcat-embed-core-10.1.55.jar:6.0]
	at org.springframework.mock.web.MockFilterChain$ServletFilterProxy.doFilter(MockFilterChain.java:165) ~[spring-test-6.2.19.jar:6.2.19]
	at org.springframework.mock.web.MockFilterChain.doFilter(MockFilterChain.java:132) ~[spring-test-6.2.19.jar:6.2.19]
	at com.agilityhub.core.shared.api.RequestTraceFilter.doFilterInternal(RequestTraceFilter.java:32) ~[classes/:na]
	at org.springframework.web.filter.OncePerRequestFilter.doFilter(OncePerRequestFilter.java:116) ~[spring-web-6.2.19.jar:6.2.19]
	at org.springframework.mock.web.MockFilterChain.doFilter(MockFilterChain.java:132) ~[spring-test-6.2.19.jar:6.2.19]
	at org.springframework.test.web.servlet.MockMvc.perform(MockMvc.java:201) ~[spring-test-6.2.19.jar:6.2.19]
	at com.agilityhub.core.shared.api.ApiExceptionHandlerTest.E3_T06_INC02_unhandledFailureLogsOneFullExceptionWithTheResponseTrace(ApiExceptionHandlerTest.java:76) ~[test-classes/:na]
	at java.base/jdk.internal.reflect.DirectMethodHandleAccessor.invoke(DirectMethodHandleAccessor.java:103) ~[na:na]
	at java.base/java.lang.reflect.Method.invoke(Method.java:580) ~[na:na]
	at org.junit.platform.commons.util.ReflectionUtils.invokeMethod(ReflectionUtils.java:775) ~[junit-platform-commons-1.12.2.jar:1.12.2]
	at org.junit.platform.commons.support.ReflectionSupport.invokeMethod(ReflectionSupport.java:479) ~[junit-platform-commons-1.12.2.jar:1.12.2]
	at org.junit.jupiter.engine.execution.MethodInvocation.proceed(MethodInvocation.java:60) ~[junit-jupiter-engine-5.12.2.jar:5.12.2]
	at org.junit.jupiter.engine.execution.InvocationInterceptorChain$ValidatingInvocation.proceed(InvocationInterceptorChain.java:131) ~[junit-jupiter-engine-5.12.2.jar:5.12.2]
	at org.junit.jupiter.params.ArgumentCountValidator.interceptTestTemplateMethod(ArgumentCountValidator.java:45) ~[junit-jupiter-params-5.12.2.jar:5.12.2]
	at org.junit.jupiter.engine.execution.InterceptingExecutableInvoker$ReflectiveInterceptorCall.lambda$ofVoidMethod$0(InterceptingExecutableInvoker.java:112) ~[junit-jupiter-engine-5.12.2.jar:5.12.2]
	at org.junit.jupiter.engine.execution.InterceptingExecutableInvoker.lambda$invoke$0(InterceptingExecutableInvoker.java:94) ~[junit-jupiter-engine-5.12.2.jar:5.12.2]
	at org.junit.jupiter.engine.execution.InvocationInterceptorChain$InterceptedInvocation.proceed(InvocationInterceptorChain.java:106) ~[junit-jupiter-engine-5.12.2.jar:5.12.2]
	at org.junit.jupiter.engine.extension.TimeoutExtension.intercept(TimeoutExtension.java:161) ~[junit-jupiter-engine-5.12.2.jar:5.12.2]
	at org.junit.jupiter.engine.extension.TimeoutExtension.interceptTestableMethod(TimeoutExtension.java:152) ~[junit-jupiter-engine-5.12.2.jar:5.12.2]
	at org.junit.jupiter.engine.extension.TimeoutExtension.interceptTestTemplateMethod(TimeoutExtension.java:99) ~[junit-jupiter-engine-5.12.2.jar:5.12.2]
	at org.junit.jupiter.engine.execution.InterceptingExecutableInvoker$ReflectiveInterceptorCall.lambda$ofVoidMethod$0(InterceptingExecutableInvoker.java:112) ~[junit-jupiter-engine-5.12.2.jar:5.12.2]
	at org.junit.jupiter.engine.execution.InterceptingExecutableInvoker.lambda$invoke$0(InterceptingExecutableInvoker.java:94) ~[junit-jupiter-engine-5.12.2.jar:5.12.2]
	at org.junit.jupiter.engine.execution.InvocationInterceptorChain$InterceptedInvocation.proceed(InvocationInterceptorChain.java:106) ~[junit-jupiter-engine-5.12.2.jar:5.12.2]
	at org.junit.jupiter.engine.execution.InvocationInterceptorChain.proceed(InvocationInterceptorChain.java:64) ~[junit-jupiter-engine-5.12.2.jar:5.12.2]
	at org.junit.jupiter.engine.execution.InvocationInterceptorChain.chainAndInvoke(InvocationInterceptorChain.java:45) ~[junit-jupiter-engine-5.12.2.jar:5.12.2]
	at org.junit.jupiter.engine.execution.InvocationInterceptorChain.invoke(InvocationInterceptorChain.java:37) ~[junit-jupiter-engine-5.12.2.jar:5.12.2]
	at org.junit.jupiter.engine.execution.InterceptingExecutableInvoker.invoke(InterceptingExecutableInvoker.java:93) ~[junit-jupiter-engine-5.12.2.jar:5.12.2]
	at org.junit.jupiter.engine.execution.InterceptingExecutableInvoker.invoke(InterceptingExecutableInvoker.java:87) ~[junit-jupiter-engine-5.12.2.jar:5.12.2]
	at org.junit.jupiter.engine.descriptor.TestMethodTestDescriptor.lambda$invokeTestMethod$7(TestMethodTestDescriptor.java:216) ~[junit-jupiter-engine-5.12.2.jar:5.12.2]
	at org.junit.platform.engine.support.hierarchical.ThrowableCollector.execute(ThrowableCollector.java:73) ~[junit-platform-engine-1.12.2.jar:1.12.2]
	at org.junit.jupiter.engine.descriptor.TestMethodTestDescriptor.invokeTestMethod(TestMethodTestDescriptor.java:212) ~[junit-jupiter-engine-5.12.2.jar:5.12.2]
	at org.junit.jupiter.engine.descriptor.TestMethodTestDescriptor.execute(TestMethodTestDescriptor.java:137) ~[junit-jupiter-engine-5.12.2.jar:5.12.2]
	at org.junit.jupiter.engine.descriptor.TestMethodTestDescriptor.execute(TestMethodTestDescriptor.java:69) ~[junit-jupiter-engine-5.12.2.jar:5.12.2]
	at org.junit.platform.engine.support.hierarchical.NodeTestTask.lambda$executeRecursively$6(NodeTestTask.java:156) ~[junit-platform-engine-1.12.2.jar:1.12.2]
	at org.junit.platform.engine.support.hierarchical.ThrowableCollector.execute(ThrowableCollector.java:73) ~[junit-platform-engine-1.12.2.jar:1.12.2]
	at org.junit.platform.engine.support.hierarchical.NodeTestTask.lambda$executeRecursively$8(NodeTestTask.java:146) ~[junit-platform-engine-1.12.2.jar:1.12.2]
	at org.junit.platform.engine.support.hierarchical.Node.around(Node.java:137) ~[junit-platform-engine-1.12.2.jar:1.12.2]
	at org.junit.platform.engine.support.hierarchical.NodeTestTask.lambda$executeRecursively$9(NodeTestTask.java:144) ~[junit-platform-engine-1.12.2.jar:1.12.2]
	at org.junit.platform.engine.support.hierarchical.ThrowableCollector.execute(ThrowableCollector.java:73) ~[junit-platform-engine-1.12.2.jar:1.12.2]
	at org.junit.platform.engine.support.hierarchical.NodeTestTask.executeRecursively(NodeTestTask.java:143) ~[junit-platform-engine-1.12.2.jar:1.12.2]
	at org.junit.platform.engine.support.hierarchical.NodeTestTask.execute(NodeTestTask.java:100) ~[junit-platform-engine-1.12.2.jar:1.12.2]
	at org.junit.platform.engine.support.hierarchical.SameThreadHierarchicalTestExecutorService.submit(SameThreadHierarchicalTestExecutorService.java:35) ~[junit-platform-engine-1.12.2.jar:1.12.2]
	at org.junit.platform.engine.support.hierarchical.NodeTestTask$DefaultDynamicTestExecutor.execute(NodeTestTask.java:231) ~[junit-platform-engine-1.12.2.jar:1.12.2]
	at org.junit.platform.engine.support.hierarchical.NodeTestTask$DefaultDynamicTestExecutor.execute(NodeTestTask.java:209) ~[junit-platform-engine-1.12.2.jar:1.12.2]
	at org.junit.jupiter.engine.descriptor.TestTemplateTestDescriptor.execute(TestTemplateTestDescriptor.java:157) ~[junit-jupiter-engine-5.12.2.jar:5.12.2]
	at org.junit.jupiter.engine.descriptor.TestTemplateTestDescriptor.lambda$executeForProvider$0(TestTemplateTestDescriptor.java:115) ~[junit-jupiter-engine-5.12.2.jar:5.12.2]
	at java.base/java.util.Optional.ifPresent(Optional.java:178) ~[na:na]
	at org.junit.jupiter.engine.descriptor.TestTemplateTestDescriptor.lambda$executeForProvider$1(TestTemplateTestDescriptor.java:115) ~[junit-jupiter-engine-5.12.2.jar:5.12.2]
	at java.base/java.util.stream.ForEachOps$ForEachOp$OfRef.accept(ForEachOps.java:184) ~[na:na]
	at java.base/java.util.stream.ReferencePipeline$3$1.accept(ReferencePipeline.java:197) ~[na:na]
	at java.base/java.util.stream.ForEachOps$ForEachOp$OfRef.accept(ForEachOps.java:184) ~[na:na]
	at java.base/java.util.ArrayList$ArrayListSpliterator.forEachRemaining(ArrayList.java:1708) ~[na:na]
	at java.base/java.util.stream.ReferencePipeline$Head.forEach(ReferencePipeline.java:762) ~[na:na]
	at java.base/java.util.stream.ReferencePipeline$7$1.accept(ReferencePipeline.java:276) ~[na:na]
	at java.base/java.util.ArrayList$ArrayListSpliterator.forEachRemaining(ArrayList.java:1708) ~[na:na]
	at java.base/java.util.stream.AbstractPipeline.copyInto(AbstractPipeline.java:509) ~[na:na]
	at java.base/java.util.stream.AbstractPipeline.wrapAndCopyInto(AbstractPipeline.java:499) ~[na:na]
	at java.base/java.util.stream.ForEachOps$ForEachOp.evaluateSequential(ForEachOps.java:151) ~[na:na]
	at java.base/java.util.stream.ForEachOps$ForEachOp$OfRef.evaluateSequential(ForEachOps.java:174) ~[na:na]
	at java.base/java.util.stream.AbstractPipeline.evaluate(AbstractPipeline.java:234) ~[na:na]
	at java.base/java.util.stream.ReferencePipeline.forEach(ReferencePipeline.java:596) ~[na:na]
	at java.base/java.util.stream.ReferencePipeline$7$1.accept(ReferencePipeline.java:276) ~[na:na]
	at java.base/java.util.stream.ReferencePipeline$3$1.accept(ReferencePipeline.java:197) ~[na:na]
	at java.base/java.util.stream.ReferencePipeline$3$1.accept(ReferencePipeline.java:197) ~[na:na]
	at java.base/java.util.stream.ReferencePipeline$3$1.accept(ReferencePipeline.java:197) ~[na:na]
	at java.base/java.util.ArrayList$ArrayListSpliterator.forEachRemaining(ArrayList.java:1708) ~[na:na]
	at java.base/java.util.stream.AbstractPipeline.copyInto(AbstractPipeline.java:509) ~[na:na]
	at java.base/java.util.stream.AbstractPipeline.wrapAndCopyInto(AbstractPipeline.java:499) ~[na:na]
	at java.base/java.util.stream.ForEachOps$ForEachOp.evaluateSequential(ForEachOps.java:151) ~[na:na]
	at java.base/java.util.stream.ForEachOps$ForEachOp$OfRef.evaluateSequential(ForEachOps.java:174) ~[na:na]
	at java.base/java.util.stream.AbstractPipeline.evaluate(AbstractPipeline.java:234) ~[na:na]
	at java.base/java.util.stream.ReferencePipeline.forEach(ReferencePipeline.java:596) ~[na:na]
	at org.junit.jupiter.engine.descriptor.TestTemplateTestDescriptor.executeForProvider(TestTemplateTestDescriptor.java:114) ~[junit-jupiter-engine-5.12.2.jar:5.12.2]
	at org.junit.jupiter.engine.descriptor.TestTemplateTestDescriptor.execute(TestTemplateTestDescriptor.java:103) ~[junit-jupiter-engine-5.12.2.jar:5.12.2]
	at org.junit.jupiter.engine.descriptor.TestTemplateTestDescriptor.execute(TestTemplateTestDescriptor.java:43) ~[junit-jupiter-engine-5.12.2.jar:5.12.2]
	at org.junit.platform.engine.support.hierarchical.NodeTestTask.lambda$executeRecursively$6(NodeTestTask.java:156) ~[junit-platform-engine-1.12.2.jar:1.12.2]
	at org.junit.platform.engine.support.hierarchical.ThrowableCollector.execute(ThrowableCollector.java:73) ~[junit-platform-engine-1.12.2.jar:1.12.2]
	at org.junit.platform.engine.support.hierarchical.NodeTestTask.lambda$executeRecursively$8(NodeTestTask.java:146) ~[junit-platform-engine-1.12.2.jar:1.12.2]
	at org.junit.platform.engine.support.hierarchical.Node.around(Node.java:137) ~[junit-platform-engine-1.12.2.jar:1.12.2]
	at org.junit.platform.engine.support.hierarchical.NodeTestTask.lambda$executeRecursively$9(NodeTestTask.java:144) ~[junit-platform-engine-1.12.2.jar:1.12.2]
	at org.junit.platform.engine.support.hierarchical.ThrowableCollector.execute(ThrowableCollector.java:73) ~[junit-platform-engine-1.12.2.jar:1.12.2]
	at org.junit.platform.engine.support.hierarchical.NodeTestTask.executeRecursively(NodeTestTask.java:143) ~[junit-platform-engine-1.12.2.jar:1.12.2]
	at org.junit.platform.engine.support.hierarchical.NodeTestTask.execute(NodeTestTask.java:100) ~[junit-platform-engine-1.12.2.jar:1.12.2]
	at java.base/java.util.ArrayList.forEach(ArrayList.java:1596) ~[na:na]
	at org.junit.platform.engine.support.hierarchical.SameThreadHierarchicalTestExecutorService.invokeAll(SameThreadHierarchicalTestExecutorService.java:41) ~[junit-platform-engine-1.12.2.jar:1.12.2]
	at org.junit.platform.engine.support.hierarchical.NodeTestTask.lambda$executeRecursively$6(NodeTestTask.java:160) ~[junit-platform-engine-1.12.2.jar:1.12.2]
	at org.junit.platform.engine.support.hierarchical.ThrowableCollector.execute(ThrowableCollector.java:73) ~[junit-platform-engine-1.12.2.jar:1.12.2]
	at org.junit.platform.engine.support.hierarchical.NodeTestTask.lambda$executeRecursively$8(NodeTestTask.java:146) ~[junit-platform-engine-1.12.2.jar:1.12.2]
	at org.junit.platform.engine.support.hierarchical.Node.around(Node.java:137) ~[junit-platform-engine-1.12.2.jar:1.12.2]
	at org.junit.platform.engine.support.hierarchical.NodeTestTask.lambda$executeRecursively$9(NodeTestTask.java:144) ~[junit-platform-engine-1.12.2.jar:1.12.2]
	at org.junit.platform.engine.support.hierarchical.ThrowableCollector.execute(ThrowableCollector.java:73) ~[junit-platform-engine-1.12.2.jar:1.12.2]
	at org.junit.platform.engine.support.hierarchical.NodeTestTask.executeRecursively(NodeTestTask.java:143) ~[junit-platform-engine-1.12.2.jar:1.12.2]
	at org.junit.platform.engine.support.hierarchical.NodeTestTask.execute(NodeTestTask.java:100) ~[junit-platform-engine-1.12.2.jar:1.12.2]
	at java.base/java.util.ArrayList.forEach(ArrayList.java:1596) ~[na:na]
	at org.junit.platform.engine.support.hierarchical.SameThreadHierarchicalTestExecutorService.invokeAll(SameThreadHierarchicalTestExecutorService.java:41) ~[junit-platform-engine-1.12.2.jar:1.12.2]
	at org.junit.platform.engine.support.hierarchical.NodeTestTask.lambda$executeRecursively$6(NodeTestTask.java:160) ~[junit-platform-engine-1.12.2.jar:1.12.2]
	at org.junit.platform.engine.support.hierarchical.ThrowableCollector.execute(ThrowableCollector.java:73) ~[junit-platform-engine-1.12.2.jar:1.12.2]
	at org.junit.platform.engine.support.hierarchical.NodeTestTask.lambda$executeRecursively$8(NodeTestTask.java:146) ~[junit-platform-engine-1.12.2.jar:1.12.2]
	at org.junit.platform.engine.support.hierarchical.Node.around(Node.java:137) ~[junit-platform-engine-1.12.2.jar:1.12.2]
	at org.junit.platform.engine.support.hierarchical.NodeTestTask.lambda$executeRecursively$9(NodeTestTask.java:144) ~[junit-platform-engine-1.12.2.jar:1.12.2]
	at org.junit.platform.engine.support.hierarchical.ThrowableCollector.execute(ThrowableCollector.java:73) ~[junit-platform-engine-1.12.2.jar:1.12.2]
	at org.junit.platform.engine.support.hierarchical.NodeTestTask.executeRecursively(NodeTestTask.java:143) ~[junit-platform-engine-1.12.2.jar:1.12.2]
	at org.junit.platform.engine.support.hierarchical.NodeTestTask.execute(NodeTestTask.java:100) ~[junit-platform-engine-1.12.2.jar:1.12.2]
	at org.junit.platform.engine.support.hierarchical.SameThreadHierarchicalTestExecutorService.submit(SameThreadHierarchicalTestExecutorService.java:35) ~[junit-platform-engine-1.12.2.jar:1.12.2]
	at org.junit.platform.engine.support.hierarchical.HierarchicalTestExecutor.execute(HierarchicalTestExecutor.java:57) ~[junit-platform-engine-1.12.2.jar:1.12.2]
	at org.junit.platform.engine.support.hierarchical.HierarchicalTestEngine.execute(HierarchicalTestEngine.java:54) ~[junit-platform-engine-1.12.2.jar:1.12.2]
	at org.junit.platform.launcher.core.EngineExecutionOrchestrator.execute(EngineExecutionOrchestrator.java:201) ~[junit-platform-launcher-1.12.2.jar:1.12.2]
	at org.junit.platform.launcher.core.EngineExecutionOrchestrator.execute(EngineExecutionOrchestrator.java:170) ~[junit-platform-launcher-1.12.2.jar:1.12.2]
	at org.junit.platform.launcher.core.EngineExecutionOrchestrator.execute(EngineExecutionOrchestrator.java:94) ~[junit-platform-launcher-1.12.2.jar:1.12.2]
	at org.junit.platform.launcher.core.EngineExecutionOrchestrator.lambda$execute$0(EngineExecutionOrchestrator.java:59) ~[junit-platform-launcher-1.12.2.jar:1.12.2]
	at org.junit.platform.launcher.core.EngineExecutionOrchestrator.withInterceptedStreams(EngineExecutionOrchestrator.java:142) ~[junit-platform-launcher-1.12.2.jar:1.12.2]
	at org.junit.platform.launcher.core.EngineExecutionOrchestrator.execute(EngineExecutionOrchestrator.java:58) ~[junit-platform-launcher-1.12.2.jar:1.12.2]
	at org.junit.platform.launcher.core.DefaultLauncher.execute(DefaultLauncher.java:103) ~[junit-platform-launcher-1.12.2.jar:1.12.2]
	at org.junit.platform.launcher.core.DefaultLauncher.execute(DefaultLauncher.java:85) ~[junit-platform-launcher-1.12.2.jar:1.12.2]
	at org.junit.platform.launcher.core.DelegatingLauncher.execute(DelegatingLauncher.java:47) ~[junit-platform-launcher-1.12.2.jar:1.12.2]
	at org.junit.platform.launcher.core.InterceptingLauncher.lambda$execute$1(InterceptingLauncher.java:39) ~[junit-platform-launcher-1.12.2.jar:1.12.2]
	at org.junit.platform.launcher.core.ClasspathAlignmentCheckingLauncherInterceptor.intercept(ClasspathAlignmentCheckingLauncherInterceptor.java:25) ~[junit-platform-launcher-1.12.2.jar:1.12.2]
	at org.junit.platform.launcher.core.InterceptingLauncher.execute(InterceptingLauncher.java:38) ~[junit-platform-launcher-1.12.2.jar:1.12.2]
	at org.junit.platform.launcher.core.DelegatingLauncher.execute(DelegatingLauncher.java:47) ~[junit-platform-launcher-1.12.2.jar:1.12.2]
	at org.apache.maven.surefire.junitplatform.LauncherAdapter.executeWithoutCancellationToken(LauncherAdapter.java:60) ~[surefire-junit-platform-3.5.6.jar:3.5.6]
	at org.apache.maven.surefire.junitplatform.LauncherAdapter.execute(LauncherAdapter.java:52) ~[surefire-junit-platform-3.5.6.jar:3.5.6]
	at org.apache.maven.surefire.junitplatform.JUnitPlatformProvider.execute(JUnitPlatformProvider.java:203) ~[surefire-junit-platform-3.5.6.jar:3.5.6]
	at org.apache.maven.surefire.junitplatform.JUnitPlatformProvider.invokeAllTests(JUnitPlatformProvider.java:168) ~[surefire-junit-platform-3.5.6.jar:3.5.6]
	at org.apache.maven.surefire.junitplatform.JUnitPlatformProvider.invoke(JUnitPlatformProvider.java:136) ~[surefire-junit-platform-3.5.6.jar:3.5.6]
	at org.apache.maven.surefire.booter.ForkedBooter.runSuitesInProcess(ForkedBooter.java:385) ~[surefire-booter-3.5.6.jar:3.5.6]
	at org.apache.maven.surefire.booter.ForkedBooter.execute(ForkedBooter.java:162) ~[surefire-booter-3.5.6.jar:3.5.6]
	at org.apache.maven.surefire.booter.ForkedBooter.run(ForkedBooter.java:507) ~[surefire-booter-3.5.6.jar:3.5.6]
	at org.apache.maven.surefire.booter.ForkedBooter.main(ForkedBooter.java:495) ~[surefire-booter-3.5.6.jar:3.5.6]
Caused by: java.lang.IllegalArgumentException: fictional cause
	... 145 common frames omitted

2026-09-30T15:52:29.097+02:00  INFO 52541 --- [agilityhub-core-api] [           main] o.s.mock.web.MockServletContext          : Initializing Spring TestDispatcherServlet ''
2026-09-30T15:52:29.097+02:00  INFO 52541 --- [agilityhub-core-api] [           main] o.s.t.web.servlet.TestDispatcherServlet  : Initializing Servlet ''
2026-09-30T15:52:29.097+02:00  INFO 52541 --- [agilityhub-core-api] [           main] o.s.t.web.servlet.TestDispatcherServlet  : Completed initialization in 0 ms
2026-09-30T15:52:29.101+02:00  WARN 52541 --- [agilityhub-core-api] [           main] c.a.core.shared.api.ApiExceptionHandler  : Framework request rejected code=VALIDATION_ERROR traceId=cf747f86-9b46-4278-b6c3-2744ec1199a1
2026-09-30T15:52:29.103+02:00  WARN 52541 --- [agilityhub-core-api] [           main] c.a.core.shared.api.ApiExceptionHandler  : Framework request rejected code=VALIDATION_ERROR traceId=be1ca2db-bba1-453e-837f-7a61f27e3899
2026-09-30T15:52:29.103+02:00  WARN 52541 --- [agilityhub-core-api] [           main] o.s.web.servlet.PageNotFound             : No mapping for GET /missing
2026-09-30T15:52:29.103+02:00  WARN 52541 --- [agilityhub-core-api] [           main] c.a.core.shared.api.ApiExceptionHandler  : Framework request rejected status=404 code=NOT_FOUND traceId=37084109-d6b5-4554-83f7-da6f4b9bbc1d
2026-09-30T15:52:29.108+02:00  INFO 52541 --- [agilityhub-core-api] [           main] o.s.mock.web.MockServletContext          : Initializing Spring TestDispatcherServlet ''
2026-09-30T15:52:29.108+02:00  INFO 52541 --- [agilityhub-core-api] [           main] o.s.t.web.servlet.TestDispatcherServlet  : Initializing Servlet ''
2026-09-30T15:52:29.108+02:00  INFO 52541 --- [agilityhub-core-api] [           main] o.s.t.web.servlet.TestDispatcherServlet  : Completed initialization in 0 ms
2026-09-30T15:52:29.110+02:00  WARN 52541 --- [agilityhub-core-api] [           main] c.a.core.shared.api.ApiExceptionHandler  : Framework request rejected code=VALIDATION_ERROR traceId=34d7aa95-c28a-4bf9-a536-6b180fba7adf
2026-09-30T15:52:29.114+02:00  INFO 52541 --- [agilityhub-core-api] [           main] o.s.mock.web.MockServletContext          : Initializing Spring TestDispatcherServlet ''
2026-09-30T15:52:29.114+02:00  INFO 52541 --- [agilityhub-core-api] [           main] o.s.t.web.servlet.TestDispatcherServlet  : Initializing Servlet ''
2026-09-30T15:52:29.114+02:00  INFO 52541 --- [agilityhub-core-api] [           main] o.s.t.web.servlet.TestDispatcherServlet  : Completed initialization in 0 ms
2026-09-30T15:52:29.166+02:00  INFO 52541 --- [agilityhub-core-api] [           main] o.s.mock.web.MockServletContext          : Initializing Spring TestDispatcherServlet ''
2026-09-30T15:52:29.166+02:00  INFO 52541 --- [agilityhub-core-api] [           main] o.s.t.web.servlet.TestDispatcherServlet  : Initializing Servlet ''
2026-09-30T15:52:29.166+02:00  INFO 52541 --- [agilityhub-core-api] [           main] o.s.t.web.servlet.TestDispatcherServlet  : Completed initialization in 0 ms
E0-T08 ca: 248 error messages; 561 keys; parity and ICU syntax OK
E0-T08 es: 248 error messages; 561 keys; parity and ICU syntax OK
E0-T08 en: 248 error messages; 561 keys; parity and ICU syntax OK

0 changes (applied)

0 changes (dry run)

0 changes (applied)
Usage: identity:seed-test-accounts <file> | --club=<slug> [--dry-run] [--allow-seed-passwords]
Usage: identity:seed-test-accounts <file> | --club=<slug> [--dry-run] [--allow-seed-passwords]
Usage: identity:seed-test-accounts <file> | --club=<slug> [--dry-run] [--allow-seed-passwords]
Usage: identity:seed-test-accounts <file> | --club=<slug> [--dry-run] [--allow-seed-passwords]
Usage: identity:seed-test-accounts <file> | --club=<slug> [--dry-run] [--allow-seed-passwords]
Usage: identity:seed-test-accounts <file> | --club=<slug> [--dry-run] [--allow-seed-passwords]
Usage: identity:seed-test-accounts <file> | --club=<slug> [--dry-run] [--allow-seed-passwords]
Usage: identity:seed-test-accounts <file> | --club=<slug> [--dry-run] [--allow-seed-passwords]
+ club
1 changes (dry run)
= club
0 changes (applied)
apiVersion: agilityhub.club/v1
Specify exactly one --core.command=<name>
Specify exactly one --core.command=<name>
Unknown or unavailable command: x
Specify exactly one --core.command=<name>
Usage: club:apply <file> [--dry-run] [--allow-seed-passwords]
Usage: club:apply <file> [--dry-run] [--allow-seed-passwords]
Usage: club:apply <file> [--dry-run] [--allow-seed-passwords]
Usage: club:apply <file> [--dry-run] [--allow-seed-passwords]
Usage: club:export <slug>
Usage: club:export <slug>
CLUB_NOT_FOUND {}
Command failed (IllegalStateException)
Playoff DRY_RUN
members: created=0 updated=0 skipped=0 errors=0
dogs: created=0 updated=0 skipped=0 errors=0
familyGroups: created=0 updated=0 skipped=0 errors=0 proposed=0
accounts: created=0 updated=0 skipped=0 errors=0
Incidents: {}
Playoff DRY_RUN
members: created=0 updated=0 skipped=0 errors=0
dogs: created=0 updated=0 skipped=0 errors=0
familyGroups: created=0 updated=0 skipped=0 errors=0 proposed=0
accounts: created=0 updated=0 skipped=0 errors=0
Incidents: {}
Playoff DRY_RUN
Validation failed; no changes applied. Counts below describe the proposed changes.
members: created=0 updated=0 skipped=0 errors=1
dogs: created=0 updated=0 skipped=0 errors=0
familyGroups: created=0 updated=0 skipped=0 errors=0 proposed=0
accounts: created=0 updated=0 skipped=0 errors=0
Incidents: {MAPPING_INVALID=1}
members:2 members ERROR MAPPING_INVALID
Playoff APPLY
Validation failed; no changes applied. Counts below describe the proposed changes.
REEXECUTION_UNSUPPORTED: 1 records cannot be reconciled with an earlier load (R-18-14). On staging, the way out is --reset and a new load.
members: created=0 updated=0 skipped=0 errors=1
dogs: created=0 updated=0 skipped=0 errors=0
familyGroups: created=0 updated=0 skipped=0 errors=0 proposed=0
accounts: created=0 updated=0 skipped=0 errors=0
Incidents: {REEXECUTION_UNSUPPORTED=1}
members:3 members ERROR REEXECUTION_UNSUPPORTED field=status
Anonymized Playoff files written; no input values or key logged.
[ERROR] Failures: 
[ERROR]   S04ErrorContractTest.T_04_25_everyS04RouteDocumentsTheCodesItsHandlerCanThrow:87 [POST /checkout-sessions throws CHIP_ALREADY_EXISTS (via com.agilityhub.core.clubs.census.persistence.CensusRepository.duplicate(org.springframework.dao.DuplicateKeyException)) but does not document it
POST /checkout-sessions throws ID_DOCUMENT_ALREADY_EXISTS (via com.agilityhub.core.clubs.census.persistence.CensusRepository.duplicate(org.springframework.dao.DuplicateKeyException)) but does not document it] 
Expecting empty but was: ["POST /checkout-sessions throws CHIP_ALREADY_EXISTS (via com.agilityhub.core.clubs.census.persistence.CensusRepository.duplicate(org.springframework.dao.DuplicateKeyException)) but does not document it",
    "POST /checkout-sessions throws ID_DOCUMENT_ALREADY_EXISTS (via com.agilityhub.core.clubs.census.persistence.CensusRepository.duplicate(org.springframework.dao.DuplicateKeyException)) but does not document it"]
[ERROR] Tests run: 850, Failures: 1, Errors: 0, Skipped: 0
[ERROR] Failed to execute goal org.apache.maven.plugins:maven-surefire-plugin:3.5.6:test (default-test) on project agilityhub-core-api: There are test failures.
[ERROR] 
[ERROR] See /Users/jordib/dev/agilityhub/agilityhub-core-api/target/surefire-reports for the individual test results.
[ERROR] See dump files (if any exist) [date].dump, [date]-jvmRun[N].dump and [date].dumpstream.
[ERROR] -> [Help 1]
[ERROR] 
[ERROR] To see the full stack trace of the errors, re-run Maven with the -e switch.
[ERROR] Re-run Maven using the -X switch to enable full debug logging.
[ERROR] 
[ERROR] For more information about the errors and possible solutions, please read the following articles:
[ERROR] [Help 1] http://cwiki.apache.org/confluence/display/MAVEN/MojoFailureException
