Mockito is currently self-attaching to enable the inline-mock-maker. This will no longer work in future releases of the JDK. Please add Mockito as an agent to your build as described in Mockito's documentation: https://javadoc.io/doc/org.mockito/mockito-core/latest/org.mockito/org/mockito/Mockito.html#0.3
OpenJDK 64-Bit Server VM warning: Sharing is only supported for boot loader classes because bootstrap classpath has been appended
WARNING: A Java agent has been loaded dynamically (/private/tmp/e4-t01-maven/repository/net/bytebuddy/byte-buddy-agent/1.17.8/byte-buddy-agent-1.17.8.jar)
WARNING: If a serviceability tool is in use, please run with -XX:+EnableDynamicAgentLoading to hide this warning
WARNING: If a serviceability tool is not in use, please run with -Djdk.instrument.traceUsage for more information
WARNING: Dynamic loading of agents will be disallowed by default in a future release
12:43:18.530 [main] INFO com.agilityhub.core.clubs.messaging.application.LogEmailSender -- Local email accepted notificationId=fixture
12:43:18.532 [main] INFO com.agilityhub.core.clubs.messaging.application.LogEmailSender -- Local email accepted notificationId=fixture
12:43:18.571 [main] WARN org.springframework.context.annotation.AnnotationConfigApplicationContext -- Exception encountered during context initialization - cancelling refresh attempt: org.springframework.beans.factory.BeanCreationException: Error creating bean with name 'emailSender' defined in com.agilityhub.core.configuration.EmailConfiguration: Failed to instantiate [com.agilityhub.core.clubs.messaging.application.EmailSender]: Factory method 'emailSender' threw exception with message: MAIL_FROM_PLATFORM is required in staging/prod
12:43:18.682 [main] WARN org.springframework.context.annotation.AnnotationConfigApplicationContext -- Exception encountered during context initialization - cancelling refresh attempt: org.springframework.beans.factory.BeanCreationException: Error creating bean with name 'sendGridSignatures' defined in com.agilityhub.core.configuration.EmailConfiguration: Failed to instantiate [com.agilityhub.core.clubs.messaging.application.SendGridSignatureVerifier]: Factory method 'sendGridSignatures' threw exception with message: SENDGRID_WEBHOOK_PUBLIC_KEY is required in staging/prod
12:43:19.042 [main] INFO com.agilityhub.core.clubs.messaging.application.LogEmailSender -- Local email accepted notificationId=fixture
12:43:19.090 [main] WARN org.springframework.context.annotation.AnnotationConfigApplicationContext -- Exception encountered during context initialization - cancelling refresh attempt: org.springframework.beans.factory.BeanCreationException: Error creating bean with name 'emailSender' defined in com.agilityhub.core.configuration.EmailConfiguration: Failed to instantiate [com.agilityhub.core.clubs.messaging.application.EmailSender]: Factory method 'emailSender' threw exception with message: SENDGRID_API_KEY is required in staging/prod
12:43:19.099 [main] WARN org.springframework.context.annotation.AnnotationConfigApplicationContext -- Exception encountered during context initialization - cancelling refresh attempt: org.springframework.beans.factory.BeanCreationException: Error creating bean with name 'emailSender' defined in com.agilityhub.core.configuration.EmailConfiguration: Failed to instantiate [com.agilityhub.core.clubs.messaging.application.EmailSender]: Factory method 'emailSender' threw exception with message: SENDGRID_API_KEY is required in staging/prod
12:43:20.391 [main] WARN org.springframework.context.annotation.AnnotationConfigApplicationContext -- Exception encountered during context initialization - cancelling refresh attempt: org.springframework.beans.factory.UnsatisfiedDependencyException: Error creating bean with name 'registeredClients' defined in com.agilityhub.core.configuration.OidcClientConfiguration: Unsatisfied dependency expressed through method 'registeredClients' parameter 0: Error creating bean with name 'core.oidc-com.agilityhub.core.configuration.OidcClientConfiguration$Properties': Could not bind properties to 'OidcClientConfiguration.Properties' : prefix=core.oidc, ignoreInvalidFields=false, ignoreUnknownFields=true
12:43:20.395 [main] WARN org.springframework.context.annotation.AnnotationConfigApplicationContext -- Exception encountered during context initialization - cancelling refresh attempt: org.springframework.beans.factory.BeanCreationException: Error creating bean with name 'registeredClients' defined in com.agilityhub.core.configuration.OidcClientConfiguration: Failed to instantiate [org.springframework.security.oauth2.server.authorization.client.RegisteredClientRepository]: Factory method 'registeredClients' threw exception with message: OIDC tokenDelivery is required
12:43:22.012 [main] WARN com.agilityhub.core.clubs.common.application.ExportWorker -- Export poll failed for club club-a
12:43:22.013 [main] WARN com.agilityhub.core.clubs.common.application.ExportWorker -- Export attempt failed for job null (attempt 0)
12:43:22.013 [main] WARN com.agilityhub.core.clubs.common.application.ExportWorker -- Export attempt failed for job null (attempt 0)
12:43:23.503 [main] INFO org.hibernate.validator.internal.util.Version -- HV000001: Hibernate Validator 8.0.3.Final
Imported: 0 created, 0 linked, 0 skipped, 1 errors
Reasons: {INVALID_PASSWORD=1}
VALIDATION_ERROR {}
Usage: identity:import-learn <csv> [--dry-run] [--platform-admins=a@x,b@y]
Usage: identity:import-learn <csv> [--dry-run] [--platform-admins=a@x,b@y]
Usage: identity:import-learn <csv> [--dry-run] [--platform-admins=a@x,b@y]
Usage: identity:import-learn <csv> [--dry-run] [--platform-admins=a@x,b@y]
Usage: identity:import-learn <csv> [--dry-run] [--platform-admins=a@x,b@y]
Usage: identity:import-learn <csv> [--dry-run] [--platform-admins=a@x,b@y]
Usage: identity:import-learn <csv> [--dry-run] [--platform-admins=a@x,b@y]
Usage: identity:import-learn <csv> [--dry-run] [--platform-admins=a@x,b@y]
Usage: identity:import-learn <csv> [--dry-run] [--platform-admins=a@x,b@y]
Imported: 1 created, 0 linked, 0 skipped, 0 errors
Reasons: {NEW_ACCOUNT=1}
Dry run: 1 would create, 0 would link, 0 skipped, 0 errors
Reasons: {NEW_ACCOUNT=1}
12:43:24.731 [main] WARN org.springframework.security.crypto.argon2.Argon2PasswordEncoder -- Malformed password hash
java.lang.IllegalArgumentException: Invalid encoded Argon2-hash
	at org.springframework.security.crypto.argon2.Argon2EncodingUtils.decode(Argon2EncodingUtils.java:107)
	at org.springframework.security.crypto.argon2.Argon2PasswordEncoder.matches(Argon2PasswordEncoder.java:137)
	at com.agilityhub.core.identity.application.PasswordHasher.verify(PasswordHasher.java:21)
	at com.agilityhub.core.identity.application.PasswordHasherTest.T_01_02_missingAndUnusableHashesFailThroughDummyVerification(PasswordHasherTest.java:40)
	at java.base/jdk.internal.reflect.DirectMethodHandleAccessor.invoke(DirectMethodHandleAccessor.java:103)
	at java.base/java.lang.reflect.Method.invoke(Method.java:580)
	at org.junit.platform.commons.util.ReflectionUtils.invokeMethod(ReflectionUtils.java:775)
	at org.junit.platform.commons.support.ReflectionSupport.invokeMethod(ReflectionSupport.java:479)
	at org.junit.jupiter.engine.execution.MethodInvocation.proceed(MethodInvocation.java:60)
	at org.junit.jupiter.engine.execution.InvocationInterceptorChain$ValidatingInvocation.proceed(InvocationInterceptorChain.java:131)
	at org.junit.jupiter.engine.extension.TimeoutExtension.intercept(TimeoutExtension.java:161)
	at org.junit.jupiter.engine.extension.TimeoutExtension.interceptTestableMethod(TimeoutExtension.java:152)
	at org.junit.jupiter.engine.extension.TimeoutExtension.interceptTestMethod(TimeoutExtension.java:91)
	at org.junit.jupiter.engine.execution.InterceptingExecutableInvoker$ReflectiveInterceptorCall.lambda$ofVoidMethod$0(InterceptingExecutableInvoker.java:112)
	at org.junit.jupiter.engine.execution.InterceptingExecutableInvoker.lambda$invoke$0(InterceptingExecutableInvoker.java:94)
	at org.junit.jupiter.engine.execution.InvocationInterceptorChain$InterceptedInvocation.proceed(InvocationInterceptorChain.java:106)
	at org.junit.jupiter.engine.execution.InvocationInterceptorChain.proceed(InvocationInterceptorChain.java:64)
	at org.junit.jupiter.engine.execution.InvocationInterceptorChain.chainAndInvoke(InvocationInterceptorChain.java:45)
	at org.junit.jupiter.engine.execution.InvocationInterceptorChain.invoke(InvocationInterceptorChain.java:37)
	at org.junit.jupiter.engine.execution.InterceptingExecutableInvoker.invoke(InterceptingExecutableInvoker.java:93)
	at org.junit.jupiter.engine.execution.InterceptingExecutableInvoker.invoke(InterceptingExecutableInvoker.java:87)
	at org.junit.jupiter.engine.descriptor.TestMethodTestDescriptor.lambda$invokeTestMethod$7(TestMethodTestDescriptor.java:216)
	at org.junit.platform.engine.support.hierarchical.ThrowableCollector.execute(ThrowableCollector.java:73)
	at org.junit.jupiter.engine.descriptor.TestMethodTestDescriptor.invokeTestMethod(TestMethodTestDescriptor.java:212)
	at org.junit.jupiter.engine.descriptor.TestMethodTestDescriptor.execute(TestMethodTestDescriptor.java:137)
	at org.junit.jupiter.engine.descriptor.TestMethodTestDescriptor.execute(TestMethodTestDescriptor.java:69)
	at org.junit.platform.engine.support.hierarchical.NodeTestTask.lambda$executeRecursively$6(NodeTestTask.java:156)
	at org.junit.platform.engine.support.hierarchical.ThrowableCollector.execute(ThrowableCollector.java:73)
	at org.junit.platform.engine.support.hierarchical.NodeTestTask.lambda$executeRecursively$8(NodeTestTask.java:146)
	at org.junit.platform.engine.support.hierarchical.Node.around(Node.java:137)
	at org.junit.platform.engine.support.hierarchical.NodeTestTask.lambda$executeRecursively$9(NodeTestTask.java:144)
	at org.junit.platform.engine.support.hierarchical.ThrowableCollector.execute(ThrowableCollector.java:73)
	at org.junit.platform.engine.support.hierarchical.NodeTestTask.executeRecursively(NodeTestTask.java:143)
	at org.junit.platform.engine.support.hierarchical.NodeTestTask.execute(NodeTestTask.java:100)
	at java.base/java.util.ArrayList.forEach(ArrayList.java:1596)
	at org.junit.platform.engine.support.hierarchical.SameThreadHierarchicalTestExecutorService.invokeAll(SameThreadHierarchicalTestExecutorService.java:41)
	at org.junit.platform.engine.support.hierarchical.NodeTestTask.lambda$executeRecursively$6(NodeTestTask.java:160)
	at org.junit.platform.engine.support.hierarchical.ThrowableCollector.execute(ThrowableCollector.java:73)
	at org.junit.platform.engine.support.hierarchical.NodeTestTask.lambda$executeRecursively$8(NodeTestTask.java:146)
	at org.junit.platform.engine.support.hierarchical.Node.around(Node.java:137)
	at org.junit.platform.engine.support.hierarchical.NodeTestTask.lambda$executeRecursively$9(NodeTestTask.java:144)
	at org.junit.platform.engine.support.hierarchical.ThrowableCollector.execute(ThrowableCollector.java:73)
	at org.junit.platform.engine.support.hierarchical.NodeTestTask.executeRecursively(NodeTestTask.java:143)
	at org.junit.platform.engine.support.hierarchical.NodeTestTask.execute(NodeTestTask.java:100)
	at java.base/java.util.ArrayList.forEach(ArrayList.java:1596)
	at org.junit.platform.engine.support.hierarchical.SameThreadHierarchicalTestExecutorService.invokeAll(SameThreadHierarchicalTestExecutorService.java:41)
	at org.junit.platform.engine.support.hierarchical.NodeTestTask.lambda$executeRecursively$6(NodeTestTask.java:160)
	at org.junit.platform.engine.support.hierarchical.ThrowableCollector.execute(ThrowableCollector.java:73)
	at org.junit.platform.engine.support.hierarchical.NodeTestTask.lambda$executeRecursively$8(NodeTestTask.java:146)
	at org.junit.platform.engine.support.hierarchical.Node.around(Node.java:137)
	at org.junit.platform.engine.support.hierarchical.NodeTestTask.lambda$executeRecursively$9(NodeTestTask.java:144)
	at org.junit.platform.engine.support.hierarchical.ThrowableCollector.execute(ThrowableCollector.java:73)
	at org.junit.platform.engine.support.hierarchical.NodeTestTask.executeRecursively(NodeTestTask.java:143)
	at org.junit.platform.engine.support.hierarchical.NodeTestTask.execute(NodeTestTask.java:100)
	at org.junit.platform.engine.support.hierarchical.SameThreadHierarchicalTestExecutorService.submit(SameThreadHierarchicalTestExecutorService.java:35)
	at org.junit.platform.engine.support.hierarchical.HierarchicalTestExecutor.execute(HierarchicalTestExecutor.java:57)
	at org.junit.platform.engine.support.hierarchical.HierarchicalTestEngine.execute(HierarchicalTestEngine.java:54)
	at org.junit.platform.launcher.core.EngineExecutionOrchestrator.execute(EngineExecutionOrchestrator.java:201)
	at org.junit.platform.launcher.core.EngineExecutionOrchestrator.execute(EngineExecutionOrchestrator.java:170)
	at org.junit.platform.launcher.core.EngineExecutionOrchestrator.execute(EngineExecutionOrchestrator.java:94)
	at org.junit.platform.launcher.core.EngineExecutionOrchestrator.lambda$execute$0(EngineExecutionOrchestrator.java:59)
	at org.junit.platform.launcher.core.EngineExecutionOrchestrator.withInterceptedStreams(EngineExecutionOrchestrator.java:142)
	at org.junit.platform.launcher.core.EngineExecutionOrchestrator.execute(EngineExecutionOrchestrator.java:58)
	at org.junit.platform.launcher.core.DefaultLauncher.execute(DefaultLauncher.java:103)
	at org.junit.platform.launcher.core.DefaultLauncher.execute(DefaultLauncher.java:85)
	at org.junit.platform.launcher.core.DelegatingLauncher.execute(DelegatingLauncher.java:47)
	at org.junit.platform.launcher.core.InterceptingLauncher.lambda$execute$1(InterceptingLauncher.java:39)
	at org.junit.platform.launcher.core.ClasspathAlignmentCheckingLauncherInterceptor.intercept(ClasspathAlignmentCheckingLauncherInterceptor.java:25)
	at org.junit.platform.launcher.core.InterceptingLauncher.execute(InterceptingLauncher.java:38)
	at org.junit.platform.launcher.core.DelegatingLauncher.execute(DelegatingLauncher.java:47)
	at org.apache.maven.surefire.junitplatform.LauncherAdapter.executeWithoutCancellationToken(LauncherAdapter.java:60)
	at org.apache.maven.surefire.junitplatform.LauncherAdapter.execute(LauncherAdapter.java:52)
	at org.apache.maven.surefire.junitplatform.JUnitPlatformProvider.execute(JUnitPlatformProvider.java:203)
	at org.apache.maven.surefire.junitplatform.JUnitPlatformProvider.invokeAllTests(JUnitPlatformProvider.java:168)
	at org.apache.maven.surefire.junitplatform.JUnitPlatformProvider.invoke(JUnitPlatformProvider.java:136)
	at org.apache.maven.surefire.booter.ForkedBooter.runSuitesInProcess(ForkedBooter.java:385)
	at org.apache.maven.surefire.booter.ForkedBooter.execute(ForkedBooter.java:162)
	at org.apache.maven.surefire.booter.ForkedBooter.run(ForkedBooter.java:507)
	at org.apache.maven.surefire.booter.ForkedBooter.main(ForkedBooter.java:495)
12:43:26.182 [main] WARN com.agilityhub.core.identity.application.CompromisedPasswords -- Compromised password check unavailable; continuing per A2
12:43:26.212 [main] WARN com.agilityhub.core.identity.application.CompromisedPasswords -- Compromised password check unavailable; continuing per A2
12:43:26.213 [main] WARN com.agilityhub.core.identity.application.CompromisedPasswords -- Compromised password check unavailable; continuing per A2
12:43:26.406 [main] WARN com.agilityhub.core.platform.application.ClubConfigService -- ParameterInvalidOverride clubId=club-a key=training.capacityPerRingSlot error=PARAMETER_INVALID
12:43:26.406 [main] WARN com.agilityhub.core.platform.application.ClubConfigService -- ParameterInvalidOverride clubId=club-a key=signup.enabled error=PARAMETER_INVALID
12:43:26.406 [main] WARN com.agilityhub.core.platform.application.ClubConfigService -- ParameterInvalidOverride clubId=club-a key=retired.key error=UNKNOWN_PARAMETER
12:43:26.407 [main] WARN com.agilityhub.core.platform.application.ClubConfigService -- ParameterInvalidOverride clubId=club-a key=training.capacityPerRingSlot error=PARAMETER_INVALID
FREE_TRAINING dependsOn=[] selfService=false MINIM=false CANIC=true
BILLING dependsOn=[] selfService=false MINIM=false CANIC=true
PACKS dependsOn=[BILLING] selfService=false MINIM=false CANIC=true
SINGLE_CLASS dependsOn=[BILLING] selfService=false MINIM=false CANIC=false
ACTIVITIES dependsOn=[] selfService=false MINIM=false CANIC=true
FAMILY_GROUP dependsOn=[] selfService=false MINIM=false CANIC=true
WAITLIST dependsOn=[] selfService=false MINIM=true CANIC=true
TASKS dependsOn=[] selfService=false MINIM=false CANIC=true
FAQ dependsOn=[] selfService=true MINIM=true CANIC=true
SMS dependsOn=[] selfService=false MINIM=false CANIC=true
PUSH dependsOn=[] selfService=true MINIM=true CANIC=true
INACTIVITY dependsOn=[] selfService=false MINIM=false CANIC=true
COURSES dependsOn=[] selfService=false MINIM=false CANIC=true
LEARN_LINK dependsOn=[] selfService=true MINIM=false CANIC=true
STATS dependsOn=[] selfService=false MINIM=false CANIC=false
SOCIAL_LEAGUE dependsOn=[STATS] selfService=false MINIM=false CANIC=false
Audit coverage: TEMPLATE_CLASS_DELETED -> PlanningIT.T_06_01_T_06_09_templateCrudCopyNullResetsAuditEventsAndUsage
Audit coverage: TEMPLATE_BAND_DELETED -> PlanningIT.T_06_01_T_06_09_templateCrudCopyNullResetsAuditEventsAndUsage
Audit coverage: MEMBER_VALIDATED -> SignupIT.T_04_17_publicSignupAndValidationAreAtomicOnRealCensusEntities
Audit coverage: SIGNUP_REJECTED -> SignupIT.T_04_19_rejectionCancelsDuePaymentsAndCannotRepeat
Audit coverage: MEMBER_UPDATED -> CensusIT.T_03_12_memberEditsUseVersionUniquenessAndExactAuditDiff
Audit coverage: SIGNUP_EDITED -> CensusIT.T_03_12_memberEditsUseVersionUniquenessAndExactAuditDiff, SignupIT.T_04_20_pendingEditsEmitSignupEditedAndRejectStaleVersion
Audit coverage: MEMBER_PAYMENT_METHOD_CHANGED -> CensusIT.T_03_13_paymentMethodsAreValidatedAndAlwaysMasked
Audit coverage: MEMBER_STATUS_CHANGED -> CensusIT.T_03_06_T_03_31_memberLeaveDeactivatesDogsAndReactivationKeepsTheirStatus
Audit coverage: BOOKING_BLOCK_SET -> CensusIT.T_03_14_bookingBlocksAreReversibleAndRejectDuplicateChanges
Audit coverage: BOOKING_BLOCK_CLEARED -> CensusIT.T_03_14_bookingBlocksAreReversibleAndRejectDuplicateChanges
Audit coverage: ACCESS_RESENT -> CensusIT.T_03_16_accessResendPublishesAndDeliversN27Once
Audit coverage: DOG_UPDATED -> CensusIT.T_03_05_T_03_23_uploadOwnershipFileValidationAndSoftRemoval
Audit coverage: DOG_LEVEL_CHANGED -> CensusIT.T_03_19_levelChangeKeepsBookingsAndEmitsNoWarnings, SignupIT.T_04_17_publicSignupAndValidationAreAtomicOnRealCensusEntities
Audit coverage: DOG_FREE_TRAINING_CHANGED -> CensusIT.T_03_20_freeOverrideOnlyEmitsAnEventForEffectiveChanges
Audit coverage: DOG_TRANSFERRED -> CensusIT.T_03_21_transferPreservesDogDataAndClearsSelections
Audit coverage: DOG_DEACTIVATED -> CensusIT.T_03_22_deactivationChecksWaitlistsAndReactivationRequiresAnActiveOwner
Audit coverage: DOG_REACTIVATED -> CensusIT.T_03_22_deactivationChecksWaitlistsAndReactivationRequiresAnActiveOwner
Audit coverage: DOG_DOCUMENT_FILE_REMOVED -> CensusIT.T_03_05_T_03_23_uploadOwnershipFileValidationAndSoftRemoval
Audit coverage: FAMILY_GROUP_CHANGED -> CensusIT.T_03_28_familyMembershipHolderUpdatesAndDissolutionAreAtomic
Audit coverage: MEMBER_ROLES_CHANGED -> TeamIT.T_05_13_createReactivateRolesAndAtomicAudit
Audit coverage: DATA_EXPORTED -> ExportEngineIT.T_14_15_localizedHeadersMaskedValuesDatesAndReadyJobs, UniversalListsIT.T_03_11_exportsMaskFilesAndWriteTransactionalAuditOutbox
Audit coverage: CATALOG_CHANGED -> CatalogsIT.T_05_06_T_05_19_T_05_20_catalogCrudOrderVersionAuditAndOutbox, ClubPagesIT.T_05_CP_05_auditOutboxAndPageWritesCommitAndRollbackTogether, DemoSeedsIT.T_05_21_catalogSeedAppliesExportsUpdatesAndRepeatsWithoutWrites, PlansIT.T_05_02_supersessionResolvesBothBoundariesAndEmitsTwoAtomicChanges, TeamIT.T_05_13_createReactivateRolesAndAtomicAudit
Audit coverage: MIGRATION_APPLIED -> PlayoffMigrationIT.T_18_01_fixtureIncidentsSplitPeopleAndDogsWithoutSignupRejections
Audit coverage: PLATFORM_ROLES_CHANGED -> PlatformRolesIT.T_17_09_globalReadReplaceAndRemovalAuditOnlyRolePathWithoutDomainEvent
Audit coverage: ONBOARDING_COMPLETED -> OnboardingIT.T_01_26_importedAccountAcceptsOnceWithVersionTimeAndTransactionalAudit
Audit coverage: IMPERSONATION_STARTED -> ImpersonationHandoffIT.T_01_11_claimsMemberViewAuditedMutationAndRevocation
Audit coverage: ACCOUNT_EMAIL_STATUS_CHANGED -> SendGridWebhookIT.T_11_22_validSignatureUpdatesAccountAuditAndDeliveryExactlyOnce
Audit coverage: PARAMETER_CHANGED -> AuditedAspectIT.T_14_12_parameterEntryCommitsAtomicallyWithAggregateAndOutboxAndCapturesMetadata, SettingsIT.T_02_08_parameterHistoryAuditOutboxCacheAndVersionedReset
Audit coverage: CLUB_UPDATED -> AuditedAspectIT.T_14_12_manualWriterMasksAndFreezesMutableSnapshotsBeforeCommit, ClubDefinitionsIT.T_02_12_canicMatchesBrandingAndParametersFixturesAndSecondApplyDoesNotWrite, SettingsIT.T_02_11_clubProjectionAndAllowlistedUpdatesAuditAndRefreshBranding
Audit coverage: CLUB_MODULES_CHANGED -> AuditedAspectIT.T_14_11_lastChangeUsesLatestTimestampAndSeparatesTenantsAndTargets, SettingsIT.T_02_09_selfServiceModulesAuditOutboxDependenciesAndBranding
Audit coverage: CLUB_STATUS_CHANGED -> AuditedAspectIT.T_14_11_platformEntriesHaveNullClubIdAndExplicitIsolatedQuery
catalog.yaml parameter keys: 151
CATALEG_PARAMETRES.md expanded effective parameter keys: 151
Markdown grouped keys/jobs expanded; Club binding rows excluded; Annex amendments folded
12:43:27.381 [main] INFO org.springframework.boot.test.context.SpringBootTestContextBootstrapper -- Found @SpringBootConfiguration com.agilityhub.core.CoreApplication for test class com.agilityhub.core.shared.api.HealthControllerTest

  .   ____          _            __ _ _
 /\\ / ___'_ __ _ _(_)_ __  __ _ \ \ \ \
( ( )\___ | '_ | '_| | '_ \/ _` | \ \ \ \
 \\/  ___)| |_)| | | | | || (_| |  ) ) ) )
  '  |____| .__|_| |_|_| |_\__, | / / / /
 =========|_|==============|___/=/_/_/_/

 :: Spring Boot ::               (v3.5.16)

2026-09-16T12:43:27.474+02:00  INFO 74388 --- [agilityhub-core-api] [           main] c.a.c.shared.api.HealthControllerTest    : Starting HealthControllerTest using Java 21.0.12.1 with PID 74388 (started by jordib in /Users/jordib/dev/agilityhub/agilityhub-core-api)
2026-09-16T12:43:27.474+02:00  INFO 74388 --- [agilityhub-core-api] [           main] c.a.c.shared.api.HealthControllerTest    : The following 1 profile is active: "test"
2026-09-16T12:43:28.294+02:00  INFO 74388 --- [agilityhub-core-api] [           main] o.s.b.t.m.w.SpringBootMockServletContext : Initializing Spring TestDispatcherServlet ''
2026-09-16T12:43:28.294+02:00  INFO 74388 --- [agilityhub-core-api] [           main] o.s.t.web.servlet.TestDispatcherServlet  : Initializing Servlet ''
2026-09-16T12:43:28.294+02:00  INFO 74388 --- [agilityhub-core-api] [           main] o.s.t.web.servlet.TestDispatcherServlet  : Completed initialization in 0 ms
2026-09-16T12:43:28.302+02:00  INFO 74388 --- [agilityhub-core-api] [           main] c.a.c.shared.api.HealthControllerTest    : Started HealthControllerTest in 0.895 seconds (process running for 12.99)
2026-09-16T12:43:28.329+02:00  WARN 74388 --- [agilityhub-core-api] [           main] c.a.core.shared.api.ApiExceptionHandler  : Framework request rejected status=404 code=NOT_FOUND traceId=a754c065-88d1-4271-b6ae-4a49f3df71f0
2026-09-16T12:43:28.375+02:00  WARN 74388 --- [agilityhub-core-api] [           main] c.a.core.shared.api.ApiExceptionHandler  : Framework request rejected status=405 code=METHOD_NOT_ALLOWED traceId=a66f4167-33e6-4317-8933-685717d7eb3e
2026-09-16T12:43:28.394+02:00  WARN 74388 --- [agilityhub-core-api] [           main] c.a.core.shared.api.ApiExceptionHandler  : Framework request rejected status=404 code=NOT_FOUND traceId=0813461d-1ec9-4c41-a4d9-9e61d9fc66a1
2026-09-16T12:43:28.430+02:00  INFO 74388 --- [agilityhub-core-api] [           main] o.s.mock.web.MockServletContext          : Initializing Spring TestDispatcherServlet ''
2026-09-16T12:43:28.430+02:00  INFO 74388 --- [agilityhub-core-api] [           main] o.s.t.web.servlet.TestDispatcherServlet  : Initializing Servlet ''
2026-09-16T12:43:28.431+02:00  INFO 74388 --- [agilityhub-core-api] [           main] o.s.t.web.servlet.TestDispatcherServlet  : Completed initialization in 1 ms
2026-09-16T12:43:28.432+02:00  WARN 74388 --- [agilityhub-core-api] [           main] c.a.core.shared.api.ApiExceptionHandler  : Framework request rejected status=405 code=METHOD_NOT_ALLOWED traceId=18884418-6469-41b3-bc00-5a9cd5bafa0f
2026-09-16T12:43:28.440+02:00  WARN 74388 --- [agilityhub-core-api] [           main] c.a.core.shared.api.ApiExceptionHandler  : Framework request rejected code=VALIDATION_ERROR traceId=774d3d40-c46c-476e-840f-9fa90fae92f5
2026-09-16T12:43:28.443+02:00  WARN 74388 --- [agilityhub-core-api] [           main] c.a.core.shared.api.ApiExceptionHandler  : Framework request rejected status=415 code=UNSUPPORTED_MEDIA_TYPE traceId=60161a09-9982-4cd4-9637-db91abbb3673
2026-09-16T12:43:28.444+02:00  WARN 74388 --- [agilityhub-core-api] [           main] c.a.core.shared.api.ApiExceptionHandler  : Framework request rejected status=406 code=NOT_ACCEPTABLE traceId=fcaf18cc-5b21-4caa-b07d-bcd2ac4f70ec
2026-09-16T12:43:28.444+02:00  WARN 74388 --- [agilityhub-core-api] [           main] c.a.core.shared.api.ApiExceptionHandler  : Framework request rejected status=400 code=VALIDATION_ERROR traceId=f8cccf40-39ac-4f0f-97b4-b4cd8d3d3d57
2026-09-16T12:43:28.445+02:00  WARN 74388 --- [agilityhub-core-api] [           main] o.s.web.servlet.PageNotFound             : No mapping for GET /missing
2026-09-16T12:43:28.445+02:00  WARN 74388 --- [agilityhub-core-api] [           main] c.a.core.shared.api.ApiExceptionHandler  : Framework request rejected status=404 code=NOT_FOUND traceId=9f31d687-368d-4bf4-9cf9-99ea9f0af028
2026-09-16T12:43:28.445+02:00  WARN 74388 --- [agilityhub-core-api] [           main] c.a.core.shared.api.ApiExceptionHandler  : Framework request rejected code=FILE_TOO_LARGE traceId=ba9ec224-f902-4b79-a2bf-adab2db64cac
2026-09-16T12:43:28.449+02:00  INFO 74388 --- [agilityhub-core-api] [           main] o.s.mock.web.MockServletContext          : Initializing Spring TestDispatcherServlet ''
2026-09-16T12:43:28.450+02:00  INFO 74388 --- [agilityhub-core-api] [           main] o.s.t.web.servlet.TestDispatcherServlet  : Initializing Servlet ''
2026-09-16T12:43:28.450+02:00  INFO 74388 --- [agilityhub-core-api] [           main] o.s.t.web.servlet.TestDispatcherServlet  : Completed initialization in 0 ms
2026-09-16T12:43:28.454+02:00  INFO 74388 --- [agilityhub-core-api] [           main] o.s.mock.web.MockServletContext          : Initializing Spring TestDispatcherServlet ''
2026-09-16T12:43:28.454+02:00  INFO 74388 --- [agilityhub-core-api] [           main] o.s.t.web.servlet.TestDispatcherServlet  : Initializing Servlet ''
2026-09-16T12:43:28.454+02:00  INFO 74388 --- [agilityhub-core-api] [           main] o.s.t.web.servlet.TestDispatcherServlet  : Completed initialization in 0 ms
2026-09-16T12:43:28.455+02:00 ERROR 74388 --- [agilityhub-core-api] [           main] c.a.core.shared.api.ApiExceptionHandler  : Unhandled request exception traceId=ab41ffa6-d0cb-4051-bab7-2f1ba25af66f

java.lang.IllegalStateException: fictional failure
	at com.agilityhub.core.shared.api.ApiExceptionHandlerTest$TestController.unexpected(ApiExceptionHandlerTest.java:147) ~[test-classes/:na]
	at java.base/jdk.internal.reflect.DirectMethodHandleAccessor.invoke(DirectMethodHandleAccessor.java:103) ~[na:na]
	at java.base/java.lang.reflect.Method.invoke(Method.java:580) ~[na:na]
	at org.springframework.web.method.support.InvocableHandlerMethod.doInvoke(InvocableHandlerMethod.java:258) ~[spring-web-6.2.19.jar:6.2.19]
	at org.springframework.web.method.support.InvocableHandlerMethod.invokeForRequest(InvocableHandlerMethod.java:191) ~[spring-web-6.2.19.jar:6.2.19]
	at org.springframework.web.servlet.mvc.method.annotation.ServletInvocableHandlerMethod.invokeAndHandle(ServletInvocableHandlerMethod.java:118) ~[spring-webmvc-6.2.19.jar:6.2.19]
	at org.springframework.web.servlet.mvc.method.annotation.RequestMappingHandlerAdapter.invokeHandlerMethod(RequestMappingHandlerAdapter.java:991) ~[spring-webmvc-6.2.19.jar:6.2.19]
	at org.springframework.web.servlet.mvc.method.annotation.RequestMappingHandlerAdapter.handleInternal(RequestMappingHandlerAdapter.java:896) ~[spring-webmvc-6.2.19.jar:6.2.19]
	at org.springframework.web.servlet.mvc.method.AbstractHandlerMethodAdapter.handle(AbstractHandlerMethodAdapter.java:87) ~[spring-webmvc-6.2.19.jar:6.2.19]
	at org.springframework.web.servlet.DispatcherServlet.doDispatch(DispatcherServlet.java:1089) ~[spring-webmvc-6.2.19.jar:6.2.19]
	at org.springframework.web.servlet.DispatcherServlet.doService(DispatcherServlet.java:979) ~[spring-webmvc-6.2.19.jar:6.2.19]
	at org.springframework.web.servlet.FrameworkServlet.processRequest(FrameworkServlet.java:1014) ~[spring-webmvc-6.2.19.jar:6.2.19]
	at org.springframework.web.servlet.FrameworkServlet.doGet(FrameworkServlet.java:903) ~[spring-webmvc-6.2.19.jar:6.2.19]
	at jakarta.servlet.http.HttpServlet.service(HttpServlet.java:564) ~[tomcat-embed-core-10.1.55.jar:6.0]
	at org.springframework.web.servlet.FrameworkServlet.service(FrameworkServlet.java:885) ~[spring-webmvc-6.2.19.jar:6.2.19]
	at org.springframework.test.web.servlet.TestDispatcherServlet.service(TestDispatcherServlet.java:72) ~[spring-test-6.2.19.jar:6.2.19]
	at jakarta.servlet.http.HttpServlet.service(HttpServlet.java:658) ~[tomcat-embed-core-10.1.55.jar:6.0]
	at org.springframework.mock.web.MockFilterChain$ServletFilterProxy.doFilter(MockFilterChain.java:165) ~[spring-test-6.2.19.jar:6.2.19]
	at org.springframework.mock.web.MockFilterChain.doFilter(MockFilterChain.java:132) ~[spring-test-6.2.19.jar:6.2.19]
	at com.agilityhub.core.shared.api.RequestTraceFilter.doFilterInternal(RequestTraceFilter.java:32) ~[classes/:na]
	at org.springframework.web.filter.OncePerRequestFilter.doFilter(OncePerRequestFilter.java:116) ~[spring-web-6.2.19.jar:6.2.19]
	at org.springframework.mock.web.MockFilterChain.doFilter(MockFilterChain.java:132) ~[spring-test-6.2.19.jar:6.2.19]
	at org.springframework.test.web.servlet.MockMvc.perform(MockMvc.java:201) ~[spring-test-6.2.19.jar:6.2.19]
	at com.agilityhub.core.shared.api.ApiExceptionHandlerTest.E3_T06_INC02_unhandledFailureLogsOneFullExceptionWithTheResponseTrace(ApiExceptionHandlerTest.java:75) ~[test-classes/:na]
	at java.base/jdk.internal.reflect.DirectMethodHandleAccessor.invoke(DirectMethodHandleAccessor.java:103) ~[na:na]
	at java.base/java.lang.reflect.Method.invoke(Method.java:580) ~[na:na]
	at org.junit.platform.commons.util.ReflectionUtils.invokeMethod(ReflectionUtils.java:775) ~[junit-platform-commons-1.12.2.jar:1.12.2]
	at org.junit.platform.commons.support.ReflectionSupport.invokeMethod(ReflectionSupport.java:479) ~[junit-platform-commons-1.12.2.jar:1.12.2]
	at org.junit.jupiter.engine.execution.MethodInvocation.proceed(MethodInvocation.java:60) ~[junit-jupiter-engine-5.12.2.jar:5.12.2]
	at org.junit.jupiter.engine.execution.InvocationInterceptorChain$ValidatingInvocation.proceed(InvocationInterceptorChain.java:131) ~[junit-jupiter-engine-5.12.2.jar:5.12.2]
	at org.junit.jupiter.params.ArgumentCountValidator.interceptTestTemplateMethod(ArgumentCountValidator.java:45) ~[junit-jupiter-params-5.12.2.jar:5.12.2]
	at org.junit.jupiter.engine.execution.InterceptingExecutableInvoker$ReflectiveInterceptorCall.lambda$ofVoidMethod$0(InterceptingExecutableInvoker.java:112) ~[junit-jupiter-engine-5.12.2.jar:5.12.2]
	at org.junit.jupiter.engine.execution.InterceptingExecutableInvoker.lambda$invoke$0(InterceptingExecutableInvoker.java:94) ~[junit-jupiter-engine-5.12.2.jar:5.12.2]
	at org.junit.jupiter.engine.execution.InvocationInterceptorChain$InterceptedInvocation.proceed(InvocationInterceptorChain.java:106) ~[junit-jupiter-engine-5.12.2.jar:5.12.2]
	at org.junit.jupiter.engine.extension.TimeoutExtension.intercept(TimeoutExtension.java:161) ~[junit-jupiter-engine-5.12.2.jar:5.12.2]
	at org.junit.jupiter.engine.extension.TimeoutExtension.interceptTestableMethod(TimeoutExtension.java:152) ~[junit-jupiter-engine-5.12.2.jar:5.12.2]
	at org.junit.jupiter.engine.extension.TimeoutExtension.interceptTestTemplateMethod(TimeoutExtension.java:99) ~[junit-jupiter-engine-5.12.2.jar:5.12.2]
	at org.junit.jupiter.engine.execution.InterceptingExecutableInvoker$ReflectiveInterceptorCall.lambda$ofVoidMethod$0(InterceptingExecutableInvoker.java:112) ~[junit-jupiter-engine-5.12.2.jar:5.12.2]
	at org.junit.jupiter.engine.execution.InterceptingExecutableInvoker.lambda$invoke$0(InterceptingExecutableInvoker.java:94) ~[junit-jupiter-engine-5.12.2.jar:5.12.2]
	at org.junit.jupiter.engine.execution.InvocationInterceptorChain$InterceptedInvocation.proceed(InvocationInterceptorChain.java:106) ~[junit-jupiter-engine-5.12.2.jar:5.12.2]
	at org.junit.jupiter.engine.execution.InvocationInterceptorChain.proceed(InvocationInterceptorChain.java:64) ~[junit-jupiter-engine-5.12.2.jar:5.12.2]
	at org.junit.jupiter.engine.execution.InvocationInterceptorChain.chainAndInvoke(InvocationInterceptorChain.java:45) ~[junit-jupiter-engine-5.12.2.jar:5.12.2]
	at org.junit.jupiter.engine.execution.InvocationInterceptorChain.invoke(InvocationInterceptorChain.java:37) ~[junit-jupiter-engine-5.12.2.jar:5.12.2]
	at org.junit.jupiter.engine.execution.InterceptingExecutableInvoker.invoke(InterceptingExecutableInvoker.java:93) ~[junit-jupiter-engine-5.12.2.jar:5.12.2]
	at org.junit.jupiter.engine.execution.InterceptingExecutableInvoker.invoke(InterceptingExecutableInvoker.java:87) ~[junit-jupiter-engine-5.12.2.jar:5.12.2]
	at org.junit.jupiter.engine.descriptor.TestMethodTestDescriptor.lambda$invokeTestMethod$7(TestMethodTestDescriptor.java:216) ~[junit-jupiter-engine-5.12.2.jar:5.12.2]
	at org.junit.platform.engine.support.hierarchical.ThrowableCollector.execute(ThrowableCollector.java:73) ~[junit-platform-engine-1.12.2.jar:1.12.2]
	at org.junit.jupiter.engine.descriptor.TestMethodTestDescriptor.invokeTestMethod(TestMethodTestDescriptor.java:212) ~[junit-jupiter-engine-5.12.2.jar:5.12.2]
	at org.junit.jupiter.engine.descriptor.TestMethodTestDescriptor.execute(TestMethodTestDescriptor.java:137) ~[junit-jupiter-engine-5.12.2.jar:5.12.2]
	at org.junit.jupiter.engine.descriptor.TestMethodTestDescriptor.execute(TestMethodTestDescriptor.java:69) ~[junit-jupiter-engine-5.12.2.jar:5.12.2]
	at org.junit.platform.engine.support.hierarchical.NodeTestTask.lambda$executeRecursively$6(NodeTestTask.java:156) ~[junit-platform-engine-1.12.2.jar:1.12.2]
	at org.junit.platform.engine.support.hierarchical.ThrowableCollector.execute(ThrowableCollector.java:73) ~[junit-platform-engine-1.12.2.jar:1.12.2]
	at org.junit.platform.engine.support.hierarchical.NodeTestTask.lambda$executeRecursively$8(NodeTestTask.java:146) ~[junit-platform-engine-1.12.2.jar:1.12.2]
	at org.junit.platform.engine.support.hierarchical.Node.around(Node.java:137) ~[junit-platform-engine-1.12.2.jar:1.12.2]
	at org.junit.platform.engine.support.hierarchical.NodeTestTask.lambda$executeRecursively$9(NodeTestTask.java:144) ~[junit-platform-engine-1.12.2.jar:1.12.2]
	at org.junit.platform.engine.support.hierarchical.ThrowableCollector.execute(ThrowableCollector.java:73) ~[junit-platform-engine-1.12.2.jar:1.12.2]
	at org.junit.platform.engine.support.hierarchical.NodeTestTask.executeRecursively(NodeTestTask.java:143) ~[junit-platform-engine-1.12.2.jar:1.12.2]
	at org.junit.platform.engine.support.hierarchical.NodeTestTask.execute(NodeTestTask.java:100) ~[junit-platform-engine-1.12.2.jar:1.12.2]
	at org.junit.platform.engine.support.hierarchical.SameThreadHierarchicalTestExecutorService.submit(SameThreadHierarchicalTestExecutorService.java:35) ~[junit-platform-engine-1.12.2.jar:1.12.2]
	at org.junit.platform.engine.support.hierarchical.NodeTestTask$DefaultDynamicTestExecutor.execute(NodeTestTask.java:231) ~[junit-platform-engine-1.12.2.jar:1.12.2]
	at org.junit.platform.engine.support.hierarchical.NodeTestTask$DefaultDynamicTestExecutor.execute(NodeTestTask.java:209) ~[junit-platform-engine-1.12.2.jar:1.12.2]
	at org.junit.jupiter.engine.descriptor.TestTemplateTestDescriptor.execute(TestTemplateTestDescriptor.java:157) ~[junit-jupiter-engine-5.12.2.jar:5.12.2]
	at org.junit.jupiter.engine.descriptor.TestTemplateTestDescriptor.lambda$executeForProvider$0(TestTemplateTestDescriptor.java:115) ~[junit-jupiter-engine-5.12.2.jar:5.12.2]
	at java.base/java.util.Optional.ifPresent(Optional.java:178) ~[na:na]
	at org.junit.jupiter.engine.descriptor.TestTemplateTestDescriptor.lambda$executeForProvider$1(TestTemplateTestDescriptor.java:115) ~[junit-jupiter-engine-5.12.2.jar:5.12.2]
	at java.base/java.util.stream.ForEachOps$ForEachOp$OfRef.accept(ForEachOps.java:184) ~[na:na]
	at java.base/java.util.stream.ReferencePipeline$3$1.accept(ReferencePipeline.java:197) ~[na:na]
	at java.base/java.util.stream.ForEachOps$ForEachOp$OfRef.accept(ForEachOps.java:184) ~[na:na]
	at java.base/java.util.ArrayList$ArrayListSpliterator.forEachRemaining(ArrayList.java:1708) ~[na:na]
	at java.base/java.util.stream.ReferencePipeline$Head.forEach(ReferencePipeline.java:762) ~[na:na]
	at java.base/java.util.stream.ReferencePipeline$7$1.accept(ReferencePipeline.java:276) ~[na:na]
	at java.base/java.util.ArrayList$ArrayListSpliterator.forEachRemaining(ArrayList.java:1708) ~[na:na]
	at java.base/java.util.stream.AbstractPipeline.copyInto(AbstractPipeline.java:509) ~[na:na]
	at java.base/java.util.stream.AbstractPipeline.wrapAndCopyInto(AbstractPipeline.java:499) ~[na:na]
	at java.base/java.util.stream.ForEachOps$ForEachOp.evaluateSequential(ForEachOps.java:151) ~[na:na]
	at java.base/java.util.stream.ForEachOps$ForEachOp$OfRef.evaluateSequential(ForEachOps.java:174) ~[na:na]
	at java.base/java.util.stream.AbstractPipeline.evaluate(AbstractPipeline.java:234) ~[na:na]
	at java.base/java.util.stream.ReferencePipeline.forEach(ReferencePipeline.java:596) ~[na:na]
	at java.base/java.util.stream.ReferencePipeline$7$1.accept(ReferencePipeline.java:276) ~[na:na]
	at java.base/java.util.stream.ReferencePipeline$3$1.accept(ReferencePipeline.java:197) ~[na:na]
	at java.base/java.util.stream.ReferencePipeline$3$1.accept(ReferencePipeline.java:197) ~[na:na]
	at java.base/java.util.stream.ReferencePipeline$3$1.accept(ReferencePipeline.java:197) ~[na:na]
	at java.base/java.util.ArrayList$ArrayListSpliterator.forEachRemaining(ArrayList.java:1708) ~[na:na]
	at java.base/java.util.stream.AbstractPipeline.copyInto(AbstractPipeline.java:509) ~[na:na]
	at java.base/java.util.stream.AbstractPipeline.wrapAndCopyInto(AbstractPipeline.java:499) ~[na:na]
	at java.base/java.util.stream.ForEachOps$ForEachOp.evaluateSequential(ForEachOps.java:151) ~[na:na]
	at java.base/java.util.stream.ForEachOps$ForEachOp$OfRef.evaluateSequential(ForEachOps.java:174) ~[na:na]
	at java.base/java.util.stream.AbstractPipeline.evaluate(AbstractPipeline.java:234) ~[na:na]
	at java.base/java.util.stream.ReferencePipeline.forEach(ReferencePipeline.java:596) ~[na:na]
	at org.junit.jupiter.engine.descriptor.TestTemplateTestDescriptor.executeForProvider(TestTemplateTestDescriptor.java:114) ~[junit-jupiter-engine-5.12.2.jar:5.12.2]
	at org.junit.jupiter.engine.descriptor.TestTemplateTestDescriptor.execute(TestTemplateTestDescriptor.java:103) ~[junit-jupiter-engine-5.12.2.jar:5.12.2]
	at org.junit.jupiter.engine.descriptor.TestTemplateTestDescriptor.execute(TestTemplateTestDescriptor.java:43) ~[junit-jupiter-engine-5.12.2.jar:5.12.2]
	at org.junit.platform.engine.support.hierarchical.NodeTestTask.lambda$executeRecursively$6(NodeTestTask.java:156) ~[junit-platform-engine-1.12.2.jar:1.12.2]
	at org.junit.platform.engine.support.hierarchical.ThrowableCollector.execute(ThrowableCollector.java:73) ~[junit-platform-engine-1.12.2.jar:1.12.2]
	at org.junit.platform.engine.support.hierarchical.NodeTestTask.lambda$executeRecursively$8(NodeTestTask.java:146) ~[junit-platform-engine-1.12.2.jar:1.12.2]
	at org.junit.platform.engine.support.hierarchical.Node.around(Node.java:137) ~[junit-platform-engine-1.12.2.jar:1.12.2]
	at org.junit.platform.engine.support.hierarchical.NodeTestTask.lambda$executeRecursively$9(NodeTestTask.java:144) ~[junit-platform-engine-1.12.2.jar:1.12.2]
	at org.junit.platform.engine.support.hierarchical.ThrowableCollector.execute(ThrowableCollector.java:73) ~[junit-platform-engine-1.12.2.jar:1.12.2]
	at org.junit.platform.engine.support.hierarchical.NodeTestTask.executeRecursively(NodeTestTask.java:143) ~[junit-platform-engine-1.12.2.jar:1.12.2]
	at org.junit.platform.engine.support.hierarchical.NodeTestTask.execute(NodeTestTask.java:100) ~[junit-platform-engine-1.12.2.jar:1.12.2]
	at java.base/java.util.ArrayList.forEach(ArrayList.java:1596) ~[na:na]
	at org.junit.platform.engine.support.hierarchical.SameThreadHierarchicalTestExecutorService.invokeAll(SameThreadHierarchicalTestExecutorService.java:41) ~[junit-platform-engine-1.12.2.jar:1.12.2]
	at org.junit.platform.engine.support.hierarchical.NodeTestTask.lambda$executeRecursively$6(NodeTestTask.java:160) ~[junit-platform-engine-1.12.2.jar:1.12.2]
	at org.junit.platform.engine.support.hierarchical.ThrowableCollector.execute(ThrowableCollector.java:73) ~[junit-platform-engine-1.12.2.jar:1.12.2]
	at org.junit.platform.engine.support.hierarchical.NodeTestTask.lambda$executeRecursively$8(NodeTestTask.java:146) ~[junit-platform-engine-1.12.2.jar:1.12.2]
	at org.junit.platform.engine.support.hierarchical.Node.around(Node.java:137) ~[junit-platform-engine-1.12.2.jar:1.12.2]
	at org.junit.platform.engine.support.hierarchical.NodeTestTask.lambda$executeRecursively$9(NodeTestTask.java:144) ~[junit-platform-engine-1.12.2.jar:1.12.2]
	at org.junit.platform.engine.support.hierarchical.ThrowableCollector.execute(ThrowableCollector.java:73) ~[junit-platform-engine-1.12.2.jar:1.12.2]
	at org.junit.platform.engine.support.hierarchical.NodeTestTask.executeRecursively(NodeTestTask.java:143) ~[junit-platform-engine-1.12.2.jar:1.12.2]
	at org.junit.platform.engine.support.hierarchical.NodeTestTask.execute(NodeTestTask.java:100) ~[junit-platform-engine-1.12.2.jar:1.12.2]
	at java.base/java.util.ArrayList.forEach(ArrayList.java:1596) ~[na:na]
	at org.junit.platform.engine.support.hierarchical.SameThreadHierarchicalTestExecutorService.invokeAll(SameThreadHierarchicalTestExecutorService.java:41) ~[junit-platform-engine-1.12.2.jar:1.12.2]
	at org.junit.platform.engine.support.hierarchical.NodeTestTask.lambda$executeRecursively$6(NodeTestTask.java:160) ~[junit-platform-engine-1.12.2.jar:1.12.2]
	at org.junit.platform.engine.support.hierarchical.ThrowableCollector.execute(ThrowableCollector.java:73) ~[junit-platform-engine-1.12.2.jar:1.12.2]
	at org.junit.platform.engine.support.hierarchical.NodeTestTask.lambda$executeRecursively$8(NodeTestTask.java:146) ~[junit-platform-engine-1.12.2.jar:1.12.2]
	at org.junit.platform.engine.support.hierarchical.Node.around(Node.java:137) ~[junit-platform-engine-1.12.2.jar:1.12.2]
	at org.junit.platform.engine.support.hierarchical.NodeTestTask.lambda$executeRecursively$9(NodeTestTask.java:144) ~[junit-platform-engine-1.12.2.jar:1.12.2]
	at org.junit.platform.engine.support.hierarchical.ThrowableCollector.execute(ThrowableCollector.java:73) ~[junit-platform-engine-1.12.2.jar:1.12.2]
	at org.junit.platform.engine.support.hierarchical.NodeTestTask.executeRecursively(NodeTestTask.java:143) ~[junit-platform-engine-1.12.2.jar:1.12.2]
	at org.junit.platform.engine.support.hierarchical.NodeTestTask.execute(NodeTestTask.java:100) ~[junit-platform-engine-1.12.2.jar:1.12.2]
	at org.junit.platform.engine.support.hierarchical.SameThreadHierarchicalTestExecutorService.submit(SameThreadHierarchicalTestExecutorService.java:35) ~[junit-platform-engine-1.12.2.jar:1.12.2]
	at org.junit.platform.engine.support.hierarchical.HierarchicalTestExecutor.execute(HierarchicalTestExecutor.java:57) ~[junit-platform-engine-1.12.2.jar:1.12.2]
	at org.junit.platform.engine.support.hierarchical.HierarchicalTestEngine.execute(HierarchicalTestEngine.java:54) ~[junit-platform-engine-1.12.2.jar:1.12.2]
	at org.junit.platform.launcher.core.EngineExecutionOrchestrator.execute(EngineExecutionOrchestrator.java:201) ~[junit-platform-launcher-1.12.2.jar:1.12.2]
	at org.junit.platform.launcher.core.EngineExecutionOrchestrator.execute(EngineExecutionOrchestrator.java:170) ~[junit-platform-launcher-1.12.2.jar:1.12.2]
	at org.junit.platform.launcher.core.EngineExecutionOrchestrator.execute(EngineExecutionOrchestrator.java:94) ~[junit-platform-launcher-1.12.2.jar:1.12.2]
	at org.junit.platform.launcher.core.EngineExecutionOrchestrator.lambda$execute$0(EngineExecutionOrchestrator.java:59) ~[junit-platform-launcher-1.12.2.jar:1.12.2]
	at org.junit.platform.launcher.core.EngineExecutionOrchestrator.withInterceptedStreams(EngineExecutionOrchestrator.java:142) ~[junit-platform-launcher-1.12.2.jar:1.12.2]
	at org.junit.platform.launcher.core.EngineExecutionOrchestrator.execute(EngineExecutionOrchestrator.java:58) ~[junit-platform-launcher-1.12.2.jar:1.12.2]
	at org.junit.platform.launcher.core.DefaultLauncher.execute(DefaultLauncher.java:103) ~[junit-platform-launcher-1.12.2.jar:1.12.2]
	at org.junit.platform.launcher.core.DefaultLauncher.execute(DefaultLauncher.java:85) ~[junit-platform-launcher-1.12.2.jar:1.12.2]
	at org.junit.platform.launcher.core.DelegatingLauncher.execute(DelegatingLauncher.java:47) ~[junit-platform-launcher-1.12.2.jar:1.12.2]
	at org.junit.platform.launcher.core.InterceptingLauncher.lambda$execute$1(InterceptingLauncher.java:39) ~[junit-platform-launcher-1.12.2.jar:1.12.2]
	at org.junit.platform.launcher.core.ClasspathAlignmentCheckingLauncherInterceptor.intercept(ClasspathAlignmentCheckingLauncherInterceptor.java:25) ~[junit-platform-launcher-1.12.2.jar:1.12.2]
	at org.junit.platform.launcher.core.InterceptingLauncher.execute(InterceptingLauncher.java:38) ~[junit-platform-launcher-1.12.2.jar:1.12.2]
	at org.junit.platform.launcher.core.DelegatingLauncher.execute(DelegatingLauncher.java:47) ~[junit-platform-launcher-1.12.2.jar:1.12.2]
	at org.apache.maven.surefire.junitplatform.LauncherAdapter.executeWithoutCancellationToken(LauncherAdapter.java:60) ~[surefire-junit-platform-3.5.6.jar:3.5.6]
	at org.apache.maven.surefire.junitplatform.LauncherAdapter.execute(LauncherAdapter.java:52) ~[surefire-junit-platform-3.5.6.jar:3.5.6]
	at org.apache.maven.surefire.junitplatform.JUnitPlatformProvider.execute(JUnitPlatformProvider.java:203) ~[surefire-junit-platform-3.5.6.jar:3.5.6]
	at org.apache.maven.surefire.junitplatform.JUnitPlatformProvider.invokeAllTests(JUnitPlatformProvider.java:168) ~[surefire-junit-platform-3.5.6.jar:3.5.6]
	at org.apache.maven.surefire.junitplatform.JUnitPlatformProvider.invoke(JUnitPlatformProvider.java:136) ~[surefire-junit-platform-3.5.6.jar:3.5.6]
	at org.apache.maven.surefire.booter.ForkedBooter.runSuitesInProcess(ForkedBooter.java:385) ~[surefire-booter-3.5.6.jar:3.5.6]
	at org.apache.maven.surefire.booter.ForkedBooter.execute(ForkedBooter.java:162) ~[surefire-booter-3.5.6.jar:3.5.6]
	at org.apache.maven.surefire.booter.ForkedBooter.run(ForkedBooter.java:507) ~[surefire-booter-3.5.6.jar:3.5.6]
	at org.apache.maven.surefire.booter.ForkedBooter.main(ForkedBooter.java:495) ~[surefire-booter-3.5.6.jar:3.5.6]
Caused by: java.lang.IllegalArgumentException: fictional cause
	... 145 common frames omitted

2026-09-16T12:43:28.464+02:00  INFO 74388 --- [agilityhub-core-api] [           main] o.s.mock.web.MockServletContext          : Initializing Spring TestDispatcherServlet ''
2026-09-16T12:43:28.464+02:00  INFO 74388 --- [agilityhub-core-api] [           main] o.s.t.web.servlet.TestDispatcherServlet  : Initializing Servlet ''
2026-09-16T12:43:28.464+02:00  INFO 74388 --- [agilityhub-core-api] [           main] o.s.t.web.servlet.TestDispatcherServlet  : Completed initialization in 0 ms
2026-09-16T12:43:28.465+02:00 ERROR 74388 --- [agilityhub-core-api] [           main] c.a.core.shared.api.ApiExceptionHandler  : Unhandled request exception traceId=802353ae-7562-4eef-9916-77a3a392fd75

java.lang.IllegalStateException: fictional failure
	at com.agilityhub.core.shared.api.ApiExceptionHandlerTest$TestController.unexpected(ApiExceptionHandlerTest.java:147) ~[test-classes/:na]
	at java.base/jdk.internal.reflect.DirectMethodHandleAccessor.invoke(DirectMethodHandleAccessor.java:103) ~[na:na]
	at java.base/java.lang.reflect.Method.invoke(Method.java:580) ~[na:na]
	at org.springframework.web.method.support.InvocableHandlerMethod.doInvoke(InvocableHandlerMethod.java:258) ~[spring-web-6.2.19.jar:6.2.19]
	at org.springframework.web.method.support.InvocableHandlerMethod.invokeForRequest(InvocableHandlerMethod.java:191) ~[spring-web-6.2.19.jar:6.2.19]
	at org.springframework.web.servlet.mvc.method.annotation.ServletInvocableHandlerMethod.invokeAndHandle(ServletInvocableHandlerMethod.java:118) ~[spring-webmvc-6.2.19.jar:6.2.19]
	at org.springframework.web.servlet.mvc.method.annotation.RequestMappingHandlerAdapter.invokeHandlerMethod(RequestMappingHandlerAdapter.java:991) ~[spring-webmvc-6.2.19.jar:6.2.19]
	at org.springframework.web.servlet.mvc.method.annotation.RequestMappingHandlerAdapter.handleInternal(RequestMappingHandlerAdapter.java:896) ~[spring-webmvc-6.2.19.jar:6.2.19]
	at org.springframework.web.servlet.mvc.method.AbstractHandlerMethodAdapter.handle(AbstractHandlerMethodAdapter.java:87) ~[spring-webmvc-6.2.19.jar:6.2.19]
	at org.springframework.web.servlet.DispatcherServlet.doDispatch(DispatcherServlet.java:1089) ~[spring-webmvc-6.2.19.jar:6.2.19]
	at org.springframework.web.servlet.DispatcherServlet.doService(DispatcherServlet.java:979) ~[spring-webmvc-6.2.19.jar:6.2.19]
	at org.springframework.web.servlet.FrameworkServlet.processRequest(FrameworkServlet.java:1014) ~[spring-webmvc-6.2.19.jar:6.2.19]
	at org.springframework.web.servlet.FrameworkServlet.doGet(FrameworkServlet.java:903) ~[spring-webmvc-6.2.19.jar:6.2.19]
	at jakarta.servlet.http.HttpServlet.service(HttpServlet.java:564) ~[tomcat-embed-core-10.1.55.jar:6.0]
	at org.springframework.web.servlet.FrameworkServlet.service(FrameworkServlet.java:885) ~[spring-webmvc-6.2.19.jar:6.2.19]
	at org.springframework.test.web.servlet.TestDispatcherServlet.service(TestDispatcherServlet.java:72) ~[spring-test-6.2.19.jar:6.2.19]
	at jakarta.servlet.http.HttpServlet.service(HttpServlet.java:658) ~[tomcat-embed-core-10.1.55.jar:6.0]
	at org.springframework.mock.web.MockFilterChain$ServletFilterProxy.doFilter(MockFilterChain.java:165) ~[spring-test-6.2.19.jar:6.2.19]
	at org.springframework.mock.web.MockFilterChain.doFilter(MockFilterChain.java:132) ~[spring-test-6.2.19.jar:6.2.19]
	at com.agilityhub.core.shared.api.RequestTraceFilter.doFilterInternal(RequestTraceFilter.java:32) ~[classes/:na]
	at org.springframework.web.filter.OncePerRequestFilter.doFilter(OncePerRequestFilter.java:116) ~[spring-web-6.2.19.jar:6.2.19]
	at org.springframework.mock.web.MockFilterChain.doFilter(MockFilterChain.java:132) ~[spring-test-6.2.19.jar:6.2.19]
	at org.springframework.test.web.servlet.MockMvc.perform(MockMvc.java:201) ~[spring-test-6.2.19.jar:6.2.19]
	at com.agilityhub.core.shared.api.ApiExceptionHandlerTest.E3_T06_INC02_unhandledFailureLogsOneFullExceptionWithTheResponseTrace(ApiExceptionHandlerTest.java:75) ~[test-classes/:na]
	at java.base/jdk.internal.reflect.DirectMethodHandleAccessor.invoke(DirectMethodHandleAccessor.java:103) ~[na:na]
	at java.base/java.lang.reflect.Method.invoke(Method.java:580) ~[na:na]
	at org.junit.platform.commons.util.ReflectionUtils.invokeMethod(ReflectionUtils.java:775) ~[junit-platform-commons-1.12.2.jar:1.12.2]
	at org.junit.platform.commons.support.ReflectionSupport.invokeMethod(ReflectionSupport.java:479) ~[junit-platform-commons-1.12.2.jar:1.12.2]
	at org.junit.jupiter.engine.execution.MethodInvocation.proceed(MethodInvocation.java:60) ~[junit-jupiter-engine-5.12.2.jar:5.12.2]
	at org.junit.jupiter.engine.execution.InvocationInterceptorChain$ValidatingInvocation.proceed(InvocationInterceptorChain.java:131) ~[junit-jupiter-engine-5.12.2.jar:5.12.2]
	at org.junit.jupiter.params.ArgumentCountValidator.interceptTestTemplateMethod(ArgumentCountValidator.java:45) ~[junit-jupiter-params-5.12.2.jar:5.12.2]
	at org.junit.jupiter.engine.execution.InterceptingExecutableInvoker$ReflectiveInterceptorCall.lambda$ofVoidMethod$0(InterceptingExecutableInvoker.java:112) ~[junit-jupiter-engine-5.12.2.jar:5.12.2]
	at org.junit.jupiter.engine.execution.InterceptingExecutableInvoker.lambda$invoke$0(InterceptingExecutableInvoker.java:94) ~[junit-jupiter-engine-5.12.2.jar:5.12.2]
	at org.junit.jupiter.engine.execution.InvocationInterceptorChain$InterceptedInvocation.proceed(InvocationInterceptorChain.java:106) ~[junit-jupiter-engine-5.12.2.jar:5.12.2]
	at org.junit.jupiter.engine.extension.TimeoutExtension.intercept(TimeoutExtension.java:161) ~[junit-jupiter-engine-5.12.2.jar:5.12.2]
	at org.junit.jupiter.engine.extension.TimeoutExtension.interceptTestableMethod(TimeoutExtension.java:152) ~[junit-jupiter-engine-5.12.2.jar:5.12.2]
	at org.junit.jupiter.engine.extension.TimeoutExtension.interceptTestTemplateMethod(TimeoutExtension.java:99) ~[junit-jupiter-engine-5.12.2.jar:5.12.2]
	at org.junit.jupiter.engine.execution.InterceptingExecutableInvoker$ReflectiveInterceptorCall.lambda$ofVoidMethod$0(InterceptingExecutableInvoker.java:112) ~[junit-jupiter-engine-5.12.2.jar:5.12.2]
	at org.junit.jupiter.engine.execution.InterceptingExecutableInvoker.lambda$invoke$0(InterceptingExecutableInvoker.java:94) ~[junit-jupiter-engine-5.12.2.jar:5.12.2]
	at org.junit.jupiter.engine.execution.InvocationInterceptorChain$InterceptedInvocation.proceed(InvocationInterceptorChain.java:106) ~[junit-jupiter-engine-5.12.2.jar:5.12.2]
	at org.junit.jupiter.engine.execution.InvocationInterceptorChain.proceed(InvocationInterceptorChain.java:64) ~[junit-jupiter-engine-5.12.2.jar:5.12.2]
	at org.junit.jupiter.engine.execution.InvocationInterceptorChain.chainAndInvoke(InvocationInterceptorChain.java:45) ~[junit-jupiter-engine-5.12.2.jar:5.12.2]
	at org.junit.jupiter.engine.execution.InvocationInterceptorChain.invoke(InvocationInterceptorChain.java:37) ~[junit-jupiter-engine-5.12.2.jar:5.12.2]
	at org.junit.jupiter.engine.execution.InterceptingExecutableInvoker.invoke(InterceptingExecutableInvoker.java:93) ~[junit-jupiter-engine-5.12.2.jar:5.12.2]
	at org.junit.jupiter.engine.execution.InterceptingExecutableInvoker.invoke(InterceptingExecutableInvoker.java:87) ~[junit-jupiter-engine-5.12.2.jar:5.12.2]
	at org.junit.jupiter.engine.descriptor.TestMethodTestDescriptor.lambda$invokeTestMethod$7(TestMethodTestDescriptor.java:216) ~[junit-jupiter-engine-5.12.2.jar:5.12.2]
	at org.junit.platform.engine.support.hierarchical.ThrowableCollector.execute(ThrowableCollector.java:73) ~[junit-platform-engine-1.12.2.jar:1.12.2]
	at org.junit.jupiter.engine.descriptor.TestMethodTestDescriptor.invokeTestMethod(TestMethodTestDescriptor.java:212) ~[junit-jupiter-engine-5.12.2.jar:5.12.2]
	at org.junit.jupiter.engine.descriptor.TestMethodTestDescriptor.execute(TestMethodTestDescriptor.java:137) ~[junit-jupiter-engine-5.12.2.jar:5.12.2]
	at org.junit.jupiter.engine.descriptor.TestMethodTestDescriptor.execute(TestMethodTestDescriptor.java:69) ~[junit-jupiter-engine-5.12.2.jar:5.12.2]
	at org.junit.platform.engine.support.hierarchical.NodeTestTask.lambda$executeRecursively$6(NodeTestTask.java:156) ~[junit-platform-engine-1.12.2.jar:1.12.2]
	at org.junit.platform.engine.support.hierarchical.ThrowableCollector.execute(ThrowableCollector.java:73) ~[junit-platform-engine-1.12.2.jar:1.12.2]
	at org.junit.platform.engine.support.hierarchical.NodeTestTask.lambda$executeRecursively$8(NodeTestTask.java:146) ~[junit-platform-engine-1.12.2.jar:1.12.2]
	at org.junit.platform.engine.support.hierarchical.Node.around(Node.java:137) ~[junit-platform-engine-1.12.2.jar:1.12.2]
	at org.junit.platform.engine.support.hierarchical.NodeTestTask.lambda$executeRecursively$9(NodeTestTask.java:144) ~[junit-platform-engine-1.12.2.jar:1.12.2]
	at org.junit.platform.engine.support.hierarchical.ThrowableCollector.execute(ThrowableCollector.java:73) ~[junit-platform-engine-1.12.2.jar:1.12.2]
	at org.junit.platform.engine.support.hierarchical.NodeTestTask.executeRecursively(NodeTestTask.java:143) ~[junit-platform-engine-1.12.2.jar:1.12.2]
	at org.junit.platform.engine.support.hierarchical.NodeTestTask.execute(NodeTestTask.java:100) ~[junit-platform-engine-1.12.2.jar:1.12.2]
	at org.junit.platform.engine.support.hierarchical.SameThreadHierarchicalTestExecutorService.submit(SameThreadHierarchicalTestExecutorService.java:35) ~[junit-platform-engine-1.12.2.jar:1.12.2]
	at org.junit.platform.engine.support.hierarchical.NodeTestTask$DefaultDynamicTestExecutor.execute(NodeTestTask.java:231) ~[junit-platform-engine-1.12.2.jar:1.12.2]
	at org.junit.platform.engine.support.hierarchical.NodeTestTask$DefaultDynamicTestExecutor.execute(NodeTestTask.java:209) ~[junit-platform-engine-1.12.2.jar:1.12.2]
	at org.junit.jupiter.engine.descriptor.TestTemplateTestDescriptor.execute(TestTemplateTestDescriptor.java:157) ~[junit-jupiter-engine-5.12.2.jar:5.12.2]
	at org.junit.jupiter.engine.descriptor.TestTemplateTestDescriptor.lambda$executeForProvider$0(TestTemplateTestDescriptor.java:115) ~[junit-jupiter-engine-5.12.2.jar:5.12.2]
	at java.base/java.util.Optional.ifPresent(Optional.java:178) ~[na:na]
	at org.junit.jupiter.engine.descriptor.TestTemplateTestDescriptor.lambda$executeForProvider$1(TestTemplateTestDescriptor.java:115) ~[junit-jupiter-engine-5.12.2.jar:5.12.2]
	at java.base/java.util.stream.ForEachOps$ForEachOp$OfRef.accept(ForEachOps.java:184) ~[na:na]
	at java.base/java.util.stream.ReferencePipeline$3$1.accept(ReferencePipeline.java:197) ~[na:na]
	at java.base/java.util.stream.ForEachOps$ForEachOp$OfRef.accept(ForEachOps.java:184) ~[na:na]
	at java.base/java.util.ArrayList$ArrayListSpliterator.forEachRemaining(ArrayList.java:1708) ~[na:na]
	at java.base/java.util.stream.ReferencePipeline$Head.forEach(ReferencePipeline.java:762) ~[na:na]
	at java.base/java.util.stream.ReferencePipeline$7$1.accept(ReferencePipeline.java:276) ~[na:na]
	at java.base/java.util.ArrayList$ArrayListSpliterator.forEachRemaining(ArrayList.java:1708) ~[na:na]
	at java.base/java.util.stream.AbstractPipeline.copyInto(AbstractPipeline.java:509) ~[na:na]
	at java.base/java.util.stream.AbstractPipeline.wrapAndCopyInto(AbstractPipeline.java:499) ~[na:na]
	at java.base/java.util.stream.ForEachOps$ForEachOp.evaluateSequential(ForEachOps.java:151) ~[na:na]
	at java.base/java.util.stream.ForEachOps$ForEachOp$OfRef.evaluateSequential(ForEachOps.java:174) ~[na:na]
	at java.base/java.util.stream.AbstractPipeline.evaluate(AbstractPipeline.java:234) ~[na:na]
	at java.base/java.util.stream.ReferencePipeline.forEach(ReferencePipeline.java:596) ~[na:na]
	at java.base/java.util.stream.ReferencePipeline$7$1.accept(ReferencePipeline.java:276) ~[na:na]
	at java.base/java.util.stream.ReferencePipeline$3$1.accept(ReferencePipeline.java:197) ~[na:na]
	at java.base/java.util.stream.ReferencePipeline$3$1.accept(ReferencePipeline.java:197) ~[na:na]
	at java.base/java.util.stream.ReferencePipeline$3$1.accept(ReferencePipeline.java:197) ~[na:na]
	at java.base/java.util.ArrayList$ArrayListSpliterator.forEachRemaining(ArrayList.java:1708) ~[na:na]
	at java.base/java.util.stream.AbstractPipeline.copyInto(AbstractPipeline.java:509) ~[na:na]
	at java.base/java.util.stream.AbstractPipeline.wrapAndCopyInto(AbstractPipeline.java:499) ~[na:na]
	at java.base/java.util.stream.ForEachOps$ForEachOp.evaluateSequential(ForEachOps.java:151) ~[na:na]
	at java.base/java.util.stream.ForEachOps$ForEachOp$OfRef.evaluateSequential(ForEachOps.java:174) ~[na:na]
	at java.base/java.util.stream.AbstractPipeline.evaluate(AbstractPipeline.java:234) ~[na:na]
	at java.base/java.util.stream.ReferencePipeline.forEach(ReferencePipeline.java:596) ~[na:na]
	at org.junit.jupiter.engine.descriptor.TestTemplateTestDescriptor.executeForProvider(TestTemplateTestDescriptor.java:114) ~[junit-jupiter-engine-5.12.2.jar:5.12.2]
	at org.junit.jupiter.engine.descriptor.TestTemplateTestDescriptor.execute(TestTemplateTestDescriptor.java:103) ~[junit-jupiter-engine-5.12.2.jar:5.12.2]
	at org.junit.jupiter.engine.descriptor.TestTemplateTestDescriptor.execute(TestTemplateTestDescriptor.java:43) ~[junit-jupiter-engine-5.12.2.jar:5.12.2]
	at org.junit.platform.engine.support.hierarchical.NodeTestTask.lambda$executeRecursively$6(NodeTestTask.java:156) ~[junit-platform-engine-1.12.2.jar:1.12.2]
	at org.junit.platform.engine.support.hierarchical.ThrowableCollector.execute(ThrowableCollector.java:73) ~[junit-platform-engine-1.12.2.jar:1.12.2]
	at org.junit.platform.engine.support.hierarchical.NodeTestTask.lambda$executeRecursively$8(NodeTestTask.java:146) ~[junit-platform-engine-1.12.2.jar:1.12.2]
	at org.junit.platform.engine.support.hierarchical.Node.around(Node.java:137) ~[junit-platform-engine-1.12.2.jar:1.12.2]
	at org.junit.platform.engine.support.hierarchical.NodeTestTask.lambda$executeRecursively$9(NodeTestTask.java:144) ~[junit-platform-engine-1.12.2.jar:1.12.2]
	at org.junit.platform.engine.support.hierarchical.ThrowableCollector.execute(ThrowableCollector.java:73) ~[junit-platform-engine-1.12.2.jar:1.12.2]
	at org.junit.platform.engine.support.hierarchical.NodeTestTask.executeRecursively(NodeTestTask.java:143) ~[junit-platform-engine-1.12.2.jar:1.12.2]
	at org.junit.platform.engine.support.hierarchical.NodeTestTask.execute(NodeTestTask.java:100) ~[junit-platform-engine-1.12.2.jar:1.12.2]
	at java.base/java.util.ArrayList.forEach(ArrayList.java:1596) ~[na:na]
	at org.junit.platform.engine.support.hierarchical.SameThreadHierarchicalTestExecutorService.invokeAll(SameThreadHierarchicalTestExecutorService.java:41) ~[junit-platform-engine-1.12.2.jar:1.12.2]
	at org.junit.platform.engine.support.hierarchical.NodeTestTask.lambda$executeRecursively$6(NodeTestTask.java:160) ~[junit-platform-engine-1.12.2.jar:1.12.2]
	at org.junit.platform.engine.support.hierarchical.ThrowableCollector.execute(ThrowableCollector.java:73) ~[junit-platform-engine-1.12.2.jar:1.12.2]
	at org.junit.platform.engine.support.hierarchical.NodeTestTask.lambda$executeRecursively$8(NodeTestTask.java:146) ~[junit-platform-engine-1.12.2.jar:1.12.2]
	at org.junit.platform.engine.support.hierarchical.Node.around(Node.java:137) ~[junit-platform-engine-1.12.2.jar:1.12.2]
	at org.junit.platform.engine.support.hierarchical.NodeTestTask.lambda$executeRecursively$9(NodeTestTask.java:144) ~[junit-platform-engine-1.12.2.jar:1.12.2]
	at org.junit.platform.engine.support.hierarchical.ThrowableCollector.execute(ThrowableCollector.java:73) ~[junit-platform-engine-1.12.2.jar:1.12.2]
	at org.junit.platform.engine.support.hierarchical.NodeTestTask.executeRecursively(NodeTestTask.java:143) ~[junit-platform-engine-1.12.2.jar:1.12.2]
	at org.junit.platform.engine.support.hierarchical.NodeTestTask.execute(NodeTestTask.java:100) ~[junit-platform-engine-1.12.2.jar:1.12.2]
	at java.base/java.util.ArrayList.forEach(ArrayList.java:1596) ~[na:na]
	at org.junit.platform.engine.support.hierarchical.SameThreadHierarchicalTestExecutorService.invokeAll(SameThreadHierarchicalTestExecutorService.java:41) ~[junit-platform-engine-1.12.2.jar:1.12.2]
	at org.junit.platform.engine.support.hierarchical.NodeTestTask.lambda$executeRecursively$6(NodeTestTask.java:160) ~[junit-platform-engine-1.12.2.jar:1.12.2]
	at org.junit.platform.engine.support.hierarchical.ThrowableCollector.execute(ThrowableCollector.java:73) ~[junit-platform-engine-1.12.2.jar:1.12.2]
	at org.junit.platform.engine.support.hierarchical.NodeTestTask.lambda$executeRecursively$8(NodeTestTask.java:146) ~[junit-platform-engine-1.12.2.jar:1.12.2]
	at org.junit.platform.engine.support.hierarchical.Node.around(Node.java:137) ~[junit-platform-engine-1.12.2.jar:1.12.2]
	at org.junit.platform.engine.support.hierarchical.NodeTestTask.lambda$executeRecursively$9(NodeTestTask.java:144) ~[junit-platform-engine-1.12.2.jar:1.12.2]
	at org.junit.platform.engine.support.hierarchical.ThrowableCollector.execute(ThrowableCollector.java:73) ~[junit-platform-engine-1.12.2.jar:1.12.2]
	at org.junit.platform.engine.support.hierarchical.NodeTestTask.executeRecursively(NodeTestTask.java:143) ~[junit-platform-engine-1.12.2.jar:1.12.2]
	at org.junit.platform.engine.support.hierarchical.NodeTestTask.execute(NodeTestTask.java:100) ~[junit-platform-engine-1.12.2.jar:1.12.2]
	at org.junit.platform.engine.support.hierarchical.SameThreadHierarchicalTestExecutorService.submit(SameThreadHierarchicalTestExecutorService.java:35) ~[junit-platform-engine-1.12.2.jar:1.12.2]
	at org.junit.platform.engine.support.hierarchical.HierarchicalTestExecutor.execute(HierarchicalTestExecutor.java:57) ~[junit-platform-engine-1.12.2.jar:1.12.2]
	at org.junit.platform.engine.support.hierarchical.HierarchicalTestEngine.execute(HierarchicalTestEngine.java:54) ~[junit-platform-engine-1.12.2.jar:1.12.2]
	at org.junit.platform.launcher.core.EngineExecutionOrchestrator.execute(EngineExecutionOrchestrator.java:201) ~[junit-platform-launcher-1.12.2.jar:1.12.2]
	at org.junit.platform.launcher.core.EngineExecutionOrchestrator.execute(EngineExecutionOrchestrator.java:170) ~[junit-platform-launcher-1.12.2.jar:1.12.2]
	at org.junit.platform.launcher.core.EngineExecutionOrchestrator.execute(EngineExecutionOrchestrator.java:94) ~[junit-platform-launcher-1.12.2.jar:1.12.2]
	at org.junit.platform.launcher.core.EngineExecutionOrchestrator.lambda$execute$0(EngineExecutionOrchestrator.java:59) ~[junit-platform-launcher-1.12.2.jar:1.12.2]
	at org.junit.platform.launcher.core.EngineExecutionOrchestrator.withInterceptedStreams(EngineExecutionOrchestrator.java:142) ~[junit-platform-launcher-1.12.2.jar:1.12.2]
	at org.junit.platform.launcher.core.EngineExecutionOrchestrator.execute(EngineExecutionOrchestrator.java:58) ~[junit-platform-launcher-1.12.2.jar:1.12.2]
	at org.junit.platform.launcher.core.DefaultLauncher.execute(DefaultLauncher.java:103) ~[junit-platform-launcher-1.12.2.jar:1.12.2]
	at org.junit.platform.launcher.core.DefaultLauncher.execute(DefaultLauncher.java:85) ~[junit-platform-launcher-1.12.2.jar:1.12.2]
	at org.junit.platform.launcher.core.DelegatingLauncher.execute(DelegatingLauncher.java:47) ~[junit-platform-launcher-1.12.2.jar:1.12.2]
	at org.junit.platform.launcher.core.InterceptingLauncher.lambda$execute$1(InterceptingLauncher.java:39) ~[junit-platform-launcher-1.12.2.jar:1.12.2]
	at org.junit.platform.launcher.core.ClasspathAlignmentCheckingLauncherInterceptor.intercept(ClasspathAlignmentCheckingLauncherInterceptor.java:25) ~[junit-platform-launcher-1.12.2.jar:1.12.2]
	at org.junit.platform.launcher.core.InterceptingLauncher.execute(InterceptingLauncher.java:38) ~[junit-platform-launcher-1.12.2.jar:1.12.2]
	at org.junit.platform.launcher.core.DelegatingLauncher.execute(DelegatingLauncher.java:47) ~[junit-platform-launcher-1.12.2.jar:1.12.2]
	at org.apache.maven.surefire.junitplatform.LauncherAdapter.executeWithoutCancellationToken(LauncherAdapter.java:60) ~[surefire-junit-platform-3.5.6.jar:3.5.6]
	at org.apache.maven.surefire.junitplatform.LauncherAdapter.execute(LauncherAdapter.java:52) ~[surefire-junit-platform-3.5.6.jar:3.5.6]
	at org.apache.maven.surefire.junitplatform.JUnitPlatformProvider.execute(JUnitPlatformProvider.java:203) ~[surefire-junit-platform-3.5.6.jar:3.5.6]
	at org.apache.maven.surefire.junitplatform.JUnitPlatformProvider.invokeAllTests(JUnitPlatformProvider.java:168) ~[surefire-junit-platform-3.5.6.jar:3.5.6]
	at org.apache.maven.surefire.junitplatform.JUnitPlatformProvider.invoke(JUnitPlatformProvider.java:136) ~[surefire-junit-platform-3.5.6.jar:3.5.6]
	at org.apache.maven.surefire.booter.ForkedBooter.runSuitesInProcess(ForkedBooter.java:385) ~[surefire-booter-3.5.6.jar:3.5.6]
	at org.apache.maven.surefire.booter.ForkedBooter.execute(ForkedBooter.java:162) ~[surefire-booter-3.5.6.jar:3.5.6]
	at org.apache.maven.surefire.booter.ForkedBooter.run(ForkedBooter.java:507) ~[surefire-booter-3.5.6.jar:3.5.6]
	at org.apache.maven.surefire.booter.ForkedBooter.main(ForkedBooter.java:495) ~[surefire-booter-3.5.6.jar:3.5.6]
Caused by: java.lang.IllegalArgumentException: fictional cause
	... 145 common frames omitted

2026-09-16T12:43:28.471+02:00  INFO 74388 --- [agilityhub-core-api] [           main] o.s.mock.web.MockServletContext          : Initializing Spring TestDispatcherServlet ''
2026-09-16T12:43:28.471+02:00  INFO 74388 --- [agilityhub-core-api] [           main] o.s.t.web.servlet.TestDispatcherServlet  : Initializing Servlet ''
2026-09-16T12:43:28.472+02:00  INFO 74388 --- [agilityhub-core-api] [           main] o.s.t.web.servlet.TestDispatcherServlet  : Completed initialization in 0 ms
2026-09-16T12:43:28.472+02:00 ERROR 74388 --- [agilityhub-core-api] [           main] c.a.core.shared.api.ApiExceptionHandler  : Unhandled request exception traceId=3481da95-9beb-4702-aa83-02e1758483f2

java.lang.IllegalStateException: fictional failure
	at com.agilityhub.core.shared.api.ApiExceptionHandlerTest$TestController.unexpected(ApiExceptionHandlerTest.java:147) ~[test-classes/:na]
	at java.base/jdk.internal.reflect.DirectMethodHandleAccessor.invoke(DirectMethodHandleAccessor.java:103) ~[na:na]
	at java.base/java.lang.reflect.Method.invoke(Method.java:580) ~[na:na]
	at org.springframework.web.method.support.InvocableHandlerMethod.doInvoke(InvocableHandlerMethod.java:258) ~[spring-web-6.2.19.jar:6.2.19]
	at org.springframework.web.method.support.InvocableHandlerMethod.invokeForRequest(InvocableHandlerMethod.java:191) ~[spring-web-6.2.19.jar:6.2.19]
	at org.springframework.web.servlet.mvc.method.annotation.ServletInvocableHandlerMethod.invokeAndHandle(ServletInvocableHandlerMethod.java:118) ~[spring-webmvc-6.2.19.jar:6.2.19]
	at org.springframework.web.servlet.mvc.method.annotation.RequestMappingHandlerAdapter.invokeHandlerMethod(RequestMappingHandlerAdapter.java:991) ~[spring-webmvc-6.2.19.jar:6.2.19]
	at org.springframework.web.servlet.mvc.method.annotation.RequestMappingHandlerAdapter.handleInternal(RequestMappingHandlerAdapter.java:896) ~[spring-webmvc-6.2.19.jar:6.2.19]
	at org.springframework.web.servlet.mvc.method.AbstractHandlerMethodAdapter.handle(AbstractHandlerMethodAdapter.java:87) ~[spring-webmvc-6.2.19.jar:6.2.19]
	at org.springframework.web.servlet.DispatcherServlet.doDispatch(DispatcherServlet.java:1089) ~[spring-webmvc-6.2.19.jar:6.2.19]
	at org.springframework.web.servlet.DispatcherServlet.doService(DispatcherServlet.java:979) ~[spring-webmvc-6.2.19.jar:6.2.19]
	at org.springframework.web.servlet.FrameworkServlet.processRequest(FrameworkServlet.java:1014) ~[spring-webmvc-6.2.19.jar:6.2.19]
	at org.springframework.web.servlet.FrameworkServlet.doGet(FrameworkServlet.java:903) ~[spring-webmvc-6.2.19.jar:6.2.19]
	at jakarta.servlet.http.HttpServlet.service(HttpServlet.java:564) ~[tomcat-embed-core-10.1.55.jar:6.0]
	at org.springframework.web.servlet.FrameworkServlet.service(FrameworkServlet.java:885) ~[spring-webmvc-6.2.19.jar:6.2.19]
	at org.springframework.test.web.servlet.TestDispatcherServlet.service(TestDispatcherServlet.java:72) ~[spring-test-6.2.19.jar:6.2.19]
	at jakarta.servlet.http.HttpServlet.service(HttpServlet.java:658) ~[tomcat-embed-core-10.1.55.jar:6.0]
	at org.springframework.mock.web.MockFilterChain$ServletFilterProxy.doFilter(MockFilterChain.java:165) ~[spring-test-6.2.19.jar:6.2.19]
	at org.springframework.mock.web.MockFilterChain.doFilter(MockFilterChain.java:132) ~[spring-test-6.2.19.jar:6.2.19]
	at com.agilityhub.core.shared.api.RequestTraceFilter.doFilterInternal(RequestTraceFilter.java:32) ~[classes/:na]
	at org.springframework.web.filter.OncePerRequestFilter.doFilter(OncePerRequestFilter.java:116) ~[spring-web-6.2.19.jar:6.2.19]
	at org.springframework.mock.web.MockFilterChain.doFilter(MockFilterChain.java:132) ~[spring-test-6.2.19.jar:6.2.19]
	at org.springframework.test.web.servlet.MockMvc.perform(MockMvc.java:201) ~[spring-test-6.2.19.jar:6.2.19]
	at com.agilityhub.core.shared.api.ApiExceptionHandlerTest.E3_T06_INC02_unhandledFailureLogsOneFullExceptionWithTheResponseTrace(ApiExceptionHandlerTest.java:75) ~[test-classes/:na]
	at java.base/jdk.internal.reflect.DirectMethodHandleAccessor.invoke(DirectMethodHandleAccessor.java:103) ~[na:na]
	at java.base/java.lang.reflect.Method.invoke(Method.java:580) ~[na:na]
	at org.junit.platform.commons.util.ReflectionUtils.invokeMethod(ReflectionUtils.java:775) ~[junit-platform-commons-1.12.2.jar:1.12.2]
	at org.junit.platform.commons.support.ReflectionSupport.invokeMethod(ReflectionSupport.java:479) ~[junit-platform-commons-1.12.2.jar:1.12.2]
	at org.junit.jupiter.engine.execution.MethodInvocation.proceed(MethodInvocation.java:60) ~[junit-jupiter-engine-5.12.2.jar:5.12.2]
	at org.junit.jupiter.engine.execution.InvocationInterceptorChain$ValidatingInvocation.proceed(InvocationInterceptorChain.java:131) ~[junit-jupiter-engine-5.12.2.jar:5.12.2]
	at org.junit.jupiter.params.ArgumentCountValidator.interceptTestTemplateMethod(ArgumentCountValidator.java:45) ~[junit-jupiter-params-5.12.2.jar:5.12.2]
	at org.junit.jupiter.engine.execution.InterceptingExecutableInvoker$ReflectiveInterceptorCall.lambda$ofVoidMethod$0(InterceptingExecutableInvoker.java:112) ~[junit-jupiter-engine-5.12.2.jar:5.12.2]
	at org.junit.jupiter.engine.execution.InterceptingExecutableInvoker.lambda$invoke$0(InterceptingExecutableInvoker.java:94) ~[junit-jupiter-engine-5.12.2.jar:5.12.2]
	at org.junit.jupiter.engine.execution.InvocationInterceptorChain$InterceptedInvocation.proceed(InvocationInterceptorChain.java:106) ~[junit-jupiter-engine-5.12.2.jar:5.12.2]
	at org.junit.jupiter.engine.extension.TimeoutExtension.intercept(TimeoutExtension.java:161) ~[junit-jupiter-engine-5.12.2.jar:5.12.2]
	at org.junit.jupiter.engine.extension.TimeoutExtension.interceptTestableMethod(TimeoutExtension.java:152) ~[junit-jupiter-engine-5.12.2.jar:5.12.2]
	at org.junit.jupiter.engine.extension.TimeoutExtension.interceptTestTemplateMethod(TimeoutExtension.java:99) ~[junit-jupiter-engine-5.12.2.jar:5.12.2]
	at org.junit.jupiter.engine.execution.InterceptingExecutableInvoker$ReflectiveInterceptorCall.lambda$ofVoidMethod$0(InterceptingExecutableInvoker.java:112) ~[junit-jupiter-engine-5.12.2.jar:5.12.2]
	at org.junit.jupiter.engine.execution.InterceptingExecutableInvoker.lambda$invoke$0(InterceptingExecutableInvoker.java:94) ~[junit-jupiter-engine-5.12.2.jar:5.12.2]
	at org.junit.jupiter.engine.execution.InvocationInterceptorChain$InterceptedInvocation.proceed(InvocationInterceptorChain.java:106) ~[junit-jupiter-engine-5.12.2.jar:5.12.2]
	at org.junit.jupiter.engine.execution.InvocationInterceptorChain.proceed(InvocationInterceptorChain.java:64) ~[junit-jupiter-engine-5.12.2.jar:5.12.2]
	at org.junit.jupiter.engine.execution.InvocationInterceptorChain.chainAndInvoke(InvocationInterceptorChain.java:45) ~[junit-jupiter-engine-5.12.2.jar:5.12.2]
	at org.junit.jupiter.engine.execution.InvocationInterceptorChain.invoke(InvocationInterceptorChain.java:37) ~[junit-jupiter-engine-5.12.2.jar:5.12.2]
	at org.junit.jupiter.engine.execution.InterceptingExecutableInvoker.invoke(InterceptingExecutableInvoker.java:93) ~[junit-jupiter-engine-5.12.2.jar:5.12.2]
	at org.junit.jupiter.engine.execution.InterceptingExecutableInvoker.invoke(InterceptingExecutableInvoker.java:87) ~[junit-jupiter-engine-5.12.2.jar:5.12.2]
	at org.junit.jupiter.engine.descriptor.TestMethodTestDescriptor.lambda$invokeTestMethod$7(TestMethodTestDescriptor.java:216) ~[junit-jupiter-engine-5.12.2.jar:5.12.2]
	at org.junit.platform.engine.support.hierarchical.ThrowableCollector.execute(ThrowableCollector.java:73) ~[junit-platform-engine-1.12.2.jar:1.12.2]
	at org.junit.jupiter.engine.descriptor.TestMethodTestDescriptor.invokeTestMethod(TestMethodTestDescriptor.java:212) ~[junit-jupiter-engine-5.12.2.jar:5.12.2]
	at org.junit.jupiter.engine.descriptor.TestMethodTestDescriptor.execute(TestMethodTestDescriptor.java:137) ~[junit-jupiter-engine-5.12.2.jar:5.12.2]
	at org.junit.jupiter.engine.descriptor.TestMethodTestDescriptor.execute(TestMethodTestDescriptor.java:69) ~[junit-jupiter-engine-5.12.2.jar:5.12.2]
	at org.junit.platform.engine.support.hierarchical.NodeTestTask.lambda$executeRecursively$6(NodeTestTask.java:156) ~[junit-platform-engine-1.12.2.jar:1.12.2]
	at org.junit.platform.engine.support.hierarchical.ThrowableCollector.execute(ThrowableCollector.java:73) ~[junit-platform-engine-1.12.2.jar:1.12.2]
	at org.junit.platform.engine.support.hierarchical.NodeTestTask.lambda$executeRecursively$8(NodeTestTask.java:146) ~[junit-platform-engine-1.12.2.jar:1.12.2]
	at org.junit.platform.engine.support.hierarchical.Node.around(Node.java:137) ~[junit-platform-engine-1.12.2.jar:1.12.2]
	at org.junit.platform.engine.support.hierarchical.NodeTestTask.lambda$executeRecursively$9(NodeTestTask.java:144) ~[junit-platform-engine-1.12.2.jar:1.12.2]
	at org.junit.platform.engine.support.hierarchical.ThrowableCollector.execute(ThrowableCollector.java:73) ~[junit-platform-engine-1.12.2.jar:1.12.2]
	at org.junit.platform.engine.support.hierarchical.NodeTestTask.executeRecursively(NodeTestTask.java:143) ~[junit-platform-engine-1.12.2.jar:1.12.2]
	at org.junit.platform.engine.support.hierarchical.NodeTestTask.execute(NodeTestTask.java:100) ~[junit-platform-engine-1.12.2.jar:1.12.2]
	at org.junit.platform.engine.support.hierarchical.SameThreadHierarchicalTestExecutorService.submit(SameThreadHierarchicalTestExecutorService.java:35) ~[junit-platform-engine-1.12.2.jar:1.12.2]
	at org.junit.platform.engine.support.hierarchical.NodeTestTask$DefaultDynamicTestExecutor.execute(NodeTestTask.java:231) ~[junit-platform-engine-1.12.2.jar:1.12.2]
	at org.junit.platform.engine.support.hierarchical.NodeTestTask$DefaultDynamicTestExecutor.execute(NodeTestTask.java:209) ~[junit-platform-engine-1.12.2.jar:1.12.2]
	at org.junit.jupiter.engine.descriptor.TestTemplateTestDescriptor.execute(TestTemplateTestDescriptor.java:157) ~[junit-jupiter-engine-5.12.2.jar:5.12.2]
	at org.junit.jupiter.engine.descriptor.TestTemplateTestDescriptor.lambda$executeForProvider$0(TestTemplateTestDescriptor.java:115) ~[junit-jupiter-engine-5.12.2.jar:5.12.2]
	at java.base/java.util.Optional.ifPresent(Optional.java:178) ~[na:na]
	at org.junit.jupiter.engine.descriptor.TestTemplateTestDescriptor.lambda$executeForProvider$1(TestTemplateTestDescriptor.java:115) ~[junit-jupiter-engine-5.12.2.jar:5.12.2]
	at java.base/java.util.stream.ForEachOps$ForEachOp$OfRef.accept(ForEachOps.java:184) ~[na:na]
	at java.base/java.util.stream.ReferencePipeline$3$1.accept(ReferencePipeline.java:197) ~[na:na]
	at java.base/java.util.stream.ForEachOps$ForEachOp$OfRef.accept(ForEachOps.java:184) ~[na:na]
	at java.base/java.util.ArrayList$ArrayListSpliterator.forEachRemaining(ArrayList.java:1708) ~[na:na]
	at java.base/java.util.stream.ReferencePipeline$Head.forEach(ReferencePipeline.java:762) ~[na:na]
	at java.base/java.util.stream.ReferencePipeline$7$1.accept(ReferencePipeline.java:276) ~[na:na]
	at java.base/java.util.ArrayList$ArrayListSpliterator.forEachRemaining(ArrayList.java:1708) ~[na:na]
	at java.base/java.util.stream.AbstractPipeline.copyInto(AbstractPipeline.java:509) ~[na:na]
	at java.base/java.util.stream.AbstractPipeline.wrapAndCopyInto(AbstractPipeline.java:499) ~[na:na]
	at java.base/java.util.stream.ForEachOps$ForEachOp.evaluateSequential(ForEachOps.java:151) ~[na:na]
	at java.base/java.util.stream.ForEachOps$ForEachOp$OfRef.evaluateSequential(ForEachOps.java:174) ~[na:na]
	at java.base/java.util.stream.AbstractPipeline.evaluate(AbstractPipeline.java:234) ~[na:na]
	at java.base/java.util.stream.ReferencePipeline.forEach(ReferencePipeline.java:596) ~[na:na]
	at java.base/java.util.stream.ReferencePipeline$7$1.accept(ReferencePipeline.java:276) ~[na:na]
	at java.base/java.util.stream.ReferencePipeline$3$1.accept(ReferencePipeline.java:197) ~[na:na]
	at java.base/java.util.stream.ReferencePipeline$3$1.accept(ReferencePipeline.java:197) ~[na:na]
	at java.base/java.util.stream.ReferencePipeline$3$1.accept(ReferencePipeline.java:197) ~[na:na]
	at java.base/java.util.ArrayList$ArrayListSpliterator.forEachRemaining(ArrayList.java:1708) ~[na:na]
	at java.base/java.util.stream.AbstractPipeline.copyInto(AbstractPipeline.java:509) ~[na:na]
	at java.base/java.util.stream.AbstractPipeline.wrapAndCopyInto(AbstractPipeline.java:499) ~[na:na]
	at java.base/java.util.stream.ForEachOps$ForEachOp.evaluateSequential(ForEachOps.java:151) ~[na:na]
	at java.base/java.util.stream.ForEachOps$ForEachOp$OfRef.evaluateSequential(ForEachOps.java:174) ~[na:na]
	at java.base/java.util.stream.AbstractPipeline.evaluate(AbstractPipeline.java:234) ~[na:na]
	at java.base/java.util.stream.ReferencePipeline.forEach(ReferencePipeline.java:596) ~[na:na]
	at org.junit.jupiter.engine.descriptor.TestTemplateTestDescriptor.executeForProvider(TestTemplateTestDescriptor.java:114) ~[junit-jupiter-engine-5.12.2.jar:5.12.2]
	at org.junit.jupiter.engine.descriptor.TestTemplateTestDescriptor.execute(TestTemplateTestDescriptor.java:103) ~[junit-jupiter-engine-5.12.2.jar:5.12.2]
	at org.junit.jupiter.engine.descriptor.TestTemplateTestDescriptor.execute(TestTemplateTestDescriptor.java:43) ~[junit-jupiter-engine-5.12.2.jar:5.12.2]
	at org.junit.platform.engine.support.hierarchical.NodeTestTask.lambda$executeRecursively$6(NodeTestTask.java:156) ~[junit-platform-engine-1.12.2.jar:1.12.2]
	at org.junit.platform.engine.support.hierarchical.ThrowableCollector.execute(ThrowableCollector.java:73) ~[junit-platform-engine-1.12.2.jar:1.12.2]
	at org.junit.platform.engine.support.hierarchical.NodeTestTask.lambda$executeRecursively$8(NodeTestTask.java:146) ~[junit-platform-engine-1.12.2.jar:1.12.2]
	at org.junit.platform.engine.support.hierarchical.Node.around(Node.java:137) ~[junit-platform-engine-1.12.2.jar:1.12.2]
	at org.junit.platform.engine.support.hierarchical.NodeTestTask.lambda$executeRecursively$9(NodeTestTask.java:144) ~[junit-platform-engine-1.12.2.jar:1.12.2]
	at org.junit.platform.engine.support.hierarchical.ThrowableCollector.execute(ThrowableCollector.java:73) ~[junit-platform-engine-1.12.2.jar:1.12.2]
	at org.junit.platform.engine.support.hierarchical.NodeTestTask.executeRecursively(NodeTestTask.java:143) ~[junit-platform-engine-1.12.2.jar:1.12.2]
	at org.junit.platform.engine.support.hierarchical.NodeTestTask.execute(NodeTestTask.java:100) ~[junit-platform-engine-1.12.2.jar:1.12.2]
	at java.base/java.util.ArrayList.forEach(ArrayList.java:1596) ~[na:na]
	at org.junit.platform.engine.support.hierarchical.SameThreadHierarchicalTestExecutorService.invokeAll(SameThreadHierarchicalTestExecutorService.java:41) ~[junit-platform-engine-1.12.2.jar:1.12.2]
	at org.junit.platform.engine.support.hierarchical.NodeTestTask.lambda$executeRecursively$6(NodeTestTask.java:160) ~[junit-platform-engine-1.12.2.jar:1.12.2]
	at org.junit.platform.engine.support.hierarchical.ThrowableCollector.execute(ThrowableCollector.java:73) ~[junit-platform-engine-1.12.2.jar:1.12.2]
	at org.junit.platform.engine.support.hierarchical.NodeTestTask.lambda$executeRecursively$8(NodeTestTask.java:146) ~[junit-platform-engine-1.12.2.jar:1.12.2]
	at org.junit.platform.engine.support.hierarchical.Node.around(Node.java:137) ~[junit-platform-engine-1.12.2.jar:1.12.2]
	at org.junit.platform.engine.support.hierarchical.NodeTestTask.lambda$executeRecursively$9(NodeTestTask.java:144) ~[junit-platform-engine-1.12.2.jar:1.12.2]
	at org.junit.platform.engine.support.hierarchical.ThrowableCollector.execute(ThrowableCollector.java:73) ~[junit-platform-engine-1.12.2.jar:1.12.2]
	at org.junit.platform.engine.support.hierarchical.NodeTestTask.executeRecursively(NodeTestTask.java:143) ~[junit-platform-engine-1.12.2.jar:1.12.2]
	at org.junit.platform.engine.support.hierarchical.NodeTestTask.execute(NodeTestTask.java:100) ~[junit-platform-engine-1.12.2.jar:1.12.2]
	at java.base/java.util.ArrayList.forEach(ArrayList.java:1596) ~[na:na]
	at org.junit.platform.engine.support.hierarchical.SameThreadHierarchicalTestExecutorService.invokeAll(SameThreadHierarchicalTestExecutorService.java:41) ~[junit-platform-engine-1.12.2.jar:1.12.2]
	at org.junit.platform.engine.support.hierarchical.NodeTestTask.lambda$executeRecursively$6(NodeTestTask.java:160) ~[junit-platform-engine-1.12.2.jar:1.12.2]
	at org.junit.platform.engine.support.hierarchical.ThrowableCollector.execute(ThrowableCollector.java:73) ~[junit-platform-engine-1.12.2.jar:1.12.2]
	at org.junit.platform.engine.support.hierarchical.NodeTestTask.lambda$executeRecursively$8(NodeTestTask.java:146) ~[junit-platform-engine-1.12.2.jar:1.12.2]
	at org.junit.platform.engine.support.hierarchical.Node.around(Node.java:137) ~[junit-platform-engine-1.12.2.jar:1.12.2]
	at org.junit.platform.engine.support.hierarchical.NodeTestTask.lambda$executeRecursively$9(NodeTestTask.java:144) ~[junit-platform-engine-1.12.2.jar:1.12.2]
	at org.junit.platform.engine.support.hierarchical.ThrowableCollector.execute(ThrowableCollector.java:73) ~[junit-platform-engine-1.12.2.jar:1.12.2]
	at org.junit.platform.engine.support.hierarchical.NodeTestTask.executeRecursively(NodeTestTask.java:143) ~[junit-platform-engine-1.12.2.jar:1.12.2]
	at org.junit.platform.engine.support.hierarchical.NodeTestTask.execute(NodeTestTask.java:100) ~[junit-platform-engine-1.12.2.jar:1.12.2]
	at org.junit.platform.engine.support.hierarchical.SameThreadHierarchicalTestExecutorService.submit(SameThreadHierarchicalTestExecutorService.java:35) ~[junit-platform-engine-1.12.2.jar:1.12.2]
	at org.junit.platform.engine.support.hierarchical.HierarchicalTestExecutor.execute(HierarchicalTestExecutor.java:57) ~[junit-platform-engine-1.12.2.jar:1.12.2]
	at org.junit.platform.engine.support.hierarchical.HierarchicalTestEngine.execute(HierarchicalTestEngine.java:54) ~[junit-platform-engine-1.12.2.jar:1.12.2]
	at org.junit.platform.launcher.core.EngineExecutionOrchestrator.execute(EngineExecutionOrchestrator.java:201) ~[junit-platform-launcher-1.12.2.jar:1.12.2]
	at org.junit.platform.launcher.core.EngineExecutionOrchestrator.execute(EngineExecutionOrchestrator.java:170) ~[junit-platform-launcher-1.12.2.jar:1.12.2]
	at org.junit.platform.launcher.core.EngineExecutionOrchestrator.execute(EngineExecutionOrchestrator.java:94) ~[junit-platform-launcher-1.12.2.jar:1.12.2]
	at org.junit.platform.launcher.core.EngineExecutionOrchestrator.lambda$execute$0(EngineExecutionOrchestrator.java:59) ~[junit-platform-launcher-1.12.2.jar:1.12.2]
	at org.junit.platform.launcher.core.EngineExecutionOrchestrator.withInterceptedStreams(EngineExecutionOrchestrator.java:142) ~[junit-platform-launcher-1.12.2.jar:1.12.2]
	at org.junit.platform.launcher.core.EngineExecutionOrchestrator.execute(EngineExecutionOrchestrator.java:58) ~[junit-platform-launcher-1.12.2.jar:1.12.2]
	at org.junit.platform.launcher.core.DefaultLauncher.execute(DefaultLauncher.java:103) ~[junit-platform-launcher-1.12.2.jar:1.12.2]
	at org.junit.platform.launcher.core.DefaultLauncher.execute(DefaultLauncher.java:85) ~[junit-platform-launcher-1.12.2.jar:1.12.2]
	at org.junit.platform.launcher.core.DelegatingLauncher.execute(DelegatingLauncher.java:47) ~[junit-platform-launcher-1.12.2.jar:1.12.2]
	at org.junit.platform.launcher.core.InterceptingLauncher.lambda$execute$1(InterceptingLauncher.java:39) ~[junit-platform-launcher-1.12.2.jar:1.12.2]
	at org.junit.platform.launcher.core.ClasspathAlignmentCheckingLauncherInterceptor.intercept(ClasspathAlignmentCheckingLauncherInterceptor.java:25) ~[junit-platform-launcher-1.12.2.jar:1.12.2]
	at org.junit.platform.launcher.core.InterceptingLauncher.execute(InterceptingLauncher.java:38) ~[junit-platform-launcher-1.12.2.jar:1.12.2]
	at org.junit.platform.launcher.core.DelegatingLauncher.execute(DelegatingLauncher.java:47) ~[junit-platform-launcher-1.12.2.jar:1.12.2]
	at org.apache.maven.surefire.junitplatform.LauncherAdapter.executeWithoutCancellationToken(LauncherAdapter.java:60) ~[surefire-junit-platform-3.5.6.jar:3.5.6]
	at org.apache.maven.surefire.junitplatform.LauncherAdapter.execute(LauncherAdapter.java:52) ~[surefire-junit-platform-3.5.6.jar:3.5.6]
	at org.apache.maven.surefire.junitplatform.JUnitPlatformProvider.execute(JUnitPlatformProvider.java:203) ~[surefire-junit-platform-3.5.6.jar:3.5.6]
	at org.apache.maven.surefire.junitplatform.JUnitPlatformProvider.invokeAllTests(JUnitPlatformProvider.java:168) ~[surefire-junit-platform-3.5.6.jar:3.5.6]
	at org.apache.maven.surefire.junitplatform.JUnitPlatformProvider.invoke(JUnitPlatformProvider.java:136) ~[surefire-junit-platform-3.5.6.jar:3.5.6]
	at org.apache.maven.surefire.booter.ForkedBooter.runSuitesInProcess(ForkedBooter.java:385) ~[surefire-booter-3.5.6.jar:3.5.6]
	at org.apache.maven.surefire.booter.ForkedBooter.execute(ForkedBooter.java:162) ~[surefire-booter-3.5.6.jar:3.5.6]
	at org.apache.maven.surefire.booter.ForkedBooter.run(ForkedBooter.java:507) ~[surefire-booter-3.5.6.jar:3.5.6]
	at org.apache.maven.surefire.booter.ForkedBooter.main(ForkedBooter.java:495) ~[surefire-booter-3.5.6.jar:3.5.6]
Caused by: java.lang.IllegalArgumentException: fictional cause
	... 145 common frames omitted

2026-09-16T12:43:28.479+02:00  INFO 74388 --- [agilityhub-core-api] [           main] o.s.mock.web.MockServletContext          : Initializing Spring TestDispatcherServlet ''
2026-09-16T12:43:28.479+02:00  INFO 74388 --- [agilityhub-core-api] [           main] o.s.t.web.servlet.TestDispatcherServlet  : Initializing Servlet ''
2026-09-16T12:43:28.479+02:00  INFO 74388 --- [agilityhub-core-api] [           main] o.s.t.web.servlet.TestDispatcherServlet  : Completed initialization in 0 ms
2026-09-16T12:43:28.484+02:00  WARN 74388 --- [agilityhub-core-api] [           main] c.a.core.shared.api.ApiExceptionHandler  : Framework request rejected code=VALIDATION_ERROR traceId=4aaba065-9442-4067-9a49-6e850f78de2f
2026-09-16T12:43:28.486+02:00  WARN 74388 --- [agilityhub-core-api] [           main] c.a.core.shared.api.ApiExceptionHandler  : Framework request rejected code=VALIDATION_ERROR traceId=2e9d474a-04dd-4d6f-af34-68a9bdac56f4
2026-09-16T12:43:28.487+02:00  WARN 74388 --- [agilityhub-core-api] [           main] o.s.web.servlet.PageNotFound             : No mapping for GET /missing
2026-09-16T12:43:28.487+02:00  WARN 74388 --- [agilityhub-core-api] [           main] c.a.core.shared.api.ApiExceptionHandler  : Framework request rejected status=404 code=NOT_FOUND traceId=cefe12e3-3fda-49c4-91ec-d8649254edb9
2026-09-16T12:43:28.491+02:00  INFO 74388 --- [agilityhub-core-api] [           main] o.s.mock.web.MockServletContext          : Initializing Spring TestDispatcherServlet ''
2026-09-16T12:43:28.491+02:00  INFO 74388 --- [agilityhub-core-api] [           main] o.s.t.web.servlet.TestDispatcherServlet  : Initializing Servlet ''
2026-09-16T12:43:28.491+02:00  INFO 74388 --- [agilityhub-core-api] [           main] o.s.t.web.servlet.TestDispatcherServlet  : Completed initialization in 0 ms
2026-09-16T12:43:28.494+02:00  WARN 74388 --- [agilityhub-core-api] [           main] c.a.core.shared.api.ApiExceptionHandler  : Framework request rejected code=VALIDATION_ERROR traceId=0ea7e455-ac0e-4b6a-9c1f-246ecbb8ddcb
2026-09-16T12:43:28.497+02:00  INFO 74388 --- [agilityhub-core-api] [           main] o.s.mock.web.MockServletContext          : Initializing Spring TestDispatcherServlet ''
2026-09-16T12:43:28.498+02:00  INFO 74388 --- [agilityhub-core-api] [           main] o.s.t.web.servlet.TestDispatcherServlet  : Initializing Servlet ''
2026-09-16T12:43:28.498+02:00  INFO 74388 --- [agilityhub-core-api] [           main] o.s.t.web.servlet.TestDispatcherServlet  : Completed initialization in 0 ms
2026-09-16T12:43:28.542+02:00  INFO 74388 --- [agilityhub-core-api] [           main] o.s.mock.web.MockServletContext          : Initializing Spring TestDispatcherServlet ''
2026-09-16T12:43:28.542+02:00  INFO 74388 --- [agilityhub-core-api] [           main] o.s.t.web.servlet.TestDispatcherServlet  : Initializing Servlet ''
2026-09-16T12:43:28.542+02:00  INFO 74388 --- [agilityhub-core-api] [           main] o.s.t.web.servlet.TestDispatcherServlet  : Completed initialization in 0 ms
E0-T08 ca: 246 error messages; 354 keys; parity and ICU syntax OK
E0-T08 en: 246 error messages; 354 keys; parity and ICU syntax OK
E0-T08 es: 246 error messages; 354 keys; parity and ICU syntax OK
2026-09-16T12:43:28.623+02:00  INFO 74388 --- [agilityhub-core-api] [           main] com.tngtech.archunit.core.PluginLoader   : Detected Java version 21.0.12.1

0 changes (applied)

0 changes (dry run)

0 changes (applied)
Usage: identity:seed-test-accounts <file> | --club=<slug> [--dry-run] [--allow-seed-passwords]
Usage: identity:seed-test-accounts <file> | --club=<slug> [--dry-run] [--allow-seed-passwords]
Usage: identity:seed-test-accounts <file> | --club=<slug> [--dry-run] [--allow-seed-passwords]
Usage: identity:seed-test-accounts <file> | --club=<slug> [--dry-run] [--allow-seed-passwords]
Usage: identity:seed-test-accounts <file> | --club=<slug> [--dry-run] [--allow-seed-passwords]
Usage: identity:seed-test-accounts <file> | --club=<slug> [--dry-run] [--allow-seed-passwords]
Usage: identity:seed-test-accounts <file> | --club=<slug> [--dry-run] [--allow-seed-passwords]
Usage: identity:seed-test-accounts <file> | --club=<slug> [--dry-run] [--allow-seed-passwords]
+ club
1 changes (dry run)
= club
0 changes (applied)
apiVersion: agilityhub.club/v1
Specify exactly one --core.command=<name>
Specify exactly one --core.command=<name>
Unknown or unavailable command: x
Specify exactly one --core.command=<name>
Usage: club:apply <file> [--dry-run] [--allow-seed-passwords]
Usage: club:apply <file> [--dry-run] [--allow-seed-passwords]
Usage: club:apply <file> [--dry-run] [--allow-seed-passwords]
Usage: club:apply <file> [--dry-run] [--allow-seed-passwords]
Usage: club:export <slug>
Usage: club:export <slug>
CLUB_NOT_FOUND {}
Command failed (IllegalStateException)
Playoff DRY_RUN
members: created=0 updated=0 skipped=0 errors=0
dogs: created=0 updated=0 skipped=0 errors=0
familyGroups: created=0 updated=0 skipped=0 errors=0
accounts: created=0 updated=0 skipped=0 errors=0
Incidents: {}
Playoff DRY_RUN
members: created=0 updated=0 skipped=0 errors=0
dogs: created=0 updated=0 skipped=0 errors=0
familyGroups: created=0 updated=0 skipped=0 errors=0
accounts: created=0 updated=0 skipped=0 errors=0
Incidents: {}
Playoff DRY_RUN
Validation failed; no changes applied. Counts below describe the proposed changes.
members: created=0 updated=0 skipped=0 errors=1
dogs: created=0 updated=0 skipped=0 errors=0
familyGroups: created=0 updated=0 skipped=0 errors=0
accounts: created=0 updated=0 skipped=0 errors=0
Incidents: {MAPPING_INVALID=1}
members:2 members ERROR MAPPING_INVALID
Anonymized Playoff files written; no input values or key logged.
12:43:37.284 [main] INFO org.springframework.test.context.support.AnnotationConfigContextLoaderUtils -- Could not detect default configuration classes for test class [com.agilityhub.core.configuration.E4PersistenceIT]: E4PersistenceIT does not declare any static, non-private, non-final, nested classes annotated with @Configuration.
12:43:37.386 [main] INFO org.springframework.boot.test.context.SpringBootTestContextBootstrapper -- Found @SpringBootConfiguration com.agilityhub.core.CoreApplication for test class com.agilityhub.core.configuration.E4PersistenceIT
12:43:37.483 [main] INFO org.testcontainers.images.PullPolicy -- Image pull policy will be performed by: DefaultPullPolicy()
12:43:37.485 [main] INFO org.testcontainers.utility.ImageNameSubstitutor -- Image name substitution will be performed by: DefaultImageNameSubstitutor (composite of 'ConfigurationFileImageNameSubstitutor' and 'PrefixingImageNameSubstitutor')
12:43:37.490 [main] INFO org.testcontainers.DockerClientFactory -- Testcontainers version: 1.21.4
12:43:37.856 [main] INFO org.testcontainers.dockerclient.DockerClientProviderStrategy -- Found Docker environment with local Unix socket (unix:///var/run/docker.sock)
12:43:37.857 [main] INFO org.testcontainers.DockerClientFactory -- Docker host IP address is localhost
12:43:37.867 [main] INFO org.testcontainers.DockerClientFactory -- Connected to docker:
  Server Version: 29.7.2
  API Version: 1.55
  Operating System: Docker Desktop
  Total Memory: 7931 MB
  Labels:
    com.docker.desktop.address=unix:///Users/jordib/Library/Containers/com.docker.docker/Data/docker-cli.sock
12:43:37.949 [main] INFO tc.testcontainers/ryuk:0.12.0 -- Creating container for image: testcontainers/ryuk:0.12.0
12:43:38.034 [main] INFO org.testcontainers.utility.RegistryAuthLocator -- Credential helper/store (docker-credential-desktop) does not have credentials for https://index.docker.io/v1/
12:43:38.108 [main] INFO tc.testcontainers/ryuk:0.12.0 -- Container testcontainers/ryuk:0.12.0 is starting: b13214…[truncated]
12:43:38.283 [main] INFO tc.testcontainers/ryuk:0.12.0 -- Container testcontainers/ryuk:0.12.0 started in PT0.333419S
12:43:38.287 [main] INFO org.testcontainers.utility.RyukResourceReaper -- Ryuk started - will monitor and terminate Testcontainers containers on JVM exit
12:43:38.287 [main] INFO org.testcontainers.DockerClientFactory -- Checking the system...
12:43:38.288 [main] INFO org.testcontainers.DockerClientFactory -- ✔︎ Docker server version should be at least 1.6.0
12:43:38.288 [main] INFO tc.mongo:7 -- Creating container for image: mongo:7
12:43:38.320 [main] INFO tc.mongo:7 -- Container mongo:7 is starting: a400d2…[truncated]
12:43:38.777 [main] INFO tc.mongo:7 -- Container mongo:7 started in PT0.489502S

  .   ____          _            __ _ _
 /\\ / ___'_ __ _ _(_)_ __  __ _ \ \ \ \
( ( )\___ | '_ | '_| | '_ \/ _` | \ \ \ \
 \\/  ___)| |_)| | | | | || (_| |  ) ) ) )
  '  |____| .__|_| |_|_| |_\__, | / / / /
 =========|_|==============|___/=/_/_/_/

 :: Spring Boot ::               (v3.5.16)

2026-09-16T12:43:39.875+02:00  INFO 74494 --- [agilityhub-core-api] [           main] c.a.core.configuration.E4PersistenceIT   : Starting E4PersistenceIT using Java 21.0.12.1 with PID 74494 (started by jordib in /Users/jordib/dev/agilityhub/agilityhub-core-api)
2026-09-16T12:43:39.876+02:00  INFO 74494 --- [agilityhub-core-api] [           main] c.a.core.configuration.E4PersistenceIT   : The following 1 profile is active: "test"
2026-09-16T12:43:40.788+02:00  INFO 74494 --- [agilityhub-core-api] [           main] .s.d.r.c.RepositoryConfigurationDelegate : Bootstrapping Spring Data MongoDB repositories in DEFAULT mode.
2026-09-16T12:43:40.821+02:00  INFO 74494 --- [agilityhub-core-api] [           main] .s.d.r.c.RepositoryConfigurationDelegate : Finished Spring Data repository scanning in 29 ms. Found 0 MongoDB repository interfaces.
2026-09-16T12:43:41.351+02:00  INFO 74494 --- [agilityhub-core-api] [           main] org.mongodb.driver.client                : MongoClient with metadata {"driver": {"name": "mongo-java-driver|sync|spring-boot", "version": "5.5.2"}, "os": {"type": "Darwin", "name": "Mac OS X", "architecture": "aarch64", "version": "26.4.1"}, "platform": "Java/Homebrew/21.0.12.1"} created with settings MongoClientSettings{readPreference=primary, writeConcern=WriteConcern{w=null, wTimeout=null ms, journal=null}, retryWrites=true, retryReads=true, readConcern=ReadConcern{level=null}, credential=null, transportSettings=null, commandListeners=[io.micrometer.core.instrument.binder.mongodb.MongoMetricsCommandListener@59650483], codecRegistry=ProvidersCodecRegistry{codecProviders=[ValueCodecProvider{}, BsonValueCodecProvider{}, DBRefCodecProvider{}, DBObjectCodecProvider{}, DocumentCodecProvider{}, CollectionCodecProvider{}, IterableCodecProvider{}, MapCodecProvider{}, GeoJsonCodecProvider{}, GridFSFileCodecProvider{}, Jsr310CodecProvider{}, JsonObjectCodecProvider{}, BsonCodecProvider{}, EnumCodecProvider{}, com.mongodb.client.model.mql.ExpressionCodecProvider@7e4bd9b4, com.mongodb.Jep395RecordCodecProvider@34518f0, com.mongodb.KotlinCodecProvider@1ab37c94]}, loggerSettings=LoggerSettings{maxDocumentLength=1000}, clusterSettings={hosts=[localhost:50278], srvServiceName=mongodb, mode=SINGLE, requiredClusterType=UNKNOWN, requiredReplicaSetName='null', serverSelector='null', clusterListeners='[]', serverSelectionTimeout='30000 ms', localThreshold='15 ms'}, socketSettings=SocketSettings{connectTimeoutMS=10000, readTimeoutMS=0, receiveBufferSize=0, proxySettings=ProxySettings{host=null, port=null, username=null, password=null}}, heartbeatSocketSettings=SocketSettings{connectTimeoutMS=10000, readTimeoutMS=10000, receiveBufferSize=0, proxySettings=ProxySettings{host=null, port=null, username=null, password=null}}, connectionPoolSettings=ConnectionPoolSettings{maxSize=100, minSize=0, maxWaitTimeMS=120000, maxConnectionLifeTimeMS=0, maxConnectionIdleTimeMS=0, maintenanceInitialDelayMS=0, maintenanceFrequencyMS=60000, connectionPoolListeners=[io.micrometer.core.instrument.binder.mongodb.MongoMetricsConnectionPoolListener@6b03325d], maxConnecting=2}, serverSettings=ServerSettings{heartbeatFrequencyMS=10000, minHeartbeatFrequencyMS=500, serverMonitoringMode=AUTO, serverListeners='[]', serverMonitorListeners='[]'}, sslSettings=SslSettings{enabled=false, invalidHostNameAllowed=false, context=null}, applicationName='null', compressorList=[], uuidRepresentation=JAVA_LEGACY, serverApi=null, autoEncryptionSettings=null, dnsClient=null, inetAddressResolver=null, contextProvider=null, timeoutMS=null}
2026-09-16T12:43:41.364+02:00  INFO 74494 --- [agilityhub-core-api] [localhost:50278] org.mongodb.driver.cluster               : Monitor thread successfully connected to server with description ServerDescription{address=localhost:50278, type=REPLICA_SET_PRIMARY, cryptd=false, state=CONNECTED, ok=true, minWireVersion=0, maxWireVersion=21, maxDocumentSize=16777216, logicalSessionTimeoutMinutes=30, roundTripTimeNanos=18393917, minRoundTripTimeNanos=0, setName='docker-rs', canonicalAddress=a400d2c2c562:27017, hosts=[a400d2c2c562:27017], passives=[], arbiters=[], primary='a400d2c2c562:27017', tagSet=TagSet{[]}, electionId=7fffff…[truncated], setVersion=1, topologyVersion=TopologyVersion{processId=6aaa72…[truncated], counter=6}, lastWriteDate=Wed Sep 16 12:43:39 CEST 2026, lastUpdateTimeNanos=348376477495333}
2026-09-16T12:43:44.872+02:00  INFO 74494 --- [agilityhub-core-api] [           main] c.a.core.configuration.E4PersistenceIT   : Started E4PersistenceIT in 5.408 seconds (process running for 8.468)
Mockito is currently self-attaching to enable the inline-mock-maker. This will no longer work in future releases of the JDK. Please add Mockito as an agent to your build as described in Mockito's documentation: https://javadoc.io/doc/org.mockito/mockito-core/latest/org.mockito/org/mockito/Mockito.html#0.3
OpenJDK 64-Bit Server VM warning: Sharing is only supported for boot loader classes because bootstrap classpath has been appended
WARNING: A Java agent has been loaded dynamically (/private/tmp/e4-t01-maven/repository/net/bytebuddy/byte-buddy-agent/1.17.8/byte-buddy-agent-1.17.8.jar)
WARNING: If a serviceability tool is in use, please run with -XX:+EnableDynamicAgentLoading to hide this warning
WARNING: If a serviceability tool is not in use, please run with -Djdk.instrument.traceUsage for more information
WARNING: Dynamic loading of agents will be disallowed by default in a future release
2026-09-16T12:43:46.545+02:00  INFO 74494 --- [agilityhub-core-api] [           main] t.c.s.AnnotationConfigContextLoaderUtils : Could not detect default configuration classes for test class [com.agilityhub.core.configuration.E3ContractIT]: E3ContractIT does not declare any static, non-private, non-final, nested classes annotated with @Configuration.
2026-09-16T12:43:46.551+02:00  INFO 74494 --- [agilityhub-core-api] [           main] .b.t.c.SpringBootTestContextBootstrapper : Found @SpringBootConfiguration com.agilityhub.core.CoreApplication for test class com.agilityhub.core.configuration.E3ContractIT

  .   ____          _            __ _ _
 /\\ / ___'_ __ _ _(_)_ __  __ _ \ \ \ \
( ( )\___ | '_ | '_| | '_ \/ _` | \ \ \ \
 \\/  ___)| |_)| | | | | || (_| |  ) ) ) )
  '  |____| .__|_| |_|_| |_\__, | / / / /
 =========|_|==============|___/=/_/_/_/

 :: Spring Boot ::               (v3.5.16)

2026-09-16T12:43:46.575+02:00  INFO 74494 --- [agilityhub-core-api] [           main] c.a.core.configuration.E3ContractIT      : Starting E3ContractIT using Java 21.0.12.1 with PID 74494 (started by jordib in /Users/jordib/dev/agilityhub/agilityhub-core-api)
2026-09-16T12:43:46.575+02:00  INFO 74494 --- [agilityhub-core-api] [           main] c.a.core.configuration.E3ContractIT      : The following 1 profile is active: "test"
2026-09-16T12:43:46.843+02:00  INFO 74494 --- [agilityhub-core-api] [           main] .s.d.r.c.RepositoryConfigurationDelegate : Bootstrapping Spring Data MongoDB repositories in DEFAULT mode.
2026-09-16T12:43:46.864+02:00  INFO 74494 --- [agilityhub-core-api] [           main] .s.d.r.c.RepositoryConfigurationDelegate : Finished Spring Data repository scanning in 20 ms. Found 0 MongoDB repository interfaces.
2026-09-16T12:43:46.941+02:00  INFO 74494 --- [agilityhub-core-api] [           main] org.mongodb.driver.client                : MongoClient with metadata {"driver": {"name": "mongo-java-driver|sync|spring-boot", "version": "5.5.2"}, "os": {"type": "Darwin", "name": "Mac OS X", "architecture": "aarch64", "version": "26.4.1"}, "platform": "Java/Homebrew/21.0.12.1"} created with settings MongoClientSettings{readPreference=primary, writeConcern=WriteConcern{w=null, wTimeout=null ms, journal=null}, retryWrites=true, retryReads=true, readConcern=ReadConcern{level=null}, credential=null, transportSettings=null, commandListeners=[io.micrometer.core.instrument.binder.mongodb.MongoMetricsCommandListener@a2a03ff], codecRegistry=ProvidersCodecRegistry{codecProviders=[ValueCodecProvider{}, BsonValueCodecProvider{}, DBRefCodecProvider{}, DBObjectCodecProvider{}, DocumentCodecProvider{}, CollectionCodecProvider{}, IterableCodecProvider{}, MapCodecProvider{}, GeoJsonCodecProvider{}, GridFSFileCodecProvider{}, Jsr310CodecProvider{}, JsonObjectCodecProvider{}, BsonCodecProvider{}, EnumCodecProvider{}, com.mongodb.client.model.mql.ExpressionCodecProvider@7e4bd9b4, com.mongodb.Jep395RecordCodecProvider@34518f0, com.mongodb.KotlinCodecProvider@1ab37c94]}, loggerSettings=LoggerSettings{maxDocumentLength=1000}, clusterSettings={hosts=[localhost:50278], srvServiceName=mongodb, mode=SINGLE, requiredClusterType=UNKNOWN, requiredReplicaSetName='null', serverSelector='null', clusterListeners='[]', serverSelectionTimeout='30000 ms', localThreshold='15 ms'}, socketSettings=SocketSettings{connectTimeoutMS=10000, readTimeoutMS=0, receiveBufferSize=0, proxySettings=ProxySettings{host=null, port=null, username=null, password=null}}, heartbeatSocketSettings=SocketSettings{connectTimeoutMS=10000, readTimeoutMS=10000, receiveBufferSize=0, proxySettings=ProxySettings{host=null, port=null, username=null, password=null}}, connectionPoolSettings=ConnectionPoolSettings{maxSize=100, minSize=0, maxWaitTimeMS=120000, maxConnectionLifeTimeMS=0, maxConnectionIdleTimeMS=0, maintenanceInitialDelayMS=0, maintenanceFrequencyMS=60000, connectionPoolListeners=[io.micrometer.core.instrument.binder.mongodb.MongoMetricsConnectionPoolListener@13aa034a], maxConnecting=2}, serverSettings=ServerSettings{heartbeatFrequencyMS=10000, minHeartbeatFrequencyMS=500, serverMonitoringMode=AUTO, serverListeners='[]', serverMonitorListeners='[]'}, sslSettings=SslSettings{enabled=false, invalidHostNameAllowed=false, context=null}, applicationName='null', compressorList=[], uuidRepresentation=JAVA_LEGACY, serverApi=null, autoEncryptionSettings=null, dnsClient=null, inetAddressResolver=null, contextProvider=null, timeoutMS=null}
2026-09-16T12:43:46.943+02:00  INFO 74494 --- [agilityhub-core-api] [localhost:50278] org.mongodb.driver.cluster               : Monitor thread successfully connected to server with description ServerDescription{address=localhost:50278, type=REPLICA_SET_PRIMARY, cryptd=false, state=CONNECTED, ok=true, minWireVersion=0, maxWireVersion=21, maxDocumentSize=16777216, logicalSessionTimeoutMinutes=30, roundTripTimeNanos=2282042, minRoundTripTimeNanos=0, setName='docker-rs', canonicalAddress=a400d2c2c562:27017, hosts=[a400d2c2c562:27017], passives=[], arbiters=[], primary='a400d2c2c562:27017', tagSet=TagSet{[]}, electionId=7fffff…[truncated], setVersion=1, topologyVersion=TopologyVersion{processId=6aaa72…[truncated], counter=6}, lastWriteDate=Wed Sep 16 12:43:46 CEST 2026, lastUpdateTimeNanos=348382057939833}
2026-09-16T12:43:47.779+02:00  INFO 74494 --- [agilityhub-core-api] [           main] o.s.b.t.m.w.SpringBootMockServletContext : Initializing Spring TestDispatcherServlet ''
2026-09-16T12:43:47.779+02:00  INFO 74494 --- [agilityhub-core-api] [           main] o.s.t.web.servlet.TestDispatcherServlet  : Initializing Servlet ''
2026-09-16T12:43:47.780+02:00  INFO 74494 --- [agilityhub-core-api] [           main] o.s.t.web.servlet.TestDispatcherServlet  : Completed initialization in 1 ms
2026-09-16T12:43:47.795+02:00  INFO 74494 --- [agilityhub-core-api] [           main] c.a.core.configuration.E3ContractIT      : Started E3ContractIT in 1.241 seconds (process running for 11.391)
2026-09-16T12:43:49.494+02:00  WARN 74494 --- [agilityhub-core-api] [           main] c.a.core.shared.api.ApiExceptionHandler  : Framework request rejected status=400 code=VALIDATION_ERROR traceId=e2e78343-33f8-41bc-bb70-2f41baa6c8c7
2026-09-16T12:43:49.511+02:00  WARN 74494 --- [agilityhub-core-api] [           main] c.a.core.shared.api.ApiExceptionHandler  : Framework request rejected status=400 code=VALIDATION_ERROR traceId=c1242647-fd1d-4e24-8757-b640e8b06086
2026-09-16T12:43:51.115+02:00  INFO 74494 --- [agilityhub-core-api] [           main] o.springdoc.api.AbstractOpenApiResource  : Init duration for springdoc-openapi is: 1567 ms
2026-09-16T12:43:51.271+02:00  INFO 74494 --- [agilityhub-core-api] [           main] t.c.s.AnnotationConfigContextLoaderUtils : Could not detect default configuration classes for test class [com.agilityhub.core.configuration.OpenApiSnapshotTest]: OpenApiSnapshotTest does not declare any static, non-private, non-final, nested classes annotated with @Configuration.
2026-09-16T12:43:51.272+02:00  INFO 74494 --- [agilityhub-core-api] [           main] .b.t.c.SpringBootTestContextBootstrapper : Found @SpringBootConfiguration com.agilityhub.core.CoreApplication for test class com.agilityhub.core.configuration.OpenApiSnapshotTest

  .   ____          _            __ _ _
 /\\ / ___'_ __ _ _(_)_ __  __ _ \ \ \ \
( ( )\___ | '_ | '_| | '_ \/ _` | \ \ \ \
 \\/  ___)| |_)| | | | | || (_| |  ) ) ) )
  '  |____| .__|_| |_|_| |_\__, | / / / /
 =========|_|==============|___/=/_/_/_/

 :: Spring Boot ::               (v3.5.16)

2026-09-16T12:43:51.291+02:00  INFO 74494 --- [agilityhub-core-api] [           main] c.a.c.configuration.OpenApiSnapshotTest  : Starting OpenApiSnapshotTest using Java 21.0.12.1 with PID 74494 (started by jordib in /Users/jordib/dev/agilityhub/agilityhub-core-api)
2026-09-16T12:43:51.291+02:00  INFO 74494 --- [agilityhub-core-api] [           main] c.a.c.configuration.OpenApiSnapshotTest  : The following 1 profile is active: "test"
2026-09-16T12:43:51.511+02:00  INFO 74494 --- [agilityhub-core-api] [           main] .s.d.r.c.RepositoryConfigurationDelegate : Bootstrapping Spring Data MongoDB repositories in DEFAULT mode.
2026-09-16T12:43:51.531+02:00  INFO 74494 --- [agilityhub-core-api] [           main] .s.d.r.c.RepositoryConfigurationDelegate : Finished Spring Data repository scanning in 19 ms. Found 0 MongoDB repository interfaces.
2026-09-16T12:43:51.657+02:00  INFO 74494 --- [agilityhub-core-api] [           main] o.s.b.w.embedded.tomcat.TomcatWebServer  : Tomcat initialized with port 0 (http)
2026-09-16T12:43:51.669+02:00  INFO 74494 --- [agilityhub-core-api] [           main] o.apache.catalina.core.StandardService   : Starting service [Tomcat]
2026-09-16T12:43:51.669+02:00  INFO 74494 --- [agilityhub-core-api] [           main] o.apache.catalina.core.StandardEngine    : Starting Servlet engine: [Apache Tomcat/10.1.55]
2026-09-16T12:43:51.704+02:00  INFO 74494 --- [agilityhub-core-api] [           main] o.a.c.c.C.[Tomcat].[localhost].[/]       : Initializing Spring embedded WebApplicationContext
2026-09-16T12:43:51.704+02:00  INFO 74494 --- [agilityhub-core-api] [           main] w.s.c.ServletWebServerApplicationContext : Root WebApplicationContext: initialization completed in 412 ms
2026-09-16T12:43:51.723+02:00  INFO 74494 --- [agilityhub-core-api] [           main] org.mongodb.driver.client                : MongoClient with metadata {"driver": {"name": "mongo-java-driver|sync|spring-boot", "version": "5.5.2"}, "os": {"type": "Darwin", "name": "Mac OS X", "architecture": "aarch64", "version": "26.4.1"}, "platform": "Java/Homebrew/21.0.12.1"} created with settings MongoClientSettings{readPreference=primary, writeConcern=WriteConcern{w=null, wTimeout=null ms, journal=null}, retryWrites=true, retryReads=true, readConcern=ReadConcern{level=null}, credential=null, transportSettings=null, commandListeners=[io.micrometer.core.instrument.binder.mongodb.MongoMetricsCommandListener@7438746c], codecRegistry=ProvidersCodecRegistry{codecProviders=[ValueCodecProvider{}, BsonValueCodecProvider{}, DBRefCodecProvider{}, DBObjectCodecProvider{}, DocumentCodecProvider{}, CollectionCodecProvider{}, IterableCodecProvider{}, MapCodecProvider{}, GeoJsonCodecProvider{}, GridFSFileCodecProvider{}, Jsr310CodecProvider{}, JsonObjectCodecProvider{}, BsonCodecProvider{}, EnumCodecProvider{}, com.mongodb.client.model.mql.ExpressionCodecProvider@7e4bd9b4, com.mongodb.Jep395RecordCodecProvider@34518f0, com.mongodb.KotlinCodecProvider@1ab37c94]}, loggerSettings=LoggerSettings{maxDocumentLength=1000}, clusterSettings={hosts=[localhost:50278], srvServiceName=mongodb, mode=SINGLE, requiredClusterType=UNKNOWN, requiredReplicaSetName='null', serverSelector='null', clusterListeners='[]', serverSelectionTimeout='30000 ms', localThreshold='15 ms'}, socketSettings=SocketSettings{connectTimeoutMS=10000, readTimeoutMS=0, receiveBufferSize=0, proxySettings=ProxySettings{host=null, port=null, username=null, password=null}}, heartbeatSocketSettings=SocketSettings{connectTimeoutMS=10000, readTimeoutMS=10000, receiveBufferSize=0, proxySettings=ProxySettings{host=null, port=null, username=null, password=null}}, connectionPoolSettings=ConnectionPoolSettings{maxSize=100, minSize=0, maxWaitTimeMS=120000, maxConnectionLifeTimeMS=0, maxConnectionIdleTimeMS=0, maintenanceInitialDelayMS=0, maintenanceFrequencyMS=60000, connectionPoolListeners=[io.micrometer.core.instrument.binder.mongodb.MongoMetricsConnectionPoolListener@3a577be3], maxConnecting=2}, serverSettings=ServerSettings{heartbeatFrequencyMS=10000, minHeartbeatFrequencyMS=500, serverMonitoringMode=AUTO, serverListeners='[]', serverMonitorListeners='[]'}, sslSettings=SslSettings{enabled=false, invalidHostNameAllowed=false, context=null}, applicationName='null', compressorList=[], uuidRepresentation=JAVA_LEGACY, serverApi=null, autoEncryptionSettings=null, dnsClient=null, inetAddressResolver=null, contextProvider=null, timeoutMS=null}
2026-09-16T12:43:51.726+02:00  INFO 74494 --- [agilityhub-core-api] [localhost:50278] org.mongodb.driver.cluster               : Monitor thread successfully connected to server with description ServerDescription{address=localhost:50278, type=REPLICA_SET_PRIMARY, cryptd=false, state=CONNECTED, ok=true, minWireVersion=0, maxWireVersion=21, maxDocumentSize=16777216, logicalSessionTimeoutMinutes=30, roundTripTimeNanos=1848375, minRoundTripTimeNanos=0, setName='docker-rs', canonicalAddress=a400d2c2c562:27017, hosts=[a400d2c2c562:27017], passives=[], arbiters=[], primary='a400d2c2c562:27017', tagSet=TagSet{[]}, electionId=7fffff…[truncated], setVersion=1, topologyVersion=TopologyVersion{processId=6aaa72…[truncated], counter=6}, lastWriteDate=Wed Sep 16 12:43:49 CEST 2026, lastUpdateTimeNanos=348386834273625}
2026-09-16T12:43:51.868+02:00  INFO 74494 --- [agilityhub-core-api] [           main] o.s.boot.web.servlet.RegistrationBean    : Filter rateLimitFilter was not registered (disabled)
2026-09-16T12:43:52.315+02:00  INFO 74494 --- [agilityhub-core-api] [           main] o.a.c.c.C.[Tomcat].[localhost].[/]       : Initializing Spring TestDispatcherServlet ''
2026-09-16T12:43:52.315+02:00  INFO 74494 --- [agilityhub-core-api] [           main] o.s.t.web.servlet.TestDispatcherServlet  : Initializing Servlet ''
2026-09-16T12:43:52.315+02:00  INFO 74494 --- [agilityhub-core-api] [           main] o.s.t.web.servlet.TestDispatcherServlet  : Completed initialization in 0 ms
2026-09-16T12:43:52.399+02:00  INFO 74494 --- [agilityhub-core-api] [           main] o.s.b.w.embedded.tomcat.TomcatWebServer  : Tomcat started on port 50365 (http) with context path '/'
2026-09-16T12:43:52.464+02:00  INFO 74494 --- [agilityhub-core-api] [           main] o.s.b.w.embedded.tomcat.TomcatWebServer  : Tomcat initialized with port 0 (http)
2026-09-16T12:43:52.465+02:00  INFO 74494 --- [agilityhub-core-api] [           main] o.apache.catalina.core.StandardService   : Starting service [Tomcat]
2026-09-16T12:43:52.465+02:00  INFO 74494 --- [agilityhub-core-api] [           main] o.apache.catalina.core.StandardEngine    : Starting Servlet engine: [Apache Tomcat/10.1.55]
2026-09-16T12:43:52.476+02:00  INFO 74494 --- [agilityhub-core-api] [           main] o.a.c.c.C.[Tomcat-1].[localhost].[/]     : Initializing Spring embedded WebApplicationContext
2026-09-16T12:43:52.476+02:00  INFO 74494 --- [agilityhub-core-api] [           main] w.s.c.ServletWebServerApplicationContext : Root WebApplicationContext: initialization completed in 74 ms
2026-09-16T12:43:52.484+02:00  INFO 74494 --- [agilityhub-core-api] [           main] o.s.b.a.e.web.EndpointLinksResolver      : Exposing 2 endpoints beneath base path '/actuator'
2026-09-16T12:43:52.506+02:00  INFO 74494 --- [agilityhub-core-api] [           main] o.s.b.w.embedded.tomcat.TomcatWebServer  : Tomcat started on port 50366 (http) with context path '/'
2026-09-16T12:43:52.510+02:00  INFO 74494 --- [agilityhub-core-api] [           main] c.a.c.configuration.OpenApiSnapshotTest  : Started OpenApiSnapshotTest in 1.235 seconds (process running for 16.098)
2026-09-16T12:43:53.890+02:00  INFO 74494 --- [agilityhub-core-api] [           main] o.springdoc.api.AbstractOpenApiResource  : Init duration for springdoc-openapi is: 1328 ms
2026-09-16T12:43:54.306+02:00  INFO 74494 --- [agilityhub-core-api] [omcat-handler-0] o.a.c.c.C.[Tomcat].[localhost].[/]       : Initializing Spring DispatcherServlet 'dispatcherServlet'
2026-09-16T12:43:54.306+02:00  INFO 74494 --- [agilityhub-core-api] [omcat-handler-0] o.s.web.servlet.DispatcherServlet        : Initializing Servlet 'dispatcherServlet'
2026-09-16T12:43:54.307+02:00  INFO 74494 --- [agilityhub-core-api] [omcat-handler-0] o.s.web.servlet.DispatcherServlet        : Completed initialization in 1 ms
2026-09-16T12:43:55.353+02:00  INFO 74494 --- [agilityhub-core-api] [           main] o.springdoc.api.AbstractOpenApiResource  : Init duration for springdoc-openapi is: 974 ms
2026-09-16T12:43:55.415+02:00  INFO 74494 --- [agilityhub-core-api] [           main] t.c.s.AnnotationConfigContextLoaderUtils : Could not detect default configuration classes for test class [com.agilityhub.core.configuration.E4ContractIT]: E4ContractIT does not declare any static, non-private, non-final, nested classes annotated with @Configuration.
2026-09-16T12:43:55.417+02:00  INFO 74494 --- [agilityhub-core-api] [           main] .b.t.c.SpringBootTestContextBootstrapper : Found @SpringBootConfiguration com.agilityhub.core.CoreApplication for test class com.agilityhub.core.configuration.E4ContractIT
2026-09-16T12:44:02.126+02:00  WARN 74494 --- [agilityhub-core-api] [           main] c.a.core.shared.api.ApiExceptionHandler  : Framework request rejected code=VALIDATION_ERROR traceId=7a3fb430-8e15-449b-91d9-dd65a731d922
2026-09-16T12:44:02.159+02:00  INFO 74494 --- [agilityhub-core-api] [           main] t.c.s.AnnotationConfigContextLoaderUtils : Could not detect default configuration classes for test class [com.agilityhub.core.configuration.MongoTransactionSmokeIT]: MongoTransactionSmokeIT does not declare any static, non-private, non-final, nested classes annotated with @Configuration.
2026-09-16T12:44:02.160+02:00  INFO 74494 --- [agilityhub-core-api] [           main] .b.t.c.SpringBootTestContextBootstrapper : Found @SpringBootConfiguration com.agilityhub.core.CoreApplication for test class com.agilityhub.core.configuration.MongoTransactionSmokeIT
2026-09-16T12:44:02.205+02:00  INFO 74494 --- [agilityhub-core-api] [           main] t.c.s.AnnotationConfigContextLoaderUtils : Could not detect default configuration classes for test class [com.agilityhub.core.configuration.E2ContractIT]: E2ContractIT does not declare any static, non-private, non-final, nested classes annotated with @Configuration.
2026-09-16T12:44:02.207+02:00  INFO 74494 --- [agilityhub-core-api] [           main] .b.t.c.SpringBootTestContextBootstrapper : Found @SpringBootConfiguration com.agilityhub.core.CoreApplication for test class com.agilityhub.core.configuration.E2ContractIT
2026-09-16T12:44:02.469+02:00  INFO 74494 --- [agilityhub-core-api] [           main] t.c.s.AnnotationConfigContextLoaderUtils : Could not detect default configuration classes for test class [com.agilityhub.core.configuration.ManagementIT]: ManagementIT does not declare any static, non-private, non-final, nested classes annotated with @Configuration.
2026-09-16T12:44:02.470+02:00  INFO 74494 --- [agilityhub-core-api] [           main] .b.t.c.SpringBootTestContextBootstrapper : Found @SpringBootConfiguration com.agilityhub.core.CoreApplication for test class com.agilityhub.core.configuration.ManagementIT

  .   ____          _            __ _ _
 /\\ / ___'_ __ _ _(_)_ __  __ _ \ \ \ \
( ( )\___ | '_ | '_| | '_ \/ _` | \ \ \ \
 \\/  ___)| |_)| | | | | || (_| |  ) ) ) )
  '  |____| .__|_| |_|_| |_\__, | / / / /
 =========|_|==============|___/=/_/_/_/

 :: Spring Boot ::               (v3.5.16)

2026-09-16T12:44:02.481+02:00  INFO 74494 --- [agilityhub-core-api] [           main] c.a.core.configuration.ManagementIT      : Starting ManagementIT using Java 21.0.12.1 with PID 74494 (started by jordib in /Users/jordib/dev/agilityhub/agilityhub-core-api)
2026-09-16T12:44:02.481+02:00  INFO 74494 --- [agilityhub-core-api] [           main] c.a.core.configuration.ManagementIT      : The following 1 profile is active: "test"
2026-09-16T12:44:02.677+02:00  INFO 74494 --- [agilityhub-core-api] [           main] .s.d.r.c.RepositoryConfigurationDelegate : Bootstrapping Spring Data MongoDB repositories in DEFAULT mode.
2026-09-16T12:44:02.693+02:00  INFO 74494 --- [agilityhub-core-api] [           main] .s.d.r.c.RepositoryConfigurationDelegate : Finished Spring Data repository scanning in 15 ms. Found 0 MongoDB repository interfaces.
2026-09-16T12:44:02.728+02:00  INFO 74494 --- [agilityhub-core-api] [           main] o.s.b.w.embedded.tomcat.TomcatWebServer  : Tomcat initialized with port 0 (http)
2026-09-16T12:44:02.728+02:00  INFO 74494 --- [agilityhub-core-api] [           main] o.apache.catalina.core.StandardService   : Starting service [Tomcat]
2026-09-16T12:44:02.728+02:00  INFO 74494 --- [agilityhub-core-api] [           main] o.apache.catalina.core.StandardEngine    : Starting Servlet engine: [Apache Tomcat/10.1.55]
2026-09-16T12:44:02.738+02:00  INFO 74494 --- [agilityhub-core-api] [           main] o.a.c.c.C.[Tomcat-2].[localhost].[/]     : Initializing Spring embedded WebApplicationContext
2026-09-16T12:44:02.738+02:00  INFO 74494 --- [agilityhub-core-api] [           main] w.s.c.ServletWebServerApplicationContext : Root WebApplicationContext: initialization completed in 256 ms
2026-09-16T12:44:02.773+02:00  INFO 74494 --- [agilityhub-core-api] [           main] org.mongodb.driver.client                : MongoClient with metadata {"driver": {"name": "mongo-java-driver|sync|spring-boot", "version": "5.5.2"}, "os": {"type": "Darwin", "name": "Mac OS X", "architecture": "aarch64", "version": "26.4.1"}, "platform": "Java/Homebrew/21.0.12.1"} created with settings MongoClientSettings{readPreference=primary, writeConcern=WriteConcern{w=null, wTimeout=null ms, journal=null}, retryWrites=true, retryReads=true, readConcern=ReadConcern{level=null}, credential=null, transportSettings=null, commandListeners=[io.micrometer.core.instrument.binder.mongodb.MongoMetricsCommandListener@50ea4896], codecRegistry=ProvidersCodecRegistry{codecProviders=[ValueCodecProvider{}, BsonValueCodecProvider{}, DBRefCodecProvider{}, DBObjectCodecProvider{}, DocumentCodecProvider{}, CollectionCodecProvider{}, IterableCodecProvider{}, MapCodecProvider{}, GeoJsonCodecProvider{}, GridFSFileCodecProvider{}, Jsr310CodecProvider{}, JsonObjectCodecProvider{}, BsonCodecProvider{}, EnumCodecProvider{}, com.mongodb.client.model.mql.ExpressionCodecProvider@7e4bd9b4, com.mongodb.Jep395RecordCodecProvider@34518f0, com.mongodb.KotlinCodecProvider@1ab37c94]}, loggerSettings=LoggerSettings{maxDocumentLength=1000}, clusterSettings={hosts=[localhost:50278], srvServiceName=mongodb, mode=SINGLE, requiredClusterType=UNKNOWN, requiredReplicaSetName='null', serverSelector='null', clusterListeners='[]', serverSelectionTimeout='30000 ms', localThreshold='15 ms'}, socketSettings=SocketSettings{connectTimeoutMS=10000, readTimeoutMS=0, receiveBufferSize=0, proxySettings=ProxySettings{host=null, port=null, username=null, password=null}}, heartbeatSocketSettings=SocketSettings{connectTimeoutMS=10000, readTimeoutMS=10000, receiveBufferSize=0, proxySettings=ProxySettings{host=null, port=null, username=null, password=null}}, connectionPoolSettings=ConnectionPoolSettings{maxSize=100, minSize=0, maxWaitTimeMS=120000, maxConnectionLifeTimeMS=0, maxConnectionIdleTimeMS=0, maintenanceInitialDelayMS=0, maintenanceFrequencyMS=60000, connectionPoolListeners=[io.micrometer.core.instrument.binder.mongodb.MongoMetricsConnectionPoolListener@6200a6f8], maxConnecting=2}, serverSettings=ServerSettings{heartbeatFrequencyMS=10000, minHeartbeatFrequencyMS=500, serverMonitoringMode=AUTO, serverListeners='[]', serverMonitorListeners='[]'}, sslSettings=SslSettings{enabled=false, invalidHostNameAllowed=false, context=null}, applicationName='null', compressorList=[], uuidRepresentation=JAVA_LEGACY, serverApi=null, autoEncryptionSettings=null, dnsClient=null, inetAddressResolver=null, contextProvider=null, timeoutMS=null}
2026-09-16T12:44:02.776+02:00  INFO 74494 --- [agilityhub-core-api] [localhost:50278] org.mongodb.driver.cluster               : Monitor thread successfully connected to server with description ServerDescription{address=localhost:50278, type=REPLICA_SET_PRIMARY, cryptd=false, state=CONNECTED, ok=true, minWireVersion=0, maxWireVersion=21, maxDocumentSize=16777216, logicalSessionTimeoutMinutes=30, roundTripTimeNanos=1677334, minRoundTripTimeNanos=0, setName='docker-rs', canonicalAddress=a400d2c2c562:27017, hosts=[a400d2c2c562:27017], passives=[], arbiters=[], primary='a400d2c2c562:27017', tagSet=TagSet{[]}, electionId=7fffff…[truncated], setVersion=1, topologyVersion=TopologyVersion{processId=6aaa72…[truncated], counter=6}, lastWriteDate=Wed Sep 16 12:44:02 CEST 2026, lastUpdateTimeNanos=348397874263208}
2026-09-16T12:44:02.876+02:00  INFO 74494 --- [agilityhub-core-api] [           main] o.s.boot.web.servlet.RegistrationBean    : Filter rateLimitFilter was not registered (disabled)
2026-09-16T12:44:03.243+02:00  INFO 74494 --- [agilityhub-core-api] [           main] o.s.b.w.embedded.tomcat.TomcatWebServer  : Tomcat started on port 50403 (http) with context path '/'
2026-09-16T12:44:03.261+02:00  INFO 74494 --- [agilityhub-core-api] [           main] o.s.b.w.embedded.tomcat.TomcatWebServer  : Tomcat initialized with port 0 (http)
2026-09-16T12:44:03.262+02:00  INFO 74494 --- [agilityhub-core-api] [           main] o.apache.catalina.core.StandardService   : Starting service [Tomcat]
2026-09-16T12:44:03.262+02:00  INFO 74494 --- [agilityhub-core-api] [           main] o.apache.catalina.core.StandardEngine    : Starting Servlet engine: [Apache Tomcat/10.1.55]
2026-09-16T12:44:03.272+02:00  INFO 74494 --- [agilityhub-core-api] [           main] o.a.c.c.C.[Tomcat-3].[localhost].[/]     : Initializing Spring embedded WebApplicationContext
2026-09-16T12:44:03.272+02:00  INFO 74494 --- [agilityhub-core-api] [           main] w.s.c.ServletWebServerApplicationContext : Root WebApplicationContext: initialization completed in 28 ms
2026-09-16T12:44:03.274+02:00  INFO 74494 --- [agilityhub-core-api] [           main] o.s.b.a.e.web.EndpointLinksResolver      : Exposing 3 endpoints beneath base path '/actuator'
2026-09-16T12:44:03.285+02:00  INFO 74494 --- [agilityhub-core-api] [           main] o.s.b.w.embedded.tomcat.TomcatWebServer  : Tomcat started on port 50404 (http) with context path '/'
2026-09-16T12:44:03.288+02:00  INFO 74494 --- [agilityhub-core-api] [           main] c.a.core.configuration.ManagementIT      : Started ManagementIT in 0.816 seconds (process running for 26.867)
2026-09-16T12:44:03.321+02:00  INFO 74494 --- [agilityhub-core-api] [omcat-handler-0] o.a.c.c.C.[Tomcat-3].[localhost].[/]     : Initializing Spring DispatcherServlet 'dispatcherServletRegistration'
2026-09-16T12:44:03.321+02:00  INFO 74494 --- [agilityhub-core-api] [omcat-handler-0] o.s.web.servlet.DispatcherServlet        : Initializing Servlet 'dispatcherServletRegistration'
2026-09-16T12:44:03.321+02:00  INFO 74494 --- [agilityhub-core-api] [omcat-handler-0] o.s.web.servlet.DispatcherServlet        : Completed initialization in 0 ms
2026-09-16T12:44:03.341+02:00  INFO 74494 --- [agilityhub-core-api] [omcat-handler-0] o.a.c.c.C.[Tomcat-2].[localhost].[/]     : Initializing Spring DispatcherServlet 'dispatcherServlet'
2026-09-16T12:44:03.341+02:00  INFO 74494 --- [agilityhub-core-api] [omcat-handler-0] o.s.web.servlet.DispatcherServlet        : Initializing Servlet 'dispatcherServlet'
2026-09-16T12:44:03.341+02:00  INFO 74494 --- [agilityhub-core-api] [omcat-handler-0] o.s.web.servlet.DispatcherServlet        : Completed initialization in 0 ms
2026-09-16T12:44:03.406+02:00  INFO 74494 --- [agilityhub-core-api] [           main] t.c.s.AnnotationConfigContextLoaderUtils : Could not detect default configuration classes for test class [com.agilityhub.core.clubs.scheduling.application.PlanningIT]: PlanningIT does not declare any static, non-private, non-final, nested classes annotated with @Configuration.
2026-09-16T12:44:03.435+02:00  INFO 74494 --- [agilityhub-core-api] [           main] .b.t.c.SpringBootTestContextBootstrapper : Found @SpringBootConfiguration com.agilityhub.core.CoreApplication for test class com.agilityhub.core.clubs.scheduling.application.PlanningIT
2026-09-16T12:44:03.792+02:00 ERROR 74494 --- [agilityhub-core-api] [           main] c.a.core.shared.api.ApiExceptionHandler  : Unhandled request exception traceId=c613b44d-50fc-45ab-92e8-6b0c24c6ba1e

org.springframework.dao.DataIntegrityViolationException: Write operation error on server localhost:50278. Write error: WriteError{code=121, message='Document failed validation', details={"failingDocumentId": "5b112ae2-fcfc-47e8-a93e-52d14ac5bb4c", "details": {"operatorName": "$ne", "specifiedAs": {"state": {"$ne": "DRAFT"}}, "reason": "comparison succeeded", "consideredValue": "DRAFT"}}}.
	at org.springframework.data.mongodb.core.MongoExceptionTranslator.doTranslateException(MongoExceptionTranslator.java:119) ~[spring-data-mongodb-4.5.13.jar:4.5.13]
	at org.springframework.data.mongodb.core.MongoExceptionTranslator.translateExceptionIfPossible(MongoExceptionTranslator.java:74) ~[spring-data-mongodb-4.5.13.jar:4.5.13]
	at org.springframework.data.mongodb.core.MongoTemplate.potentiallyConvertRuntimeException(MongoTemplate.java:3037) ~[spring-data-mongodb-4.5.13.jar:4.5.13]
	at org.springframework.data.mongodb.core.MongoTemplate.execute(MongoTemplate.java:618) ~[spring-data-mongodb-4.5.13.jar:4.5.13]
	at org.springframework.data.mongodb.core.MongoTemplate.insertDocument(MongoTemplate.java:1562) ~[spring-data-mongodb-4.5.13.jar:4.5.13]
	at org.springframework.data.mongodb.core.MongoTemplate.doInsert(MongoTemplate.java:1364) ~[spring-data-mongodb-4.5.13.jar:4.5.13]
	at org.springframework.data.mongodb.core.MongoTemplate.insert(MongoTemplate.java:1292) ~[spring-data-mongodb-4.5.13.jar:4.5.13]
	at org.springframework.data.mongodb.core.MongoTemplate.insert(MongoTemplate.java:1281) ~[spring-data-mongodb-4.5.13.jar:4.5.13]
	at com.agilityhub.core.shared.persistence.TenantRepository.insert(TenantRepository.java:30) ~[classes/:na]
	at java.base/jdk.internal.reflect.DirectMethodHandleAccessor.invoke(DirectMethodHandleAccessor.java:103) ~[na:na]
	at java.base/java.lang.reflect.Method.invoke(Method.java:580) ~[na:na]
	at org.springframework.aop.support.AopUtils.invokeJoinpointUsingReflection(AopUtils.java:360) ~[spring-aop-6.2.19.jar:6.2.19]
	at org.springframework.aop.framework.ReflectiveMethodInvocation.invokeJoinpoint(ReflectiveMethodInvocation.java:196) ~[spring-aop-6.2.19.jar:6.2.19]
	at org.springframework.aop.framework.ReflectiveMethodInvocation.proceed(ReflectiveMethodInvocation.java:163) ~[spring-aop-6.2.19.jar:6.2.19]
	at org.springframework.dao.support.PersistenceExceptionTranslationInterceptor.invoke(PersistenceExceptionTranslationInterceptor.java:138) ~[spring-tx-6.2.19.jar:6.2.19]
	at org.springframework.aop.framework.ReflectiveMethodInvocation.proceed(ReflectiveMethodInvocation.java:184) ~[spring-aop-6.2.19.jar:6.2.19]
	at org.springframework.aop.framework.CglibAopProxy$DynamicAdvisedInterceptor.intercept(CglibAopProxy.java:728) ~[spring-aop-6.2.19.jar:6.2.19]
	at com.agilityhub.core.clubs.scheduling.persistence.ClassSessionRepository$$SpringCGLIB$$0.insert(<generated>) ~[classes/:na]
	at com.agilityhub.core.clubs.scheduling.application.WeekGenerationUseCase.generateInTransaction(WeekGenerationUseCase.java:102) ~[classes/:na]
	at com.agilityhub.core.clubs.scheduling.application.WeekGenerationUseCase.generate(WeekGenerationUseCase.java:59) ~[classes/:na]
	at java.base/jdk.internal.reflect.DirectMethodHandleAccessor.invoke(DirectMethodHandleAccessor.java:103) ~[na:na]
	at java.base/java.lang.reflect.Method.invoke(Method.java:580) ~[na:na]
	at org.springframework.aop.support.AopUtils.invokeJoinpointUsingReflection(AopUtils.java:360) ~[spring-aop-6.2.19.jar:6.2.19]
	at org.springframework.aop.framework.ReflectiveMethodInvocation.invokeJoinpoint(ReflectiveMethodInvocation.java:196) ~[spring-aop-6.2.19.jar:6.2.19]
	at org.springframework.aop.framework.ReflectiveMethodInvocation.proceed(ReflectiveMethodInvocation.java:163) ~[spring-aop-6.2.19.jar:6.2.19]
	at org.springframework.security.authorization.method.AuthorizationManagerBeforeMethodInterceptor.proceed(AuthorizationManagerBeforeMethodInterceptor.java:268) ~[spring-security-core-6.5.11.jar:6.5.11]
	at org.springframework.security.authorization.method.AuthorizationManagerBeforeMethodInterceptor.attemptAuthorization(AuthorizationManagerBeforeMethodInterceptor.java:263) ~[spring-security-core-6.5.11.jar:6.5.11]
	at org.springframework.security.authorization.method.AuthorizationManagerBeforeMethodInterceptor.invoke(AuthorizationManagerBeforeMethodInterceptor.java:196) ~[spring-security-core-6.5.11.jar:6.5.11]
	at org.springframework.security.config.annotation.method.configuration.DeferringMethodInterceptor.invoke(DeferringMethodInterceptor.java:44) ~[spring-security-config-6.5.11.jar:6.5.11]
	at org.springframework.aop.framework.ReflectiveMethodInvocation.proceed(ReflectiveMethodInvocation.java:184) ~[spring-aop-6.2.19.jar:6.2.19]
	at org.springframework.transaction.interceptor.TransactionAspectSupport.invokeWithinTransaction(TransactionAspectSupport.java:380) ~[spring-tx-6.2.19.jar:6.2.19]
	at org.springframework.transaction.interceptor.TransactionInterceptor.invoke(TransactionInterceptor.java:119) ~[spring-tx-6.2.19.jar:6.2.19]
	at org.springframework.aop.framework.ReflectiveMethodInvocation.proceed(ReflectiveMethodInvocation.java:184) ~[spring-aop-6.2.19.jar:6.2.19]
	at org.springframework.aop.framework.CglibAopProxy$DynamicAdvisedInterceptor.intercept(CglibAopProxy.java:728) ~[spring-aop-6.2.19.jar:6.2.19]
	at com.agilityhub.core.clubs.scheduling.application.WeekGenerationUseCase$$SpringCGLIB$$0.generate(<generated>) ~[classes/:na]
	at com.agilityhub.core.clubs.scheduling.api.SchedulingController.generate(SchedulingController.java:191) ~[classes/:na]
	at java.base/jdk.internal.reflect.DirectMethodHandleAccessor.invoke(DirectMethodHandleAccessor.java:103) ~[na:na]
	at java.base/java.lang.reflect.Method.invoke(Method.java:580) ~[na:na]
	at org.springframework.aop.support.AopUtils.invokeJoinpointUsingReflection(AopUtils.java:360) ~[spring-aop-6.2.19.jar:6.2.19]
	at org.springframework.aop.framework.ReflectiveMethodInvocation.invokeJoinpoint(ReflectiveMethodInvocation.java:196) ~[spring-aop-6.2.19.jar:6.2.19]
	at org.springframework.aop.framework.ReflectiveMethodInvocation.proceed(ReflectiveMethodInvocation.java:163) ~[spring-aop-6.2.19.jar:6.2.19]
	at org.springframework.security.authorization.method.AuthorizationManagerBeforeMethodInterceptor.proceed(AuthorizationManagerBeforeMethodInterceptor.java:268) ~[spring-security-core-6.5.11.jar:6.5.11]
	at org.springframework.security.authorization.method.AuthorizationManagerBeforeMethodInterceptor.attemptAuthorization(AuthorizationManagerBeforeMethodInterceptor.java:263) ~[spring-security-core-6.5.11.jar:6.5.11]
	at org.springframework.security.authorization.method.AuthorizationManagerBeforeMethodInterceptor.invoke(AuthorizationManagerBeforeMethodInterceptor.java:196) ~[spring-security-core-6.5.11.jar:6.5.11]
	at org.springframework.security.config.annotation.method.configuration.DeferringMethodInterceptor.invoke(DeferringMethodInterceptor.java:44) ~[spring-security-config-6.5.11.jar:6.5.11]
	at org.springframework.aop.framework.ReflectiveMethodInvocation.proceed(ReflectiveMethodInvocation.java:184) ~[spring-aop-6.2.19.jar:6.2.19]
	at org.springframework.aop.framework.CglibAopProxy$DynamicAdvisedInterceptor.intercept(CglibAopProxy.java:728) ~[spring-aop-6.2.19.jar:6.2.19]
	at com.agilityhub.core.clubs.scheduling.api.SchedulingController$$SpringCGLIB$$0.generate(<generated>) ~[classes/:na]
	at java.base/jdk.internal.reflect.DirectMethodHandleAccessor.invoke(DirectMethodHandleAccessor.java:103) ~[na:na]
	at java.base/java.lang.reflect.Method.invoke(Method.java:580) ~[na:na]
	at org.springframework.web.method.support.InvocableHandlerMethod.doInvoke(InvocableHandlerMethod.java:258) ~[spring-web-6.2.19.jar:6.2.19]
	at org.springframework.web.method.support.InvocableHandlerMethod.invokeForRequest(InvocableHandlerMethod.java:191) ~[spring-web-6.2.19.jar:6.2.19]
	at org.springframework.web.servlet.mvc.method.annotation.ServletInvocableHandlerMethod.invokeAndHandle(ServletInvocableHandlerMethod.java:118) ~[spring-webmvc-6.2.19.jar:6.2.19]
	at org.springframework.web.servlet.mvc.method.annotation.RequestMappingHandlerAdapter.invokeHandlerMethod(RequestMappingHandlerAdapter.java:991) ~[spring-webmvc-6.2.19.jar:6.2.19]
	at org.springframework.web.servlet.mvc.method.annotation.RequestMappingHandlerAdapter.handleInternal(RequestMappingHandlerAdapter.java:896) ~[spring-webmvc-6.2.19.jar:6.2.19]
	at org.springframework.web.servlet.mvc.method.AbstractHandlerMethodAdapter.handle(AbstractHandlerMethodAdapter.java:87) ~[spring-webmvc-6.2.19.jar:6.2.19]
	at org.springframework.web.servlet.DispatcherServlet.doDispatch(DispatcherServlet.java:1089) ~[spring-webmvc-6.2.19.jar:6.2.19]
	at org.springframework.web.servlet.DispatcherServlet.doService(DispatcherServlet.java:979) ~[spring-webmvc-6.2.19.jar:6.2.19]
	at org.springframework.web.servlet.FrameworkServlet.processRequest(FrameworkServlet.java:1014) ~[spring-webmvc-6.2.19.jar:6.2.19]
	at org.springframework.web.servlet.FrameworkServlet.doPost(FrameworkServlet.java:914) ~[spring-webmvc-6.2.19.jar:6.2.19]
	at jakarta.servlet.http.HttpServlet.service(HttpServlet.java:590) ~[tomcat-embed-core-10.1.55.jar:6.0]
	at org.springframework.web.servlet.FrameworkServlet.service(FrameworkServlet.java:885) ~[spring-webmvc-6.2.19.jar:6.2.19]
	at org.springframework.test.web.servlet.TestDispatcherServlet.service(TestDispatcherServlet.java:72) ~[spring-test-6.2.19.jar:6.2.19]
	at jakarta.servlet.http.HttpServlet.service(HttpServlet.java:658) ~[tomcat-embed-core-10.1.55.jar:6.0]
	at org.springframework.mock.web.MockFilterChain$ServletFilterProxy.doFilter(MockFilterChain.java:165) ~[spring-test-6.2.19.jar:6.2.19]
	at org.springframework.mock.web.MockFilterChain.doFilter(MockFilterChain.java:132) ~[spring-test-6.2.19.jar:6.2.19]
	at com.agilityhub.core.shared.api.IdempotencyFilter.lambda$execute$2(IdempotencyFilter.java:137) ~[classes/:na]
	at org.springframework.transaction.support.TransactionOperations.lambda$executeWithoutResult$0(TransactionOperations.java:68) ~[spring-tx-6.2.19.jar:6.2.19]
	at org.springframework.transaction.support.TransactionTemplate.execute(TransactionTemplate.java:140) ~[spring-tx-6.2.19.jar:6.2.19]
	at org.springframework.transaction.support.TransactionOperations.executeWithoutResult(TransactionOperations.java:67) ~[spring-tx-6.2.19.jar:6.2.19]
	at com.agilityhub.core.shared.api.IdempotencyFilter.execute(IdempotencyFilter.java:135) ~[classes/:na]
	at com.agilityhub.core.shared.api.IdempotencyFilter.doFilterInternal(IdempotencyFilter.java:64) ~[classes/:na]
	at org.springframework.web.filter.OncePerRequestFilter.doFilter(OncePerRequestFilter.java:116) ~[spring-web-6.2.19.jar:6.2.19]
	at org.springframework.test.web.servlet.setup.MockMvcFilterDecorator.doFilter(MockMvcFilterDecorator.java:162) ~[spring-test-6.2.19.jar:6.2.19]
	at org.springframework.mock.web.MockFilterChain.doFilter(MockFilterChain.java:132) ~[spring-test-6.2.19.jar:6.2.19]
	at com.agilityhub.core.shared.api.RequestLocaleFilter.doFilterInternal(RequestLocaleFilter.java:24) ~[classes/:na]
	at org.springframework.web.filter.OncePerRequestFilter.doFilter(OncePerRequestFilter.java:116) ~[spring-web-6.2.19.jar:6.2.19]
	at org.springframework.test.web.servlet.setup.MockMvcFilterDecorator.doFilter(MockMvcFilterDecorator.java:162) ~[spring-test-6.2.19.jar:6.2.19]
	at org.springframework.mock.web.MockFilterChain.doFilter(MockFilterChain.java:132) ~[spring-test-6.2.19.jar:6.2.19]
	at org.springframework.web.filter.OncePerRequestFilter.doFilter(OncePerRequestFilter.java:110) ~[spring-web-6.2.19.jar:6.2.19]
	at org.springframework.test.web.servlet.setup.MockMvcFilterDecorator.doFilter(MockMvcFilterDecorator.java:162) ~[spring-test-6.2.19.jar:6.2.19]
	at org.springframework.mock.web.MockFilterChain.doFilter(MockFilterChain.java:132) ~[spring-test-6.2.19.jar:6.2.19]
	at org.springframework.web.filter.CompositeFilter$VirtualFilterChain.doFilter(CompositeFilter.java:108) ~[spring-web-6.2.19.jar:6.2.19]
	at org.springframework.web.filter.CompositeFilter$VirtualFilterChain.doFilter(CompositeFilter.java:108) ~[spring-web-6.2.19.jar:6.2.19]
	at org.springframework.security.web.FilterChainProxy.lambda$doFilterInternal$3(FilterChainProxy.java:231) ~[spring-security-web-6.5.11.jar:6.5.11]
	at org.springframework.security.web.ObservationFilterChainDecorator$FilterObservation$SimpleFilterObservation.lambda$wrap$1(ObservationFilterChainDecorator.java:490) ~[spring-security-web-6.5.11.jar:6.5.11]
	at org.springframework.security.web.ObservationFilterChainDecorator$AroundFilterObservation$SimpleAroundFilterObservation.lambda$wrap$1(ObservationFilterChainDecorator.java:351) ~[spring-security-web-6.5.11.jar:6.5.11]
	at org.springframework.security.web.ObservationFilterChainDecorator.lambda$wrapSecured$0(ObservationFilterChainDecorator.java:83) ~[spring-security-web-6.5.11.jar:6.5.11]
	at org.springframework.security.web.ObservationFilterChainDecorator$VirtualFilterChain.doFilter(ObservationFilterChainDecorator.java:129) ~[spring-security-web-6.5.11.jar:6.5.11]
	at org.springframework.security.web.access.intercept.AuthorizationFilter.doFilter(AuthorizationFilter.java:101) ~[spring-security-web-6.5.11.jar:6.5.11]
	at org.springframework.security.web.ObservationFilterChainDecorator$ObservationFilter.wrapFilter(ObservationFilterChainDecorator.java:241) ~[spring-security-web-6.5.11.jar:6.5.11]
	at org.springframework.security.web.ObservationFilterChainDecorator$ObservationFilter.doFilter(ObservationFilterChainDecorator.java:228) ~[spring-security-web-6.5.11.jar:6.5.11]
	at org.springframework.security.web.ObservationFilterChainDecorator$VirtualFilterChain.doFilter(ObservationFilterChainDecorator.java:138) ~[spring-security-web-6.5.11.jar:6.5.11]
	at org.springframework.security.web.access.ExceptionTranslationFilter.doFilter(ExceptionTranslationFilter.java:125) ~[spring-security-web-6.5.11.jar:6.5.11]
	at org.springframework.security.web.access.ExceptionTranslationFilter.doFilter(ExceptionTranslationFilter.java:119) ~[spring-security-web-6.5.11.jar:6.5.11]
	at org.springframework.security.web.ObservationFilterChainDecorator$ObservationFilter.wrapFilter(ObservationFilterChainDecorator.java:241) ~[spring-security-web-6.5.11.jar:6.5.11]
	at org.springframework.security.web.ObservationFilterChainDecorator$ObservationFilter.doFilter(ObservationFilterChainDecorator.java:228) ~[spring-security-web-6.5.11.jar:6.5.11]
	at org.springframework.security.web.ObservationFilterChainDecorator$VirtualFilterChain.doFilter(ObservationFilterChainDecorator.java:138) ~[spring-security-web-6.5.11.jar:6.5.11]
	at org.springframework.security.web.session.SessionManagementFilter.doFilter(SessionManagementFilter.java:131) ~[spring-security-web-6.5.11.jar:6.5.11]
	at org.springframework.security.web.session.SessionManagementFilter.doFilter(SessionManagementFilter.java:85) ~[spring-security-web-6.5.11.jar:6.5.11]
	at org.springframework.security.web.ObservationFilterChainDecorator$ObservationFilter.wrapFilter(ObservationFilterChainDecorator.java:241) ~[spring-security-web-6.5.11.jar:6.5.11]
	at org.springframework.security.web.ObservationFilterChainDecorator$ObservationFilter.doFilter(ObservationFilterChainDecorator.java:228) ~[spring-security-web-6.5.11.jar:6.5.11]
	at org.springframework.security.web.ObservationFilterChainDecorator$VirtualFilterChain.doFilter(ObservationFilterChainDecorator.java:138) ~[spring-security-web-6.5.11.jar:6.5.11]
	at org.springframework.security.web.authentication.AnonymousAuthenticationFilter.doFilter(AnonymousAuthenticationFilter.java:100) ~[spring-security-web-6.5.11.jar:6.5.11]
	at org.springframework.security.web.ObservationFilterChainDecorator$ObservationFilter.wrapFilter(ObservationFilterChainDecorator.java:241) ~[spring-security-web-6.5.11.jar:6.5.11]
	at org.springframework.security.web.ObservationFilterChainDecorator$ObservationFilter.doFilter(ObservationFilterChainDecorator.java:228) ~[spring-security-web-6.5.11.jar:6.5.11]
	at org.springframework.security.web.ObservationFilterChainDecorator$VirtualFilterChain.doFilter(ObservationFilterChainDecorator.java:138) ~[spring-security-web-6.5.11.jar:6.5.11]
	at org.springframework.security.web.servletapi.SecurityContextHolderAwareRequestFilter.doFilter(SecurityContextHolderAwareRequestFilter.java:179) ~[spring-security-web-6.5.11.jar:6.5.11]
	at org.springframework.security.web.ObservationFilterChainDecorator$ObservationFilter.wrapFilter(ObservationFilterChainDecorator.java:241) ~[spring-security-web-6.5.11.jar:6.5.11]
	at org.springframework.security.web.ObservationFilterChainDecorator$ObservationFilter.doFilter(ObservationFilterChainDecorator.java:228) ~[spring-security-web-6.5.11.jar:6.5.11]
	at org.springframework.security.web.ObservationFilterChainDecorator$VirtualFilterChain.doFilter(ObservationFilterChainDecorator.java:138) ~[spring-security-web-6.5.11.jar:6.5.11]
	at org.springframework.security.web.authentication.AuthenticationFilter.doFilterInternal(AuthenticationFilter.java:177) ~[spring-security-web-6.5.11.jar:6.5.11]
	at org.springframework.web.filter.OncePerRequestFilter.doFilter(OncePerRequestFilter.java:116) ~[spring-web-6.2.19.jar:6.2.19]
	at org.springframework.security.web.ObservationFilterChainDecorator$ObservationFilter.wrapFilter(ObservationFilterChainDecorator.java:241) ~[spring-security-web-6.5.11.jar:6.5.11]
	at org.springframework.security.web.ObservationFilterChainDecorator$ObservationFilter.doFilter(ObservationFilterChainDecorator.java:228) ~[spring-security-web-6.5.11.jar:6.5.11]
	at org.springframework.security.web.ObservationFilterChainDecorator$VirtualFilterChain.doFilter(ObservationFilterChainDecorator.java:138) ~[spring-security-web-6.5.11.jar:6.5.11]
	at com.agilityhub.core.identity.api.CurrentUserFilter.doFilterInternal(CurrentUserFilter.java:35) ~[classes/:na]
	at org.springframework.web.filter.OncePerRequestFilter.doFilter(OncePerRequestFilter.java:116) ~[spring-web-6.2.19.jar:6.2.19]
	at org.springframework.security.web.ObservationFilterChainDecorator$ObservationFilter.wrapFilter(ObservationFilterChainDecorator.java:241) ~[spring-security-web-6.5.11.jar:6.5.11]
	at org.springframework.security.web.ObservationFilterChainDecorator$ObservationFilter.doFilter(ObservationFilterChainDecorator.java:228) ~[spring-security-web-6.5.11.jar:6.5.11]
	at org.springframework.security.web.ObservationFilterChainDecorator$VirtualFilterChain.doFilter(ObservationFilterChainDecorator.java:138) ~[spring-security-web-6.5.11.jar:6.5.11]
	at com.agilityhub.core.shared.api.AccountStateFilter.doFilterInternal(AccountStateFilter.java:36) ~[classes/:na]
	at org.springframework.web.filter.OncePerRequestFilter.doFilter(OncePerRequestFilter.java:116) ~[spring-web-6.2.19.jar:6.2.19]
	at org.springframework.security.web.ObservationFilterChainDecorator$ObservationFilter.wrapFilter(ObservationFilterChainDecorator.java:241) ~[spring-security-web-6.5.11.jar:6.5.11]
	at org.springframework.security.web.ObservationFilterChainDecorator$ObservationFilter.doFilter(ObservationFilterChainDecorator.java:228) ~[spring-security-web-6.5.11.jar:6.5.11]
	at org.springframework.security.web.ObservationFilterChainDecorator$VirtualFilterChain.doFilter(ObservationFilterChainDecorator.java:138) ~[spring-security-web-6.5.11.jar:6.5.11]
	at com.agilityhub.core.shared.api.TenantFilter.doFilterInternal(TenantFilter.java:84) ~[classes/:na]
	at org.springframework.web.filter.OncePerRequestFilter.doFilter(OncePerRequestFilter.java:116) ~[spring-web-6.2.19.jar:6.2.19]
	at org.springframework.security.web.ObservationFilterChainDecorator$ObservationFilter.wrapFilter(ObservationFilterChainDecorator.java:241) ~[spring-security-web-6.5.11.jar:6.5.11]
	at org.springframework.security.web.ObservationFilterChainDecorator$ObservationFilter.doFilter(ObservationFilterChainDecorator.java:228) ~[spring-security-web-6.5.11.jar:6.5.11]
	at org.springframework.security.web.ObservationFilterChainDecorator$VirtualFilterChain.doFilter(ObservationFilterChainDecorator.java:138) ~[spring-security-web-6.5.11.jar:6.5.11]
	at com.agilityhub.core.shared.api.RateLimitFilter.doFilterInternal(RateLimitFilter.java:60) ~[classes/:na]
	at org.springframework.web.filter.OncePerRequestFilter.doFilter(OncePerRequestFilter.java:116) ~[spring-web-6.2.19.jar:6.2.19]
	at org.springframework.security.web.ObservationFilterChainDecorator$ObservationFilter.wrapFilter(ObservationFilterChainDecorator.java:241) ~[spring-security-web-6.5.11.jar:6.5.11]
	at org.springframework.security.web.ObservationFilterChainDecorator$ObservationFilter.doFilter(ObservationFilterChainDecorator.java:228) ~[spring-security-web-6.5.11.jar:6.5.11]
	at org.springframework.security.web.ObservationFilterChainDecorator$VirtualFilterChain.doFilter(ObservationFilterChainDecorator.java:138) ~[spring-security-web-6.5.11.jar:6.5.11]
	at org.springframework.security.oauth2.server.resource.web.authentication.BearerTokenAuthenticationFilter.doFilterInternal(BearerTokenAuthenticationFilter.java:135) ~[spring-security-oauth2-resource-server-6.5.11.jar:6.5.11]
	at org.springframework.web.filter.OncePerRequestFilter.doFilter(OncePerRequestFilter.java:116) ~[spring-web-6.2.19.jar:6.2.19]
	at org.springframework.security.web.ObservationFilterChainDecorator$ObservationFilter.wrapFilter(ObservationFilterChainDecorator.java:241) ~[spring-security-web-6.5.11.jar:6.5.11]
	at org.springframework.security.web.ObservationFilterChainDecorator$ObservationFilter.doFilter(ObservationFilterChainDecorator.java:228) ~[spring-security-web-6.5.11.jar:6.5.11]
	at org.springframework.security.web.ObservationFilterChainDecorator$VirtualFilterChain.doFilter(ObservationFilterChainDecorator.java:138) ~[spring-security-web-6.5.11.jar:6.5.11]
	at org.springframework.security.web.authentication.logout.LogoutFilter.doFilter(LogoutFilter.java:107) ~[spring-security-web-6.5.11.jar:6.5.11]
	at org.springframework.security.web.authentication.logout.LogoutFilter.doFilter(LogoutFilter.java:93) ~[spring-security-web-6.5.11.jar:6.5.11]
	at org.springframework.security.web.ObservationFilterChainDecorator$ObservationFilter.wrapFilter(ObservationFilterChainDecorator.java:241) ~[spring-security-web-6.5.11.jar:6.5.11]
	at org.springframework.security.web.ObservationFilterChainDecorator$ObservationFilter.doFilter(ObservationFilterChainDecorator.java:228) ~[spring-security-web-6.5.11.jar:6.5.11]
	at org.springframework.security.web.ObservationFilterChainDecorator$VirtualFilterChain.doFilter(ObservationFilterChainDecorator.java:138) ~[spring-security-web-6.5.11.jar:6.5.11]
	at org.springframework.web.filter.CorsFilter.doFilterInternal(CorsFilter.java:91) ~[spring-web-6.2.19.jar:6.2.19]
	at org.springframework.web.filter.OncePerRequestFilter.doFilter(OncePerRequestFilter.java:116) ~[spring-web-6.2.19.jar:6.2.19]
	at org.springframework.security.web.ObservationFilterChainDecorator$ObservationFilter.wrapFilter(ObservationFilterChainDecorator.java:241) ~[spring-security-web-6.5.11.jar:6.5.11]
	at org.springframework.security.web.ObservationFilterChainDecorator$ObservationFilter.doFilter(ObservationFilterChainDecorator.java:228) ~[spring-security-web-6.5.11.jar:6.5.11]
	at org.springframework.security.web.ObservationFilterChainDecorator$VirtualFilterChain.doFilter(ObservationFilterChainDecorator.java:138) ~[spring-security-web-6.5.11.jar:6.5.11]
	at org.springframework.security.web.header.HeaderWriterFilter.doHeadersAfter(HeaderWriterFilter.java:90) ~[spring-security-web-6.5.11.jar:6.5.11]
	at org.springframework.security.web.header.HeaderWriterFilter.doFilterInternal(HeaderWriterFilter.java:75) ~[spring-security-web-6.5.11.jar:6.5.11]
	at org.springframework.web.filter.OncePerRequestFilter.doFilter(OncePerRequestFilter.java:116) ~[spring-web-6.2.19.jar:6.2.19]
	at org.springframework.security.web.ObservationFilterChainDecorator$ObservationFilter.wrapFilter(ObservationFilterChainDecorator.java:241) ~[spring-security-web-6.5.11.jar:6.5.11]
	at org.springframework.security.web.ObservationFilterChainDecorator$ObservationFilter.doFilter(ObservationFilterChainDecorator.java:228) ~[spring-security-web-6.5.11.jar:6.5.11]
	at org.springframework.security.web.ObservationFilterChainDecorator$VirtualFilterChain.doFilter(ObservationFilterChainDecorator.java:138) ~[spring-security-web-6.5.11.jar:6.5.11]
	at org.springframework.security.web.context.SecurityContextHolderFilter.doFilter(SecurityContextHolderFilter.java:82) ~[spring-security-web-6.5.11.jar:6.5.11]
	at org.springframework.security.web.context.SecurityContextHolderFilter.doFilter(SecurityContextHolderFilter.java:69) ~[spring-security-web-6.5.11.jar:6.5.11]
	at org.springframework.security.web.ObservationFilterChainDecorator$ObservationFilter.wrapFilter(ObservationFilterChainDecorator.java:241) ~[spring-security-web-6.5.11.jar:6.5.11]
	at org.springframework.security.web.ObservationFilterChainDecorator$ObservationFilter.doFilter(ObservationFilterChainDecorator.java:228) ~[spring-security-web-6.5.11.jar:6.5.11]
	at org.springframework.security.web.ObservationFilterChainDecorator$VirtualFilterChain.doFilter(ObservationFilterChainDecorator.java:138) ~[spring-security-web-6.5.11.jar:6.5.11]
	at org.springframework.security.web.context.request.async.WebAsyncManagerIntegrationFilter.doFilterInternal(WebAsyncManagerIntegrationFilter.java:62) ~[spring-security-web-6.5.11.jar:6.5.11]
	at org.springframework.web.filter.OncePerRequestFilter.doFilter(OncePerRequestFilter.java:116) ~[spring-web-6.2.19.jar:6.2.19]
	at org.springframework.security.web.ObservationFilterChainDecorator$ObservationFilter.wrapFilter(ObservationFilterChainDecorator.java:241) ~[spring-security-web-6.5.11.jar:6.5.11]
	at org.springframework.security.web.ObservationFilterChainDecorator$ObservationFilter.doFilter(ObservationFilterChainDecorator.java:228) ~[spring-security-web-6.5.11.jar:6.5.11]
	at org.springframework.security.web.ObservationFilterChainDecorator$VirtualFilterChain.doFilter(ObservationFilterChainDecorator.java:138) ~[spring-security-web-6.5.11.jar:6.5.11]
	at org.springframework.security.web.session.DisableEncodeUrlFilter.doFilterInternal(DisableEncodeUrlFilter.java:42) ~[spring-security-web-6.5.11.jar:6.5.11]
	at org.springframework.web.filter.OncePerRequestFilter.doFilter(OncePerRequestFilter.java:116) ~[spring-web-6.2.19.jar:6.2.19]
	at org.springframework.security.web.ObservationFilterChainDecorator$ObservationFilter.wrapFilter(ObservationFilterChainDecorator.java:241) ~[spring-security-web-6.5.11.jar:6.5.11]
	at org.springframework.security.web.ObservationFilterChainDecorator$AroundFilterObservation$SimpleAroundFilterObservation.lambda$wrap$0(ObservationFilterChainDecorator.java:334) ~[spring-security-web-6.5.11.jar:6.5.11]
	at org.springframework.security.web.ObservationFilterChainDecorator$ObservationFilter.doFilter(ObservationFilterChainDecorator.java:225) ~[spring-security-web-6.5.11.jar:6.5.11]
	at org.springframework.security.web.ObservationFilterChainDecorator$VirtualFilterChain.doFilter(ObservationFilterChainDecorator.java:138) ~[spring-security-web-6.5.11.jar:6.5.11]
	at org.springframework.security.web.FilterChainProxy.doFilterInternal(FilterChainProxy.java:233) ~[spring-security-web-6.5.11.jar:6.5.11]
	at org.springframework.security.web.FilterChainProxy.doFilter(FilterChainProxy.java:191) ~[spring-security-web-6.5.11.jar:6.5.11]
	at org.springframework.web.filter.CompositeFilter$VirtualFilterChain.doFilter(CompositeFilter.java:113) ~[spring-web-6.2.19.jar:6.2.19]
	at org.springframework.web.filter.ServletRequestPathFilter.doFilter(ServletRequestPathFilter.java:52) ~[spring-web-6.2.19.jar:6.2.19]
	at org.springframework.web.filter.CompositeFilter$VirtualFilterChain.doFilter(CompositeFilter.java:113) ~[spring-web-6.2.19.jar:6.2.19]
	at org.springframework.web.filter.CompositeFilter.doFilter(CompositeFilter.java:74) ~[spring-web-6.2.19.jar:6.2.19]
	at org.springframework.security.config.annotation.web.configuration.WebSecurityConfiguration$CompositeFilterChainProxy.doFilter(WebSecurityConfiguration.java:319) ~[spring-security-config-6.5.11.jar:6.5.11]
	at org.springframework.web.filter.CompositeFilter$VirtualFilterChain.doFilter(CompositeFilter.java:113) ~[spring-web-6.2.19.jar:6.2.19]
	at org.springframework.web.servlet.handler.HandlerMappingIntrospector.lambda$createCacheFilter$4(HandlerMappingIntrospector.java:267) ~[spring-webmvc-6.2.19.jar:6.2.19]
	at org.springframework.web.filter.CompositeFilter$VirtualFilterChain.doFilter(CompositeFilter.java:113) ~[spring-web-6.2.19.jar:6.2.19]
	at org.springframework.web.filter.CompositeFilter.doFilter(CompositeFilter.java:74) ~[spring-web-6.2.19.jar:6.2.19]
	at org.springframework.security.config.annotation.web.configuration.WebMvcSecurityConfiguration$CompositeFilterChainProxy.doFilter(WebMvcSecurityConfiguration.java:240) ~[spring-security-config-6.5.11.jar:6.5.11]
	at org.springframework.web.filter.DelegatingFilterProxy.invokeDelegate(DelegatingFilterProxy.java:362) ~[spring-web-6.2.19.jar:6.2.19]
	at org.springframework.web.filter.DelegatingFilterProxy.doFilter(DelegatingFilterProxy.java:278) ~[spring-web-6.2.19.jar:6.2.19]
	at org.springframework.test.web.servlet.setup.MockMvcFilterDecorator.doFilter(MockMvcFilterDecorator.java:162) ~[spring-test-6.2.19.jar:6.2.19]
	at org.springframework.mock.web.MockFilterChain.doFilter(MockFilterChain.java:132) ~[spring-test-6.2.19.jar:6.2.19]
	at org.springframework.web.filter.RequestContextFilter.doFilterInternal(RequestContextFilter.java:100) ~[spring-web-6.2.19.jar:6.2.19]
	at org.springframework.web.filter.OncePerRequestFilter.doFilter(OncePerRequestFilter.java:116) ~[spring-web-6.2.19.jar:6.2.19]
	at org.springframework.test.web.servlet.setup.MockMvcFilterDecorator.doFilter(MockMvcFilterDecorator.java:162) ~[spring-test-6.2.19.jar:6.2.19]
	at org.springframework.mock.web.MockFilterChain.doFilter(MockFilterChain.java:132) ~[spring-test-6.2.19.jar:6.2.19]
	at org.springframework.web.filter.FormContentFilter.doFilterInternal(FormContentFilter.java:93) ~[spring-web-6.2.19.jar:6.2.19]
	at org.springframework.web.filter.OncePerRequestFilter.doFilter(OncePerRequestFilter.java:116) ~[spring-web-6.2.19.jar:6.2.19]
	at org.springframework.test.web.servlet.setup.MockMvcFilterDecorator.doFilter(MockMvcFilterDecorator.java:162) ~[spring-test-6.2.19.jar:6.2.19]
	at org.springframework.mock.web.MockFilterChain.doFilter(MockFilterChain.java:132) ~[spring-test-6.2.19.jar:6.2.19]
	at com.agilityhub.core.shared.api.RequestTraceFilter.doFilterInternal(RequestTraceFilter.java:32) ~[classes/:na]
	at org.springframework.web.filter.OncePerRequestFilter.doFilter(OncePerRequestFilter.java:116) ~[spring-web-6.2.19.jar:6.2.19]
	at org.springframework.test.web.servlet.setup.MockMvcFilterDecorator.doFilter(MockMvcFilterDecorator.java:162) ~[spring-test-6.2.19.jar:6.2.19]
	at org.springframework.mock.web.MockFilterChain.doFilter(MockFilterChain.java:132) ~[spring-test-6.2.19.jar:6.2.19]
	at org.springframework.web.filter.ServerHttpObservationFilter.doFilterInternal(ServerHttpObservationFilter.java:110) ~[spring-web-6.2.19.jar:6.2.19]
	at org.springframework.web.filter.OncePerRequestFilter.doFilter(OncePerRequestFilter.java:116) ~[spring-web-6.2.19.jar:6.2.19]
	at org.springframework.test.web.servlet.setup.MockMvcFilterDecorator.doFilter(MockMvcFilterDecorator.java:162) ~[spring-test-6.2.19.jar:6.2.19]
	at org.springframework.mock.web.MockFilterChain.doFilter(MockFilterChain.java:132) ~[spring-test-6.2.19.jar:6.2.19]
	at org.springframework.web.filter.CharacterEncodingFilter.doFilterInternal(CharacterEncodingFilter.java:201) ~[spring-web-6.2.19.jar:6.2.19]
	at org.springframework.web.filter.OncePerRequestFilter.doFilter(OncePerRequestFilter.java:116) ~[spring-web-6.2.19.jar:6.2.19]
	at org.springframework.test.web.servlet.setup.MockMvcFilterDecorator.doFilter(MockMvcFilterDecorator.java:162) ~[spring-test-6.2.19.jar:6.2.19]
	at org.springframework.mock.web.MockFilterChain.doFilter(MockFilterChain.java:132) ~[spring-test-6.2.19.jar:6.2.19]
	at org.springframework.test.web.servlet.MockMvc.perform(MockMvc.java:201) ~[spring-test-6.2.19.jar:6.2.19]
	at com.agilityhub.core.clubs.scheduling.application.PlanningIT.generation(PlanningIT.java:158) ~[test-classes/:na]
	at com.agilityhub.core.clubs.scheduling.application.PlanningIT.T_06_11_failedGenerationRollsBackWeekClassesEventAndIdempotencyClaim(PlanningIT.java:239) ~[test-classes/:na]
	at java.base/jdk.internal.reflect.DirectMethodHandleAccessor.invoke(DirectMethodHandleAccessor.java:103) ~[na:na]
	at java.base/java.lang.reflect.Method.invoke(Method.java:580) ~[na:na]
	at org.junit.platform.commons.util.ReflectionUtils.invokeMethod(ReflectionUtils.java:775) ~[junit-platform-commons-1.12.2.jar:1.12.2]
	at org.junit.platform.commons.support.ReflectionSupport.invokeMethod(ReflectionSupport.java:479) ~[junit-platform-commons-1.12.2.jar:1.12.2]
	at org.junit.jupiter.engine.execution.MethodInvocation.proceed(MethodInvocation.java:60) ~[junit-jupiter-engine-5.12.2.jar:5.12.2]
	at org.junit.jupiter.engine.execution.InvocationInterceptorChain$ValidatingInvocation.proceed(InvocationInterceptorChain.java:131) ~[junit-jupiter-engine-5.12.2.jar:5.12.2]
	at org.junit.jupiter.engine.extension.TimeoutExtension.intercept(TimeoutExtension.java:161) ~[junit-jupiter-engine-5.12.2.jar:5.12.2]
	at org.junit.jupiter.engine.extension.TimeoutExtension.interceptTestableMethod(TimeoutExtension.java:152) ~[junit-jupiter-engine-5.12.2.jar:5.12.2]
	at org.junit.jupiter.engine.extension.TimeoutExtension.interceptTestMethod(TimeoutExtension.java:91) ~[junit-jupiter-engine-5.12.2.jar:5.12.2]
	at org.junit.jupiter.engine.execution.InterceptingExecutableInvoker$ReflectiveInterceptorCall.lambda$ofVoidMethod$0(InterceptingExecutableInvoker.java:112) ~[junit-jupiter-engine-5.12.2.jar:5.12.2]
	at org.junit.jupiter.engine.execution.InterceptingExecutableInvoker.lambda$invoke$0(InterceptingExecutableInvoker.java:94) ~[junit-jupiter-engine-5.12.2.jar:5.12.2]
	at org.junit.jupiter.engine.execution.InvocationInterceptorChain$InterceptedInvocation.proceed(InvocationInterceptorChain.java:106) ~[junit-jupiter-engine-5.12.2.jar:5.12.2]
	at org.junit.jupiter.engine.execution.InvocationInterceptorChain.proceed(InvocationInterceptorChain.java:64) ~[junit-jupiter-engine-5.12.2.jar:5.12.2]
	at org.junit.jupiter.engine.execution.InvocationInterceptorChain.chainAndInvoke(InvocationInterceptorChain.java:45) ~[junit-jupiter-engine-5.12.2.jar:5.12.2]
	at org.junit.jupiter.engine.execution.InvocationInterceptorChain.invoke(InvocationInterceptorChain.java:37) ~[junit-jupiter-engine-5.12.2.jar:5.12.2]
	at org.junit.jupiter.engine.execution.InterceptingExecutableInvoker.invoke(InterceptingExecutableInvoker.java:93) ~[junit-jupiter-engine-5.12.2.jar:5.12.2]
	at org.junit.jupiter.engine.execution.InterceptingExecutableInvoker.invoke(InterceptingExecutableInvoker.java:87) ~[junit-jupiter-engine-5.12.2.jar:5.12.2]
	at org.junit.jupiter.engine.descriptor.TestMethodTestDescriptor.lambda$invokeTestMethod$7(TestMethodTestDescriptor.java:216) ~[junit-jupiter-engine-5.12.2.jar:5.12.2]
	at org.junit.platform.engine.support.hierarchical.ThrowableCollector.execute(ThrowableCollector.java:73) ~[junit-platform-engine-1.12.2.jar:1.12.2]
	at org.junit.jupiter.engine.descriptor.TestMethodTestDescriptor.invokeTestMethod(TestMethodTestDescriptor.java:212) ~[junit-jupiter-engine-5.12.2.jar:5.12.2]
	at org.junit.jupiter.engine.descriptor.TestMethodTestDescriptor.execute(TestMethodTestDescriptor.java:137) ~[junit-jupiter-engine-5.12.2.jar:5.12.2]
	at org.junit.jupiter.engine.descriptor.TestMethodTestDescriptor.execute(TestMethodTestDescriptor.java:69) ~[junit-jupiter-engine-5.12.2.jar:5.12.2]
	at org.junit.platform.engine.support.hierarchical.NodeTestTask.lambda$executeRecursively$6(NodeTestTask.java:156) ~[junit-platform-engine-1.12.2.jar:1.12.2]
	at org.junit.platform.engine.support.hierarchical.ThrowableCollector.execute(ThrowableCollector.java:73) ~[junit-platform-engine-1.12.2.jar:1.12.2]
	at org.junit.platform.engine.support.hierarchical.NodeTestTask.lambda$executeRecursively$8(NodeTestTask.java:146) ~[junit-platform-engine-1.12.2.jar:1.12.2]
	at org.junit.platform.engine.support.hierarchical.Node.around(Node.java:137) ~[junit-platform-engine-1.12.2.jar:1.12.2]
	at org.junit.platform.engine.support.hierarchical.NodeTestTask.lambda$executeRecursively$9(NodeTestTask.java:144) ~[junit-platform-engine-1.12.2.jar:1.12.2]
	at org.junit.platform.engine.support.hierarchical.ThrowableCollector.execute(ThrowableCollector.java:73) ~[junit-platform-engine-1.12.2.jar:1.12.2]
	at org.junit.platform.engine.support.hierarchical.NodeTestTask.executeRecursively(NodeTestTask.java:143) ~[junit-platform-engine-1.12.2.jar:1.12.2]
	at org.junit.platform.engine.support.hierarchical.NodeTestTask.execute(NodeTestTask.java:100) ~[junit-platform-engine-1.12.2.jar:1.12.2]
	at java.base/java.util.ArrayList.forEach(ArrayList.java:1596) ~[na:na]
	at org.junit.platform.engine.support.hierarchical.SameThreadHierarchicalTestExecutorService.invokeAll(SameThreadHierarchicalTestExecutorService.java:41) ~[junit-platform-engine-1.12.2.jar:1.12.2]
	at org.junit.platform.engine.support.hierarchical.NodeTestTask.lambda$executeRecursively$6(NodeTestTask.java:160) ~[junit-platform-engine-1.12.2.jar:1.12.2]
	at org.junit.platform.engine.support.hierarchical.ThrowableCollector.execute(ThrowableCollector.java:73) ~[junit-platform-engine-1.12.2.jar:1.12.2]
	at org.junit.platform.engine.support.hierarchical.NodeTestTask.lambda$executeRecursively$8(NodeTestTask.java:146) ~[junit-platform-engine-1.12.2.jar:1.12.2]
	at org.junit.platform.engine.support.hierarchical.Node.around(Node.java:137) ~[junit-platform-engine-1.12.2.jar:1.12.2]
	at org.junit.platform.engine.support.hierarchical.NodeTestTask.lambda$executeRecursively$9(NodeTestTask.java:144) ~[junit-platform-engine-1.12.2.jar:1.12.2]
	at org.junit.platform.engine.support.hierarchical.ThrowableCollector.execute(ThrowableCollector.java:73) ~[junit-platform-engine-1.12.2.jar:1.12.2]
	at org.junit.platform.engine.support.hierarchical.NodeTestTask.executeRecursively(NodeTestTask.java:143) ~[junit-platform-engine-1.12.2.jar:1.12.2]
	at org.junit.platform.engine.support.hierarchical.NodeTestTask.execute(NodeTestTask.java:100) ~[junit-platform-engine-1.12.2.jar:1.12.2]
	at java.base/java.util.ArrayList.forEach(ArrayList.java:1596) ~[na:na]
	at org.junit.platform.engine.support.hierarchical.SameThreadHierarchicalTestExecutorService.invokeAll(SameThreadHierarchicalTestExecutorService.java:41) ~[junit-platform-engine-1.12.2.jar:1.12.2]
	at org.junit.platform.engine.support.hierarchical.NodeTestTask.lambda$executeRecursively$6(NodeTestTask.java:160) ~[junit-platform-engine-1.12.2.jar:1.12.2]
	at org.junit.platform.engine.support.hierarchical.ThrowableCollector.execute(ThrowableCollector.java:73) ~[junit-platform-engine-1.12.2.jar:1.12.2]
	at org.junit.platform.engine.support.hierarchical.NodeTestTask.lambda$executeRecursively$8(NodeTestTask.java:146) ~[junit-platform-engine-1.12.2.jar:1.12.2]
	at org.junit.platform.engine.support.hierarchical.Node.around(Node.java:137) ~[junit-platform-engine-1.12.2.jar:1.12.2]
	at org.junit.platform.engine.support.hierarchical.NodeTestTask.lambda$executeRecursively$9(NodeTestTask.java:144) ~[junit-platform-engine-1.12.2.jar:1.12.2]
	at org.junit.platform.engine.support.hierarchical.ThrowableCollector.execute(ThrowableCollector.java:73) ~[junit-platform-engine-1.12.2.jar:1.12.2]
	at org.junit.platform.engine.support.hierarchical.NodeTestTask.executeRecursively(NodeTestTask.java:143) ~[junit-platform-engine-1.12.2.jar:1.12.2]
	at org.junit.platform.engine.support.hierarchical.NodeTestTask.execute(NodeTestTask.java:100) ~[junit-platform-engine-1.12.2.jar:1.12.2]
	at org.junit.platform.engine.support.hierarchical.SameThreadHierarchicalTestExecutorService.submit(SameThreadHierarchicalTestExecutorService.java:35) ~[junit-platform-engine-1.12.2.jar:1.12.2]
	at org.junit.platform.engine.support.hierarchical.HierarchicalTestExecutor.execute(HierarchicalTestExecutor.java:57) ~[junit-platform-engine-1.12.2.jar:1.12.2]
	at org.junit.platform.engine.support.hierarchical.HierarchicalTestEngine.execute(HierarchicalTestEngine.java:54) ~[junit-platform-engine-1.12.2.jar:1.12.2]
	at org.junit.platform.launcher.core.EngineExecutionOrchestrator.execute(EngineExecutionOrchestrator.java:201) ~[junit-platform-launcher-1.12.2.jar:1.12.2]
	at org.junit.platform.launcher.core.EngineExecutionOrchestrator.execute(EngineExecutionOrchestrator.java:170) ~[junit-platform-launcher-1.12.2.jar:1.12.2]
	at org.junit.platform.launcher.core.EngineExecutionOrchestrator.execute(EngineExecutionOrchestrator.java:94) ~[junit-platform-launcher-1.12.2.jar:1.12.2]
	at org.junit.platform.launcher.core.EngineExecutionOrchestrator.lambda$execute$0(EngineExecutionOrchestrator.java:59) ~[junit-platform-launcher-1.12.2.jar:1.12.2]
	at org.junit.platform.launcher.core.EngineExecutionOrchestrator.withInterceptedStreams(EngineExecutionOrchestrator.java:142) ~[junit-platform-launcher-1.12.2.jar:1.12.2]
	at org.junit.platform.launcher.core.EngineExecutionOrchestrator.execute(EngineExecutionOrchestrator.java:58) ~[junit-platform-launcher-1.12.2.jar:1.12.2]
	at org.junit.platform.launcher.core.DefaultLauncher.execute(DefaultLauncher.java:103) ~[junit-platform-launcher-1.12.2.jar:1.12.2]
	at org.junit.platform.launcher.core.DefaultLauncher.execute(DefaultLauncher.java:85) ~[junit-platform-launcher-1.12.2.jar:1.12.2]
	at org.junit.platform.launcher.core.DelegatingLauncher.execute(DelegatingLauncher.java:47) ~[junit-platform-launcher-1.12.2.jar:1.12.2]
	at org.junit.platform.launcher.core.InterceptingLauncher.lambda$execute$1(InterceptingLauncher.java:39) ~[junit-platform-launcher-1.12.2.jar:1.12.2]
	at org.junit.platform.launcher.core.ClasspathAlignmentCheckingLauncherInterceptor.intercept(ClasspathAlignmentCheckingLauncherInterceptor.java:25) ~[junit-platform-launcher-1.12.2.jar:1.12.2]
	at org.junit.platform.launcher.core.InterceptingLauncher.execute(InterceptingLauncher.java:38) ~[junit-platform-launcher-1.12.2.jar:1.12.2]
	at org.junit.platform.launcher.core.DelegatingLauncher.execute(DelegatingLauncher.java:47) ~[junit-platform-launcher-1.12.2.jar:1.12.2]
	at org.apache.maven.surefire.junitplatform.LauncherAdapter.executeWithoutCancellationToken(LauncherAdapter.java:60) ~[surefire-junit-platform-3.5.6.jar:3.5.6]
	at org.apache.maven.surefire.junitplatform.LauncherAdapter.execute(LauncherAdapter.java:52) ~[surefire-junit-platform-3.5.6.jar:3.5.6]
	at org.apache.maven.surefire.junitplatform.JUnitPlatformProvider.execute(JUnitPlatformProvider.java:203) ~[surefire-junit-platform-3.5.6.jar:3.5.6]
	at org.apache.maven.surefire.junitplatform.JUnitPlatformProvider.invokeAllTests(JUnitPlatformProvider.java:168) ~[surefire-junit-platform-3.5.6.jar:3.5.6]
	at org.apache.maven.surefire.junitplatform.JUnitPlatformProvider.invoke(JUnitPlatformProvider.java:136) ~[surefire-junit-platform-3.5.6.jar:3.5.6]
	at org.apache.maven.surefire.booter.ForkedBooter.runSuitesInProcess(ForkedBooter.java:385) ~[surefire-booter-3.5.6.jar:3.5.6]
	at org.apache.maven.surefire.booter.ForkedBooter.execute(ForkedBooter.java:162) ~[surefire-booter-3.5.6.jar:3.5.6]
	at org.apache.maven.surefire.booter.ForkedBooter.run(ForkedBooter.java:507) ~[surefire-booter-3.5.6.jar:3.5.6]
	at org.apache.maven.surefire.booter.ForkedBooter.main(ForkedBooter.java:495) ~[surefire-booter-3.5.6.jar:3.5.6]
Caused by: com.mongodb.MongoWriteException: Write operation error on server localhost:50278. Write error: WriteError{code=121, message='Document failed validation', details={"failingDocumentId": "5b112ae2-fcfc-47e8-a93e-52d14ac5bb4c", "details": {"operatorName": "$ne", "specifiedAs": {"state": {"$ne": "DRAFT"}}, "reason": "comparison succeeded", "consideredValue": "DRAFT"}}}.
	at com.mongodb.client.internal.MongoCollectionImpl.executeSingleWriteRequest(MongoCollectionImpl.java:1123) ~[mongodb-driver-sync-5.5.2.jar:na]
	at com.mongodb.client.internal.MongoCollectionImpl.executeInsertOne(MongoCollectionImpl.java:498) ~[mongodb-driver-sync-5.5.2.jar:na]
	at com.mongodb.client.internal.MongoCollectionImpl.insertOne(MongoCollectionImpl.java:493) ~[mongodb-driver-sync-5.5.2.jar:na]
	at com.mongodb.client.internal.MongoCollectionImpl.insertOne(MongoCollectionImpl.java:486) ~[mongodb-driver-sync-5.5.2.jar:na]
	at java.base/jdk.internal.reflect.DirectMethodHandleAccessor.invoke(DirectMethodHandleAccessor.java:103) ~[na:na]
	at java.base/java.lang.reflect.Method.invoke(Method.java:580) ~[na:na]
	at org.springframework.util.ReflectionUtils.invokeMethod(ReflectionUtils.java:281) ~[spring-core-6.2.19.jar:6.2.19]
	at org.springframework.data.mongodb.SessionAwareMethodInterceptor.invoke(SessionAwareMethodInterceptor.java:119) ~[spring-data-mongodb-4.5.13.jar:4.5.13]
	at org.springframework.aop.framework.ReflectiveMethodInvocation.proceed(ReflectiveMethodInvocation.java:184) ~[spring-aop-6.2.19.jar:6.2.19]
	at org.springframework.aop.framework.JdkDynamicAopProxy.invoke(JdkDynamicAopProxy.java:223) ~[spring-aop-6.2.19.jar:6.2.19]
	at jdk.proxy2/jdk.proxy2.$Proxy257.insertOne(Unknown Source) ~[na:na]
	at org.springframework.data.mongodb.core.MongoTemplate.lambda$insertDocument$17(MongoTemplate.java:1568) ~[spring-data-mongodb-4.5.13.jar:4.5.13]
	at org.springframework.data.mongodb.core.MongoTemplate.execute(MongoTemplate.java:616) ~[spring-data-mongodb-4.5.13.jar:4.5.13]
	... 283 common frames omitted

2026-09-16T12:44:04.399+02:00  WARN 74494 --- [agilityhub-core-api] [           main] c.a.core.shared.api.ApiExceptionHandler  : Framework request rejected code=VALIDATION_ERROR traceId=a5b3bf05-a838-4201-846c-d3b8d58425c7
2026-09-16T12:44:04.957+02:00  WARN 74494 --- [agilityhub-core-api] [           main] c.a.core.shared.api.ApiExceptionHandler  : Framework request rejected code=VALIDATION_ERROR traceId=1a602466-2e58-4b66-827d-4777f2d45584
[ERROR] Tests run: 9, Failures: 1, Errors: 0, Skipped: 0, Time elapsed: 2.218 s <<< FAILURE! -- in com.agilityhub.core.clubs.scheduling.application.PlanningIT
[ERROR] com.agilityhub.core.clubs.scheduling.application.PlanningIT.T_06_11_T_06_31_generationSkipsHolidaysPastDaysPreservesLooseClassesAndChangesNoSources -- Time elapsed: 0.166 s <<< FAILURE!
org.opentest4j.AssertionFailedError:

expected: "2026-08-24"
 but was: "2026-08-23"
	at com.agilityhub.core.clubs.scheduling.application.PlanningIT.T_06_11_T_06_31_generationSkipsHolidaysPastDaysPreservesLooseClassesAndChangesNoSources(PlanningIT.java:169)
	at java.base/java.lang.reflect.Method.invoke(Method.java:580)
	at java.base/java.util.ArrayList.forEach(ArrayList.java:1596)
	at java.base/java.util.ArrayList.forEach(ArrayList.java:1596)

2026-09-16T12:44:05.625+02:00  INFO 74494 --- [agilityhub-core-api] [           main] t.c.s.AnnotationConfigContextLoaderUtils : Could not detect default configuration classes for test class [com.agilityhub.core.clubs.content.api.ClubPagesIT]: ClubPagesIT does not declare any static, non-private, non-final, nested classes annotated with @Configuration.
2026-09-16T12:44:05.645+02:00  INFO 74494 --- [agilityhub-core-api] [           main] .b.t.c.SpringBootTestContextBootstrapper : Found @SpringBootConfiguration com.agilityhub.core.CoreApplication for test class com.agilityhub.core.clubs.content.api.ClubPagesIT

  .   ____          _            __ _ _
 /\\ / ___'_ __ _ _(_)_ __  __ _ \ \ \ \
( ( )\___ | '_ | '_| | '_ \/ _` | \ \ \ \
 \\/  ___)| |_)| | | | | || (_| |  ) ) ) )
  '  |____| .__|_| |_|_| |_\__, | / / / /
 =========|_|==============|___/=/_/_/_/

 :: Spring Boot ::               (v3.5.16)

2026-09-16T12:44:05.655+02:00  INFO 74494 --- [agilityhub-core-api] [           main] c.a.core.clubs.content.api.ClubPagesIT   : Starting ClubPagesIT using Java 21.0.12.1 with PID 74494 (started by jordib in /Users/jordib/dev/agilityhub/agilityhub-core-api)
2026-09-16T12:44:05.656+02:00  INFO 74494 --- [agilityhub-core-api] [           main] c.a.core.clubs.content.api.ClubPagesIT   : The following 1 profile is active: "test"
2026-09-16T12:44:05.826+02:00  INFO 74494 --- [agilityhub-core-api] [           main] .s.d.r.c.RepositoryConfigurationDelegate : Bootstrapping Spring Data MongoDB repositories in DEFAULT mode.
2026-09-16T12:44:05.843+02:00  INFO 74494 --- [agilityhub-core-api] [           main] .s.d.r.c.RepositoryConfigurationDelegate : Finished Spring Data repository scanning in 16 ms. Found 0 MongoDB repository interfaces.
2026-09-16T12:44:05.890+02:00  INFO 74494 --- [agilityhub-core-api] [           main] org.mongodb.driver.client                : MongoClient with metadata {"driver": {"name": "mongo-java-driver|sync|spring-boot", "version": "5.5.2"}, "os": {"type": "Darwin", "name": "Mac OS X", "architecture": "aarch64", "version": "26.4.1"}, "platform": "Java/Homebrew/21.0.12.1"} created with settings MongoClientSettings{readPreference=primary, writeConcern=WriteConcern{w=null, wTimeout=null ms, journal=null}, retryWrites=true, retryReads=true, readConcern=ReadConcern{level=null}, credential=null, transportSettings=null, commandListeners=[io.micrometer.core.instrument.binder.mongodb.MongoMetricsCommandListener@2613bb8c], codecRegistry=ProvidersCodecRegistry{codecProviders=[ValueCodecProvider{}, BsonValueCodecProvider{}, DBRefCodecProvider{}, DBObjectCodecProvider{}, DocumentCodecProvider{}, CollectionCodecProvider{}, IterableCodecProvider{}, MapCodecProvider{}, GeoJsonCodecProvider{}, GridFSFileCodecProvider{}, Jsr310CodecProvider{}, JsonObjectCodecProvider{}, BsonCodecProvider{}, EnumCodecProvider{}, com.mongodb.client.model.mql.ExpressionCodecProvider@7e4bd9b4, com.mongodb.Jep395RecordCodecProvider@34518f0, com.mongodb.KotlinCodecProvider@1ab37c94]}, loggerSettings=LoggerSettings{maxDocumentLength=1000}, clusterSettings={hosts=[localhost:50278], srvServiceName=mongodb, mode=SINGLE, requiredClusterType=UNKNOWN, requiredReplicaSetName='null', serverSelector='null', clusterListeners='[]', serverSelectionTimeout='30000 ms', localThreshold='15 ms'}, socketSettings=SocketSettings{connectTimeoutMS=10000, readTimeoutMS=0, receiveBufferSize=0, proxySettings=ProxySettings{host=null, port=null, username=null, password=null}}, heartbeatSocketSettings=SocketSettings{connectTimeoutMS=10000, readTimeoutMS=10000, receiveBufferSize=0, proxySettings=ProxySettings{host=null, port=null, username=null, password=null}}, connectionPoolSettings=ConnectionPoolSettings{maxSize=100, minSize=0, maxWaitTimeMS=120000, maxConnectionLifeTimeMS=0, maxConnectionIdleTimeMS=0, maintenanceInitialDelayMS=0, maintenanceFrequencyMS=60000, connectionPoolListeners=[io.micrometer.core.instrument.binder.mongodb.MongoMetricsConnectionPoolListener@46174115], maxConnecting=2}, serverSettings=ServerSettings{heartbeatFrequencyMS=10000, minHeartbeatFrequencyMS=500, serverMonitoringMode=AUTO, serverListeners='[]', serverMonitorListeners='[]'}, sslSettings=SslSettings{enabled=false, invalidHostNameAllowed=false, context=null}, applicationName='null', compressorList=[], uuidRepresentation=JAVA_LEGACY, serverApi=null, autoEncryptionSettings=null, dnsClient=null, inetAddressResolver=null, contextProvider=null, timeoutMS=null}
2026-09-16T12:44:05.891+02:00  INFO 74494 --- [agilityhub-core-api] [localhost:50278] org.mongodb.driver.cluster               : Monitor thread successfully connected to server with description ServerDescription{address=localhost:50278, type=REPLICA_SET_PRIMARY, cryptd=false, state=CONNECTED, ok=true, minWireVersion=0, maxWireVersion=21, maxDocumentSize=16777216, logicalSessionTimeoutMinutes=30, roundTripTimeNanos=1324375, minRoundTripTimeNanos=0, setName='docker-rs', canonicalAddress=a400d2c2c562:27017, hosts=[a400d2c2c562:27017], passives=[], arbiters=[], primary='a400d2c2c562:27017', tagSet=TagSet{[]}, electionId=7fffff…[truncated], setVersion=1, topologyVersion=TopologyVersion{processId=6aaa72…[truncated], counter=6}, lastWriteDate=Wed Sep 16 12:44:05 CEST 2026, lastUpdateTimeNanos=348400988330708}
2026-09-16T12:44:07.140+02:00  INFO 74494 --- [agilityhub-core-api] [           main] o.s.b.t.m.w.SpringBootMockServletContext : Initializing Spring TestDispatcherServlet ''
2026-09-16T12:44:07.141+02:00  INFO 74494 --- [agilityhub-core-api] [           main] o.s.t.web.servlet.TestDispatcherServlet  : Initializing Servlet ''
2026-09-16T12:44:07.141+02:00  INFO 74494 --- [agilityhub-core-api] [           main] o.s.t.web.servlet.TestDispatcherServlet  : Completed initialization in 0 ms
2026-09-16T12:44:07.158+02:00  INFO 74494 --- [agilityhub-core-api] [           main] c.a.core.clubs.content.api.ClubPagesIT   : Started ClubPagesIT in 1.512 seconds (process running for 30.736)
2026-09-16T12:44:09.692+02:00  WARN 74494 --- [agilityhub-core-api] [           main] c.a.core.shared.api.ApiExceptionHandler  : Framework request rejected code=VALIDATION_ERROR traceId=ce9e0e45-6929-4dfb-8eea-98029d5e8e95
2026-09-16T12:44:09.698+02:00  WARN 74494 --- [agilityhub-core-api] [           main] c.a.core.shared.api.ApiExceptionHandler  : Framework request rejected code=VALIDATION_ERROR traceId=35e55d01-f8c1-4e95-946e-b02b82ed3d2e
2026-09-16T12:44:09.728+02:00  WARN 74494 --- [agilityhub-core-api] [           main] c.a.core.shared.api.ApiExceptionHandler  : Framework request rejected code=VALIDATION_ERROR traceId=ca6f5d59-1374-4f4a-96f0-4796d3239512
2026-09-16T12:44:10.383+02:00  INFO 74494 --- [agilityhub-core-api] [           main] .b.t.c.SpringBootTestContextBootstrapper : Found @SpringBootConfiguration com.agilityhub.core.CoreApplication for test class com.agilityhub.core.clubs.dashboard.api.DashboardIT

  .   ____          _            __ _ _
 /\\ / ___'_ __ _ _(_)_ __  __ _ \ \ \ \
( ( )\___ | '_ | '_| | '_ \/ _` | \ \ \ \
 \\/  ___)| |_)| | | | | || (_| |  ) ) ) )
  '  |____| .__|_| |_|_| |_\__, | / / / /
 =========|_|==============|___/=/_/_/_/

 :: Spring Boot ::               (v3.5.16)

2026-09-16T12:44:10.405+02:00  INFO 74494 --- [agilityhub-core-api] [           main] c.a.c.clubs.dashboard.api.DashboardIT    : Starting DashboardIT using Java 21.0.12.1 with PID 74494 (started by jordib in /Users/jordib/dev/agilityhub/agilityhub-core-api)
2026-09-16T12:44:10.405+02:00  INFO 74494 --- [agilityhub-core-api] [           main] c.a.c.clubs.dashboard.api.DashboardIT    : The following 1 profile is active: "test"
2026-09-16T12:44:10.679+02:00  INFO 74494 --- [agilityhub-core-api] [           main] .s.d.r.c.RepositoryConfigurationDelegate : Bootstrapping Spring Data MongoDB repositories in DEFAULT mode.
2026-09-16T12:44:10.701+02:00  INFO 74494 --- [agilityhub-core-api] [           main] .s.d.r.c.RepositoryConfigurationDelegate : Finished Spring Data repository scanning in 21 ms. Found 0 MongoDB repository interfaces.
2026-09-16T12:44:11.216+02:00  INFO 74494 --- [agilityhub-core-api] [           main] org.mongodb.driver.client                : MongoClient with metadata {"driver": {"name": "mongo-java-driver|sync|spring-boot", "version": "5.5.2"}, "os": {"type": "Darwin", "name": "Mac OS X", "architecture": "aarch64", "version": "26.4.1"}, "platform": "Java/Homebrew/21.0.12.1"} created with settings MongoClientSettings{readPreference=primary, writeConcern=WriteConcern{w=null, wTimeout=null ms, journal=null}, retryWrites=true, retryReads=true, readConcern=ReadConcern{level=null}, credential=null, transportSettings=null, commandListeners=[com.agilityhub.core.clubs.dashboard.api.DashboardIT$MongoProbeConfiguration$1@7bb3aef2, io.micrometer.core.instrument.binder.mongodb.MongoMetricsCommandListener@14422403], codecRegistry=ProvidersCodecRegistry{codecProviders=[ValueCodecProvider{}, BsonValueCodecProvider{}, DBRefCodecProvider{}, DBObjectCodecProvider{}, DocumentCodecProvider{}, CollectionCodecProvider{}, IterableCodecProvider{}, MapCodecProvider{}, GeoJsonCodecProvider{}, GridFSFileCodecProvider{}, Jsr310CodecProvider{}, JsonObjectCodecProvider{}, BsonCodecProvider{}, EnumCodecProvider{}, com.mongodb.client.model.mql.ExpressionCodecProvider@7e4bd9b4, com.mongodb.Jep395RecordCodecProvider@34518f0, com.mongodb.KotlinCodecProvider@1ab37c94]}, loggerSettings=LoggerSettings{maxDocumentLength=1000}, clusterSettings={hosts=[localhost:50278], srvServiceName=mongodb, mode=SINGLE, requiredClusterType=UNKNOWN, requiredReplicaSetName='null', serverSelector='null', clusterListeners='[]', serverSelectionTimeout='30000 ms', localThreshold='15 ms'}, socketSettings=SocketSettings{connectTimeoutMS=10000, readTimeoutMS=0, receiveBufferSize=0, proxySettings=ProxySettings{host=null, port=null, username=null, password=null}}, heartbeatSocketSettings=SocketSettings{connectTimeoutMS=10000, readTimeoutMS=10000, receiveBufferSize=0, proxySettings=ProxySettings{host=null, port=null, username=null, password=null}}, connectionPoolSettings=ConnectionPoolSettings{maxSize=100, minSize=0, maxWaitTimeMS=120000, maxConnectionLifeTimeMS=0, maxConnectionIdleTimeMS=0, maintenanceInitialDelayMS=0, maintenanceFrequencyMS=60000, connectionPoolListeners=[io.micrometer.core.instrument.binder.mongodb.MongoMetricsConnectionPoolListener@1719f268], maxConnecting=2}, serverSettings=ServerSettings{heartbeatFrequencyMS=10000, minHeartbeatFrequencyMS=500, serverMonitoringMode=AUTO, serverListeners='[]', serverMonitorListeners='[]'}, sslSettings=SslSettings{enabled=false, invalidHostNameAllowed=false, context=null}, applicationName='null', compressorList=[], uuidRepresentation=JAVA_LEGACY, serverApi=null, autoEncryptionSettings=null, dnsClient=null, inetAddressResolver=null, contextProvider=null, timeoutMS=null}
2026-09-16T12:44:11.218+02:00  INFO 74494 --- [agilityhub-core-api] [localhost:50278] org.mongodb.driver.cluster               : Monitor thread successfully connected to server with description ServerDescription{address=localhost:50278, type=REPLICA_SET_PRIMARY, cryptd=false, state=CONNECTED, ok=true, minWireVersion=0, maxWireVersion=21, maxDocumentSize=16777216, logicalSessionTimeoutMinutes=30, roundTripTimeNanos=1764208, minRoundTripTimeNanos=0, setName='docker-rs', canonicalAddress=a400d2c2c562:27017, hosts=[a400d2c2c562:27017], passives=[], arbiters=[], primary='a400d2c2c562:27017', tagSet=TagSet{[]}, electionId=7fffff…[truncated], setVersion=1, topologyVersion=TopologyVersion{processId=6aaa72…[truncated], counter=6}, lastWriteDate=Wed Sep 16 12:44:10 CEST 2026, lastUpdateTimeNanos=348406312387791}
2026-09-16T12:44:11.925+02:00  INFO 74494 --- [agilityhub-core-api] [           main] o.s.b.t.m.w.SpringBootMockServletContext : Initializing Spring TestDispatcherServlet ''
2026-09-16T12:44:11.926+02:00  INFO 74494 --- [agilityhub-core-api] [           main] o.s.t.web.servlet.TestDispatcherServlet  : Initializing Servlet ''
2026-09-16T12:44:11.926+02:00  INFO 74494 --- [agilityhub-core-api] [           main] o.s.t.web.servlet.TestDispatcherServlet  : Completed initialization in 0 ms
2026-09-16T12:44:11.938+02:00  INFO 74494 --- [agilityhub-core-api] [           main] c.a.c.clubs.dashboard.api.DashboardIT    : Started DashboardIT in 1.551 seconds (process running for 35.513)
2026-09-16T12:44:17.768+02:00  INFO 74494 --- [agilityhub-core-api] [           main] t.c.s.AnnotationConfigContextLoaderUtils : Could not detect default configuration classes for test class [com.agilityhub.core.clubs.common.api.ExportEngineIT]: ExportEngineIT does not declare any static, non-private, non-final, nested classes annotated with @Configuration.
2026-09-16T12:44:17.787+02:00  INFO 74494 --- [agilityhub-core-api] [           main] .b.t.c.SpringBootTestContextBootstrapper : Found @SpringBootConfiguration com.agilityhub.core.CoreApplication for test class com.agilityhub.core.clubs.common.api.ExportEngineIT

  .   ____          _            __ _ _
 /\\ / ___'_ __ _ _(_)_ __  __ _ \ \ \ \
( ( )\___ | '_ | '_| | '_ \/ _` | \ \ \ \
 \\/  ___)| |_)| | | | | || (_| |  ) ) ) )
  '  |____| .__|_| |_|_| |_\__, | / / / /
 =========|_|==============|___/=/_/_/_/

 :: Spring Boot ::               (v3.5.16)

2026-09-16T12:44:17.798+02:00  INFO 74494 --- [agilityhub-core-api] [           main] c.a.c.clubs.common.api.ExportEngineIT    : Starting ExportEngineIT using Java 21.0.12.1 with PID 74494 (started by jordib in /Users/jordib/dev/agilityhub/agilityhub-core-api)
2026-09-16T12:44:17.798+02:00  INFO 74494 --- [agilityhub-core-api] [           main] c.a.c.clubs.common.api.ExportEngineIT    : The following 1 profile is active: "test"
2026-09-16T12:44:17.959+02:00  INFO 74494 --- [agilityhub-core-api] [           main] .s.d.r.c.RepositoryConfigurationDelegate : Bootstrapping Spring Data MongoDB repositories in DEFAULT mode.
2026-09-16T12:44:17.974+02:00  INFO 74494 --- [agilityhub-core-api] [           main] .s.d.r.c.RepositoryConfigurationDelegate : Finished Spring Data repository scanning in 15 ms. Found 0 MongoDB repository interfaces.
2026-09-16T12:44:18.007+02:00  INFO 74494 --- [agilityhub-core-api] [           main] o.s.b.w.embedded.tomcat.TomcatWebServer  : Tomcat initialized with port 0 (http)
2026-09-16T12:44:18.007+02:00  INFO 74494 --- [agilityhub-core-api] [           main] o.apache.catalina.core.StandardService   : Starting service [Tomcat]
2026-09-16T12:44:18.008+02:00  INFO 74494 --- [agilityhub-core-api] [           main] o.apache.catalina.core.StandardEngine    : Starting Servlet engine: [Apache Tomcat/10.1.55]
2026-09-16T12:44:18.018+02:00  INFO 74494 --- [agilityhub-core-api] [           main] o.a.c.c.C.[Tomcat-4].[localhost].[/]     : Initializing Spring embedded WebApplicationContext
2026-09-16T12:44:18.018+02:00  INFO 74494 --- [agilityhub-core-api] [           main] w.s.c.ServletWebServerApplicationContext : Root WebApplicationContext: initialization completed in 219 ms
2026-09-16T12:44:18.038+02:00  INFO 74494 --- [agilityhub-core-api] [           main] org.mongodb.driver.client                : MongoClient with metadata {"driver": {"name": "mongo-java-driver|sync|spring-boot", "version": "5.5.2"}, "os": {"type": "Darwin", "name": "Mac OS X", "architecture": "aarch64", "version": "26.4.1"}, "platform": "Java/Homebrew/21.0.12.1"} created with settings MongoClientSettings{readPreference=primary, writeConcern=WriteConcern{w=null, wTimeout=null ms, journal=null}, retryWrites=true, retryReads=true, readConcern=ReadConcern{level=null}, credential=null, transportSettings=null, commandListeners=[io.micrometer.core.instrument.binder.mongodb.MongoMetricsCommandListener@7b14cf8], codecRegistry=ProvidersCodecRegistry{codecProviders=[ValueCodecProvider{}, BsonValueCodecProvider{}, DBRefCodecProvider{}, DBObjectCodecProvider{}, DocumentCodecProvider{}, CollectionCodecProvider{}, IterableCodecProvider{}, MapCodecProvider{}, GeoJsonCodecProvider{}, GridFSFileCodecProvider{}, Jsr310CodecProvider{}, JsonObjectCodecProvider{}, BsonCodecProvider{}, EnumCodecProvider{}, com.mongodb.client.model.mql.ExpressionCodecProvider@7e4bd9b4, com.mongodb.Jep395RecordCodecProvider@34518f0, com.mongodb.KotlinCodecProvider@1ab37c94]}, loggerSettings=LoggerSettings{maxDocumentLength=1000}, clusterSettings={hosts=[localhost:50278], srvServiceName=mongodb, mode=SINGLE, requiredClusterType=UNKNOWN, requiredReplicaSetName='null', serverSelector='null', clusterListeners='[]', serverSelectionTimeout='30000 ms', localThreshold='15 ms'}, socketSettings=SocketSettings{connectTimeoutMS=10000, readTimeoutMS=0, receiveBufferSize=0, proxySettings=ProxySettings{host=null, port=null, username=null, password=null}}, heartbeatSocketSettings=SocketSettings{connectTimeoutMS=10000, readTimeoutMS=10000, receiveBufferSize=0, proxySettings=ProxySettings{host=null, port=null, username=null, password=null}}, connectionPoolSettings=ConnectionPoolSettings{maxSize=100, minSize=0, maxWaitTimeMS=120000, maxConnectionLifeTimeMS=0, maxConnectionIdleTimeMS=0, maintenanceInitialDelayMS=0, maintenanceFrequencyMS=60000, connectionPoolListeners=[io.micrometer.core.instrument.binder.mongodb.MongoMetricsConnectionPoolListener@193e2e6f], maxConnecting=2}, serverSettings=ServerSettings{heartbeatFrequencyMS=10000, minHeartbeatFrequencyMS=500, serverMonitoringMode=AUTO, serverListeners='[]', serverMonitorListeners='[]'}, sslSettings=SslSettings{enabled=false, invalidHostNameAllowed=false, context=null}, applicationName='null', compressorList=[], uuidRepresentation=JAVA_LEGACY, serverApi=null, autoEncryptionSettings=null, dnsClient=null, inetAddressResolver=null, contextProvider=null, timeoutMS=null}
2026-09-16T12:44:18.040+02:00  INFO 74494 --- [agilityhub-core-api] [localhost:50278] org.mongodb.driver.cluster               : Monitor thread successfully connected to server with description ServerDescription{address=localhost:50278, type=REPLICA_SET_PRIMARY, cryptd=false, state=CONNECTED, ok=true, minWireVersion=0, maxWireVersion=21, maxDocumentSize=16777216, logicalSessionTimeoutMinutes=30, roundTripTimeNanos=1725667, minRoundTripTimeNanos=0, setName='docker-rs', canonicalAddress=a400d2c2c562:27017, hosts=[a400d2c2c562:27017], passives=[], arbiters=[], primary='a400d2c2c562:27017', tagSet=TagSet{[]}, electionId=7fffff…[truncated], setVersion=1, topologyVersion=TopologyVersion{processId=6aaa72…[truncated], counter=6}, lastWriteDate=Wed Sep 16 12:44:17 CEST 2026, lastUpdateTimeNanos=348413132381583}
2026-09-16T12:44:18.129+02:00  INFO 74494 --- [agilityhub-core-api] [           main] o.s.boot.web.servlet.RegistrationBean    : Filter rateLimitFilter was not registered (disabled)
2026-09-16T12:44:18.566+02:00  INFO 74494 --- [agilityhub-core-api] [           main] o.a.c.c.C.[Tomcat-4].[localhost].[/]     : Initializing Spring TestDispatcherServlet ''
2026-09-16T12:44:18.566+02:00  INFO 74494 --- [agilityhub-core-api] [           main] o.s.t.web.servlet.TestDispatcherServlet  : Initializing Servlet ''
2026-09-16T12:44:18.567+02:00  INFO 74494 --- [agilityhub-core-api] [           main] o.s.t.web.servlet.TestDispatcherServlet  : Completed initialization in 1 ms
2026-09-16T12:44:18.586+02:00  INFO 74494 --- [agilityhub-core-api] [           main] o.s.b.w.embedded.tomcat.TomcatWebServer  : Tomcat started on port 50447 (http) with context path '/'
2026-09-16T12:44:18.614+02:00  INFO 74494 --- [agilityhub-core-api] [           main] o.s.b.w.embedded.tomcat.TomcatWebServer  : Tomcat initialized with port 0 (http)
2026-09-16T12:44:18.614+02:00  INFO 74494 --- [agilityhub-core-api] [           main] o.apache.catalina.core.StandardService   : Starting service [Tomcat]
2026-09-16T12:44:18.614+02:00  INFO 74494 --- [agilityhub-core-api] [           main] o.apache.catalina.core.StandardEngine    : Starting Servlet engine: [Apache Tomcat/10.1.55]
2026-09-16T12:44:18.627+02:00  INFO 74494 --- [agilityhub-core-api] [           main] o.a.c.c.C.[Tomcat-5].[localhost].[/]     : Initializing Spring embedded WebApplicationContext
2026-09-16T12:44:18.627+02:00  INFO 74494 --- [agilityhub-core-api] [           main] w.s.c.ServletWebServerApplicationContext : Root WebApplicationContext: initialization completed in 39 ms
2026-09-16T12:44:18.633+02:00  INFO 74494 --- [agilityhub-core-api] [           main] o.s.b.a.e.web.EndpointLinksResolver      : Exposing 2 endpoints beneath base path '/actuator'
2026-09-16T12:44:18.651+02:00  INFO 74494 --- [agilityhub-core-api] [           main] o.s.b.w.embedded.tomcat.TomcatWebServer  : Tomcat started on port 50449 (http) with context path '/'
2026-09-16T12:44:18.656+02:00  INFO 74494 --- [agilityhub-core-api] [           main] c.a.c.clubs.common.api.ExportEngineIT    : Started ExportEngineIT in 0.867 seconds (process running for 42.229)
T_14_16_100001RowsRejectBeforeCreatingAJob [unfiltered]: HTTP 422 EXPORT_TOO_LARGE in 91 ms
T_14_16_100001RowsRejectBeforeCreatingAJob [status:eq:ACTIVE]: HTTP 422 EXPORT_TOO_LARGE in 118 ms
2026-09-16T12:44:25.210+02:00  WARN 74494 --- [agilityhub-core-api] [           main] c.a.c.c.common.application.ExportWorker  : Export attempt failed for job 86de4c46-9dfd-42ae-bc23-f5ddd5c057b1 (attempt 1)
2026-09-16T12:44:25.217+02:00  WARN 74494 --- [agilityhub-core-api] [           main] c.a.c.c.common.application.ExportWorker  : Export attempt failed for job 86de4c46-9dfd-42ae-bc23-f5ddd5c057b1 (attempt 2)
2026-09-16T12:44:25.223+02:00  WARN 74494 --- [agilityhub-core-api] [           main] c.a.c.c.common.application.ExportWorker  : Export attempt failed for job 86de4c46-9dfd-42ae-bc23-f5ddd5c057b1 (attempt 3)
2026-09-16T12:44:29.119+02:00  INFO 74494 --- [agilityhub-core-api] [           main] t.c.s.AnnotationConfigContextLoaderUtils : Could not detect default configuration classes for test class [com.agilityhub.core.clubs.common.api.UniversalListsIT]: UniversalListsIT does not declare any static, non-private, non-final, nested classes annotated with @Configuration.
2026-09-16T12:44:29.120+02:00  INFO 74494 --- [agilityhub-core-api] [           main] .b.t.c.SpringBootTestContextBootstrapper : Found @SpringBootConfiguration com.agilityhub.core.CoreApplication for test class com.agilityhub.core.clubs.common.api.UniversalListsIT
2026-09-16T12:44:29.314+02:00  INFO 74494 --- [agilityhub-core-api] [omcat-handler-0] o.a.c.c.C.[Tomcat-4].[localhost].[/]     : Initializing Spring DispatcherServlet 'dispatcherServlet'
2026-09-16T12:44:29.314+02:00  INFO 74494 --- [agilityhub-core-api] [omcat-handler-0] o.s.web.servlet.DispatcherServlet        : Initializing Servlet 'dispatcherServlet'
2026-09-16T12:44:29.314+02:00  INFO 74494 --- [agilityhub-core-api] [omcat-handler-0] o.s.web.servlet.DispatcherServlet        : Completed initialization in 0 ms
2026-09-16T12:44:34.170+02:00  INFO 74494 --- [agilityhub-core-api] [           main] t.c.s.AnnotationConfigContextLoaderUtils : Could not detect default configuration classes for test class [com.agilityhub.core.clubs.catalogs.api.PlansIT]: PlansIT does not declare any static, non-private, non-final, nested classes annotated with @Configuration.
2026-09-16T12:44:34.200+02:00  INFO 74494 --- [agilityhub-core-api] [           main] .b.t.c.SpringBootTestContextBootstrapper : Found @SpringBootConfiguration com.agilityhub.core.CoreApplication for test class com.agilityhub.core.clubs.catalogs.api.PlansIT
2026-09-16T12:44:35.380+02:00  WARN 74494 --- [agilityhub-core-api] [           main] c.a.core.shared.api.ApiExceptionHandler  : Framework request rejected code=VALIDATION_ERROR traceId=df98f9f8-b82f-47b4-aba8-4508d7b60970
2026-09-16T12:44:35.383+02:00  WARN 74494 --- [agilityhub-core-api] [           main] c.a.core.shared.api.ApiExceptionHandler  : Framework request rejected code=VALIDATION_ERROR traceId=5649d8ec-108f-48bc-9c72-fe8941d6f55e
2026-09-16T12:44:35.434+02:00  WARN 74494 --- [agilityhub-core-api] [           main] c.a.core.shared.api.ApiExceptionHandler  : Framework request rejected code=VALIDATION_ERROR traceId=c0faa054-4478-4d17-a27e-41dbc801c99c
2026-09-16T12:44:35.436+02:00  WARN 74494 --- [agilityhub-core-api] [           main] c.a.core.shared.api.ApiExceptionHandler  : Framework request rejected code=VALIDATION_ERROR traceId=a21c6d1d-8565-466c-953e-3613c416f6dd
2026-09-16T12:44:35.439+02:00  WARN 74494 --- [agilityhub-core-api] [           main] c.a.core.shared.api.ApiExceptionHandler  : Framework request rejected code=VALIDATION_ERROR traceId=b36314a2-0982-47a1-9a78-a7608520e65f
E2-T05 curl /api/v1/public/canic/plans (fictional fixture, key omitted):
{"club":{"slug":"canic","name":"Example Agility Club","currency":"EUR"},"plans":[{"id":"826e7f16-7471-4e84-94a5-fc0dd058c660","code":"MONTHLY","name":"Abonado MONTHLY","nameI18n":{"en":"Member MONTHLY","ca":"Abonat MONTHLY","es":"Abonado MONTHLY"},"type":"MONTHLY","billingMode":"MONTHLY_FEE","dogsIncluded":1,"priceLine":"60,00 €/mes","conditions":"Condiciones","conditionsI18n":{"ca":"Condicions","es":"Condiciones"},"texts":{"description":"Descripción","descriptionI18n":{"ca":"Descripció","es":"Descripción"}},"currentPrices":[{"concept":"MONTHLY_FEE","amount":{"amountMinor":6000,"currency":"EUR"},"taxPercent":0}],"entryFeeAmount":{"amountMinor":10000,"currency":"EUR"},"order":0}]}
2026-09-16T12:44:37.024+02:00  WARN 74494 --- [agilityhub-core-api] [           main] c.a.core.shared.api.ApiExceptionHandler  : Framework request rejected code=VALIDATION_ERROR traceId=d2c07411-0b7a-48e2-b7e0-c17545425b7b
2026-09-16T12:44:37.047+02:00  WARN 74494 --- [agilityhub-core-api] [           main] c.a.core.shared.api.ApiExceptionHandler  : Framework request rejected status=400 code=VALIDATION_ERROR traceId=13e1010a-1cbd-4727-b914-5077b214cbaf
2026-09-16T12:44:37.050+02:00  WARN 74494 --- [agilityhub-core-api] [           main] c.a.core.shared.api.ApiExceptionHandler  : Framework request rejected code=VALIDATION_ERROR traceId=d69936fe-5d27-4f69-8c68-450b9e0c13bf
2026-09-16T12:44:37.082+02:00  WARN 74494 --- [agilityhub-core-api] [           main] c.a.core.shared.api.ApiExceptionHandler  : Framework request rejected code=VALIDATION_ERROR traceId=6187221c-3ee9-4657-933a-e79e3b423180
2026-09-16T12:44:37.107+02:00  INFO 74494 --- [agilityhub-core-api] [           main] t.c.s.AnnotationConfigContextLoaderUtils : Could not detect default configuration classes for test class [com.agilityhub.core.clubs.catalogs.api.CatalogsIT]: CatalogsIT does not declare any static, non-private, non-final, nested classes annotated with @Configuration.
2026-09-16T12:44:37.107+02:00  INFO 74494 --- [agilityhub-core-api] [           main] .b.t.c.SpringBootTestContextBootstrapper : Found @SpringBootConfiguration com.agilityhub.core.CoreApplication for test class com.agilityhub.core.clubs.catalogs.api.CatalogsIT
2026-09-16T12:44:37.588+02:00  WARN 74494 --- [agilityhub-core-api] [           main] c.a.core.shared.api.ApiExceptionHandler  : Framework request rejected code=VALIDATION_ERROR traceId=9faa6c5a-7951-4186-8c75-8374824f5ec5
2026-09-16T12:44:37.630+02:00  WARN 74494 --- [agilityhub-core-api] [           main] c.a.core.shared.api.ApiExceptionHandler  : Framework request rejected code=VALIDATION_ERROR traceId=043a320d-61c4-4ded-bb24-b98f446aa592
2026-09-16T12:44:37.634+02:00  WARN 74494 --- [agilityhub-core-api] [           main] c.a.core.shared.api.ApiExceptionHandler  : Framework request rejected code=VALIDATION_ERROR traceId=871a6d90-ca1d-44d7-94dc-3c1acbc83c84
2026-09-16T12:44:37.638+02:00  WARN 74494 --- [agilityhub-core-api] [           main] c.a.core.shared.api.ApiExceptionHandler  : Framework request rejected code=VALIDATION_ERROR traceId=20b6751b-fe5a-4e10-9e4d-7fa282e27a1b
2026-09-16T12:44:37.641+02:00  WARN 74494 --- [agilityhub-core-api] [           main] c.a.core.shared.api.ApiExceptionHandler  : Framework request rejected code=VALIDATION_ERROR traceId=cc1b3c1d-b499-4fe9-8b2d-47bfc9763bc5
2026-09-16T12:44:37.644+02:00  WARN 74494 --- [agilityhub-core-api] [           main] c.a.core.shared.api.ApiExceptionHandler  : Framework request rejected code=VALIDATION_ERROR traceId=15df7994-f717-4780-b689-83d8ad34c6cf
2026-09-16T12:44:37.647+02:00  WARN 74494 --- [agilityhub-core-api] [           main] c.a.core.shared.api.ApiExceptionHandler  : Framework request rejected code=VALIDATION_ERROR traceId=08446fd6-9783-47ff-b70a-687260910acb
2026-09-16T12:44:37.697+02:00  WARN 74494 --- [agilityhub-core-api] [           main] c.a.core.shared.api.ApiExceptionHandler  : Framework request rejected code=VALIDATION_ERROR traceId=1fb79f9c-b74a-4d42-89f9-758259b8a025
2026-09-16T12:44:37.718+02:00  WARN 74494 --- [agilityhub-core-api] [           main] c.a.core.shared.api.ApiExceptionHandler  : Framework request rejected code=VALIDATION_ERROR traceId=2f2cf97a-4442-44ce-a29e-57661e3b0990
2026-09-16T12:44:37.720+02:00  WARN 74494 --- [agilityhub-core-api] [           main] c.a.core.shared.api.ApiExceptionHandler  : Framework request rejected code=VALIDATION_ERROR traceId=24e0aa67-8914-4161-833b-4f1d681ed149
2026-09-16T12:44:37.723+02:00  WARN 74494 --- [agilityhub-core-api] [           main] c.a.core.shared.api.ApiExceptionHandler  : Framework request rejected code=VALIDATION_ERROR traceId=aebdd0fd-9477-4807-8dc2-04efe57eb374
2026-09-16T12:44:37.776+02:00  WARN 74494 --- [agilityhub-core-api] [           main] c.a.core.shared.api.ApiExceptionHandler  : Framework request rejected code=VALIDATION_ERROR traceId=b8c66f01-d86c-4d12-b068-deb4804236f2
2026-09-16T12:44:37.799+02:00  WARN 74494 --- [agilityhub-core-api] [           main] c.a.core.shared.api.ApiExceptionHandler  : Framework request rejected code=VALIDATION_ERROR traceId=10cbd189-ba66-45d6-bad6-9ca9f287b589
2026-09-16T12:44:37.802+02:00  WARN 74494 --- [agilityhub-core-api] [           main] c.a.core.shared.api.ApiExceptionHandler  : Framework request rejected code=VALIDATION_ERROR traceId=25cfeb3a-832b-41e9-9ed2-cb90cb78bca2
2026-09-16T12:44:37.806+02:00  WARN 74494 --- [agilityhub-core-api] [           main] c.a.core.shared.api.ApiExceptionHandler  : Framework request rejected code=VALIDATION_ERROR traceId=b223b371-4251-4def-a1f8-7b4decd01e66
2026-09-16T12:44:39.875+02:00  INFO 74494 --- [agilityhub-core-api] [           main] t.c.s.AnnotationConfigContextLoaderUtils : Could not detect default configuration classes for test class [com.agilityhub.core.clubs.catalogs.api.TeamIT]: TeamIT does not declare any static, non-private, non-final, nested classes annotated with @Configuration.
2026-09-16T12:44:39.876+02:00  INFO 74494 --- [agilityhub-core-api] [           main] .b.t.c.SpringBootTestContextBootstrapper : Found @SpringBootConfiguration com.agilityhub.core.CoreApplication for test class com.agilityhub.core.clubs.catalogs.api.TeamIT
2026-09-16T12:44:40.950+02:00  WARN 74494 --- [agilityhub-core-api] [           main] c.a.core.shared.api.ApiExceptionHandler  : Framework request rejected code=VALIDATION_ERROR traceId=c69309ad-8e7a-48bf-aeb1-1292d2af202f
2026-09-16T12:44:41.155+02:00  WARN 74494 --- [agilityhub-core-api] [           main] c.a.core.shared.api.ApiExceptionHandler  : Framework request rejected code=VALIDATION_ERROR traceId=1e178903-b0c2-4c91-9045-53b6cd11f770
2026-09-16T12:44:41.161+02:00  WARN 74494 --- [agilityhub-core-api] [           main] c.a.core.shared.api.ApiExceptionHandler  : Framework request rejected code=VALIDATION_ERROR traceId=71d14702-a9dc-493a-a335-346031265fa7
2026-09-16T12:44:41.319+02:00  WARN 74494 --- [agilityhub-core-api] [           main] c.a.core.shared.api.ApiExceptionHandler  : Framework request rejected code=VALIDATION_ERROR traceId=65697d71-e715-4969-906a-9237d96ed8b3
2026-09-16T12:44:41.815+02:00  INFO 74494 --- [agilityhub-core-api] [           main] t.c.s.AnnotationConfigContextLoaderUtils : Could not detect default configuration classes for test class [com.agilityhub.core.clubs.census.api.CensusIT]: CensusIT does not declare any static, non-private, non-final, nested classes annotated with @Configuration.
2026-09-16T12:44:41.862+02:00  INFO 74494 --- [agilityhub-core-api] [           main] .b.t.c.SpringBootTestContextBootstrapper : Found @SpringBootConfiguration com.agilityhub.core.CoreApplication for test class com.agilityhub.core.clubs.census.api.CensusIT
2026-09-16T12:44:43.409+02:00  WARN 74494 --- [agilityhub-core-api] [           main] c.a.core.shared.api.ApiExceptionHandler  : Framework request rejected code=VALIDATION_ERROR traceId=f431a49f-e1bd-41dd-9d0e-f9e653648e47
2026-09-16T12:44:43.795+02:00  WARN 74494 --- [agilityhub-core-api] [           main] c.a.core.shared.api.ApiExceptionHandler  : Framework request rejected code=VALIDATION_ERROR traceId=1423ea62-8527-4baf-8e0c-229890bdd5a5
2026-09-16T12:44:48.018+02:00  INFO 74494 --- [agilityhub-core-api] [           main] t.c.s.AnnotationConfigContextLoaderUtils : Could not detect default configuration classes for test class [com.agilityhub.core.clubs.census.api.SignupIT]: SignupIT does not declare any static, non-private, non-final, nested classes annotated with @Configuration.
2026-09-16T12:44:48.019+02:00  INFO 74494 --- [agilityhub-core-api] [           main] .b.t.c.SpringBootTestContextBootstrapper : Found @SpringBootConfiguration com.agilityhub.core.CoreApplication for test class com.agilityhub.core.clubs.census.api.SignupIT

  .   ____          _            __ _ _
 /\\ / ___'_ __ _ _(_)_ __  __ _ \ \ \ \
( ( )\___ | '_ | '_| | '_ \/ _` | \ \ \ \
 \\/  ___)| |_)| | | | | || (_| |  ) ) ) )
  '  |____| .__|_| |_|_| |_\__, | / / / /
 =========|_|==============|___/=/_/_/_/

 :: Spring Boot ::               (v3.5.16)

2026-09-16T12:44:48.045+02:00  INFO 74494 --- [agilityhub-core-api] [           main] c.a.core.clubs.census.api.SignupIT       : Starting SignupIT using Java 21.0.12.1 with PID 74494 (started by jordib in /Users/jordib/dev/agilityhub/agilityhub-core-api)
2026-09-16T12:44:48.045+02:00  INFO 74494 --- [agilityhub-core-api] [           main] c.a.core.clubs.census.api.SignupIT       : The following 1 profile is active: "test"
2026-09-16T12:44:48.382+02:00  INFO 74494 --- [agilityhub-core-api] [           main] .s.d.r.c.RepositoryConfigurationDelegate : Bootstrapping Spring Data MongoDB repositories in DEFAULT mode.
2026-09-16T12:44:48.398+02:00  INFO 74494 --- [agilityhub-core-api] [           main] .s.d.r.c.RepositoryConfigurationDelegate : Finished Spring Data repository scanning in 15 ms. Found 0 MongoDB repository interfaces.
2026-09-16T12:44:48.443+02:00  INFO 74494 --- [agilityhub-core-api] [           main] org.mongodb.driver.client                : MongoClient with metadata {"driver": {"name": "mongo-java-driver|sync|spring-boot", "version": "5.5.2"}, "os": {"type": "Darwin", "name": "Mac OS X", "architecture": "aarch64", "version": "26.4.1"}, "platform": "Java/Homebrew/21.0.12.1"} created with settings MongoClientSettings{readPreference=primary, writeConcern=WriteConcern{w=null, wTimeout=null ms, journal=null}, retryWrites=true, retryReads=true, readConcern=ReadConcern{level=null}, credential=null, transportSettings=null, commandListeners=[io.micrometer.core.instrument.binder.mongodb.MongoMetricsCommandListener@1d153ade], codecRegistry=ProvidersCodecRegistry{codecProviders=[ValueCodecProvider{}, BsonValueCodecProvider{}, DBRefCodecProvider{}, DBObjectCodecProvider{}, DocumentCodecProvider{}, CollectionCodecProvider{}, IterableCodecProvider{}, MapCodecProvider{}, GeoJsonCodecProvider{}, GridFSFileCodecProvider{}, Jsr310CodecProvider{}, JsonObjectCodecProvider{}, BsonCodecProvider{}, EnumCodecProvider{}, com.mongodb.client.model.mql.ExpressionCodecProvider@7e4bd9b4, com.mongodb.Jep395RecordCodecProvider@34518f0, com.mongodb.KotlinCodecProvider@1ab37c94]}, loggerSettings=LoggerSettings{maxDocumentLength=1000}, clusterSettings={hosts=[localhost:50278], srvServiceName=mongodb, mode=SINGLE, requiredClusterType=UNKNOWN, requiredReplicaSetName='null', serverSelector='null', clusterListeners='[]', serverSelectionTimeout='30000 ms', localThreshold='15 ms'}, socketSettings=SocketSettings{connectTimeoutMS=10000, readTimeoutMS=0, receiveBufferSize=0, proxySettings=ProxySettings{host=null, port=null, username=null, password=null}}, heartbeatSocketSettings=SocketSettings{connectTimeoutMS=10000, readTimeoutMS=10000, receiveBufferSize=0, proxySettings=ProxySettings{host=null, port=null, username=null, password=null}}, connectionPoolSettings=ConnectionPoolSettings{maxSize=100, minSize=0, maxWaitTimeMS=120000, maxConnectionLifeTimeMS=0, maxConnectionIdleTimeMS=0, maintenanceInitialDelayMS=0, maintenanceFrequencyMS=60000, connectionPoolListeners=[io.micrometer.core.instrument.binder.mongodb.MongoMetricsConnectionPoolListener@1ce2b13e], maxConnecting=2}, serverSettings=ServerSettings{heartbeatFrequencyMS=10000, minHeartbeatFrequencyMS=500, serverMonitoringMode=AUTO, serverListeners='[]', serverMonitorListeners='[]'}, sslSettings=SslSettings{enabled=false, invalidHostNameAllowed=false, context=null}, applicationName='null', compressorList=[], uuidRepresentation=JAVA_LEGACY, serverApi=null, autoEncryptionSettings=null, dnsClient=null, inetAddressResolver=null, contextProvider=null, timeoutMS=null}
2026-09-16T12:44:48.445+02:00  INFO 74494 --- [agilityhub-core-api] [localhost:50278] org.mongodb.driver.cluster               : Monitor thread successfully connected to server with description ServerDescription{address=localhost:50278, type=REPLICA_SET_PRIMARY, cryptd=false, state=CONNECTED, ok=true, minWireVersion=0, maxWireVersion=21, maxDocumentSize=16777216, logicalSessionTimeoutMinutes=30, roundTripTimeNanos=1452458, minRoundTripTimeNanos=0, setName='docker-rs', canonicalAddress=a400d2c2c562:27017, hosts=[a400d2c2c562:27017], passives=[], arbiters=[], primary='a400d2c2c562:27017', tagSet=TagSet{[]}, electionId=7fffff…[truncated], setVersion=1, topologyVersion=TopologyVersion{processId=6aaa72…[truncated], counter=6}, lastWriteDate=Wed Sep 16 12:44:47 CEST 2026, lastUpdateTimeNanos=348443534242416}
2026-09-16T12:44:49.004+02:00  INFO 74494 --- [agilityhub-core-api] [           main] o.s.b.t.m.w.SpringBootMockServletContext : Initializing Spring TestDispatcherServlet ''
2026-09-16T12:44:49.004+02:00  INFO 74494 --- [agilityhub-core-api] [           main] o.s.t.web.servlet.TestDispatcherServlet  : Initializing Servlet ''
2026-09-16T12:44:49.005+02:00  INFO 74494 --- [agilityhub-core-api] [           main] o.s.t.web.servlet.TestDispatcherServlet  : Completed initialization in 1 ms
2026-09-16T12:44:49.022+02:00  INFO 74494 --- [agilityhub-core-api] [           main] c.a.core.clubs.census.api.SignupIT       : Started SignupIT in 1.001 seconds (process running for 72.592)
2026-09-16T12:44:49.069+02:00  INFO 74494 --- [agilityhub-core-api] [           main] c.a.core.shared.api.IdempotencyFilter    : Signup honeypot traceId=0b9d5f9e-e9bf-4c52-84cb-a29314673a1c clubId=sgn-041fbc09-7931-45c8-be20-a523e4989940 ipHash=SoUOG6…[truncated]
2026-09-16T12:44:52.274+02:00  WARN 74494 --- [agilityhub-core-api] [           main] c.a.core.shared.api.ApiExceptionHandler  : Framework request rejected code=VALIDATION_ERROR traceId=50ef231c-84fa-4069-be50-c4d34fada916
2026-09-16T12:44:52.278+02:00  INFO 74494 --- [agilityhub-core-api] [           main] c.a.core.shared.api.IdempotencyFilter    : Signup honeypot traceId=cf70d7ca-f0d3-4084-b94d-f277c45c0ce8 clubId=sgn-482b0f89-47f9-429e-b051-dabfc793b57d ipHash=SoUOG6…[truncated]
2026-09-16T12:44:52.279+02:00  INFO 74494 --- [agilityhub-core-api] [           main] c.a.core.shared.api.IdempotencyFilter    : Signup honeypot traceId=a28938ef-4bb5-41d3-a143-4706e32a2dba clubId=sgn-482b0f89-47f9-429e-b051-dabfc793b57d ipHash=SoUOG6…[truncated]
2026-09-16T12:44:52.280+02:00  INFO 74494 --- [agilityhub-core-api] [           main] c.a.core.shared.api.IdempotencyFilter    : Signup honeypot traceId=699251a3-e022-4820-8377-16151ad3314f clubId=sgn-482b0f89-47f9-429e-b051-dabfc793b57d ipHash=SoUOG6…[truncated]
2026-09-16T12:44:52.281+02:00  INFO 74494 --- [agilityhub-core-api] [           main] c.a.core.shared.api.IdempotencyFilter    : Signup honeypot traceId=8520efca-dbaa-44f2-86f6-20f9398452da clubId=sgn-482b0f89-47f9-429e-b051-dabfc793b57d ipHash=SoUOG6…[truncated]
2026-09-16T12:44:52.281+02:00  INFO 74494 --- [agilityhub-core-api] [           main] c.a.core.shared.api.IdempotencyFilter    : Signup honeypot traceId=06bba3b5-89d2-4e68-b25e-1d2650f0216a clubId=sgn-482b0f89-47f9-429e-b051-dabfc793b57d ipHash=SoUOG6…[truncated]
2026-09-16T12:44:52.282+02:00  INFO 74494 --- [agilityhub-core-api] [           main] c.a.core.shared.api.IdempotencyFilter    : Signup honeypot traceId=446a94ff-57db-4601-9c84-2a1013d1ec03 clubId=sgn-482b0f89-47f9-429e-b051-dabfc793b57d ipHash=SoUOG6…[truncated]
2026-09-16T12:44:52.283+02:00  INFO 74494 --- [agilityhub-core-api] [           main] c.a.core.shared.api.IdempotencyFilter    : Signup honeypot traceId=5a4d2e3e-36c3-49bb-8dfa-219b8ca3a0d1 clubId=sgn-482b0f89-47f9-429e-b051-dabfc793b57d ipHash=SoUOG6…[truncated]
2026-09-16T12:44:52.283+02:00  INFO 74494 --- [agilityhub-core-api] [           main] c.a.core.shared.api.IdempotencyFilter    : Signup honeypot traceId=5d32009a-dd10-4763-b7d8-e95b5fe857bc clubId=sgn-482b0f89-47f9-429e-b051-dabfc793b57d ipHash=SoUOG6…[truncated]
2026-09-16T12:44:52.284+02:00  INFO 74494 --- [agilityhub-core-api] [           main] c.a.core.shared.api.IdempotencyFilter    : Signup honeypot traceId=316e91c1-e607-40be-a31a-fccc9ddb1b12 clubId=sgn-482b0f89-47f9-429e-b051-dabfc793b57d ipHash=SoUOG6…[truncated]
2026-09-16T12:44:52.285+02:00  INFO 74494 --- [agilityhub-core-api] [           main] c.a.core.shared.api.IdempotencyFilter    : Signup honeypot traceId=13fdcdd3-ddce-4861-ba25-39f533c35549 clubId=sgn-482b0f89-47f9-429e-b051-dabfc793b57d ipHash=SoUOG6…[truncated]
2026-09-16T12:44:52.285+02:00  INFO 74494 --- [agilityhub-core-api] [           main] c.a.core.shared.api.IdempotencyFilter    : Signup honeypot traceId=c1be9b2b-a3e6-42d9-b238-65c74058c700 clubId=sgn-482b0f89-47f9-429e-b051-dabfc793b57d ipHash=SoUOG6…[truncated]
2026-09-16T12:44:52.286+02:00  INFO 74494 --- [agilityhub-core-api] [           main] c.a.core.shared.api.IdempotencyFilter    : Signup honeypot traceId=21e1e97b-9ebc-4649-8081-da47e876c4ce clubId=sgn-482b0f89-47f9-429e-b051-dabfc793b57d ipHash=SoUOG6…[truncated]
2026-09-16T12:44:52.287+02:00  INFO 74494 --- [agilityhub-core-api] [           main] c.a.core.shared.api.IdempotencyFilter    : Signup honeypot traceId=a157e88f-3e8e-41e4-985c-ce1e035ddb70 clubId=sgn-482b0f89-47f9-429e-b051-dabfc793b57d ipHash=SoUOG6…[truncated]
2026-09-16T12:44:52.287+02:00  INFO 74494 --- [agilityhub-core-api] [           main] c.a.core.shared.api.IdempotencyFilter    : Signup honeypot traceId=5d0d75a6-9b53-4968-8f60-bcf44bcba9e7 clubId=sgn-482b0f89-47f9-429e-b051-dabfc793b57d ipHash=SoUOG6…[truncated]
2026-09-16T12:44:52.288+02:00  INFO 74494 --- [agilityhub-core-api] [           main] c.a.core.shared.api.IdempotencyFilter    : Signup honeypot traceId=c9c5a366-bed9-4d36-824f-ff876bded631 clubId=sgn-482b0f89-47f9-429e-b051-dabfc793b57d ipHash=SoUOG6…[truncated]
2026-09-16T12:44:52.289+02:00  INFO 74494 --- [agilityhub-core-api] [           main] c.a.core.shared.api.IdempotencyFilter    : Signup honeypot traceId=5019e7cf-81e2-4363-8e87-b625022f5934 clubId=sgn-482b0f89-47f9-429e-b051-dabfc793b57d ipHash=SoUOG6…[truncated]
2026-09-16T12:44:52.289+02:00  INFO 74494 --- [agilityhub-core-api] [           main] c.a.core.shared.api.IdempotencyFilter    : Signup honeypot traceId=4f0a5820-7fca-47e6-a15a-1a0e0e3cf9d0 clubId=sgn-482b0f89-47f9-429e-b051-dabfc793b57d ipHash=SoUOG6…[truncated]
2026-09-16T12:44:52.290+02:00  INFO 74494 --- [agilityhub-core-api] [           main] c.a.core.shared.api.IdempotencyFilter    : Signup honeypot traceId=78e3b0fe-0b8e-4377-9a91-a09e569b2922 clubId=sgn-482b0f89-47f9-429e-b051-dabfc793b57d ipHash=SoUOG6…[truncated]
2026-09-16T12:44:52.291+02:00  INFO 74494 --- [agilityhub-core-api] [           main] c.a.core.shared.api.IdempotencyFilter    : Signup honeypot traceId=498599fd-9043-41be-a040-7f7838a2c9a1 clubId=sgn-482b0f89-47f9-429e-b051-dabfc793b57d ipHash=SoUOG6…[truncated]
2026-09-16T12:44:52.303+02:00  INFO 74494 --- [agilityhub-core-api] [           main] c.a.core.shared.api.IdempotencyFilter    : Signup honeypot traceId=ece1e009-30d6-4c82-83bf-0e5706f6177f clubId=sgn-e7804fd5-a31f-46cc-bf8a-e487fab75468 ipHash=SoUOG6…[truncated]
2026-09-16T12:44:52.304+02:00  INFO 74494 --- [agilityhub-core-api] [           main] c.a.core.shared.api.IdempotencyFilter    : Signup honeypot traceId=6be68f1b-a540-4ee5-a012-0127a1453f24 clubId=sgn-e7804fd5-a31f-46cc-bf8a-e487fab75468 ipHash=SoUOG6…[truncated]
2026-09-16T12:44:52.305+02:00  INFO 74494 --- [agilityhub-core-api] [           main] c.a.core.shared.api.IdempotencyFilter    : Signup honeypot traceId=f9adbe2e-3302-4443-99c7-d4ed2a7a92c5 clubId=sgn-e7804fd5-a31f-46cc-bf8a-e487fab75468 ipHash=SoUOG6…[truncated]
2026-09-16T12:44:52.305+02:00  INFO 74494 --- [agilityhub-core-api] [           main] c.a.core.shared.api.IdempotencyFilter    : Signup honeypot traceId=a6bad5fe-fc26-4f99-92d6-19385815b205 clubId=sgn-e7804fd5-a31f-46cc-bf8a-e487fab75468 ipHash=SoUOG6…[truncated]
2026-09-16T12:44:52.306+02:00  INFO 74494 --- [agilityhub-core-api] [           main] c.a.core.shared.api.IdempotencyFilter    : Signup honeypot traceId=01252be9-4cf1-48c1-8b92-32ff6d1cf2ac clubId=sgn-e7804fd5-a31f-46cc-bf8a-e487fab75468 ipHash=SoUOG6…[truncated]
2026-09-16T12:44:56.230+02:00  INFO 74494 --- [agilityhub-core-api] [           main] t.c.s.AnnotationConfigContextLoaderUtils : Could not detect default configuration classes for test class [com.agilityhub.core.clubs.census.application.DemoSeedsIT]: DemoSeedsIT does not declare any static, non-private, non-final, nested classes annotated with @Configuration.
2026-09-16T12:44:56.260+02:00  INFO 74494 --- [agilityhub-core-api] [           main] .b.t.c.SpringBootTestContextBootstrapper : Found @SpringBootConfiguration com.agilityhub.core.CoreApplication for test class com.agilityhub.core.clubs.census.application.DemoSeedsIT

  .   ____          _            __ _ _
 /\\ / ___'_ __ _ _(_)_ __  __ _ \ \ \ \
( ( )\___ | '_ | '_| | '_ \/ _` | \ \ \ \
 \\/  ___)| |_)| | | | | || (_| |  ) ) ) )
  '  |____| .__|_| |_|_| |_\__, | / / / /
 =========|_|==============|___/=/_/_/_/

 :: Spring Boot ::               (v3.5.16)

2026-09-16T12:44:56.274+02:00  INFO 74494 --- [agilityhub-core-api] [           main] c.a.c.c.census.application.DemoSeedsIT   : Starting DemoSeedsIT using Java 21.0.12.1 with PID 74494 (started by jordib in /Users/jordib/dev/agilityhub/agilityhub-core-api)
2026-09-16T12:44:56.274+02:00  INFO 74494 --- [agilityhub-core-api] [           main] c.a.c.c.census.application.DemoSeedsIT   : The following 1 profile is active: "test"
2026-09-16T12:44:56.534+02:00  INFO 74494 --- [agilityhub-core-api] [           main] .s.d.r.c.RepositoryConfigurationDelegate : Bootstrapping Spring Data MongoDB repositories in DEFAULT mode.
2026-09-16T12:44:56.550+02:00  INFO 74494 --- [agilityhub-core-api] [           main] .s.d.r.c.RepositoryConfigurationDelegate : Finished Spring Data repository scanning in 15 ms. Found 0 MongoDB repository interfaces.
2026-09-16T12:44:56.586+02:00  INFO 74494 --- [agilityhub-core-api] [           main] org.mongodb.driver.client                : MongoClient with metadata {"driver": {"name": "mongo-java-driver|sync|spring-boot", "version": "5.5.2"}, "os": {"type": "Darwin", "name": "Mac OS X", "architecture": "aarch64", "version": "26.4.1"}, "platform": "Java/Homebrew/21.0.12.1"} created with settings MongoClientSettings{readPreference=primary, writeConcern=WriteConcern{w=null, wTimeout=null ms, journal=null}, retryWrites=true, retryReads=true, readConcern=ReadConcern{level=null}, credential=null, transportSettings=null, commandListeners=[io.micrometer.core.instrument.binder.mongodb.MongoMetricsCommandListener@7237d62b], codecRegistry=ProvidersCodecRegistry{codecProviders=[ValueCodecProvider{}, BsonValueCodecProvider{}, DBRefCodecProvider{}, DBObjectCodecProvider{}, DocumentCodecProvider{}, CollectionCodecProvider{}, IterableCodecProvider{}, MapCodecProvider{}, GeoJsonCodecProvider{}, GridFSFileCodecProvider{}, Jsr310CodecProvider{}, JsonObjectCodecProvider{}, BsonCodecProvider{}, EnumCodecProvider{}, com.mongodb.client.model.mql.ExpressionCodecProvider@7e4bd9b4, com.mongodb.Jep395RecordCodecProvider@34518f0, com.mongodb.KotlinCodecProvider@1ab37c94]}, loggerSettings=LoggerSettings{maxDocumentLength=1000}, clusterSettings={hosts=[localhost:50278], srvServiceName=mongodb, mode=SINGLE, requiredClusterType=UNKNOWN, requiredReplicaSetName='null', serverSelector='null', clusterListeners='[]', serverSelectionTimeout='30000 ms', localThreshold='15 ms'}, socketSettings=SocketSettings{connectTimeoutMS=10000, readTimeoutMS=0, receiveBufferSize=0, proxySettings=ProxySettings{host=null, port=null, username=null, password=null}}, heartbeatSocketSettings=SocketSettings{connectTimeoutMS=10000, readTimeoutMS=10000, receiveBufferSize=0, proxySettings=ProxySettings{host=null, port=null, username=null, password=null}}, connectionPoolSettings=ConnectionPoolSettings{maxSize=100, minSize=0, maxWaitTimeMS=120000, maxConnectionLifeTimeMS=0, maxConnectionIdleTimeMS=0, maintenanceInitialDelayMS=0, maintenanceFrequencyMS=60000, connectionPoolListeners=[io.micrometer.core.instrument.binder.mongodb.MongoMetricsConnectionPoolListener@41451410], maxConnecting=2}, serverSettings=ServerSettings{heartbeatFrequencyMS=10000, minHeartbeatFrequencyMS=500, serverMonitoringMode=AUTO, serverListeners='[]', serverMonitorListeners='[]'}, sslSettings=SslSettings{enabled=false, invalidHostNameAllowed=false, context=null}, applicationName='null', compressorList=[], uuidRepresentation=JAVA_LEGACY, serverApi=null, autoEncryptionSettings=null, dnsClient=null, inetAddressResolver=null, contextProvider=null, timeoutMS=null}
2026-09-16T12:44:56.588+02:00  INFO 74494 --- [agilityhub-core-api] [localhost:50278] org.mongodb.driver.cluster               : Monitor thread successfully connected to server with description ServerDescription{address=localhost:50278, type=REPLICA_SET_PRIMARY, cryptd=false, state=CONNECTED, ok=true, minWireVersion=0, maxWireVersion=21, maxDocumentSize=16777216, logicalSessionTimeoutMinutes=30, roundTripTimeNanos=1888416, minRoundTripTimeNanos=0, setName='docker-rs', canonicalAddress=a400d2c2c562:27017, hosts=[a400d2c2c562:27017], passives=[], arbiters=[], primary='a400d2c2c562:27017', tagSet=TagSet{[]}, electionId=7fffff…[truncated], setVersion=1, topologyVersion=TopologyVersion{processId=6aaa72…[truncated], counter=6}, lastWriteDate=Wed Sep 16 12:44:56 CEST 2026, lastUpdateTimeNanos=348451677201875}
2026-09-16T12:44:57.034+02:00  INFO 74494 --- [agilityhub-core-api] [           main] o.s.b.t.m.w.SpringBootMockServletContext : Initializing Spring TestDispatcherServlet ''
2026-09-16T12:44:57.034+02:00  INFO 74494 --- [agilityhub-core-api] [           main] o.s.t.web.servlet.TestDispatcherServlet  : Initializing Servlet ''
2026-09-16T12:44:57.035+02:00  INFO 74494 --- [agilityhub-core-api] [           main] o.s.t.web.servlet.TestDispatcherServlet  : Completed initialization in 1 ms
2026-09-16T12:44:57.046+02:00  INFO 74494 --- [agilityhub-core-api] [           main] c.a.c.c.census.application.DemoSeedsIT   : Started DemoSeedsIT in 0.784 seconds (process running for 80.616)
{activeMembers=184, pendingMembers=3, inactiveMembers=4, leftMembers=3, members=194, dogs=245, familyGroups=12, activeDogs=242, pendingDogs=3, instructors=3, administrators=2, receivedDocuments=6, pendingDocuments=239}
451 changes (demo seed)
{activeMembers=184, pendingMembers=3, inactiveMembers=4, leftMembers=3, members=194, dogs=245, familyGroups=12, activeDogs=242, pendingDogs=3, instructors=3, administrators=2, receivedDocuments=6, pendingDocuments=239}
0 changes (demo seed)
2026-09-16T12:45:04.747+02:00  INFO 74494 --- [agilityhub-core-api] [           main] t.c.s.AnnotationConfigContextLoaderUtils : Could not detect default configuration classes for test class [com.agilityhub.core.clubs.messaging.api.SendGridWebhookIT]: SendGridWebhookIT does not declare any static, non-private, non-final, nested classes annotated with @Configuration.
2026-09-16T12:45:04.769+02:00  INFO 74494 --- [agilityhub-core-api] [           main] .b.t.c.SpringBootTestContextBootstrapper : Found @SpringBootConfiguration com.agilityhub.core.CoreApplication for test class com.agilityhub.core.clubs.messaging.api.SendGridWebhookIT

  .   ____          _            __ _ _
 /\\ / ___'_ __ _ _(_)_ __  __ _ \ \ \ \
( ( )\___ | '_ | '_| | '_ \/ _` | \ \ \ \
 \\/  ___)| |_)| | | | | || (_| |  ) ) ) )
  '  |____| .__|_| |_|_| |_\__, | / / / /
 =========|_|==============|___/=/_/_/_/

 :: Spring Boot ::               (v3.5.16)

2026-09-16T12:45:04.802+02:00  INFO 74494 --- [agilityhub-core-api] [           main] c.a.c.c.messaging.api.SendGridWebhookIT  : Starting SendGridWebhookIT using Java 21.0.12.1 with PID 74494 (started by jordib in /Users/jordib/dev/agilityhub/agilityhub-core-api)
2026-09-16T12:45:04.802+02:00  INFO 74494 --- [agilityhub-core-api] [           main] c.a.c.c.messaging.api.SendGridWebhookIT  : The following 1 profile is active: "test"
2026-09-16T12:45:05.044+02:00  INFO 74494 --- [agilityhub-core-api] [           main] .s.d.r.c.RepositoryConfigurationDelegate : Bootstrapping Spring Data MongoDB repositories in DEFAULT mode.
2026-09-16T12:45:05.062+02:00  INFO 74494 --- [agilityhub-core-api] [           main] .s.d.r.c.RepositoryConfigurationDelegate : Finished Spring Data repository scanning in 17 ms. Found 0 MongoDB repository interfaces.
2026-09-16T12:45:05.102+02:00  INFO 74494 --- [agilityhub-core-api] [           main] org.mongodb.driver.client                : MongoClient with metadata {"driver": {"name": "mongo-java-driver|sync|spring-boot", "version": "5.5.2"}, "os": {"type": "Darwin", "name": "Mac OS X", "architecture": "aarch64", "version": "26.4.1"}, "platform": "Java/Homebrew/21.0.12.1"} created with settings MongoClientSettings{readPreference=primary, writeConcern=WriteConcern{w=null, wTimeout=null ms, journal=null}, retryWrites=true, retryReads=true, readConcern=ReadConcern{level=null}, credential=null, transportSettings=null, commandListeners=[io.micrometer.core.instrument.binder.mongodb.MongoMetricsCommandListener@490c37ee], codecRegistry=ProvidersCodecRegistry{codecProviders=[ValueCodecProvider{}, BsonValueCodecProvider{}, DBRefCodecProvider{}, DBObjectCodecProvider{}, DocumentCodecProvider{}, CollectionCodecProvider{}, IterableCodecProvider{}, MapCodecProvider{}, GeoJsonCodecProvider{}, GridFSFileCodecProvider{}, Jsr310CodecProvider{}, JsonObjectCodecProvider{}, BsonCodecProvider{}, EnumCodecProvider{}, com.mongodb.client.model.mql.ExpressionCodecProvider@7e4bd9b4, com.mongodb.Jep395RecordCodecProvider@34518f0, com.mongodb.KotlinCodecProvider@1ab37c94]}, loggerSettings=LoggerSettings{maxDocumentLength=1000}, clusterSettings={hosts=[localhost:50278], srvServiceName=mongodb, mode=SINGLE, requiredClusterType=UNKNOWN, requiredReplicaSetName='null', serverSelector='null', clusterListeners='[]', serverSelectionTimeout='30000 ms', localThreshold='15 ms'}, socketSettings=SocketSettings{connectTimeoutMS=10000, readTimeoutMS=0, receiveBufferSize=0, proxySettings=ProxySettings{host=null, port=null, username=null, password=null}}, heartbeatSocketSettings=SocketSettings{connectTimeoutMS=10000, readTimeoutMS=10000, receiveBufferSize=0, proxySettings=ProxySettings{host=null, port=null, username=null, password=null}}, connectionPoolSettings=ConnectionPoolSettings{maxSize=100, minSize=0, maxWaitTimeMS=120000, maxConnectionLifeTimeMS=0, maxConnectionIdleTimeMS=0, maintenanceInitialDelayMS=0, maintenanceFrequencyMS=60000, connectionPoolListeners=[io.micrometer.core.instrument.binder.mongodb.MongoMetricsConnectionPoolListener@202eb885], maxConnecting=2}, serverSettings=ServerSettings{heartbeatFrequencyMS=10000, minHeartbeatFrequencyMS=500, serverMonitoringMode=AUTO, serverListeners='[]', serverMonitorListeners='[]'}, sslSettings=SslSettings{enabled=false, invalidHostNameAllowed=false, context=null}, applicationName='null', compressorList=[], uuidRepresentation=JAVA_LEGACY, serverApi=null, autoEncryptionSettings=null, dnsClient=null, inetAddressResolver=null, contextProvider=null, timeoutMS=null}
2026-09-16T12:45:05.104+02:00  INFO 74494 --- [agilityhub-core-api] [localhost:50278] org.mongodb.driver.cluster               : Monitor thread successfully connected to server with description ServerDescription{address=localhost:50278, type=REPLICA_SET_PRIMARY, cryptd=false, state=CONNECTED, ok=true, minWireVersion=0, maxWireVersion=21, maxDocumentSize=16777216, logicalSessionTimeoutMinutes=30, roundTripTimeNanos=1953250, minRoundTripTimeNanos=0, setName='docker-rs', canonicalAddress=a400d2c2c562:27017, hosts=[a400d2c2c562:27017], passives=[], arbiters=[], primary='a400d2c2c562:27017', tagSet=TagSet{[]}, electionId=7fffff…[truncated], setVersion=1, topologyVersion=TopologyVersion{processId=6aaa72…[truncated], counter=6}, lastWriteDate=Wed Sep 16 12:45:04 CEST 2026, lastUpdateTimeNanos=348460192823041}
2026-09-16T12:45:05.582+02:00  INFO 74494 --- [agilityhub-core-api] [           main] o.s.b.t.m.w.SpringBootMockServletContext : Initializing Spring TestDispatcherServlet ''
2026-09-16T12:45:05.582+02:00  INFO 74494 --- [agilityhub-core-api] [           main] o.s.t.web.servlet.TestDispatcherServlet  : Initializing Servlet ''
2026-09-16T12:45:05.583+02:00  INFO 74494 --- [agilityhub-core-api] [           main] o.s.t.web.servlet.TestDispatcherServlet  : Completed initialization in 1 ms
2026-09-16T12:45:05.589+02:00  INFO 74494 --- [agilityhub-core-api] [           main] c.a.c.c.messaging.api.SendGridWebhookIT  : Started SendGridWebhookIT in 0.795 seconds (process running for 89.159)
2026-09-16T12:45:05.669+02:00 ERROR 74494 --- [agilityhub-core-api] [           main] c.a.core.shared.api.ApiExceptionHandler  : Unhandled request exception traceId=b8637772-5af7-419e-be65-9cd34bf473a7

java.lang.IllegalStateException: Simulated outbox failure
	at com.agilityhub.core.shared.persistence.MongoEventPublisher.publish(MongoEventPublisher.java:30) ~[classes/:na]
	at com.agilityhub.core.clubs.messaging.application.SendGridWebhookService.lambda$process$0(SendGridWebhookService.java:50) ~[classes/:na]
	at org.springframework.transaction.support.TransactionOperations.lambda$executeWithoutResult$0(TransactionOperations.java:68) ~[spring-tx-6.2.19.jar:6.2.19]
	at org.springframework.transaction.support.TransactionTemplate.execute(TransactionTemplate.java:140) ~[spring-tx-6.2.19.jar:6.2.19]
	at org.springframework.transaction.support.TransactionOperations.executeWithoutResult(TransactionOperations.java:67) ~[spring-tx-6.2.19.jar:6.2.19]
	at com.agilityhub.core.clubs.messaging.application.SendGridWebhookService.process(SendGridWebhookService.java:38) ~[classes/:na]
	at com.agilityhub.core.clubs.messaging.application.SendGridWebhookService.accept(SendGridWebhookService.java:33) ~[classes/:na]
	at com.agilityhub.core.clubs.messaging.api.SendGridWebhookController.receive(SendGridWebhookController.java:53) ~[classes/:na]
	at java.base/jdk.internal.reflect.DirectMethodHandleAccessor.invoke(DirectMethodHandleAccessor.java:103) ~[na:na]
	at java.base/java.lang.reflect.Method.invoke(Method.java:580) ~[na:na]
	at org.springframework.web.method.support.InvocableHandlerMethod.doInvoke(InvocableHandlerMethod.java:258) ~[spring-web-6.2.19.jar:6.2.19]
	at org.springframework.web.method.support.InvocableHandlerMethod.invokeForRequest(InvocableHandlerMethod.java:191) ~[spring-web-6.2.19.jar:6.2.19]
	at org.springframework.web.servlet.mvc.method.annotation.ServletInvocableHandlerMethod.invokeAndHandle(ServletInvocableHandlerMethod.java:118) ~[spring-webmvc-6.2.19.jar:6.2.19]
	at org.springframework.web.servlet.mvc.method.annotation.RequestMappingHandlerAdapter.invokeHandlerMethod(RequestMappingHandlerAdapter.java:991) ~[spring-webmvc-6.2.19.jar:6.2.19]
	at org.springframework.web.servlet.mvc.method.annotation.RequestMappingHandlerAdapter.handleInternal(RequestMappingHandlerAdapter.java:896) ~[spring-webmvc-6.2.19.jar:6.2.19]
	at org.springframework.web.servlet.mvc.method.AbstractHandlerMethodAdapter.handle(AbstractHandlerMethodAdapter.java:87) ~[spring-webmvc-6.2.19.jar:6.2.19]
	at org.springframework.web.servlet.DispatcherServlet.doDispatch(DispatcherServlet.java:1089) ~[spring-webmvc-6.2.19.jar:6.2.19]
	at org.springframework.web.servlet.DispatcherServlet.doService(DispatcherServlet.java:979) ~[spring-webmvc-6.2.19.jar:6.2.19]
	at org.springframework.web.servlet.FrameworkServlet.processRequest(FrameworkServlet.java:1014) ~[spring-webmvc-6.2.19.jar:6.2.19]
	at org.springframework.web.servlet.FrameworkServlet.doPost(FrameworkServlet.java:914) ~[spring-webmvc-6.2.19.jar:6.2.19]
	at jakarta.servlet.http.HttpServlet.service(HttpServlet.java:590) ~[tomcat-embed-core-10.1.55.jar:6.0]
	at org.springframework.web.servlet.FrameworkServlet.service(FrameworkServlet.java:885) ~[spring-webmvc-6.2.19.jar:6.2.19]
	at org.springframework.test.web.servlet.TestDispatcherServlet.service(TestDispatcherServlet.java:72) ~[spring-test-6.2.19.jar:6.2.19]
	at jakarta.servlet.http.HttpServlet.service(HttpServlet.java:658) ~[tomcat-embed-core-10.1.55.jar:6.0]
	at org.springframework.mock.web.MockFilterChain$ServletFilterProxy.doFilter(MockFilterChain.java:165) ~[spring-test-6.2.19.jar:6.2.19]
	at org.springframework.mock.web.MockFilterChain.doFilter(MockFilterChain.java:132) ~[spring-test-6.2.19.jar:6.2.19]
	at org.springframework.web.filter.OncePerRequestFilter.doFilter(OncePerRequestFilter.java:101) ~[spring-web-6.2.19.jar:6.2.19]
	at org.springframework.test.web.servlet.setup.MockMvcFilterDecorator.doFilter(MockMvcFilterDecorator.java:162) ~[spring-test-6.2.19.jar:6.2.19]
	at org.springframework.mock.web.MockFilterChain.doFilter(MockFilterChain.java:132) ~[spring-test-6.2.19.jar:6.2.19]
	at com.agilityhub.core.shared.api.RequestLocaleFilter.doFilterInternal(RequestLocaleFilter.java:24) ~[classes/:na]
	at org.springframework.web.filter.OncePerRequestFilter.doFilter(OncePerRequestFilter.java:116) ~[spring-web-6.2.19.jar:6.2.19]
	at org.springframework.test.web.servlet.setup.MockMvcFilterDecorator.doFilter(MockMvcFilterDecorator.java:162) ~[spring-test-6.2.19.jar:6.2.19]
	at org.springframework.mock.web.MockFilterChain.doFilter(MockFilterChain.java:132) ~[spring-test-6.2.19.jar:6.2.19]
	at org.springframework.web.filter.OncePerRequestFilter.doFilter(OncePerRequestFilter.java:110) ~[spring-web-6.2.19.jar:6.2.19]
	at org.springframework.test.web.servlet.setup.MockMvcFilterDecorator.doFilter(MockMvcFilterDecorator.java:162) ~[spring-test-6.2.19.jar:6.2.19]
	at org.springframework.mock.web.MockFilterChain.doFilter(MockFilterChain.java:132) ~[spring-test-6.2.19.jar:6.2.19]
	at org.springframework.web.filter.CompositeFilter$VirtualFilterChain.doFilter(CompositeFilter.java:108) ~[spring-web-6.2.19.jar:6.2.19]
	at org.springframework.web.filter.CompositeFilter$VirtualFilterChain.doFilter(CompositeFilter.java:108) ~[spring-web-6.2.19.jar:6.2.19]
	at org.springframework.security.web.FilterChainProxy.lambda$doFilterInternal$3(FilterChainProxy.java:231) ~[spring-security-web-6.5.11.jar:6.5.11]
	at org.springframework.security.web.ObservationFilterChainDecorator$FilterObservation$SimpleFilterObservation.lambda$wrap$1(ObservationFilterChainDecorator.java:490) ~[spring-security-web-6.5.11.jar:6.5.11]
	at org.springframework.security.web.ObservationFilterChainDecorator$AroundFilterObservation$SimpleAroundFilterObservation.lambda$wrap$1(ObservationFilterChainDecorator.java:351) ~[spring-security-web-6.5.11.jar:6.5.11]
	at org.springframework.security.web.ObservationFilterChainDecorator.lambda$wrapSecured$0(ObservationFilterChainDecorator.java:83) ~[spring-security-web-6.5.11.jar:6.5.11]
	at org.springframework.security.web.ObservationFilterChainDecorator$VirtualFilterChain.doFilter(ObservationFilterChainDecorator.java:129) ~[spring-security-web-6.5.11.jar:6.5.11]
	at org.springframework.security.web.access.intercept.AuthorizationFilter.doFilter(AuthorizationFilter.java:101) ~[spring-security-web-6.5.11.jar:6.5.11]
	at org.springframework.security.web.ObservationFilterChainDecorator$ObservationFilter.wrapFilter(ObservationFilterChainDecorator.java:241) ~[spring-security-web-6.5.11.jar:6.5.11]
	at org.springframework.security.web.ObservationFilterChainDecorator$ObservationFilter.doFilter(ObservationFilterChainDecorator.java:228) ~[spring-security-web-6.5.11.jar:6.5.11]
	at org.springframework.security.web.ObservationFilterChainDecorator$VirtualFilterChain.doFilter(ObservationFilterChainDecorator.java:138) ~[spring-security-web-6.5.11.jar:6.5.11]
	at org.springframework.security.web.access.ExceptionTranslationFilter.doFilter(ExceptionTranslationFilter.java:125) ~[spring-security-web-6.5.11.jar:6.5.11]
	at org.springframework.security.web.access.ExceptionTranslationFilter.doFilter(ExceptionTranslationFilter.java:119) ~[spring-security-web-6.5.11.jar:6.5.11]
	at org.springframework.security.web.ObservationFilterChainDecorator$ObservationFilter.wrapFilter(ObservationFilterChainDecorator.java:241) ~[spring-security-web-6.5.11.jar:6.5.11]
	at org.springframework.security.web.ObservationFilterChainDecorator$ObservationFilter.doFilter(ObservationFilterChainDecorator.java:228) ~[spring-security-web-6.5.11.jar:6.5.11]
	at org.springframework.security.web.ObservationFilterChainDecorator$VirtualFilterChain.doFilter(ObservationFilterChainDecorator.java:138) ~[spring-security-web-6.5.11.jar:6.5.11]
	at org.springframework.security.web.session.SessionManagementFilter.doFilter(SessionManagementFilter.java:131) ~[spring-security-web-6.5.11.jar:6.5.11]
	at org.springframework.security.web.session.SessionManagementFilter.doFilter(SessionManagementFilter.java:85) ~[spring-security-web-6.5.11.jar:6.5.11]
	at org.springframework.security.web.ObservationFilterChainDecorator$ObservationFilter.wrapFilter(ObservationFilterChainDecorator.java:241) ~[spring-security-web-6.5.11.jar:6.5.11]
	at org.springframework.security.web.ObservationFilterChainDecorator$ObservationFilter.doFilter(ObservationFilterChainDecorator.java:228) ~[spring-security-web-6.5.11.jar:6.5.11]
	at org.springframework.security.web.ObservationFilterChainDecorator$VirtualFilterChain.doFilter(ObservationFilterChainDecorator.java:138) ~[spring-security-web-6.5.11.jar:6.5.11]
	at org.springframework.security.web.authentication.AnonymousAuthenticationFilter.doFilter(AnonymousAuthenticationFilter.java:100) ~[spring-security-web-6.5.11.jar:6.5.11]
	at org.springframework.security.web.ObservationFilterChainDecorator$ObservationFilter.wrapFilter(ObservationFilterChainDecorator.java:241) ~[spring-security-web-6.5.11.jar:6.5.11]
	at org.springframework.security.web.ObservationFilterChainDecorator$ObservationFilter.doFilter(ObservationFilterChainDecorator.java:228) ~[spring-security-web-6.5.11.jar:6.5.11]
	at org.springframework.security.web.ObservationFilterChainDecorator$VirtualFilterChain.doFilter(ObservationFilterChainDecorator.java:138) ~[spring-security-web-6.5.11.jar:6.5.11]
	at org.springframework.security.web.servletapi.SecurityContextHolderAwareRequestFilter.doFilter(SecurityContextHolderAwareRequestFilter.java:179) ~[spring-security-web-6.5.11.jar:6.5.11]
	at org.springframework.security.web.ObservationFilterChainDecorator$ObservationFilter.wrapFilter(ObservationFilterChainDecorator.java:241) ~[spring-security-web-6.5.11.jar:6.5.11]
	at org.springframework.security.web.ObservationFilterChainDecorator$ObservationFilter.doFilter(ObservationFilterChainDecorator.java:228) ~[spring-security-web-6.5.11.jar:6.5.11]
	at org.springframework.security.web.ObservationFilterChainDecorator$VirtualFilterChain.doFilter(ObservationFilterChainDecorator.java:138) ~[spring-security-web-6.5.11.jar:6.5.11]
	at org.springframework.security.web.authentication.AuthenticationFilter.doFilterInternal(AuthenticationFilter.java:177) ~[spring-security-web-6.5.11.jar:6.5.11]
	at org.springframework.web.filter.OncePerRequestFilter.doFilter(OncePerRequestFilter.java:116) ~[spring-web-6.2.19.jar:6.2.19]
	at org.springframework.security.web.ObservationFilterChainDecorator$ObservationFilter.wrapFilter(ObservationFilterChainDecorator.java:241) ~[spring-security-web-6.5.11.jar:6.5.11]
	at org.springframework.security.web.ObservationFilterChainDecorator$ObservationFilter.doFilter(ObservationFilterChainDecorator.java:228) ~[spring-security-web-6.5.11.jar:6.5.11]
	at org.springframework.security.web.ObservationFilterChainDecorator$VirtualFilterChain.doFilter(ObservationFilterChainDecorator.java:138) ~[spring-security-web-6.5.11.jar:6.5.11]
	at com.agilityhub.core.identity.api.CurrentUserFilter.doFilterInternal(CurrentUserFilter.java:23) ~[classes/:na]
	at org.springframework.web.filter.OncePerRequestFilter.doFilter(OncePerRequestFilter.java:116) ~[spring-web-6.2.19.jar:6.2.19]
	at org.springframework.security.web.ObservationFilterChainDecorator$ObservationFilter.wrapFilter(ObservationFilterChainDecorator.java:241) ~[spring-security-web-6.5.11.jar:6.5.11]
	at org.springframework.security.web.ObservationFilterChainDecorator$ObservationFilter.doFilter(ObservationFilterChainDecorator.java:228) ~[spring-security-web-6.5.11.jar:6.5.11]
	at org.springframework.security.web.ObservationFilterChainDecorator$VirtualFilterChain.doFilter(ObservationFilterChainDecorator.java:138) ~[spring-security-web-6.5.11.jar:6.5.11]
	at com.agilityhub.core.shared.api.AccountStateFilter.doFilterInternal(AccountStateFilter.java:36) ~[classes/:na]
	at org.springframework.web.filter.OncePerRequestFilter.doFilter(OncePerRequestFilter.java:116) ~[spring-web-6.2.19.jar:6.2.19]
	at org.springframework.security.web.ObservationFilterChainDecorator$ObservationFilter.wrapFilter(ObservationFilterChainDecorator.java:241) ~[spring-security-web-6.5.11.jar:6.5.11]
	at org.springframework.security.web.ObservationFilterChainDecorator$ObservationFilter.doFilter(ObservationFilterChainDecorator.java:228) ~[spring-security-web-6.5.11.jar:6.5.11]
	at org.springframework.security.web.ObservationFilterChainDecorator$VirtualFilterChain.doFilter(ObservationFilterChainDecorator.java:138) ~[spring-security-web-6.5.11.jar:6.5.11]
	at com.agilityhub.core.shared.api.TenantFilter.doFilterInternal(TenantFilter.java:88) ~[classes/:na]
	at org.springframework.web.filter.OncePerRequestFilter.doFilter(OncePerRequestFilter.java:116) ~[spring-web-6.2.19.jar:6.2.19]
	at org.springframework.security.web.ObservationFilterChainDecorator$ObservationFilter.wrapFilter(ObservationFilterChainDecorator.java:241) ~[spring-security-web-6.5.11.jar:6.5.11]
	at org.springframework.security.web.ObservationFilterChainDecorator$ObservationFilter.doFilter(ObservationFilterChainDecorator.java:228) ~[spring-security-web-6.5.11.jar:6.5.11]
	at org.springframework.security.web.ObservationFilterChainDecorator$VirtualFilterChain.doFilter(ObservationFilterChainDecorator.java:138) ~[spring-security-web-6.5.11.jar:6.5.11]
	at com.agilityhub.core.shared.api.RateLimitFilter.doFilterInternal(RateLimitFilter.java:60) ~[classes/:na]
	at org.springframework.web.filter.OncePerRequestFilter.doFilter(OncePerRequestFilter.java:116) ~[spring-web-6.2.19.jar:6.2.19]
	at org.springframework.security.web.ObservationFilterChainDecorator$ObservationFilter.wrapFilter(ObservationFilterChainDecorator.java:241) ~[spring-security-web-6.5.11.jar:6.5.11]
	at org.springframework.security.web.ObservationFilterChainDecorator$ObservationFilter.doFilter(ObservationFilterChainDecorator.java:228) ~[spring-security-web-6.5.11.jar:6.5.11]
	at org.springframework.security.web.ObservationFilterChainDecorator$VirtualFilterChain.doFilter(ObservationFilterChainDecorator.java:138) ~[spring-security-web-6.5.11.jar:6.5.11]
	at org.springframework.security.oauth2.server.resource.web.authentication.BearerTokenAuthenticationFilter.doFilterInternal(BearerTokenAuthenticationFilter.java:135) ~[spring-security-oauth2-resource-server-6.5.11.jar:6.5.11]
	at org.springframework.web.filter.OncePerRequestFilter.doFilter(OncePerRequestFilter.java:116) ~[spring-web-6.2.19.jar:6.2.19]
	at org.springframework.security.web.ObservationFilterChainDecorator$ObservationFilter.wrapFilter(ObservationFilterChainDecorator.java:241) ~[spring-security-web-6.5.11.jar:6.5.11]
	at org.springframework.security.web.ObservationFilterChainDecorator$ObservationFilter.doFilter(ObservationFilterChainDecorator.java:228) ~[spring-security-web-6.5.11.jar:6.5.11]
	at org.springframework.security.web.ObservationFilterChainDecorator$VirtualFilterChain.doFilter(ObservationFilterChainDecorator.java:138) ~[spring-security-web-6.5.11.jar:6.5.11]
	at org.springframework.security.web.authentication.logout.LogoutFilter.doFilter(LogoutFilter.java:107) ~[spring-security-web-6.5.11.jar:6.5.11]
	at org.springframework.security.web.authentication.logout.LogoutFilter.doFilter(LogoutFilter.java:93) ~[spring-security-web-6.5.11.jar:6.5.11]
	at org.springframework.security.web.ObservationFilterChainDecorator$ObservationFilter.wrapFilter(ObservationFilterChainDecorator.java:241) ~[spring-security-web-6.5.11.jar:6.5.11]
	at org.springframework.security.web.ObservationFilterChainDecorator$ObservationFilter.doFilter(ObservationFilterChainDecorator.java:228) ~[spring-security-web-6.5.11.jar:6.5.11]
	at org.springframework.security.web.ObservationFilterChainDecorator$VirtualFilterChain.doFilter(ObservationFilterChainDecorator.java:138) ~[spring-security-web-6.5.11.jar:6.5.11]
	at org.springframework.web.filter.CorsFilter.doFilterInternal(CorsFilter.java:91) ~[spring-web-6.2.19.jar:6.2.19]
	at org.springframework.web.filter.OncePerRequestFilter.doFilter(OncePerRequestFilter.java:116) ~[spring-web-6.2.19.jar:6.2.19]
	at org.springframework.security.web.ObservationFilterChainDecorator$ObservationFilter.wrapFilter(ObservationFilterChainDecorator.java:241) ~[spring-security-web-6.5.11.jar:6.5.11]
	at org.springframework.security.web.ObservationFilterChainDecorator$ObservationFilter.doFilter(ObservationFilterChainDecorator.java:228) ~[spring-security-web-6.5.11.jar:6.5.11]
	at org.springframework.security.web.ObservationFilterChainDecorator$VirtualFilterChain.doFilter(ObservationFilterChainDecorator.java:138) ~[spring-security-web-6.5.11.jar:6.5.11]
	at org.springframework.security.web.header.HeaderWriterFilter.doHeadersAfter(HeaderWriterFilter.java:90) ~[spring-security-web-6.5.11.jar:6.5.11]
	at org.springframework.security.web.header.HeaderWriterFilter.doFilterInternal(HeaderWriterFilter.java:75) ~[spring-security-web-6.5.11.jar:6.5.11]
	at org.springframework.web.filter.OncePerRequestFilter.doFilter(OncePerRequestFilter.java:116) ~[spring-web-6.2.19.jar:6.2.19]
	at org.springframework.security.web.ObservationFilterChainDecorator$ObservationFilter.wrapFilter(ObservationFilterChainDecorator.java:241) ~[spring-security-web-6.5.11.jar:6.5.11]
	at org.springframework.security.web.ObservationFilterChainDecorator$ObservationFilter.doFilter(ObservationFilterChainDecorator.java:228) ~[spring-security-web-6.5.11.jar:6.5.11]
	at org.springframework.security.web.ObservationFilterChainDecorator$VirtualFilterChain.doFilter(ObservationFilterChainDecorator.java:138) ~[spring-security-web-6.5.11.jar:6.5.11]
	at org.springframework.security.web.context.SecurityContextHolderFilter.doFilter(SecurityContextHolderFilter.java:82) ~[spring-security-web-6.5.11.jar:6.5.11]
	at org.springframework.security.web.context.SecurityContextHolderFilter.doFilter(SecurityContextHolderFilter.java:69) ~[spring-security-web-6.5.11.jar:6.5.11]
	at org.springframework.security.web.ObservationFilterChainDecorator$ObservationFilter.wrapFilter(ObservationFilterChainDecorator.java:241) ~[spring-security-web-6.5.11.jar:6.5.11]
	at org.springframework.security.web.ObservationFilterChainDecorator$ObservationFilter.doFilter(ObservationFilterChainDecorator.java:228) ~[spring-security-web-6.5.11.jar:6.5.11]
	at org.springframework.security.web.ObservationFilterChainDecorator$VirtualFilterChain.doFilter(ObservationFilterChainDecorator.java:138) ~[spring-security-web-6.5.11.jar:6.5.11]
	at org.springframework.security.web.context.request.async.WebAsyncManagerIntegrationFilter.doFilterInternal(WebAsyncManagerIntegrationFilter.java:62) ~[spring-security-web-6.5.11.jar:6.5.11]
	at org.springframework.web.filter.OncePerRequestFilter.doFilter(OncePerRequestFilter.java:116) ~[spring-web-6.2.19.jar:6.2.19]
	at org.springframework.security.web.ObservationFilterChainDecorator$ObservationFilter.wrapFilter(ObservationFilterChainDecorator.java:241) ~[spring-security-web-6.5.11.jar:6.5.11]
	at org.springframework.security.web.ObservationFilterChainDecorator$ObservationFilter.doFilter(ObservationFilterChainDecorator.java:228) ~[spring-security-web-6.5.11.jar:6.5.11]
	at org.springframework.security.web.ObservationFilterChainDecorator$VirtualFilterChain.doFilter(ObservationFilterChainDecorator.java:138) ~[spring-security-web-6.5.11.jar:6.5.11]
	at org.springframework.security.web.session.DisableEncodeUrlFilter.doFilterInternal(DisableEncodeUrlFilter.java:42) ~[spring-security-web-6.5.11.jar:6.5.11]
	at org.springframework.web.filter.OncePerRequestFilter.doFilter(OncePerRequestFilter.java:116) ~[spring-web-6.2.19.jar:6.2.19]
	at org.springframework.security.web.ObservationFilterChainDecorator$ObservationFilter.wrapFilter(ObservationFilterChainDecorator.java:241) ~[spring-security-web-6.5.11.jar:6.5.11]
	at org.springframework.security.web.ObservationFilterChainDecorator$AroundFilterObservation$SimpleAroundFilterObservation.lambda$wrap$0(ObservationFilterChainDecorator.java:334) ~[spring-security-web-6.5.11.jar:6.5.11]
	at org.springframework.security.web.ObservationFilterChainDecorator$ObservationFilter.doFilter(ObservationFilterChainDecorator.java:225) ~[spring-security-web-6.5.11.jar:6.5.11]
	at org.springframework.security.web.ObservationFilterChainDecorator$VirtualFilterChain.doFilter(ObservationFilterChainDecorator.java:138) ~[spring-security-web-6.5.11.jar:6.5.11]
	at org.springframework.security.web.FilterChainProxy.doFilterInternal(FilterChainProxy.java:233) ~[spring-security-web-6.5.11.jar:6.5.11]
	at org.springframework.security.web.FilterChainProxy.doFilter(FilterChainProxy.java:191) ~[spring-security-web-6.5.11.jar:6.5.11]
	at org.springframework.web.filter.CompositeFilter$VirtualFilterChain.doFilter(CompositeFilter.java:113) ~[spring-web-6.2.19.jar:6.2.19]
	at org.springframework.web.filter.ServletRequestPathFilter.doFilter(ServletRequestPathFilter.java:52) ~[spring-web-6.2.19.jar:6.2.19]
	at org.springframework.web.filter.CompositeFilter$VirtualFilterChain.doFilter(CompositeFilter.java:113) ~[spring-web-6.2.19.jar:6.2.19]
	at org.springframework.web.filter.CompositeFilter.doFilter(CompositeFilter.java:74) ~[spring-web-6.2.19.jar:6.2.19]
	at org.springframework.security.config.annotation.web.configuration.WebSecurityConfiguration$CompositeFilterChainProxy.doFilter(WebSecurityConfiguration.java:319) ~[spring-security-config-6.5.11.jar:6.5.11]
	at org.springframework.web.filter.CompositeFilter$VirtualFilterChain.doFilter(CompositeFilter.java:113) ~[spring-web-6.2.19.jar:6.2.19]
	at org.springframework.web.servlet.handler.HandlerMappingIntrospector.lambda$createCacheFilter$4(HandlerMappingIntrospector.java:267) ~[spring-webmvc-6.2.19.jar:6.2.19]
	at org.springframework.web.filter.CompositeFilter$VirtualFilterChain.doFilter(CompositeFilter.java:113) ~[spring-web-6.2.19.jar:6.2.19]
	at org.springframework.web.filter.CompositeFilter.doFilter(CompositeFilter.java:74) ~[spring-web-6.2.19.jar:6.2.19]
	at org.springframework.security.config.annotation.web.configuration.WebMvcSecurityConfiguration$CompositeFilterChainProxy.doFilter(WebMvcSecurityConfiguration.java:240) ~[spring-security-config-6.5.11.jar:6.5.11]
	at org.springframework.web.filter.DelegatingFilterProxy.invokeDelegate(DelegatingFilterProxy.java:362) ~[spring-web-6.2.19.jar:6.2.19]
	at org.springframework.web.filter.DelegatingFilterProxy.doFilter(DelegatingFilterProxy.java:278) ~[spring-web-6.2.19.jar:6.2.19]
	at org.springframework.test.web.servlet.setup.MockMvcFilterDecorator.doFilter(MockMvcFilterDecorator.java:162) ~[spring-test-6.2.19.jar:6.2.19]
	at org.springframework.mock.web.MockFilterChain.doFilter(MockFilterChain.java:132) ~[spring-test-6.2.19.jar:6.2.19]
	at org.springframework.web.filter.RequestContextFilter.doFilterInternal(RequestContextFilter.java:100) ~[spring-web-6.2.19.jar:6.2.19]
	at org.springframework.web.filter.OncePerRequestFilter.doFilter(OncePerRequestFilter.java:116) ~[spring-web-6.2.19.jar:6.2.19]
	at org.springframework.test.web.servlet.setup.MockMvcFilterDecorator.doFilter(MockMvcFilterDecorator.java:162) ~[spring-test-6.2.19.jar:6.2.19]
	at org.springframework.mock.web.MockFilterChain.doFilter(MockFilterChain.java:132) ~[spring-test-6.2.19.jar:6.2.19]
	at org.springframework.web.filter.FormContentFilter.doFilterInternal(FormContentFilter.java:93) ~[spring-web-6.2.19.jar:6.2.19]
	at org.springframework.web.filter.OncePerRequestFilter.doFilter(OncePerRequestFilter.java:116) ~[spring-web-6.2.19.jar:6.2.19]
	at org.springframework.test.web.servlet.setup.MockMvcFilterDecorator.doFilter(MockMvcFilterDecorator.java:162) ~[spring-test-6.2.19.jar:6.2.19]
	at org.springframework.mock.web.MockFilterChain.doFilter(MockFilterChain.java:132) ~[spring-test-6.2.19.jar:6.2.19]
	at com.agilityhub.core.shared.api.RequestTraceFilter.doFilterInternal(RequestTraceFilter.java:32) ~[classes/:na]
	at org.springframework.web.filter.OncePerRequestFilter.doFilter(OncePerRequestFilter.java:116) ~[spring-web-6.2.19.jar:6.2.19]
	at org.springframework.test.web.servlet.setup.MockMvcFilterDecorator.doFilter(MockMvcFilterDecorator.java:162) ~[spring-test-6.2.19.jar:6.2.19]
	at org.springframework.mock.web.MockFilterChain.doFilter(MockFilterChain.java:132) ~[spring-test-6.2.19.jar:6.2.19]
	at org.springframework.web.filter.ServerHttpObservationFilter.doFilterInternal(ServerHttpObservationFilter.java:110) ~[spring-web-6.2.19.jar:6.2.19]
	at org.springframework.web.filter.OncePerRequestFilter.doFilter(OncePerRequestFilter.java:116) ~[spring-web-6.2.19.jar:6.2.19]
	at org.springframework.test.web.servlet.setup.MockMvcFilterDecorator.doFilter(MockMvcFilterDecorator.java:162) ~[spring-test-6.2.19.jar:6.2.19]
	at org.springframework.mock.web.MockFilterChain.doFilter(MockFilterChain.java:132) ~[spring-test-6.2.19.jar:6.2.19]
	at org.springframework.web.filter.CharacterEncodingFilter.doFilterInternal(CharacterEncodingFilter.java:201) ~[spring-web-6.2.19.jar:6.2.19]
	at org.springframework.web.filter.OncePerRequestFilter.doFilter(OncePerRequestFilter.java:116) ~[spring-web-6.2.19.jar:6.2.19]
	at org.springframework.test.web.servlet.setup.MockMvcFilterDecorator.doFilter(MockMvcFilterDecorator.java:162) ~[spring-test-6.2.19.jar:6.2.19]
	at org.springframework.mock.web.MockFilterChain.doFilter(MockFilterChain.java:132) ~[spring-test-6.2.19.jar:6.2.19]
	at org.springframework.test.web.servlet.MockMvc.perform(MockMvc.java:201) ~[spring-test-6.2.19.jar:6.2.19]
	at com.agilityhub.core.clubs.messaging.api.SendGridWebhookIT.T_11_22_failedTransactionRollsBackReceiptAccountAuditAndDelivery(SendGridWebhookIT.java:165) ~[test-classes/:na]
	at java.base/jdk.internal.reflect.DirectMethodHandleAccessor.invoke(DirectMethodHandleAccessor.java:103) ~[na:na]
	at java.base/java.lang.reflect.Method.invoke(Method.java:580) ~[na:na]
	at org.junit.platform.commons.util.ReflectionUtils.invokeMethod(ReflectionUtils.java:775) ~[junit-platform-commons-1.12.2.jar:1.12.2]
	at org.junit.platform.commons.support.ReflectionSupport.invokeMethod(ReflectionSupport.java:479) ~[junit-platform-commons-1.12.2.jar:1.12.2]
	at org.junit.jupiter.engine.execution.MethodInvocation.proceed(MethodInvocation.java:60) ~[junit-jupiter-engine-5.12.2.jar:5.12.2]
	at org.junit.jupiter.engine.execution.InvocationInterceptorChain$ValidatingInvocation.proceed(InvocationInterceptorChain.java:131) ~[junit-jupiter-engine-5.12.2.jar:5.12.2]
	at org.junit.jupiter.engine.extension.TimeoutExtension.intercept(TimeoutExtension.java:161) ~[junit-jupiter-engine-5.12.2.jar:5.12.2]
	at org.junit.jupiter.engine.extension.TimeoutExtension.interceptTestableMethod(TimeoutExtension.java:152) ~[junit-jupiter-engine-5.12.2.jar:5.12.2]
	at org.junit.jupiter.engine.extension.TimeoutExtension.interceptTestMethod(TimeoutExtension.java:91) ~[junit-jupiter-engine-5.12.2.jar:5.12.2]
	at org.junit.jupiter.engine.execution.InterceptingExecutableInvoker$ReflectiveInterceptorCall.lambda$ofVoidMethod$0(InterceptingExecutableInvoker.java:112) ~[junit-jupiter-engine-5.12.2.jar:5.12.2]
	at org.junit.jupiter.engine.execution.InterceptingExecutableInvoker.lambda$invoke$0(InterceptingExecutableInvoker.java:94) ~[junit-jupiter-engine-5.12.2.jar:5.12.2]
	at org.junit.jupiter.engine.execution.InvocationInterceptorChain$InterceptedInvocation.proceed(InvocationInterceptorChain.java:106) ~[junit-jupiter-engine-5.12.2.jar:5.12.2]
	at org.junit.jupiter.engine.execution.InvocationInterceptorChain.proceed(InvocationInterceptorChain.java:64) ~[junit-jupiter-engine-5.12.2.jar:5.12.2]
	at org.junit.jupiter.engine.execution.InvocationInterceptorChain.chainAndInvoke(InvocationInterceptorChain.java:45) ~[junit-jupiter-engine-5.12.2.jar:5.12.2]
	at org.junit.jupiter.engine.execution.InvocationInterceptorChain.invoke(InvocationInterceptorChain.java:37) ~[junit-jupiter-engine-5.12.2.jar:5.12.2]
	at org.junit.jupiter.engine.execution.InterceptingExecutableInvoker.invoke(InterceptingExecutableInvoker.java:93) ~[junit-jupiter-engine-5.12.2.jar:5.12.2]
	at org.junit.jupiter.engine.execution.InterceptingExecutableInvoker.invoke(InterceptingExecutableInvoker.java:87) ~[junit-jupiter-engine-5.12.2.jar:5.12.2]
	at org.junit.jupiter.engine.descriptor.TestMethodTestDescriptor.lambda$invokeTestMethod$7(TestMethodTestDescriptor.java:216) ~[junit-jupiter-engine-5.12.2.jar:5.12.2]
	at org.junit.platform.engine.support.hierarchical.ThrowableCollector.execute(ThrowableCollector.java:73) ~[junit-platform-engine-1.12.2.jar:1.12.2]
	at org.junit.jupiter.engine.descriptor.TestMethodTestDescriptor.invokeTestMethod(TestMethodTestDescriptor.java:212) ~[junit-jupiter-engine-5.12.2.jar:5.12.2]
	at org.junit.jupiter.engine.descriptor.TestMethodTestDescriptor.execute(TestMethodTestDescriptor.java:137) ~[junit-jupiter-engine-5.12.2.jar:5.12.2]
	at org.junit.jupiter.engine.descriptor.TestMethodTestDescriptor.execute(TestMethodTestDescriptor.java:69) ~[junit-jupiter-engine-5.12.2.jar:5.12.2]
	at org.junit.platform.engine.support.hierarchical.NodeTestTask.lambda$executeRecursively$6(NodeTestTask.java:156) ~[junit-platform-engine-1.12.2.jar:1.12.2]
	at org.junit.platform.engine.support.hierarchical.ThrowableCollector.execute(ThrowableCollector.java:73) ~[junit-platform-engine-1.12.2.jar:1.12.2]
	at org.junit.platform.engine.support.hierarchical.NodeTestTask.lambda$executeRecursively$8(NodeTestTask.java:146) ~[junit-platform-engine-1.12.2.jar:1.12.2]
	at org.junit.platform.engine.support.hierarchical.Node.around(Node.java:137) ~[junit-platform-engine-1.12.2.jar:1.12.2]
	at org.junit.platform.engine.support.hierarchical.NodeTestTask.lambda$executeRecursively$9(NodeTestTask.java:144) ~[junit-platform-engine-1.12.2.jar:1.12.2]
	at org.junit.platform.engine.support.hierarchical.ThrowableCollector.execute(ThrowableCollector.java:73) ~[junit-platform-engine-1.12.2.jar:1.12.2]
	at org.junit.platform.engine.support.hierarchical.NodeTestTask.executeRecursively(NodeTestTask.java:143) ~[junit-platform-engine-1.12.2.jar:1.12.2]
	at org.junit.platform.engine.support.hierarchical.NodeTestTask.execute(NodeTestTask.java:100) ~[junit-platform-engine-1.12.2.jar:1.12.2]
	at java.base/java.util.ArrayList.forEach(ArrayList.java:1596) ~[na:na]
	at org.junit.platform.engine.support.hierarchical.SameThreadHierarchicalTestExecutorService.invokeAll(SameThreadHierarchicalTestExecutorService.java:41) ~[junit-platform-engine-1.12.2.jar:1.12.2]
	at org.junit.platform.engine.support.hierarchical.NodeTestTask.lambda$executeRecursively$6(NodeTestTask.java:160) ~[junit-platform-engine-1.12.2.jar:1.12.2]
	at org.junit.platform.engine.support.hierarchical.ThrowableCollector.execute(ThrowableCollector.java:73) ~[junit-platform-engine-1.12.2.jar:1.12.2]
	at org.junit.platform.engine.support.hierarchical.NodeTestTask.lambda$executeRecursively$8(NodeTestTask.java:146) ~[junit-platform-engine-1.12.2.jar:1.12.2]
	at org.junit.platform.engine.support.hierarchical.Node.around(Node.java:137) ~[junit-platform-engine-1.12.2.jar:1.12.2]
	at org.junit.platform.engine.support.hierarchical.NodeTestTask.lambda$executeRecursively$9(NodeTestTask.java:144) ~[junit-platform-engine-1.12.2.jar:1.12.2]
	at org.junit.platform.engine.support.hierarchical.ThrowableCollector.execute(ThrowableCollector.java:73) ~[junit-platform-engine-1.12.2.jar:1.12.2]
	at org.junit.platform.engine.support.hierarchical.NodeTestTask.executeRecursively(NodeTestTask.java:143) ~[junit-platform-engine-1.12.2.jar:1.12.2]
	at org.junit.platform.engine.support.hierarchical.NodeTestTask.execute(NodeTestTask.java:100) ~[junit-platform-engine-1.12.2.jar:1.12.2]
	at java.base/java.util.ArrayList.forEach(ArrayList.java:1596) ~[na:na]
	at org.junit.platform.engine.support.hierarchical.SameThreadHierarchicalTestExecutorService.invokeAll(SameThreadHierarchicalTestExecutorService.java:41) ~[junit-platform-engine-1.12.2.jar:1.12.2]
	at org.junit.platform.engine.support.hierarchical.NodeTestTask.lambda$executeRecursively$6(NodeTestTask.java:160) ~[junit-platform-engine-1.12.2.jar:1.12.2]
	at org.junit.platform.engine.support.hierarchical.ThrowableCollector.execute(ThrowableCollector.java:73) ~[junit-platform-engine-1.12.2.jar:1.12.2]
	at org.junit.platform.engine.support.hierarchical.NodeTestTask.lambda$executeRecursively$8(NodeTestTask.java:146) ~[junit-platform-engine-1.12.2.jar:1.12.2]
	at org.junit.platform.engine.support.hierarchical.Node.around(Node.java:137) ~[junit-platform-engine-1.12.2.jar:1.12.2]
	at org.junit.platform.engine.support.hierarchical.NodeTestTask.lambda$executeRecursively$9(NodeTestTask.java:144) ~[junit-platform-engine-1.12.2.jar:1.12.2]
	at org.junit.platform.engine.support.hierarchical.ThrowableCollector.execute(ThrowableCollector.java:73) ~[junit-platform-engine-1.12.2.jar:1.12.2]
	at org.junit.platform.engine.support.hierarchical.NodeTestTask.executeRecursively(NodeTestTask.java:143) ~[junit-platform-engine-1.12.2.jar:1.12.2]
	at org.junit.platform.engine.support.hierarchical.NodeTestTask.execute(NodeTestTask.java:100) ~[junit-platform-engine-1.12.2.jar:1.12.2]
	at org.junit.platform.engine.support.hierarchical.SameThreadHierarchicalTestExecutorService.submit(SameThreadHierarchicalTestExecutorService.java:35) ~[junit-platform-engine-1.12.2.jar:1.12.2]
	at org.junit.platform.engine.support.hierarchical.HierarchicalTestExecutor.execute(HierarchicalTestExecutor.java:57) ~[junit-platform-engine-1.12.2.jar:1.12.2]
	at org.junit.platform.engine.support.hierarchical.HierarchicalTestEngine.execute(HierarchicalTestEngine.java:54) ~[junit-platform-engine-1.12.2.jar:1.12.2]
	at org.junit.platform.launcher.core.EngineExecutionOrchestrator.execute(EngineExecutionOrchestrator.java:201) ~[junit-platform-launcher-1.12.2.jar:1.12.2]
	at org.junit.platform.launcher.core.EngineExecutionOrchestrator.execute(EngineExecutionOrchestrator.java:170) ~[junit-platform-launcher-1.12.2.jar:1.12.2]
	at org.junit.platform.launcher.core.EngineExecutionOrchestrator.execute(EngineExecutionOrchestrator.java:94) ~[junit-platform-launcher-1.12.2.jar:1.12.2]
	at org.junit.platform.launcher.core.EngineExecutionOrchestrator.lambda$execute$0(EngineExecutionOrchestrator.java:59) ~[junit-platform-launcher-1.12.2.jar:1.12.2]
	at org.junit.platform.launcher.core.EngineExecutionOrchestrator.withInterceptedStreams(EngineExecutionOrchestrator.java:142) ~[junit-platform-launcher-1.12.2.jar:1.12.2]
	at org.junit.platform.launcher.core.EngineExecutionOrchestrator.execute(EngineExecutionOrchestrator.java:58) ~[junit-platform-launcher-1.12.2.jar:1.12.2]
	at org.junit.platform.launcher.core.DefaultLauncher.execute(DefaultLauncher.java:103) ~[junit-platform-launcher-1.12.2.jar:1.12.2]
	at org.junit.platform.launcher.core.DefaultLauncher.execute(DefaultLauncher.java:85) ~[junit-platform-launcher-1.12.2.jar:1.12.2]
	at org.junit.platform.launcher.core.DelegatingLauncher.execute(DelegatingLauncher.java:47) ~[junit-platform-launcher-1.12.2.jar:1.12.2]
	at org.junit.platform.launcher.core.InterceptingLauncher.lambda$execute$1(InterceptingLauncher.java:39) ~[junit-platform-launcher-1.12.2.jar:1.12.2]
	at org.junit.platform.launcher.core.ClasspathAlignmentCheckingLauncherInterceptor.intercept(ClasspathAlignmentCheckingLauncherInterceptor.java:25) ~[junit-platform-launcher-1.12.2.jar:1.12.2]
	at org.junit.platform.launcher.core.InterceptingLauncher.execute(InterceptingLauncher.java:38) ~[junit-platform-launcher-1.12.2.jar:1.12.2]
	at org.junit.platform.launcher.core.DelegatingLauncher.execute(DelegatingLauncher.java:47) ~[junit-platform-launcher-1.12.2.jar:1.12.2]
	at org.apache.maven.surefire.junitplatform.LauncherAdapter.executeWithoutCancellationToken(LauncherAdapter.java:60) ~[surefire-junit-platform-3.5.6.jar:3.5.6]
	at org.apache.maven.surefire.junitplatform.LauncherAdapter.execute(LauncherAdapter.java:52) ~[surefire-junit-platform-3.5.6.jar:3.5.6]
	at org.apache.maven.surefire.junitplatform.JUnitPlatformProvider.execute(JUnitPlatformProvider.java:203) ~[surefire-junit-platform-3.5.6.jar:3.5.6]
	at org.apache.maven.surefire.junitplatform.JUnitPlatformProvider.invokeAllTests(JUnitPlatformProvider.java:168) ~[surefire-junit-platform-3.5.6.jar:3.5.6]
	at org.apache.maven.surefire.junitplatform.JUnitPlatformProvider.invoke(JUnitPlatformProvider.java:136) ~[surefire-junit-platform-3.5.6.jar:3.5.6]
	at org.apache.maven.surefire.booter.ForkedBooter.runSuitesInProcess(ForkedBooter.java:385) ~[surefire-booter-3.5.6.jar:3.5.6]
	at org.apache.maven.surefire.booter.ForkedBooter.execute(ForkedBooter.java:162) ~[surefire-booter-3.5.6.jar:3.5.6]
	at org.apache.maven.surefire.booter.ForkedBooter.run(ForkedBooter.java:507) ~[surefire-booter-3.5.6.jar:3.5.6]
	at org.apache.maven.surefire.booter.ForkedBooter.main(ForkedBooter.java:495) ~[surefire-booter-3.5.6.jar:3.5.6]

2026-09-16T12:45:05.855+02:00  INFO 74494 --- [agilityhub-core-api] [           main] t.c.s.AnnotationConfigContextLoaderUtils : Could not detect default configuration classes for test class [com.agilityhub.core.clubs.messaging.application.SystemNotificationServiceIT]: SystemNotificationServiceIT does not declare any static, non-private, non-final, nested classes annotated with @Configuration.
2026-09-16T12:45:05.871+02:00  INFO 74494 --- [agilityhub-core-api] [           main] .b.t.c.SpringBootTestContextBootstrapper : Found @SpringBootConfiguration com.agilityhub.core.CoreApplication for test class com.agilityhub.core.clubs.messaging.application.SystemNotificationServiceIT

  .   ____          _            __ _ _
 /\\ / ___'_ __ _ _(_)_ __  __ _ \ \ \ \
( ( )\___ | '_ | '_| | '_ \/ _` | \ \ \ \
 \\/  ___)| |_)| | | | | || (_| |  ) ) ) )
  '  |____| .__|_| |_|_| |_\__, | / / / /
 =========|_|==============|___/=/_/_/_/

 :: Spring Boot ::               (v3.5.16)

2026-09-16T12:45:05.880+02:00  INFO 74494 --- [agilityhub-core-api] [           main] c.a.c.c.m.a.SystemNotificationServiceIT  : Starting SystemNotificationServiceIT using Java 21.0.12.1 with PID 74494 (started by jordib in /Users/jordib/dev/agilityhub/agilityhub-core-api)
2026-09-16T12:45:05.880+02:00  INFO 74494 --- [agilityhub-core-api] [           main] c.a.c.c.m.a.SystemNotificationServiceIT  : The following 1 profile is active: "test"
2026-09-16T12:45:06.018+02:00  INFO 74494 --- [agilityhub-core-api] [           main] .s.d.r.c.RepositoryConfigurationDelegate : Bootstrapping Spring Data MongoDB repositories in DEFAULT mode.
2026-09-16T12:45:06.033+02:00  INFO 74494 --- [agilityhub-core-api] [           main] .s.d.r.c.RepositoryConfigurationDelegate : Finished Spring Data repository scanning in 14 ms. Found 0 MongoDB repository interfaces.
2026-09-16T12:45:06.065+02:00  INFO 74494 --- [agilityhub-core-api] [           main] org.mongodb.driver.client                : MongoClient with metadata {"driver": {"name": "mongo-java-driver|sync|spring-boot", "version": "5.5.2"}, "os": {"type": "Darwin", "name": "Mac OS X", "architecture": "aarch64", "version": "26.4.1"}, "platform": "Java/Homebrew/21.0.12.1"} created with settings MongoClientSettings{readPreference=primary, writeConcern=WriteConcern{w=null, wTimeout=null ms, journal=null}, retryWrites=true, retryReads=true, readConcern=ReadConcern{level=null}, credential=null, transportSettings=null, commandListeners=[io.micrometer.core.instrument.binder.mongodb.MongoMetricsCommandListener@78e37b1c], codecRegistry=ProvidersCodecRegistry{codecProviders=[ValueCodecProvider{}, BsonValueCodecProvider{}, DBRefCodecProvider{}, DBObjectCodecProvider{}, DocumentCodecProvider{}, CollectionCodecProvider{}, IterableCodecProvider{}, MapCodecProvider{}, GeoJsonCodecProvider{}, GridFSFileCodecProvider{}, Jsr310CodecProvider{}, JsonObjectCodecProvider{}, BsonCodecProvider{}, EnumCodecProvider{}, com.mongodb.client.model.mql.ExpressionCodecProvider@7e4bd9b4, com.mongodb.Jep395RecordCodecProvider@34518f0, com.mongodb.KotlinCodecProvider@1ab37c94]}, loggerSettings=LoggerSettings{maxDocumentLength=1000}, clusterSettings={hosts=[localhost:50278], srvServiceName=mongodb, mode=SINGLE, requiredClusterType=UNKNOWN, requiredReplicaSetName='null', serverSelector='null', clusterListeners='[]', serverSelectionTimeout='30000 ms', localThreshold='15 ms'}, socketSettings=SocketSettings{connectTimeoutMS=10000, readTimeoutMS=0, receiveBufferSize=0, proxySettings=ProxySettings{host=null, port=null, username=null, password=null}}, heartbeatSocketSettings=SocketSettings{connectTimeoutMS=10000, readTimeoutMS=10000, receiveBufferSize=0, proxySettings=ProxySettings{host=null, port=null, username=null, password=null}}, connectionPoolSettings=ConnectionPoolSettings{maxSize=100, minSize=0, maxWaitTimeMS=120000, maxConnectionLifeTimeMS=0, maxConnectionIdleTimeMS=0, maintenanceInitialDelayMS=0, maintenanceFrequencyMS=60000, connectionPoolListeners=[io.micrometer.core.instrument.binder.mongodb.MongoMetricsConnectionPoolListener@42a8104c], maxConnecting=2}, serverSettings=ServerSettings{heartbeatFrequencyMS=10000, minHeartbeatFrequencyMS=500, serverMonitoringMode=AUTO, serverListeners='[]', serverMonitorListeners='[]'}, sslSettings=SslSettings{enabled=false, invalidHostNameAllowed=false, context=null}, applicationName='null', compressorList=[], uuidRepresentation=JAVA_LEGACY, serverApi=null, autoEncryptionSettings=null, dnsClient=null, inetAddressResolver=null, contextProvider=null, timeoutMS=null}
2026-09-16T12:45:06.066+02:00  INFO 74494 --- [agilityhub-core-api] [localhost:50278] org.mongodb.driver.cluster               : Monitor thread successfully connected to server with description ServerDescription{address=localhost:50278, type=REPLICA_SET_PRIMARY, cryptd=false, state=CONNECTED, ok=true, minWireVersion=0, maxWireVersion=21, maxDocumentSize=16777216, logicalSessionTimeoutMinutes=30, roundTripTimeNanos=1372875, minRoundTripTimeNanos=0, setName='docker-rs', canonicalAddress=a400d2c2c562:27017, hosts=[a400d2c2c562:27017], passives=[], arbiters=[], primary='a400d2c2c562:27017', tagSet=TagSet{[]}, electionId=7fffff…[truncated], setVersion=1, topologyVersion=TopologyVersion{processId=6aaa72…[truncated], counter=6}, lastWriteDate=Wed Sep 16 12:45:05 CEST 2026, lastUpdateTimeNanos=348461155321500}
2026-09-16T12:45:06.509+02:00  INFO 74494 --- [agilityhub-core-api] [           main] c.a.c.c.m.a.SystemNotificationServiceIT  : Started SystemNotificationServiceIT in 0.636 seconds (process running for 90.079)
2026-09-16T12:45:07.027+02:00  INFO 74494 --- [agilityhub-core-api] [           main] .b.t.c.SpringBootTestContextBootstrapper : Found @SpringBootConfiguration com.agilityhub.core.CoreApplication for test class com.agilityhub.core.identity.api.ImpersonationHandoffIT

  .   ____          _            __ _ _
 /\\ / ___'_ __ _ _(_)_ __  __ _ \ \ \ \
( ( )\___ | '_ | '_| | '_ \/ _` | \ \ \ \
 \\/  ___)| |_)| | | | | || (_| |  ) ) ) )
  '  |____| .__|_| |_|_| |_\__, | / / / /
 =========|_|==============|___/=/_/_/_/

 :: Spring Boot ::               (v3.5.16)

2026-09-16T12:45:07.038+02:00  INFO 74494 --- [agilityhub-core-api] [           main] c.a.c.i.api.ImpersonationHandoffIT       : Starting ImpersonationHandoffIT using Java 21.0.12.1 with PID 74494 (started by jordib in /Users/jordib/dev/agilityhub/agilityhub-core-api)
2026-09-16T12:45:07.038+02:00  INFO 74494 --- [agilityhub-core-api] [           main] c.a.c.i.api.ImpersonationHandoffIT       : The following 1 profile is active: "test"
2026-09-16T12:45:07.230+02:00  INFO 74494 --- [agilityhub-core-api] [           main] .s.d.r.c.RepositoryConfigurationDelegate : Bootstrapping Spring Data MongoDB repositories in DEFAULT mode.
2026-09-16T12:45:07.251+02:00  INFO 74494 --- [agilityhub-core-api] [           main] .s.d.r.c.RepositoryConfigurationDelegate : Finished Spring Data repository scanning in 20 ms. Found 0 MongoDB repository interfaces.
2026-09-16T12:45:07.315+02:00  INFO 74494 --- [agilityhub-core-api] [           main] org.mongodb.driver.client                : MongoClient with metadata {"driver": {"name": "mongo-java-driver|sync|spring-boot", "version": "5.5.2"}, "os": {"type": "Darwin", "name": "Mac OS X", "architecture": "aarch64", "version": "26.4.1"}, "platform": "Java/Homebrew/21.0.12.1"} created with settings MongoClientSettings{readPreference=primary, writeConcern=WriteConcern{w=null, wTimeout=null ms, journal=null}, retryWrites=true, retryReads=true, readConcern=ReadConcern{level=null}, credential=null, transportSettings=null, commandListeners=[io.micrometer.core.instrument.binder.mongodb.MongoMetricsCommandListener@11e8e0ac], codecRegistry=ProvidersCodecRegistry{codecProviders=[ValueCodecProvider{}, BsonValueCodecProvider{}, DBRefCodecProvider{}, DBObjectCodecProvider{}, DocumentCodecProvider{}, CollectionCodecProvider{}, IterableCodecProvider{}, MapCodecProvider{}, GeoJsonCodecProvider{}, GridFSFileCodecProvider{}, Jsr310CodecProvider{}, JsonObjectCodecProvider{}, BsonCodecProvider{}, EnumCodecProvider{}, com.mongodb.client.model.mql.ExpressionCodecProvider@7e4bd9b4, com.mongodb.Jep395RecordCodecProvider@34518f0, com.mongodb.KotlinCodecProvider@1ab37c94]}, loggerSettings=LoggerSettings{maxDocumentLength=1000}, clusterSettings={hosts=[localhost:50278], srvServiceName=mongodb, mode=SINGLE, requiredClusterType=UNKNOWN, requiredReplicaSetName='null', serverSelector='null', clusterListeners='[]', serverSelectionTimeout='30000 ms', localThreshold='15 ms'}, socketSettings=SocketSettings{connectTimeoutMS=10000, readTimeoutMS=0, receiveBufferSize=0, proxySettings=ProxySettings{host=null, port=null, username=null, password=null}}, heartbeatSocketSettings=SocketSettings{connectTimeoutMS=10000, readTimeoutMS=10000, receiveBufferSize=0, proxySettings=ProxySettings{host=null, port=null, username=null, password=null}}, connectionPoolSettings=ConnectionPoolSettings{maxSize=100, minSize=0, maxWaitTimeMS=120000, maxConnectionLifeTimeMS=0, maxConnectionIdleTimeMS=0, maintenanceInitialDelayMS=0, maintenanceFrequencyMS=60000, connectionPoolListeners=[io.micrometer.core.instrument.binder.mongodb.MongoMetricsConnectionPoolListener@4bb1ffc6], maxConnecting=2}, serverSettings=ServerSettings{heartbeatFrequencyMS=10000, minHeartbeatFrequencyMS=500, serverMonitoringMode=AUTO, serverListeners='[]', serverMonitorListeners='[]'}, sslSettings=SslSettings{enabled=false, invalidHostNameAllowed=false, context=null}, applicationName='null', compressorList=[], uuidRepresentation=JAVA_LEGACY, serverApi=null, autoEncryptionSettings=null, dnsClient=null, inetAddressResolver=null, contextProvider=null, timeoutMS=null}
2026-09-16T12:45:07.319+02:00  INFO 74494 --- [agilityhub-core-api] [localhost:50278] org.mongodb.driver.cluster               : Monitor thread successfully connected to server with description ServerDescription{address=localhost:50278, type=REPLICA_SET_PRIMARY, cryptd=false, state=CONNECTED, ok=true, minWireVersion=0, maxWireVersion=21, maxDocumentSize=16777216, logicalSessionTimeoutMinutes=30, roundTripTimeNanos=2038375, minRoundTripTimeNanos=0, setName='docker-rs', canonicalAddress=a400d2c2c562:27017, hosts=[a400d2c2c562:27017], passives=[], arbiters=[], primary='a400d2c2c562:27017', tagSet=TagSet{[]}, electionId=7fffff…[truncated], setVersion=1, topologyVersion=TopologyVersion{processId=6aaa72…[truncated], counter=6}, lastWriteDate=Wed Sep 16 12:45:06 CEST 2026, lastUpdateTimeNanos=348462407487166}
2026-09-16T12:45:07.907+02:00  INFO 74494 --- [agilityhub-core-api] [           main] o.s.b.t.m.w.SpringBootMockServletContext : Initializing Spring TestDispatcherServlet ''
2026-09-16T12:45:07.907+02:00  INFO 74494 --- [agilityhub-core-api] [           main] o.s.t.web.servlet.TestDispatcherServlet  : Initializing Servlet ''
2026-09-16T12:45:07.908+02:00  INFO 74494 --- [agilityhub-core-api] [           main] o.s.t.web.servlet.TestDispatcherServlet  : Completed initialization in 1 ms
2026-09-16T12:45:07.916+02:00  INFO 74494 --- [agilityhub-core-api] [           main] c.a.c.i.api.ImpersonationHandoffIT       : Started ImpersonationHandoffIT in 0.887 seconds (process running for 91.486)
T-01-11 decoded fictional JWT claims: {sub=account-member, activeProfile=MEMBER, roles=[MEMBER], iss=https://id.agilitydoghub.com, clubId=club-a, impersonatedMemberId=member-target, locale=en, imp=true, actorAccountId=account-a, aud=clubs-app, azp=clubs-app, name=Example Member, exp=1767229200, iat=1767225600, jti=2e7be2ac-873d-4f13-a19f-b1627081d2b0, email=member@example.test, memberId=member-target}
2026-09-16T12:45:10.397+02:00  INFO 74494 --- [agilityhub-core-api] [           main] t.c.s.AnnotationConfigContextLoaderUtils : Could not detect default configuration classes for test class [com.agilityhub.core.identity.api.RateLimitIT]: RateLimitIT does not declare any static, non-private, non-final, nested classes annotated with @Configuration.
2026-09-16T12:45:10.398+02:00  INFO 74494 --- [agilityhub-core-api] [           main] .b.t.c.SpringBootTestContextBootstrapper : Found @SpringBootConfiguration com.agilityhub.core.CoreApplication for test class com.agilityhub.core.identity.api.RateLimitIT

  .   ____          _            __ _ _
 /\\ / ___'_ __ _ _(_)_ __  __ _ \ \ \ \
( ( )\___ | '_ | '_| | '_ \/ _` | \ \ \ \
 \\/  ___)| |_)| | | | | || (_| |  ) ) ) )
  '  |____| .__|_| |_|_| |_\__, | / / / /
 =========|_|==============|___/=/_/_/_/

 :: Spring Boot ::               (v3.5.16)

2026-09-16T12:45:10.410+02:00  INFO 74494 --- [agilityhub-core-api] [           main] c.a.core.identity.api.RateLimitIT        : Starting RateLimitIT using Java 21.0.12.1 with PID 74494 (started by jordib in /Users/jordib/dev/agilityhub/agilityhub-core-api)
2026-09-16T12:45:10.410+02:00  INFO 74494 --- [agilityhub-core-api] [           main] c.a.core.identity.api.RateLimitIT        : The following 1 profile is active: "test"
2026-09-16T12:45:10.611+02:00  INFO 74494 --- [agilityhub-core-api] [           main] .s.d.r.c.RepositoryConfigurationDelegate : Bootstrapping Spring Data MongoDB repositories in DEFAULT mode.
2026-09-16T12:45:10.631+02:00  INFO 74494 --- [agilityhub-core-api] [           main] .s.d.r.c.RepositoryConfigurationDelegate : Finished Spring Data repository scanning in 18 ms. Found 0 MongoDB repository interfaces.
2026-09-16T12:45:10.674+02:00  INFO 74494 --- [agilityhub-core-api] [           main] org.mongodb.driver.client                : MongoClient with metadata {"driver": {"name": "mongo-java-driver|sync|spring-boot", "version": "5.5.2"}, "os": {"type": "Darwin", "name": "Mac OS X", "architecture": "aarch64", "version": "26.4.1"}, "platform": "Java/Homebrew/21.0.12.1"} created with settings MongoClientSettings{readPreference=primary, writeConcern=WriteConcern{w=null, wTimeout=null ms, journal=null}, retryWrites=true, retryReads=true, readConcern=ReadConcern{level=null}, credential=null, transportSettings=null, commandListeners=[io.micrometer.core.instrument.binder.mongodb.MongoMetricsCommandListener@4de94280], codecRegistry=ProvidersCodecRegistry{codecProviders=[ValueCodecProvider{}, BsonValueCodecProvider{}, DBRefCodecProvider{}, DBObjectCodecProvider{}, DocumentCodecProvider{}, CollectionCodecProvider{}, IterableCodecProvider{}, MapCodecProvider{}, GeoJsonCodecProvider{}, GridFSFileCodecProvider{}, Jsr310CodecProvider{}, JsonObjectCodecProvider{}, BsonCodecProvider{}, EnumCodecProvider{}, com.mongodb.client.model.mql.ExpressionCodecProvider@7e4bd9b4, com.mongodb.Jep395RecordCodecProvider@34518f0, com.mongodb.KotlinCodecProvider@1ab37c94]}, loggerSettings=LoggerSettings{maxDocumentLength=1000}, clusterSettings={hosts=[localhost:50278], srvServiceName=mongodb, mode=SINGLE, requiredClusterType=UNKNOWN, requiredReplicaSetName='null', serverSelector='null', clusterListeners='[]', serverSelectionTimeout='30000 ms', localThreshold='15 ms'}, socketSettings=SocketSettings{connectTimeoutMS=10000, readTimeoutMS=0, receiveBufferSize=0, proxySettings=ProxySettings{host=null, port=null, username=null, password=null}}, heartbeatSocketSettings=SocketSettings{connectTimeoutMS=10000, readTimeoutMS=10000, receiveBufferSize=0, proxySettings=ProxySettings{host=null, port=null, username=null, password=null}}, connectionPoolSettings=ConnectionPoolSettings{maxSize=100, minSize=0, maxWaitTimeMS=120000, maxConnectionLifeTimeMS=0, maxConnectionIdleTimeMS=0, maintenanceInitialDelayMS=0, maintenanceFrequencyMS=60000, connectionPoolListeners=[io.micrometer.core.instrument.binder.mongodb.MongoMetricsConnectionPoolListener@5a2ae58f], maxConnecting=2}, serverSettings=ServerSettings{heartbeatFrequencyMS=10000, minHeartbeatFrequencyMS=500, serverMonitoringMode=AUTO, serverListeners='[]', serverMonitorListeners='[]'}, sslSettings=SslSettings{enabled=false, invalidHostNameAllowed=false, context=null}, applicationName='null', compressorList=[], uuidRepresentation=JAVA_LEGACY, serverApi=null, autoEncryptionSettings=null, dnsClient=null, inetAddressResolver=null, contextProvider=null, timeoutMS=null}
2026-09-16T12:45:10.677+02:00  INFO 74494 --- [agilityhub-core-api] [localhost:50278] org.mongodb.driver.cluster               : Monitor thread successfully connected to server with description ServerDescription{address=localhost:50278, type=REPLICA_SET_PRIMARY, cryptd=false, state=CONNECTED, ok=true, minWireVersion=0, maxWireVersion=21, maxDocumentSize=16777216, logicalSessionTimeoutMinutes=30, roundTripTimeNanos=2227667, minRoundTripTimeNanos=0, setName='docker-rs', canonicalAddress=a400d2c2c562:27017, hosts=[a400d2c2c562:27017], passives=[], arbiters=[], primary='a400d2c2c562:27017', tagSet=TagSet{[]}, electionId=7fffff…[truncated], setVersion=1, topologyVersion=TopologyVersion{processId=6aaa72…[truncated], counter=6}, lastWriteDate=Wed Sep 16 12:45:10 CEST 2026, lastUpdateTimeNanos=348465765708708}
2026-09-16T12:45:11.205+02:00  INFO 74494 --- [agilityhub-core-api] [           main] o.s.b.t.m.w.SpringBootMockServletContext : Initializing Spring TestDispatcherServlet ''
2026-09-16T12:45:11.205+02:00  INFO 74494 --- [agilityhub-core-api] [           main] o.s.t.web.servlet.TestDispatcherServlet  : Initializing Servlet ''
2026-09-16T12:45:11.205+02:00  INFO 74494 --- [agilityhub-core-api] [           main] o.s.t.web.servlet.TestDispatcherServlet  : Completed initialization in 0 ms
2026-09-16T12:45:11.212+02:00  INFO 74494 --- [agilityhub-core-api] [           main] c.a.core.identity.api.RateLimitIT        : Started RateLimitIT in 0.812 seconds (process running for 94.782)
2026-09-16T12:45:11.377+02:00  WARN 74494 --- [agilityhub-core-api] [           main] c.a.core.shared.api.ApiExceptionHandler  : Framework request rejected status=404 code=NOT_FOUND traceId=0ce26210-b07f-4966-b18f-ae6b794bd2e9
2026-09-16T12:45:11.380+02:00  WARN 74494 --- [agilityhub-core-api] [           main] c.a.core.shared.api.ApiExceptionHandler  : Framework request rejected status=404 code=NOT_FOUND traceId=bff6556e-a5ba-45d7-bac4-80c0f80e40a6
2026-09-16T12:45:11.382+02:00  WARN 74494 --- [agilityhub-core-api] [           main] c.a.core.shared.api.ApiExceptionHandler  : Framework request rejected status=404 code=NOT_FOUND traceId=c073bf56-a39e-49e0-948e-b55d15975848
2026-09-16T12:45:11.384+02:00  WARN 74494 --- [agilityhub-core-api] [           main] c.a.core.shared.api.ApiExceptionHandler  : Framework request rejected status=404 code=NOT_FOUND traceId=cbd2c884-c722-4950-a192-1f2fae9f95f1
2026-09-16T12:45:11.386+02:00  WARN 74494 --- [agilityhub-core-api] [           main] c.a.core.shared.api.ApiExceptionHandler  : Framework request rejected status=404 code=NOT_FOUND traceId=e4384b31-678d-47e8-a096-6a4b9df05e64
2026-09-16T12:45:11.388+02:00  WARN 74494 --- [agilityhub-core-api] [           main] c.a.core.shared.api.ApiExceptionHandler  : Framework request rejected status=404 code=NOT_FOUND traceId=b7c40b21-0b5f-4be3-afe9-e5fb345d0794
2026-09-16T12:45:11.390+02:00  WARN 74494 --- [agilityhub-core-api] [           main] c.a.core.shared.api.ApiExceptionHandler  : Framework request rejected status=404 code=NOT_FOUND traceId=b0acff73-f0ef-419a-b649-f47c329f5cd0
2026-09-16T12:45:11.393+02:00  WARN 74494 --- [agilityhub-core-api] [           main] c.a.core.shared.api.ApiExceptionHandler  : Framework request rejected status=404 code=NOT_FOUND traceId=03bdab96-7d0f-4ca0-b8c6-db9cad8e633c
2026-09-16T12:45:11.395+02:00  WARN 74494 --- [agilityhub-core-api] [           main] c.a.core.shared.api.ApiExceptionHandler  : Framework request rejected status=404 code=NOT_FOUND traceId=33a9259a-a6a9-4d58-9366-fd886825fe7b
2026-09-16T12:45:11.397+02:00  WARN 74494 --- [agilityhub-core-api] [           main] c.a.core.shared.api.ApiExceptionHandler  : Framework request rejected status=404 code=NOT_FOUND traceId=7a75bc33-b7c3-42e4-b4ab-26ed425c5e35
2026-09-16T12:45:11.399+02:00  WARN 74494 --- [agilityhub-core-api] [           main] c.a.core.shared.api.ApiExceptionHandler  : Framework request rejected status=404 code=NOT_FOUND traceId=cc7ec851-3f86-4dfb-a750-c4d9cf6ee397
2026-09-16T12:45:11.402+02:00  WARN 74494 --- [agilityhub-core-api] [           main] c.a.core.shared.api.ApiExceptionHandler  : Framework request rejected status=404 code=NOT_FOUND traceId=6cbd48da-1ae5-49e1-a18d-f2efe43c2eb4
2026-09-16T12:45:11.404+02:00  WARN 74494 --- [agilityhub-core-api] [           main] c.a.core.shared.api.ApiExceptionHandler  : Framework request rejected status=404 code=NOT_FOUND traceId=88f523a2-386c-436f-b2bd-8825364c63f1
2026-09-16T12:45:11.406+02:00  WARN 74494 --- [agilityhub-core-api] [           main] c.a.core.shared.api.ApiExceptionHandler  : Framework request rejected status=404 code=NOT_FOUND traceId=2730aee6-29ae-4018-8473-42b4f1a81071
2026-09-16T12:45:11.407+02:00  WARN 74494 --- [agilityhub-core-api] [           main] c.a.core.shared.api.ApiExceptionHandler  : Framework request rejected status=404 code=NOT_FOUND traceId=a27eb7a3-1d89-421f-9c41-02f184511aa7
2026-09-16T12:45:11.409+02:00  WARN 74494 --- [agilityhub-core-api] [           main] c.a.core.shared.api.ApiExceptionHandler  : Framework request rejected status=404 code=NOT_FOUND traceId=f4fdcf67-cf65-461d-9381-9d84a92d0a00
2026-09-16T12:45:11.412+02:00  WARN 74494 --- [agilityhub-core-api] [           main] c.a.core.shared.api.ApiExceptionHandler  : Framework request rejected status=404 code=NOT_FOUND traceId=7b0acb2c-5f7d-45f1-bf7e-db10ae34ddcd
2026-09-16T12:45:11.414+02:00  WARN 74494 --- [agilityhub-core-api] [           main] c.a.core.shared.api.ApiExceptionHandler  : Framework request rejected status=404 code=NOT_FOUND traceId=4c871b7c-aa19-47d0-a0e5-c6ba811009fc
2026-09-16T12:45:11.415+02:00  WARN 74494 --- [agilityhub-core-api] [           main] c.a.core.shared.api.ApiExceptionHandler  : Framework request rejected status=404 code=NOT_FOUND traceId=93663406-baf5-465e-8318-cdb89bf3bac5
2026-09-16T12:45:11.417+02:00  WARN 74494 --- [agilityhub-core-api] [           main] c.a.core.shared.api.ApiExceptionHandler  : Framework request rejected status=404 code=NOT_FOUND traceId=4c3d8453-3bb3-4d4f-b001-5b5df303f22f
2026-09-16T12:45:11.419+02:00  WARN 74494 --- [agilityhub-core-api] [           main] c.a.core.shared.api.ApiExceptionHandler  : Framework request rejected status=404 code=NOT_FOUND traceId=ebfa8538-07df-4be5-bff3-1f8c74cfd8a8
2026-09-16T12:45:11.420+02:00  WARN 74494 --- [agilityhub-core-api] [           main] c.a.core.shared.api.ApiExceptionHandler  : Framework request rejected status=404 code=NOT_FOUND traceId=2b7c05f4-e60d-4537-899e-cc17d9de606e
2026-09-16T12:45:11.422+02:00  WARN 74494 --- [agilityhub-core-api] [           main] c.a.core.shared.api.ApiExceptionHandler  : Framework request rejected status=404 code=NOT_FOUND traceId=2d9939c1-ca5e-4825-8655-da27948f5266
2026-09-16T12:45:11.423+02:00  WARN 74494 --- [agilityhub-core-api] [           main] c.a.core.shared.api.ApiExceptionHandler  : Framework request rejected status=404 code=NOT_FOUND traceId=23dc1581-93f9-4007-a30a-dbc9ba707553
2026-09-16T12:45:11.425+02:00  WARN 74494 --- [agilityhub-core-api] [           main] c.a.core.shared.api.ApiExceptionHandler  : Framework request rejected status=404 code=NOT_FOUND traceId=2353e6aa-9efa-472b-b11a-08d3fd5e8935
2026-09-16T12:45:11.427+02:00  WARN 74494 --- [agilityhub-core-api] [           main] c.a.core.shared.api.ApiExceptionHandler  : Framework request rejected status=404 code=NOT_FOUND traceId=ccbee692-6cec-4e25-8b5d-99ffb8c4b2a5
2026-09-16T12:45:11.429+02:00  WARN 74494 --- [agilityhub-core-api] [           main] c.a.core.shared.api.ApiExceptionHandler  : Framework request rejected status=404 code=NOT_FOUND traceId=19fb80cb-5d3b-4133-9ae9-958313a4233a
2026-09-16T12:45:11.430+02:00  WARN 74494 --- [agilityhub-core-api] [           main] c.a.core.shared.api.ApiExceptionHandler  : Framework request rejected status=404 code=NOT_FOUND traceId=21ed81c0-a1a8-4823-923c-2c204008fb9e
2026-09-16T12:45:11.432+02:00  WARN 74494 --- [agilityhub-core-api] [           main] c.a.core.shared.api.ApiExceptionHandler  : Framework request rejected status=404 code=NOT_FOUND traceId=05e29fc4-6cd7-4af9-be7b-b5de3161cbbf
2026-09-16T12:45:11.433+02:00  WARN 74494 --- [agilityhub-core-api] [           main] c.a.core.shared.api.ApiExceptionHandler  : Framework request rejected status=404 code=NOT_FOUND traceId=d652d60b-add7-4ff6-8f07-5d0fbc7f1de7
2026-09-16T12:45:11.435+02:00  WARN 74494 --- [agilityhub-core-api] [           main] c.a.core.shared.api.ApiExceptionHandler  : Framework request rejected status=404 code=NOT_FOUND traceId=48364bee-0beb-4d5a-89a7-6d5f8d052330
2026-09-16T12:45:11.437+02:00  WARN 74494 --- [agilityhub-core-api] [           main] c.a.core.shared.api.ApiExceptionHandler  : Framework request rejected status=404 code=NOT_FOUND traceId=d66c3f73-4e0e-46eb-9b1a-f9f6f5f80ded
2026-09-16T12:45:11.439+02:00  WARN 74494 --- [agilityhub-core-api] [           main] c.a.core.shared.api.ApiExceptionHandler  : Framework request rejected status=404 code=NOT_FOUND traceId=41f6620c-ef7d-4e82-bf25-3e1bb806991c
2026-09-16T12:45:11.440+02:00  WARN 74494 --- [agilityhub-core-api] [           main] c.a.core.shared.api.ApiExceptionHandler  : Framework request rejected status=404 code=NOT_FOUND traceId=3df1356d-2ead-4403-bdcb-d7594c65ba93
2026-09-16T12:45:11.443+02:00  WARN 74494 --- [agilityhub-core-api] [           main] c.a.core.shared.api.ApiExceptionHandler  : Framework request rejected status=404 code=NOT_FOUND traceId=f60b8914-d3b5-4ac1-a20a-cd6d96cd2413
2026-09-16T12:45:11.447+02:00  WARN 74494 --- [agilityhub-core-api] [           main] c.a.core.shared.api.ApiExceptionHandler  : Framework request rejected status=404 code=NOT_FOUND traceId=b09b6302-91a6-4d34-8186-6fa92bf7343f
2026-09-16T12:45:11.449+02:00  WARN 74494 --- [agilityhub-core-api] [           main] c.a.core.shared.api.ApiExceptionHandler  : Framework request rejected status=404 code=NOT_FOUND traceId=4560319d-b805-402c-82c5-f060bffada7e
2026-09-16T12:45:11.452+02:00  WARN 74494 --- [agilityhub-core-api] [           main] c.a.core.shared.api.ApiExceptionHandler  : Framework request rejected status=404 code=NOT_FOUND traceId=85be15b8-35bb-4f09-bdee-9ff7dd39ed71
2026-09-16T12:45:11.455+02:00  WARN 74494 --- [agilityhub-core-api] [           main] c.a.core.shared.api.ApiExceptionHandler  : Framework request rejected status=404 code=NOT_FOUND traceId=16177936-62dc-4aad-b8fc-cf02c9c6da64
2026-09-16T12:45:11.457+02:00  WARN 74494 --- [agilityhub-core-api] [           main] c.a.core.shared.api.ApiExceptionHandler  : Framework request rejected status=404 code=NOT_FOUND traceId=d852e669-a7ce-4dbc-a5bb-5e4b16362b05
2026-09-16T12:45:11.458+02:00  WARN 74494 --- [agilityhub-core-api] [           main] c.a.core.shared.api.ApiExceptionHandler  : Framework request rejected status=404 code=NOT_FOUND traceId=ce8856c2-3ade-4b49-81c9-f57d4ea416a8
2026-09-16T12:45:11.460+02:00  WARN 74494 --- [agilityhub-core-api] [           main] c.a.core.shared.api.ApiExceptionHandler  : Framework request rejected status=404 code=NOT_FOUND traceId=37ba0fb3-afd8-423e-b4e5-b65f55a79b57
2026-09-16T12:45:11.462+02:00  WARN 74494 --- [agilityhub-core-api] [           main] c.a.core.shared.api.ApiExceptionHandler  : Framework request rejected status=404 code=NOT_FOUND traceId=5995dc84-a230-4e5e-811b-fbcf308b00fd
2026-09-16T12:45:11.464+02:00  WARN 74494 --- [agilityhub-core-api] [           main] c.a.core.shared.api.ApiExceptionHandler  : Framework request rejected status=404 code=NOT_FOUND traceId=d47e6256-f2ab-4a3f-8fd8-7dd461f2abea
2026-09-16T12:45:11.466+02:00  WARN 74494 --- [agilityhub-core-api] [           main] c.a.core.shared.api.ApiExceptionHandler  : Framework request rejected status=404 code=NOT_FOUND traceId=583ad2eb-bf4f-4d4d-92ac-db4b4bf763df
2026-09-16T12:45:11.468+02:00  WARN 74494 --- [agilityhub-core-api] [           main] c.a.core.shared.api.ApiExceptionHandler  : Framework request rejected status=404 code=NOT_FOUND traceId=5aada5c0-c97c-4509-a3dc-9bab39a8939d
2026-09-16T12:45:11.470+02:00  WARN 74494 --- [agilityhub-core-api] [           main] c.a.core.shared.api.ApiExceptionHandler  : Framework request rejected status=404 code=NOT_FOUND traceId=e71cd796-062f-4cd1-a42e-28dc247cda40
2026-09-16T12:45:11.473+02:00  WARN 74494 --- [agilityhub-core-api] [           main] c.a.core.shared.api.ApiExceptionHandler  : Framework request rejected status=404 code=NOT_FOUND traceId=5b95f547-b1e5-49a4-bb05-7f48828f4d4b
2026-09-16T12:45:11.475+02:00  WARN 74494 --- [agilityhub-core-api] [           main] c.a.core.shared.api.ApiExceptionHandler  : Framework request rejected status=404 code=NOT_FOUND traceId=27bef301-605a-4a23-a1d7-5f088dfef1d4
2026-09-16T12:45:11.477+02:00  WARN 74494 --- [agilityhub-core-api] [           main] c.a.core.shared.api.ApiExceptionHandler  : Framework request rejected status=404 code=NOT_FOUND traceId=a599b735-b06c-4003-a3b2-ee5ee18c7c0c
2026-09-16T12:45:11.479+02:00  WARN 74494 --- [agilityhub-core-api] [           main] c.a.core.shared.api.ApiExceptionHandler  : Framework request rejected status=404 code=NOT_FOUND traceId=95236c90-b3bf-4267-849b-a0f31bbb19bf
2026-09-16T12:45:11.481+02:00  WARN 74494 --- [agilityhub-core-api] [           main] c.a.core.shared.api.ApiExceptionHandler  : Framework request rejected status=404 code=NOT_FOUND traceId=5799dda9-c442-465d-8d10-e4a68670e4dc
2026-09-16T12:45:11.483+02:00  WARN 74494 --- [agilityhub-core-api] [           main] c.a.core.shared.api.ApiExceptionHandler  : Framework request rejected status=404 code=NOT_FOUND traceId=7006bf65-58d7-4cea-8c9c-3c0729f994e9
2026-09-16T12:45:11.484+02:00  WARN 74494 --- [agilityhub-core-api] [           main] c.a.core.shared.api.ApiExceptionHandler  : Framework request rejected status=404 code=NOT_FOUND traceId=1b4149a3-e571-41db-9fd0-0111878bb6bf
2026-09-16T12:45:11.486+02:00  WARN 74494 --- [agilityhub-core-api] [           main] c.a.core.shared.api.ApiExceptionHandler  : Framework request rejected status=404 code=NOT_FOUND traceId=1d6c1e0d-448d-462a-803a-53efb11a8dba
2026-09-16T12:45:11.488+02:00  WARN 74494 --- [agilityhub-core-api] [           main] c.a.core.shared.api.ApiExceptionHandler  : Framework request rejected status=404 code=NOT_FOUND traceId=63301791-a49d-4d54-b6e3-996fd04f2a6d
2026-09-16T12:45:11.489+02:00  WARN 74494 --- [agilityhub-core-api] [           main] c.a.core.shared.api.ApiExceptionHandler  : Framework request rejected status=404 code=NOT_FOUND traceId=a55b8fed-e7b4-4fc9-87d1-dcaca2c3ede0
2026-09-16T12:45:11.491+02:00  WARN 74494 --- [agilityhub-core-api] [           main] c.a.core.shared.api.ApiExceptionHandler  : Framework request rejected status=404 code=NOT_FOUND traceId=19f514ed-73e5-48fb-b439-e257b0a490fa
2026-09-16T12:45:11.493+02:00  WARN 74494 --- [agilityhub-core-api] [           main] c.a.core.shared.api.ApiExceptionHandler  : Framework request rejected status=404 code=NOT_FOUND traceId=49c93b71-8140-464b-a74c-949bd578cf7d
2026-09-16T12:45:11.494+02:00  WARN 74494 --- [agilityhub-core-api] [           main] c.a.core.shared.api.ApiExceptionHandler  : Framework request rejected status=404 code=NOT_FOUND traceId=bd536e61-bfdb-4365-944a-aa5cb025e537
2026-09-16T12:45:11.496+02:00  WARN 74494 --- [agilityhub-core-api] [           main] c.a.core.shared.api.ApiExceptionHandler  : Framework request rejected status=404 code=NOT_FOUND traceId=06c479ef-9458-423a-935e-a57566729a95
2026-09-16T12:45:11.497+02:00  WARN 74494 --- [agilityhub-core-api] [           main] c.a.core.shared.api.ApiExceptionHandler  : Framework request rejected status=404 code=NOT_FOUND traceId=ba9fa47e-7d49-487f-b864-a796d05ab2cb
2026-09-16T12:45:11.498+02:00  WARN 74494 --- [agilityhub-core-api] [           main] c.a.core.shared.api.ApiExceptionHandler  : Framework request rejected status=404 code=NOT_FOUND traceId=2471c9de-8f1e-4a25-941b-fe69ee9862a8
2026-09-16T12:45:11.500+02:00  WARN 74494 --- [agilityhub-core-api] [           main] c.a.core.shared.api.ApiExceptionHandler  : Framework request rejected status=404 code=NOT_FOUND traceId=3152f017-d07f-4f0e-b5f5-fbb1890b0f95
2026-09-16T12:45:11.501+02:00  WARN 74494 --- [agilityhub-core-api] [           main] c.a.core.shared.api.ApiExceptionHandler  : Framework request rejected status=404 code=NOT_FOUND traceId=0f8c327d-9e64-4196-a68b-a1c86ec5d207
2026-09-16T12:45:11.503+02:00  WARN 74494 --- [agilityhub-core-api] [           main] c.a.core.shared.api.ApiExceptionHandler  : Framework request rejected status=404 code=NOT_FOUND traceId=111db2a6-38a7-4aa1-8320-ee3886dc8acd
2026-09-16T12:45:11.504+02:00  WARN 74494 --- [agilityhub-core-api] [           main] c.a.core.shared.api.ApiExceptionHandler  : Framework request rejected status=404 code=NOT_FOUND traceId=320bc4be-421f-4672-bcc5-d728f75b17e8
2026-09-16T12:45:11.506+02:00  WARN 74494 --- [agilityhub-core-api] [           main] c.a.core.shared.api.ApiExceptionHandler  : Framework request rejected status=404 code=NOT_FOUND traceId=2a2f71de-b5d7-4516-aa05-c293fd099754
2026-09-16T12:45:11.507+02:00  WARN 74494 --- [agilityhub-core-api] [           main] c.a.core.shared.api.ApiExceptionHandler  : Framework request rejected status=404 code=NOT_FOUND traceId=5d105887-19b5-4029-9552-461bfe65c654
2026-09-16T12:45:11.510+02:00  WARN 74494 --- [agilityhub-core-api] [           main] c.a.core.shared.api.ApiExceptionHandler  : Framework request rejected status=404 code=NOT_FOUND traceId=f8fa56a4-c156-4797-943e-da5df3329a20
2026-09-16T12:45:11.512+02:00  WARN 74494 --- [agilityhub-core-api] [           main] c.a.core.shared.api.ApiExceptionHandler  : Framework request rejected status=404 code=NOT_FOUND traceId=ac039551-ba51-4df6-ab78-9ef9fa367bba
2026-09-16T12:45:11.514+02:00  WARN 74494 --- [agilityhub-core-api] [           main] c.a.core.shared.api.ApiExceptionHandler  : Framework request rejected status=404 code=NOT_FOUND traceId=3bf674ee-7607-4ab4-84f0-7efbcf97d92a
2026-09-16T12:45:11.516+02:00  WARN 74494 --- [agilityhub-core-api] [           main] c.a.core.shared.api.ApiExceptionHandler  : Framework request rejected status=404 code=NOT_FOUND traceId=ee390f31-8dc6-4a5e-ba71-c156a654f851
2026-09-16T12:45:11.518+02:00  WARN 74494 --- [agilityhub-core-api] [           main] c.a.core.shared.api.ApiExceptionHandler  : Framework request rejected status=404 code=NOT_FOUND traceId=09d104c9-caae-4bad-bcbb-79a6b04ee800
2026-09-16T12:45:11.520+02:00  WARN 74494 --- [agilityhub-core-api] [           main] c.a.core.shared.api.ApiExceptionHandler  : Framework request rejected status=404 code=NOT_FOUND traceId=1cc2506c-13b3-4706-bd93-afe5b56faa59
2026-09-16T12:45:11.523+02:00  WARN 74494 --- [agilityhub-core-api] [           main] c.a.core.shared.api.ApiExceptionHandler  : Framework request rejected status=404 code=NOT_FOUND traceId=3b3bcb0d-7c76-4596-8fd0-a478c8198d84
2026-09-16T12:45:11.525+02:00  WARN 74494 --- [agilityhub-core-api] [           main] c.a.core.shared.api.ApiExceptionHandler  : Framework request rejected status=404 code=NOT_FOUND traceId=295e84b2-56c3-41f8-9a49-5fd38fe0f154
2026-09-16T12:45:11.528+02:00  WARN 74494 --- [agilityhub-core-api] [           main] c.a.core.shared.api.ApiExceptionHandler  : Framework request rejected status=404 code=NOT_FOUND traceId=42b2afc7-7a69-4b0e-9650-3be7af4cafbe
2026-09-16T12:45:11.530+02:00  WARN 74494 --- [agilityhub-core-api] [           main] c.a.core.shared.api.ApiExceptionHandler  : Framework request rejected status=404 code=NOT_FOUND traceId=664616bf-3c90-4b73-812b-e6dab8c6a8a7
2026-09-16T12:45:11.532+02:00  WARN 74494 --- [agilityhub-core-api] [           main] c.a.core.shared.api.ApiExceptionHandler  : Framework request rejected status=404 code=NOT_FOUND traceId=a5f86b3f-17e2-4ef9-a9d0-4cf623eff8fa
2026-09-16T12:45:11.534+02:00  WARN 74494 --- [agilityhub-core-api] [           main] c.a.core.shared.api.ApiExceptionHandler  : Framework request rejected status=404 code=NOT_FOUND traceId=51c31766-f374-4530-afb6-d4dfa15d4a7a
2026-09-16T12:45:11.536+02:00  WARN 74494 --- [agilityhub-core-api] [           main] c.a.core.shared.api.ApiExceptionHandler  : Framework request rejected status=404 code=NOT_FOUND traceId=46b4c2a3-bcc0-460d-a19f-460cc8c039c9
2026-09-16T12:45:11.537+02:00  WARN 74494 --- [agilityhub-core-api] [           main] c.a.core.shared.api.ApiExceptionHandler  : Framework request rejected status=404 code=NOT_FOUND traceId=baaf4b72-6ae9-4e99-bcc1-cc88ab50ab3a
2026-09-16T12:45:11.539+02:00  WARN 74494 --- [agilityhub-core-api] [           main] c.a.core.shared.api.ApiExceptionHandler  : Framework request rejected status=404 code=NOT_FOUND traceId=13b68473-a63e-449f-adb7-32fee537396a
2026-09-16T12:45:11.540+02:00  WARN 74494 --- [agilityhub-core-api] [           main] c.a.core.shared.api.ApiExceptionHandler  : Framework request rejected status=404 code=NOT_FOUND traceId=b0e40640-f86e-4d79-b0ff-9dcf56e43d9b
2026-09-16T12:45:11.542+02:00  WARN 74494 --- [agilityhub-core-api] [           main] c.a.core.shared.api.ApiExceptionHandler  : Framework request rejected status=404 code=NOT_FOUND traceId=3f0ec359-8364-46a8-a649-399192206daa
2026-09-16T12:45:11.543+02:00  WARN 74494 --- [agilityhub-core-api] [           main] c.a.core.shared.api.ApiExceptionHandler  : Framework request rejected status=404 code=NOT_FOUND traceId=aa332222-7ed5-49d4-b4db-317f78fda62e
2026-09-16T12:45:11.546+02:00  WARN 74494 --- [agilityhub-core-api] [           main] c.a.core.shared.api.ApiExceptionHandler  : Framework request rejected status=404 code=NOT_FOUND traceId=97b95760-85e4-478d-ae3c-ceb6d59616f8
2026-09-16T12:45:11.548+02:00  WARN 74494 --- [agilityhub-core-api] [           main] c.a.core.shared.api.ApiExceptionHandler  : Framework request rejected status=404 code=NOT_FOUND traceId=32abc1d5-3455-49c9-a0b4-589ef19e52a7
2026-09-16T12:45:11.549+02:00  WARN 74494 --- [agilityhub-core-api] [           main] c.a.core.shared.api.ApiExceptionHandler  : Framework request rejected status=404 code=NOT_FOUND traceId=ee9076c5-2846-457b-b0cf-cd897507c959
2026-09-16T12:45:11.552+02:00  WARN 74494 --- [agilityhub-core-api] [           main] c.a.core.shared.api.ApiExceptionHandler  : Framework request rejected status=404 code=NOT_FOUND traceId=fe9fd6be-2bd5-463b-a7eb-e9e768cd2a2f
2026-09-16T12:45:11.554+02:00  WARN 74494 --- [agilityhub-core-api] [           main] c.a.core.shared.api.ApiExceptionHandler  : Framework request rejected status=404 code=NOT_FOUND traceId=a6aeb669-b5ef-4d8e-adcd-a796e40b5e65
2026-09-16T12:45:11.555+02:00  WARN 74494 --- [agilityhub-core-api] [           main] c.a.core.shared.api.ApiExceptionHandler  : Framework request rejected status=404 code=NOT_FOUND traceId=24fefb4d-8212-4752-b607-31f2d7776941
2026-09-16T12:45:11.557+02:00  WARN 74494 --- [agilityhub-core-api] [           main] c.a.core.shared.api.ApiExceptionHandler  : Framework request rejected status=404 code=NOT_FOUND traceId=f1bc6a2b-910c-4233-98f0-4ff12a54283d
2026-09-16T12:45:11.559+02:00  WARN 74494 --- [agilityhub-core-api] [           main] c.a.core.shared.api.ApiExceptionHandler  : Framework request rejected status=404 code=NOT_FOUND traceId=0ca7f475-3431-4d42-bbc5-5dfc734e17f4
2026-09-16T12:45:11.561+02:00  WARN 74494 --- [agilityhub-core-api] [           main] c.a.core.shared.api.ApiExceptionHandler  : Framework request rejected status=404 code=NOT_FOUND traceId=6c1a581b-c362-4d8f-a035-cc2c20504ad3
2026-09-16T12:45:11.563+02:00  WARN 74494 --- [agilityhub-core-api] [           main] c.a.core.shared.api.ApiExceptionHandler  : Framework request rejected status=404 code=NOT_FOUND traceId=dd7ea215-d8c4-4257-8071-a23e3af1f4e2
2026-09-16T12:45:11.564+02:00  WARN 74494 --- [agilityhub-core-api] [           main] c.a.core.shared.api.ApiExceptionHandler  : Framework request rejected status=404 code=NOT_FOUND traceId=513e1f10-8ef7-41a3-b46b-abe0446205f0
2026-09-16T12:45:11.566+02:00  WARN 74494 --- [agilityhub-core-api] [           main] c.a.core.shared.api.ApiExceptionHandler  : Framework request rejected status=404 code=NOT_FOUND traceId=f1a20821-623f-4c0f-9e83-080203341bc7
2026-09-16T12:45:11.568+02:00  WARN 74494 --- [agilityhub-core-api] [           main] c.a.core.shared.api.ApiExceptionHandler  : Framework request rejected status=404 code=NOT_FOUND traceId=d725bd60-3ed1-4d9c-a29e-2a5d5cebd002
2026-09-16T12:45:11.569+02:00  WARN 74494 --- [agilityhub-core-api] [           main] c.a.core.shared.api.ApiExceptionHandler  : Framework request rejected status=404 code=NOT_FOUND traceId=8e312634-4788-4726-8df2-cb2db64e35d9
2026-09-16T12:45:11.571+02:00  WARN 74494 --- [agilityhub-core-api] [           main] c.a.core.shared.api.ApiExceptionHandler  : Framework request rejected status=404 code=NOT_FOUND traceId=675d458d-fabf-475b-9e42-5890d547fd86
2026-09-16T12:45:11.573+02:00  WARN 74494 --- [agilityhub-core-api] [           main] c.a.core.shared.api.ApiExceptionHandler  : Framework request rejected status=404 code=NOT_FOUND traceId=359c7757-1d6b-4ad0-8904-088784458ab3
2026-09-16T12:45:11.575+02:00  WARN 74494 --- [agilityhub-core-api] [           main] c.a.core.shared.api.ApiExceptionHandler  : Framework request rejected status=404 code=NOT_FOUND traceId=f1f8d791-f681-4c25-8d2e-00c54ee05713
2026-09-16T12:45:11.577+02:00  WARN 74494 --- [agilityhub-core-api] [           main] c.a.core.shared.api.ApiExceptionHandler  : Framework request rejected status=404 code=NOT_FOUND traceId=698121eb-acd5-4f02-9588-af162df62a6f
2026-09-16T12:45:11.579+02:00  WARN 74494 --- [agilityhub-core-api] [           main] c.a.core.shared.api.ApiExceptionHandler  : Framework request rejected status=404 code=NOT_FOUND traceId=d5255c87-1a72-4343-9b8c-63c96692aa51
2026-09-16T12:45:11.582+02:00  WARN 74494 --- [agilityhub-core-api] [           main] c.a.core.shared.api.ApiExceptionHandler  : Framework request rejected status=404 code=NOT_FOUND traceId=d6a9996b-3647-4ba4-ab4f-43a22deb42d2
2026-09-16T12:45:11.584+02:00  WARN 74494 --- [agilityhub-core-api] [           main] c.a.core.shared.api.ApiExceptionHandler  : Framework request rejected status=404 code=NOT_FOUND traceId=c2460508-29e5-4538-a33a-02fdccf6799b
2026-09-16T12:45:11.585+02:00  WARN 74494 --- [agilityhub-core-api] [           main] c.a.core.shared.api.ApiExceptionHandler  : Framework request rejected status=404 code=NOT_FOUND traceId=082af0bf-dde3-4ac0-b4c7-80e0573b090c
2026-09-16T12:45:11.587+02:00  WARN 74494 --- [agilityhub-core-api] [           main] c.a.core.shared.api.ApiExceptionHandler  : Framework request rejected status=404 code=NOT_FOUND traceId=ac79f676-eb3f-49af-9f74-ecf9751a06f6
2026-09-16T12:45:11.589+02:00  WARN 74494 --- [agilityhub-core-api] [           main] c.a.core.shared.api.ApiExceptionHandler  : Framework request rejected status=404 code=NOT_FOUND traceId=77bd2a67-21b2-46c9-b8c2-9ccc9e557083
2026-09-16T12:45:11.590+02:00  WARN 74494 --- [agilityhub-core-api] [           main] c.a.core.shared.api.ApiExceptionHandler  : Framework request rejected status=404 code=NOT_FOUND traceId=4473ee58-1dc8-421e-9d26-a9eca5eab531
2026-09-16T12:45:11.592+02:00  WARN 74494 --- [agilityhub-core-api] [           main] c.a.core.shared.api.ApiExceptionHandler  : Framework request rejected status=404 code=NOT_FOUND traceId=66e6dbc8-721a-4efc-9d34-91395ab4a65f
2026-09-16T12:45:11.593+02:00  WARN 74494 --- [agilityhub-core-api] [           main] c.a.core.shared.api.ApiExceptionHandler  : Framework request rejected status=404 code=NOT_FOUND traceId=8ae8a609-d007-47c2-b755-2e3452e0e0ac
2026-09-16T12:45:11.595+02:00  WARN 74494 --- [agilityhub-core-api] [           main] c.a.core.shared.api.ApiExceptionHandler  : Framework request rejected status=404 code=NOT_FOUND traceId=368a1a2d-938b-4b01-83a8-5e992bb37bd9
2026-09-16T12:45:11.596+02:00  WARN 74494 --- [agilityhub-core-api] [           main] c.a.core.shared.api.ApiExceptionHandler  : Framework request rejected status=404 code=NOT_FOUND traceId=7e978597-8eac-4daa-9e2f-9e2815f19fed
2026-09-16T12:45:11.598+02:00  WARN 74494 --- [agilityhub-core-api] [           main] c.a.core.shared.api.ApiExceptionHandler  : Framework request rejected status=404 code=NOT_FOUND traceId=33c4cc97-3a9c-495a-872c-bd5f7900c135
2026-09-16T12:45:11.599+02:00  WARN 74494 --- [agilityhub-core-api] [           main] c.a.core.shared.api.ApiExceptionHandler  : Framework request rejected status=404 code=NOT_FOUND traceId=48e26028-1c46-476c-8de7-aea8cad66596
2026-09-16T12:45:11.601+02:00  WARN 74494 --- [agilityhub-core-api] [           main] c.a.core.shared.api.ApiExceptionHandler  : Framework request rejected status=404 code=NOT_FOUND traceId=989c0c7a-bcaa-468a-8a5e-b3c01f6a94f1
2026-09-16T12:45:11.603+02:00  WARN 74494 --- [agilityhub-core-api] [           main] c.a.core.shared.api.ApiExceptionHandler  : Framework request rejected status=404 code=NOT_FOUND traceId=9c1ba2ae-733d-4917-8454-f975c8dc408d
2026-09-16T12:45:11.604+02:00  WARN 74494 --- [agilityhub-core-api] [           main] c.a.core.shared.api.ApiExceptionHandler  : Framework request rejected status=404 code=NOT_FOUND traceId=8fa8245c-434b-4c48-b5e0-a9c240739888
2026-09-16T12:45:11.606+02:00  WARN 74494 --- [agilityhub-core-api] [           main] c.a.core.shared.api.ApiExceptionHandler  : Framework request rejected status=404 code=NOT_FOUND traceId=a2a1b997-be72-4ef7-87cd-ca72d23b1b26
2026-09-16T12:45:11.607+02:00  WARN 74494 --- [agilityhub-core-api] [           main] c.a.core.shared.api.ApiExceptionHandler  : Framework request rejected status=404 code=NOT_FOUND traceId=d6447054-10e4-4c8b-b204-58c8e2d02271
2026-09-16T12:45:11.609+02:00  WARN 74494 --- [agilityhub-core-api] [           main] c.a.core.shared.api.ApiExceptionHandler  : Framework request rejected status=404 code=NOT_FOUND traceId=f448937f-51f1-46d8-8d72-4fb6e178184d
2026-09-16T12:45:11.611+02:00  WARN 74494 --- [agilityhub-core-api] [           main] c.a.core.shared.api.ApiExceptionHandler  : Framework request rejected status=404 code=NOT_FOUND traceId=67cb8d8a-6301-4c5b-8397-b1f8f44c2eeb
2026-09-16T12:45:11.613+02:00  WARN 74494 --- [agilityhub-core-api] [           main] c.a.core.shared.api.ApiExceptionHandler  : Framework request rejected status=404 code=NOT_FOUND traceId=c09aa280-b306-4fdb-a2b8-f68efc5a38fd
2026-09-16T12:45:11.615+02:00  WARN 74494 --- [agilityhub-core-api] [           main] c.a.core.shared.api.ApiExceptionHandler  : Framework request rejected status=404 code=NOT_FOUND traceId=8cc7870a-65f0-4bfc-b096-07beda6ebb37
2026-09-16T12:45:11.617+02:00  WARN 74494 --- [agilityhub-core-api] [           main] c.a.core.shared.api.ApiExceptionHandler  : Framework request rejected status=404 code=NOT_FOUND traceId=a0fa575b-c392-4732-ae8f-c4c405429053
2026-09-16T12:45:11.618+02:00  WARN 74494 --- [agilityhub-core-api] [           main] c.a.core.shared.api.ApiExceptionHandler  : Framework request rejected status=404 code=NOT_FOUND traceId=a5848905-6277-4968-a87c-e42f58c35cea
2026-09-16T12:45:11.620+02:00  WARN 74494 --- [agilityhub-core-api] [           main] c.a.core.shared.api.ApiExceptionHandler  : Framework request rejected status=404 code=NOT_FOUND traceId=be2bcd66-1f4e-49fe-8ac3-e9041abbc29f
2026-09-16T12:45:11.621+02:00  WARN 74494 --- [agilityhub-core-api] [           main] c.a.core.shared.api.ApiExceptionHandler  : Framework request rejected status=404 code=NOT_FOUND traceId=937f5450-be4a-4da6-8973-c8ae8ca5a355
2026-09-16T12:45:11.623+02:00  WARN 74494 --- [agilityhub-core-api] [           main] c.a.core.shared.api.ApiExceptionHandler  : Framework request rejected status=404 code=NOT_FOUND traceId=7796e208-7bb7-43e6-aa2a-0ec06fffc5fb
2026-09-16T12:45:11.624+02:00  WARN 74494 --- [agilityhub-core-api] [           main] c.a.core.shared.api.ApiExceptionHandler  : Framework request rejected status=404 code=NOT_FOUND traceId=4a3db6d3-a432-434d-9d78-d9cb7a813053
2026-09-16T12:45:11.626+02:00  WARN 74494 --- [agilityhub-core-api] [           main] c.a.core.shared.api.ApiExceptionHandler  : Framework request rejected status=404 code=NOT_FOUND traceId=32288062-9b85-4714-adb9-27902a5bbde4
2026-09-16T12:45:11.627+02:00  WARN 74494 --- [agilityhub-core-api] [           main] c.a.core.shared.api.ApiExceptionHandler  : Framework request rejected status=404 code=NOT_FOUND traceId=74128a32-e643-4a8d-a2ae-27a2d83e4593
2026-09-16T12:45:11.629+02:00  WARN 74494 --- [agilityhub-core-api] [           main] c.a.core.shared.api.ApiExceptionHandler  : Framework request rejected status=404 code=NOT_FOUND traceId=605cb71d-28a2-4983-86a6-a26a408ffab8
2026-09-16T12:45:11.631+02:00  WARN 74494 --- [agilityhub-core-api] [           main] c.a.core.shared.api.ApiExceptionHandler  : Framework request rejected status=404 code=NOT_FOUND traceId=bffe0261-38cf-4f51-8e74-4a75f15bd760
2026-09-16T12:45:11.632+02:00  WARN 74494 --- [agilityhub-core-api] [           main] c.a.core.shared.api.ApiExceptionHandler  : Framework request rejected status=404 code=NOT_FOUND traceId=5fad5044-14b1-4f9f-9b07-f4302ce69a18
2026-09-16T12:45:11.634+02:00  WARN 74494 --- [agilityhub-core-api] [           main] c.a.core.shared.api.ApiExceptionHandler  : Framework request rejected status=404 code=NOT_FOUND traceId=bb3d9ba8-d284-4fdf-bdbf-f3085ffac898
2026-09-16T12:45:11.636+02:00  WARN 74494 --- [agilityhub-core-api] [           main] c.a.core.shared.api.ApiExceptionHandler  : Framework request rejected status=404 code=NOT_FOUND traceId=5585d653-512e-4366-837d-e7c67142b5d2
2026-09-16T12:45:11.637+02:00  WARN 74494 --- [agilityhub-core-api] [           main] c.a.core.shared.api.ApiExceptionHandler  : Framework request rejected status=404 code=NOT_FOUND traceId=e9129b3d-8827-485d-8ec5-544f211dc517
2026-09-16T12:45:11.639+02:00  WARN 74494 --- [agilityhub-core-api] [           main] c.a.core.shared.api.ApiExceptionHandler  : Framework request rejected status=404 code=NOT_FOUND traceId=74010abc-eea9-4d0d-830b-81a56a5e7cbe
2026-09-16T12:45:11.640+02:00  WARN 74494 --- [agilityhub-core-api] [           main] c.a.core.shared.api.ApiExceptionHandler  : Framework request rejected status=404 code=NOT_FOUND traceId=c8baa133-85fc-4114-b04d-603b09fb144d
2026-09-16T12:45:11.642+02:00  WARN 74494 --- [agilityhub-core-api] [           main] c.a.core.shared.api.ApiExceptionHandler  : Framework request rejected status=404 code=NOT_FOUND traceId=7bda2317-4c16-40ce-b651-6f68e5e70ad9
2026-09-16T12:45:11.643+02:00  WARN 74494 --- [agilityhub-core-api] [           main] c.a.core.shared.api.ApiExceptionHandler  : Framework request rejected status=404 code=NOT_FOUND traceId=23cdbea6-2faa-4fa4-a157-bedb6a494a44
2026-09-16T12:45:11.646+02:00  WARN 74494 --- [agilityhub-core-api] [           main] c.a.core.shared.api.ApiExceptionHandler  : Framework request rejected status=404 code=NOT_FOUND traceId=bb11e34e-85c1-4cae-a082-85a8b8708cac
2026-09-16T12:45:11.648+02:00  WARN 74494 --- [agilityhub-core-api] [           main] c.a.core.shared.api.ApiExceptionHandler  : Framework request rejected status=404 code=NOT_FOUND traceId=71dd1940-7582-4101-8915-0f3b639c3338
2026-09-16T12:45:11.650+02:00  WARN 74494 --- [agilityhub-core-api] [           main] c.a.core.shared.api.ApiExceptionHandler  : Framework request rejected status=404 code=NOT_FOUND traceId=171ff060-3f48-4cb5-a396-f83f8b1e6e94
2026-09-16T12:45:11.652+02:00  WARN 74494 --- [agilityhub-core-api] [           main] c.a.core.shared.api.ApiExceptionHandler  : Framework request rejected status=404 code=NOT_FOUND traceId=86249891-a129-4e1a-a909-1377b7ecaf87
2026-09-16T12:45:11.654+02:00  WARN 74494 --- [agilityhub-core-api] [           main] c.a.core.shared.api.ApiExceptionHandler  : Framework request rejected status=404 code=NOT_FOUND traceId=80f1d566-bd6c-425a-ac22-e46fe4ce1531
2026-09-16T12:45:11.655+02:00  WARN 74494 --- [agilityhub-core-api] [           main] c.a.core.shared.api.ApiExceptionHandler  : Framework request rejected status=404 code=NOT_FOUND traceId=c1372bea-28d0-454c-83e7-02d42b223190
2026-09-16T12:45:11.657+02:00  WARN 74494 --- [agilityhub-core-api] [           main] c.a.core.shared.api.ApiExceptionHandler  : Framework request rejected status=404 code=NOT_FOUND traceId=6575900b-d879-49ce-b744-72f5fb4a65fa
2026-09-16T12:45:11.659+02:00  WARN 74494 --- [agilityhub-core-api] [           main] c.a.core.shared.api.ApiExceptionHandler  : Framework request rejected status=404 code=NOT_FOUND traceId=47936e41-48d9-4fdf-b9b9-cb72fb851d38
2026-09-16T12:45:11.660+02:00  WARN 74494 --- [agilityhub-core-api] [           main] c.a.core.shared.api.ApiExceptionHandler  : Framework request rejected status=404 code=NOT_FOUND traceId=1f68b295-8fd9-4efa-9436-4663949f2b0f
2026-09-16T12:45:11.662+02:00  WARN 74494 --- [agilityhub-core-api] [           main] c.a.core.shared.api.ApiExceptionHandler  : Framework request rejected status=404 code=NOT_FOUND traceId=4b1ca811-18d7-4068-8994-4e46b8173b5f
2026-09-16T12:45:11.663+02:00  WARN 74494 --- [agilityhub-core-api] [           main] c.a.core.shared.api.ApiExceptionHandler  : Framework request rejected status=404 code=NOT_FOUND traceId=d83172c4-902a-4f7b-817f-cf7c16b2ea3d
2026-09-16T12:45:11.665+02:00  WARN 74494 --- [agilityhub-core-api] [           main] c.a.core.shared.api.ApiExceptionHandler  : Framework request rejected status=404 code=NOT_FOUND traceId=caf23641-a794-4c83-a399-925558b3eae7
2026-09-16T12:45:11.666+02:00  WARN 74494 --- [agilityhub-core-api] [           main] c.a.core.shared.api.ApiExceptionHandler  : Framework request rejected status=404 code=NOT_FOUND traceId=33794fc3-0fc5-4169-a5a9-25ad11a613aa
2026-09-16T12:45:11.667+02:00  WARN 74494 --- [agilityhub-core-api] [           main] c.a.core.shared.api.ApiExceptionHandler  : Framework request rejected status=404 code=NOT_FOUND traceId=4ca1c0e2-eb16-45f9-bbbd-ce3ea246009c
2026-09-16T12:45:11.669+02:00  WARN 74494 --- [agilityhub-core-api] [           main] c.a.core.shared.api.ApiExceptionHandler  : Framework request rejected status=404 code=NOT_FOUND traceId=69d6238a-2e40-4b24-addf-aca7f1faaa41
2026-09-16T12:45:11.671+02:00  WARN 74494 --- [agilityhub-core-api] [           main] c.a.core.shared.api.ApiExceptionHandler  : Framework request rejected status=404 code=NOT_FOUND traceId=448fae2e-ef95-4952-aca5-6f60d8aa261c
2026-09-16T12:45:11.672+02:00  WARN 74494 --- [agilityhub-core-api] [           main] c.a.core.shared.api.ApiExceptionHandler  : Framework request rejected status=404 code=NOT_FOUND traceId=e60cc538-5048-44f4-a8b8-b7e003d8ff4e
2026-09-16T12:45:11.673+02:00  WARN 74494 --- [agilityhub-core-api] [           main] c.a.core.shared.api.ApiExceptionHandler  : Framework request rejected status=404 code=NOT_FOUND traceId=41c83cc1-0c0e-449f-970e-d34afe338dd5
2026-09-16T12:45:11.675+02:00  WARN 74494 --- [agilityhub-core-api] [           main] c.a.core.shared.api.ApiExceptionHandler  : Framework request rejected status=404 code=NOT_FOUND traceId=3518ceb2-8e87-4fae-bfcc-1b805054c1de
2026-09-16T12:45:11.676+02:00  WARN 74494 --- [agilityhub-core-api] [           main] c.a.core.shared.api.ApiExceptionHandler  : Framework request rejected status=404 code=NOT_FOUND traceId=c9819cc0-c7f1-4327-9b20-80487b24fc81
2026-09-16T12:45:11.678+02:00  WARN 74494 --- [agilityhub-core-api] [           main] c.a.core.shared.api.ApiExceptionHandler  : Framework request rejected status=404 code=NOT_FOUND traceId=2be7e244-83a8-467b-a37b-3ebb52b3ddb5
2026-09-16T12:45:11.679+02:00  WARN 74494 --- [agilityhub-core-api] [           main] c.a.core.shared.api.ApiExceptionHandler  : Framework request rejected status=404 code=NOT_FOUND traceId=7d9e4d32-2a46-4c26-b9dc-ba07985c9d62
2026-09-16T12:45:11.681+02:00  WARN 74494 --- [agilityhub-core-api] [           main] c.a.core.shared.api.ApiExceptionHandler  : Framework request rejected status=404 code=NOT_FOUND traceId=e8ebaff0-9528-402b-957c-e937a0e15713
2026-09-16T12:45:11.683+02:00  WARN 74494 --- [agilityhub-core-api] [           main] c.a.core.shared.api.ApiExceptionHandler  : Framework request rejected status=404 code=NOT_FOUND traceId=7ed18b32-dac9-4318-867d-0d7a2901f86f
2026-09-16T12:45:11.685+02:00  WARN 74494 --- [agilityhub-core-api] [           main] c.a.core.shared.api.ApiExceptionHandler  : Framework request rejected status=404 code=NOT_FOUND traceId=6cdf43bd-1272-47bb-8392-22c648435b72
2026-09-16T12:45:11.687+02:00  WARN 74494 --- [agilityhub-core-api] [           main] c.a.core.shared.api.ApiExceptionHandler  : Framework request rejected status=404 code=NOT_FOUND traceId=64bf9905-ddc9-466c-b79e-8987140419d0
2026-09-16T12:45:11.689+02:00  WARN 74494 --- [agilityhub-core-api] [           main] c.a.core.shared.api.ApiExceptionHandler  : Framework request rejected status=404 code=NOT_FOUND traceId=25be85c8-6949-4736-9c45-c2ded3c3742c
2026-09-16T12:45:11.691+02:00  WARN 74494 --- [agilityhub-core-api] [           main] c.a.core.shared.api.ApiExceptionHandler  : Framework request rejected status=404 code=NOT_FOUND traceId=fe0df501-9f8c-4554-8516-1eb5d4af819f
2026-09-16T12:45:11.693+02:00  WARN 74494 --- [agilityhub-core-api] [           main] c.a.core.shared.api.ApiExceptionHandler  : Framework request rejected status=404 code=NOT_FOUND traceId=e0f29abc-3c9a-44aa-aec1-01dc0577d13c
2026-09-16T12:45:11.695+02:00  WARN 74494 --- [agilityhub-core-api] [           main] c.a.core.shared.api.ApiExceptionHandler  : Framework request rejected status=404 code=NOT_FOUND traceId=039b717f-a3c7-420f-a54c-05155e6bca26
2026-09-16T12:45:11.698+02:00  WARN 74494 --- [agilityhub-core-api] [           main] c.a.core.shared.api.ApiExceptionHandler  : Framework request rejected status=404 code=NOT_FOUND traceId=78ff9d9e-5129-4034-8ef4-186014631a64
2026-09-16T12:45:11.700+02:00  WARN 74494 --- [agilityhub-core-api] [           main] c.a.core.shared.api.ApiExceptionHandler  : Framework request rejected status=404 code=NOT_FOUND traceId=88dfd4b4-0fff-4506-baab-e623c0b4a640
2026-09-16T12:45:11.702+02:00  WARN 74494 --- [agilityhub-core-api] [           main] c.a.core.shared.api.ApiExceptionHandler  : Framework request rejected status=404 code=NOT_FOUND traceId=7a36e2ed-499c-42a7-922e-72439892f854
2026-09-16T12:45:11.704+02:00  WARN 74494 --- [agilityhub-core-api] [           main] c.a.core.shared.api.ApiExceptionHandler  : Framework request rejected status=404 code=NOT_FOUND traceId=6a2e4b77-5d92-46f9-b06b-af136f1a81b1
2026-09-16T12:45:11.706+02:00  WARN 74494 --- [agilityhub-core-api] [           main] c.a.core.shared.api.ApiExceptionHandler  : Framework request rejected status=404 code=NOT_FOUND traceId=5f3985ba-fc48-4df5-aa4a-852a10e65651
2026-09-16T12:45:11.708+02:00  WARN 74494 --- [agilityhub-core-api] [           main] c.a.core.shared.api.ApiExceptionHandler  : Framework request rejected status=404 code=NOT_FOUND traceId=7130c51d-0bfd-41a2-9bae-2e93e517dd20
2026-09-16T12:45:11.710+02:00  WARN 74494 --- [agilityhub-core-api] [           main] c.a.core.shared.api.ApiExceptionHandler  : Framework request rejected status=404 code=NOT_FOUND traceId=a879696f-5d9b-407d-8dcf-bce7824c5201
2026-09-16T12:45:11.713+02:00  WARN 74494 --- [agilityhub-core-api] [           main] c.a.core.shared.api.ApiExceptionHandler  : Framework request rejected status=404 code=NOT_FOUND traceId=596b8db8-807f-4bc3-b0f8-1d53e8b2d3c7
2026-09-16T12:45:11.715+02:00  WARN 74494 --- [agilityhub-core-api] [           main] c.a.core.shared.api.ApiExceptionHandler  : Framework request rejected status=404 code=NOT_FOUND traceId=90f835e9-3a87-40ec-a45f-9cc82f9fea17
2026-09-16T12:45:11.717+02:00  WARN 74494 --- [agilityhub-core-api] [           main] c.a.core.shared.api.ApiExceptionHandler  : Framework request rejected status=404 code=NOT_FOUND traceId=c0dacc1f-733a-40f9-9030-21b9acc08066
2026-09-16T12:45:11.719+02:00  WARN 74494 --- [agilityhub-core-api] [           main] c.a.core.shared.api.ApiExceptionHandler  : Framework request rejected status=404 code=NOT_FOUND traceId=f3c0d60d-56a2-4b49-bb61-61f9258062e6
2026-09-16T12:45:11.722+02:00  WARN 74494 --- [agilityhub-core-api] [           main] c.a.core.shared.api.ApiExceptionHandler  : Framework request rejected status=404 code=NOT_FOUND traceId=96230e41-e410-4eef-99f2-06414065a4ef
2026-09-16T12:45:11.725+02:00  WARN 74494 --- [agilityhub-core-api] [           main] c.a.core.shared.api.ApiExceptionHandler  : Framework request rejected status=404 code=NOT_FOUND traceId=91ad61c4-fa26-4bf3-85bf-168d8f2e8615
2026-09-16T12:45:11.728+02:00  WARN 74494 --- [agilityhub-core-api] [           main] c.a.core.shared.api.ApiExceptionHandler  : Framework request rejected status=404 code=NOT_FOUND traceId=b38b88c7-aafa-4909-b8b2-061050c0d235
2026-09-16T12:45:11.730+02:00  WARN 74494 --- [agilityhub-core-api] [           main] c.a.core.shared.api.ApiExceptionHandler  : Framework request rejected status=404 code=NOT_FOUND traceId=1888a43a-98b0-4963-b242-7bff02638a0b
2026-09-16T12:45:11.733+02:00  WARN 74494 --- [agilityhub-core-api] [           main] c.a.core.shared.api.ApiExceptionHandler  : Framework request rejected status=404 code=NOT_FOUND traceId=4cb1a766-fd0e-4266-bafa-d5358c293ab9
2026-09-16T12:45:11.735+02:00  WARN 74494 --- [agilityhub-core-api] [           main] c.a.core.shared.api.ApiExceptionHandler  : Framework request rejected status=404 code=NOT_FOUND traceId=a7771ede-c9c6-412c-a641-0400a9b92c6b
2026-09-16T12:45:11.737+02:00  WARN 74494 --- [agilityhub-core-api] [           main] c.a.core.shared.api.ApiExceptionHandler  : Framework request rejected status=404 code=NOT_FOUND traceId=ff2bc265-ba0f-4a81-8a15-89a8f9ac0615
2026-09-16T12:45:11.739+02:00  WARN 74494 --- [agilityhub-core-api] [           main] c.a.core.shared.api.ApiExceptionHandler  : Framework request rejected status=404 code=NOT_FOUND traceId=73e78599-1a4b-4c59-ae7d-85e1f05d7ed6
2026-09-16T12:45:11.741+02:00  WARN 74494 --- [agilityhub-core-api] [           main] c.a.core.shared.api.ApiExceptionHandler  : Framework request rejected status=404 code=NOT_FOUND traceId=4f0c261a-149d-47c6-b3e9-a2b2a280df6c
2026-09-16T12:45:11.744+02:00  WARN 74494 --- [agilityhub-core-api] [           main] c.a.core.shared.api.ApiExceptionHandler  : Framework request rejected status=404 code=NOT_FOUND traceId=95a66d2e-def0-4407-8a8d-59eef232ac2c
2026-09-16T12:45:11.747+02:00  WARN 74494 --- [agilityhub-core-api] [           main] c.a.core.shared.api.ApiExceptionHandler  : Framework request rejected status=404 code=NOT_FOUND traceId=a9be9297-7d4b-47fd-8e5a-3729628790c9
2026-09-16T12:45:11.751+02:00  WARN 74494 --- [agilityhub-core-api] [           main] c.a.core.shared.api.ApiExceptionHandler  : Framework request rejected status=404 code=NOT_FOUND traceId=94fdaf00-db19-4394-b1d2-ac4a8c590b72
2026-09-16T12:45:11.753+02:00  WARN 74494 --- [agilityhub-core-api] [           main] c.a.core.shared.api.ApiExceptionHandler  : Framework request rejected status=404 code=NOT_FOUND traceId=43bc97b5-7cf2-48eb-8514-a33b751412a6
2026-09-16T12:45:11.756+02:00  WARN 74494 --- [agilityhub-core-api] [           main] c.a.core.shared.api.ApiExceptionHandler  : Framework request rejected status=404 code=NOT_FOUND traceId=ec42b0d5-28e0-42fa-92cd-ebf369bdd365
2026-09-16T12:45:11.759+02:00  WARN 74494 --- [agilityhub-core-api] [           main] c.a.core.shared.api.ApiExceptionHandler  : Framework request rejected status=404 code=NOT_FOUND traceId=2f2e4431-b989-4685-bc1b-9d5949693dd5
2026-09-16T12:45:11.762+02:00  WARN 74494 --- [agilityhub-core-api] [           main] c.a.core.shared.api.ApiExceptionHandler  : Framework request rejected status=404 code=NOT_FOUND traceId=0d80abea-b04f-4cf2-b98d-7554a0aa2151
2026-09-16T12:45:11.764+02:00  WARN 74494 --- [agilityhub-core-api] [           main] c.a.core.shared.api.ApiExceptionHandler  : Framework request rejected status=404 code=NOT_FOUND traceId=37b93189-38f2-46bd-9382-50037a607afd
2026-09-16T12:45:11.767+02:00  WARN 74494 --- [agilityhub-core-api] [           main] c.a.core.shared.api.ApiExceptionHandler  : Framework request rejected status=404 code=NOT_FOUND traceId=1921cf91-a6b4-4cfc-9f3f-8a7386a329b3
2026-09-16T12:45:11.769+02:00  WARN 74494 --- [agilityhub-core-api] [           main] c.a.core.shared.api.ApiExceptionHandler  : Framework request rejected status=404 code=NOT_FOUND traceId=9397e0e2-0d1e-4585-af6c-6a9c24104999
2026-09-16T12:45:11.771+02:00  WARN 74494 --- [agilityhub-core-api] [           main] c.a.core.shared.api.ApiExceptionHandler  : Framework request rejected status=404 code=NOT_FOUND traceId=c6a4452a-ef73-459e-b426-bc7a4315b470
2026-09-16T12:45:11.773+02:00  WARN 74494 --- [agilityhub-core-api] [           main] c.a.core.shared.api.ApiExceptionHandler  : Framework request rejected status=404 code=NOT_FOUND traceId=bc9bfece-3120-4031-8995-f66fcc021eaa
2026-09-16T12:45:11.775+02:00  WARN 74494 --- [agilityhub-core-api] [           main] c.a.core.shared.api.ApiExceptionHandler  : Framework request rejected status=404 code=NOT_FOUND traceId=ff80aab1-a8a0-42a7-a657-d4ce35b2c484
2026-09-16T12:45:11.777+02:00  WARN 74494 --- [agilityhub-core-api] [           main] c.a.core.shared.api.ApiExceptionHandler  : Framework request rejected status=404 code=NOT_FOUND traceId=d41f0ce2-96a6-4703-bfb8-e0b058ff0be4
2026-09-16T12:45:11.779+02:00  WARN 74494 --- [agilityhub-core-api] [           main] c.a.core.shared.api.ApiExceptionHandler  : Framework request rejected status=404 code=NOT_FOUND traceId=ea663d90-c873-4df2-a0ee-deb64489e905
2026-09-16T12:45:11.781+02:00  WARN 74494 --- [agilityhub-core-api] [           main] c.a.core.shared.api.ApiExceptionHandler  : Framework request rejected status=404 code=NOT_FOUND traceId=957eabdf-c9cf-4802-9383-57ceb88ec387
2026-09-16T12:45:11.782+02:00  WARN 74494 --- [agilityhub-core-api] [           main] c.a.core.shared.api.ApiExceptionHandler  : Framework request rejected status=404 code=NOT_FOUND traceId=2db16bb3-1b6d-4d8a-81ef-41eadce19a3b
2026-09-16T12:45:11.784+02:00  WARN 74494 --- [agilityhub-core-api] [           main] c.a.core.shared.api.ApiExceptionHandler  : Framework request rejected status=404 code=NOT_FOUND traceId=0e8ef0e0-d6ae-4313-9a10-07a12e12a232
2026-09-16T12:45:11.787+02:00  WARN 74494 --- [agilityhub-core-api] [           main] c.a.core.shared.api.ApiExceptionHandler  : Framework request rejected status=404 code=NOT_FOUND traceId=1e87392b-8c52-438d-9d6e-37b8e18b2547
2026-09-16T12:45:11.789+02:00  WARN 74494 --- [agilityhub-core-api] [           main] c.a.core.shared.api.ApiExceptionHandler  : Framework request rejected status=404 code=NOT_FOUND traceId=6644b8d6-121c-4a39-92ad-bf134bea7867
2026-09-16T12:45:11.791+02:00  WARN 74494 --- [agilityhub-core-api] [           main] c.a.core.shared.api.ApiExceptionHandler  : Framework request rejected status=404 code=NOT_FOUND traceId=baba8eff-444c-44cd-9e69-4e3f73be7711
2026-09-16T12:45:11.794+02:00  WARN 74494 --- [agilityhub-core-api] [           main] c.a.core.shared.api.ApiExceptionHandler  : Framework request rejected status=404 code=NOT_FOUND traceId=55c29f5d-4202-4c73-a08a-65617095e62b
2026-09-16T12:45:11.796+02:00  WARN 74494 --- [agilityhub-core-api] [           main] c.a.core.shared.api.ApiExceptionHandler  : Framework request rejected status=404 code=NOT_FOUND traceId=266ab54f-b0e2-49b2-a49d-dc9e1b774094
2026-09-16T12:45:11.799+02:00  WARN 74494 --- [agilityhub-core-api] [           main] c.a.core.shared.api.ApiExceptionHandler  : Framework request rejected status=404 code=NOT_FOUND traceId=67cc91a3-2b81-4b9e-9617-80d5dd9faffa
2026-09-16T12:45:11.801+02:00  WARN 74494 --- [agilityhub-core-api] [           main] c.a.core.shared.api.ApiExceptionHandler  : Framework request rejected status=404 code=NOT_FOUND traceId=1a0e201f-00de-4772-93a3-c12b2e7a05b6
2026-09-16T12:45:11.804+02:00  WARN 74494 --- [agilityhub-core-api] [           main] c.a.core.shared.api.ApiExceptionHandler  : Framework request rejected status=404 code=NOT_FOUND traceId=a7adbefd-a78f-4dbf-a7ff-8101a2d261d4
2026-09-16T12:45:11.806+02:00  WARN 74494 --- [agilityhub-core-api] [           main] c.a.core.shared.api.ApiExceptionHandler  : Framework request rejected status=404 code=NOT_FOUND traceId=17bfeb04-9bca-4569-91f7-94531e2481b1
2026-09-16T12:45:11.809+02:00  WARN 74494 --- [agilityhub-core-api] [           main] c.a.core.shared.api.ApiExceptionHandler  : Framework request rejected status=404 code=NOT_FOUND traceId=23eb585e-b0fb-4476-86a0-c248d493b079
2026-09-16T12:45:11.813+02:00  WARN 74494 --- [agilityhub-core-api] [           main] c.a.core.shared.api.ApiExceptionHandler  : Framework request rejected status=404 code=NOT_FOUND traceId=a998b48e-4a98-4ae9-b46c-0a9c5b5827d3
2026-09-16T12:45:11.817+02:00  WARN 74494 --- [agilityhub-core-api] [           main] c.a.core.shared.api.ApiExceptionHandler  : Framework request rejected status=404 code=NOT_FOUND traceId=22905a96-0ac7-4bff-b490-f13ab0213bdd
2026-09-16T12:45:11.821+02:00  WARN 74494 --- [agilityhub-core-api] [           main] c.a.core.shared.api.ApiExceptionHandler  : Framework request rejected status=404 code=NOT_FOUND traceId=d5d55737-bba4-4610-adec-c14c87d71c0d
2026-09-16T12:45:11.825+02:00  WARN 74494 --- [agilityhub-core-api] [           main] c.a.core.shared.api.ApiExceptionHandler  : Framework request rejected status=404 code=NOT_FOUND traceId=f7aff636-8c6f-4a44-bdf9-e2c4ccfd5ec0
2026-09-16T12:45:11.828+02:00  WARN 74494 --- [agilityhub-core-api] [           main] c.a.core.shared.api.ApiExceptionHandler  : Framework request rejected status=404 code=NOT_FOUND traceId=a082b9a8-e808-4f30-bfda-060fb2f2cacd
2026-09-16T12:45:11.832+02:00  WARN 74494 --- [agilityhub-core-api] [           main] c.a.core.shared.api.ApiExceptionHandler  : Framework request rejected status=404 code=NOT_FOUND traceId=4c58b773-77a7-461f-bc59-55429e86fb71
2026-09-16T12:45:11.835+02:00  WARN 74494 --- [agilityhub-core-api] [           main] c.a.core.shared.api.ApiExceptionHandler  : Framework request rejected status=404 code=NOT_FOUND traceId=8239a836-8013-4de8-b1ce-cc0eb8b5a68e
2026-09-16T12:45:11.838+02:00  WARN 74494 --- [agilityhub-core-api] [           main] c.a.core.shared.api.ApiExceptionHandler  : Framework request rejected status=404 code=NOT_FOUND traceId=fb321bbe-ce86-401c-bc97-b64e968d7885
2026-09-16T12:45:11.841+02:00  WARN 74494 --- [agilityhub-core-api] [           main] c.a.core.shared.api.ApiExceptionHandler  : Framework request rejected status=404 code=NOT_FOUND traceId=1f30e343-37a7-4826-aa1b-09020b0bbeca
2026-09-16T12:45:11.843+02:00  WARN 74494 --- [agilityhub-core-api] [           main] c.a.core.shared.api.ApiExceptionHandler  : Framework request rejected status=404 code=NOT_FOUND traceId=64404bb5-0a1c-4700-b628-d41ab7f995be
2026-09-16T12:45:11.846+02:00  WARN 74494 --- [agilityhub-core-api] [           main] c.a.core.shared.api.ApiExceptionHandler  : Framework request rejected status=404 code=NOT_FOUND traceId=62bb6937-9e45-4344-a9c2-71fa0853615d
2026-09-16T12:45:11.848+02:00  WARN 74494 --- [agilityhub-core-api] [           main] c.a.core.shared.api.ApiExceptionHandler  : Framework request rejected status=404 code=NOT_FOUND traceId=bf0bdf7a-dd76-4f5b-98e6-973b3be474ed
2026-09-16T12:45:11.851+02:00  WARN 74494 --- [agilityhub-core-api] [           main] c.a.core.shared.api.ApiExceptionHandler  : Framework request rejected status=404 code=NOT_FOUND traceId=d4a1def8-5c8d-4114-a572-ae8332e89086
2026-09-16T12:45:11.853+02:00  WARN 74494 --- [agilityhub-core-api] [           main] c.a.core.shared.api.ApiExceptionHandler  : Framework request rejected status=404 code=NOT_FOUND traceId=049d0f66-7148-4c06-bc74-a3d89b7fafc2
2026-09-16T12:45:11.856+02:00  WARN 74494 --- [agilityhub-core-api] [           main] c.a.core.shared.api.ApiExceptionHandler  : Framework request rejected status=404 code=NOT_FOUND traceId=f25776d3-37ad-4d1f-a899-6ce207eb33ce
2026-09-16T12:45:11.859+02:00  WARN 74494 --- [agilityhub-core-api] [           main] c.a.core.shared.api.ApiExceptionHandler  : Framework request rejected status=404 code=NOT_FOUND traceId=83815356-5cf2-4ee1-bcc5-d9224690247a
2026-09-16T12:45:11.862+02:00  WARN 74494 --- [agilityhub-core-api] [           main] c.a.core.shared.api.ApiExceptionHandler  : Framework request rejected status=404 code=NOT_FOUND traceId=e42fc877-f232-48be-a880-be682f5c82ce
2026-09-16T12:45:11.866+02:00  WARN 74494 --- [agilityhub-core-api] [           main] c.a.core.shared.api.ApiExceptionHandler  : Framework request rejected status=404 code=NOT_FOUND traceId=66b4083d-a7ed-444b-a828-5906b9408c54
2026-09-16T12:45:11.869+02:00  WARN 74494 --- [agilityhub-core-api] [           main] c.a.core.shared.api.ApiExceptionHandler  : Framework request rejected status=404 code=NOT_FOUND traceId=ee0b750c-3829-4037-a516-77a75382c52b
2026-09-16T12:45:11.873+02:00  WARN 74494 --- [agilityhub-core-api] [           main] c.a.core.shared.api.ApiExceptionHandler  : Framework request rejected status=404 code=NOT_FOUND traceId=dbbc5426-a855-4737-b126-ab36c9376fb4
2026-09-16T12:45:11.876+02:00  WARN 74494 --- [agilityhub-core-api] [           main] c.a.core.shared.api.ApiExceptionHandler  : Framework request rejected status=404 code=NOT_FOUND traceId=8e76d437-ae3b-41b4-a186-e2a4a0745115
2026-09-16T12:45:11.879+02:00  WARN 74494 --- [agilityhub-core-api] [           main] c.a.core.shared.api.ApiExceptionHandler  : Framework request rejected status=404 code=NOT_FOUND traceId=c6864caa-ed91-48be-9655-17fcee4ea189
2026-09-16T12:45:11.883+02:00  WARN 74494 --- [agilityhub-core-api] [           main] c.a.core.shared.api.ApiExceptionHandler  : Framework request rejected status=404 code=NOT_FOUND traceId=c86f5eac-2468-40c2-8baf-2d49a5652d24
2026-09-16T12:45:11.886+02:00  WARN 74494 --- [agilityhub-core-api] [           main] c.a.core.shared.api.ApiExceptionHandler  : Framework request rejected status=404 code=NOT_FOUND traceId=cf4ccf35-65d1-496d-a581-4e5942251928
2026-09-16T12:45:11.889+02:00  WARN 74494 --- [agilityhub-core-api] [           main] c.a.core.shared.api.ApiExceptionHandler  : Framework request rejected status=404 code=NOT_FOUND traceId=79dfef5d-cfb3-4e79-b706-85d9894fff28
2026-09-16T12:45:11.893+02:00  WARN 74494 --- [agilityhub-core-api] [           main] c.a.core.shared.api.ApiExceptionHandler  : Framework request rejected status=404 code=NOT_FOUND traceId=b870f5d7-e82b-4b29-8243-ecd1276d4d8d
2026-09-16T12:45:11.896+02:00  WARN 74494 --- [agilityhub-core-api] [           main] c.a.core.shared.api.ApiExceptionHandler  : Framework request rejected status=404 code=NOT_FOUND traceId=44a8d0e3-897f-484d-8daf-e491e5fb817a
2026-09-16T12:45:11.898+02:00  WARN 74494 --- [agilityhub-core-api] [           main] c.a.core.shared.api.ApiExceptionHandler  : Framework request rejected status=404 code=NOT_FOUND traceId=6a8c8b0b-df97-40a4-ac2a-5d3274d3e3a2
2026-09-16T12:45:11.901+02:00  WARN 74494 --- [agilityhub-core-api] [           main] c.a.core.shared.api.ApiExceptionHandler  : Framework request rejected status=404 code=NOT_FOUND traceId=bc5ca19a-c1b4-47c3-8caf-abcabe0e6101
2026-09-16T12:45:11.905+02:00  WARN 74494 --- [agilityhub-core-api] [           main] c.a.core.shared.api.ApiExceptionHandler  : Framework request rejected status=404 code=NOT_FOUND traceId=b373525c-1686-48f1-bdf5-7da70e3ec61e
2026-09-16T12:45:11.908+02:00  WARN 74494 --- [agilityhub-core-api] [           main] c.a.core.shared.api.ApiExceptionHandler  : Framework request rejected status=404 code=NOT_FOUND traceId=1323bb6b-fbfc-4cea-b339-c476a3add061
2026-09-16T12:45:11.913+02:00  WARN 74494 --- [agilityhub-core-api] [           main] c.a.core.shared.api.ApiExceptionHandler  : Framework request rejected status=404 code=NOT_FOUND traceId=b642dcf2-5b4d-448e-9f73-6a110171d705
2026-09-16T12:45:11.916+02:00  WARN 74494 --- [agilityhub-core-api] [           main] c.a.core.shared.api.ApiExceptionHandler  : Framework request rejected status=404 code=NOT_FOUND traceId=0d5254c2-3bc4-4431-a63a-b3f2d853670b
2026-09-16T12:45:11.921+02:00  WARN 74494 --- [agilityhub-core-api] [           main] c.a.core.shared.api.ApiExceptionHandler  : Framework request rejected status=404 code=NOT_FOUND traceId=6ced2d9a-8f60-4f0d-9c1d-992ddff634fe
2026-09-16T12:45:11.924+02:00  WARN 74494 --- [agilityhub-core-api] [           main] c.a.core.shared.api.ApiExceptionHandler  : Framework request rejected status=404 code=NOT_FOUND traceId=55ba43ca-8e8b-487c-8011-cab267285c4f
2026-09-16T12:45:11.928+02:00  WARN 74494 --- [agilityhub-core-api] [           main] c.a.core.shared.api.ApiExceptionHandler  : Framework request rejected status=404 code=NOT_FOUND traceId=42127916-ad68-4acb-a121-668049f51561
2026-09-16T12:45:11.933+02:00  WARN 74494 --- [agilityhub-core-api] [           main] c.a.core.shared.api.ApiExceptionHandler  : Framework request rejected status=404 code=NOT_FOUND traceId=ddc71f8b-cd88-4184-9392-a2ed3d2f3947
2026-09-16T12:45:11.938+02:00  WARN 74494 --- [agilityhub-core-api] [           main] c.a.core.shared.api.ApiExceptionHandler  : Framework request rejected status=404 code=NOT_FOUND traceId=9ed19bb0-b801-4772-a5e7-b5cf0f115ac3
2026-09-16T12:45:11.941+02:00  WARN 74494 --- [agilityhub-core-api] [           main] c.a.core.shared.api.ApiExceptionHandler  : Framework request rejected status=404 code=NOT_FOUND traceId=fbe43f88-db64-411f-876c-7e8321e81c36
2026-09-16T12:45:11.945+02:00  WARN 74494 --- [agilityhub-core-api] [           main] c.a.core.shared.api.ApiExceptionHandler  : Framework request rejected status=404 code=NOT_FOUND traceId=817f5cc9-2f39-4dd7-bbe7-0f2fe9e3a6a5
2026-09-16T12:45:11.950+02:00  WARN 74494 --- [agilityhub-core-api] [           main] c.a.core.shared.api.ApiExceptionHandler  : Framework request rejected status=404 code=NOT_FOUND traceId=c999e39f-73a2-4751-97db-5a118aa31a1a
2026-09-16T12:45:11.954+02:00  WARN 74494 --- [agilityhub-core-api] [           main] c.a.core.shared.api.ApiExceptionHandler  : Framework request rejected status=404 code=NOT_FOUND traceId=705c7fb0-3a21-47a4-8a2f-bd705e790ddc
2026-09-16T12:45:11.958+02:00  WARN 74494 --- [agilityhub-core-api] [           main] c.a.core.shared.api.ApiExceptionHandler  : Framework request rejected status=404 code=NOT_FOUND traceId=eeebed99-3137-40b7-8dea-7b6cc29f0394
2026-09-16T12:45:11.962+02:00  WARN 74494 --- [agilityhub-core-api] [           main] c.a.core.shared.api.ApiExceptionHandler  : Framework request rejected status=404 code=NOT_FOUND traceId=358d6334-a6ce-4863-9e46-8f01a7bcda0f
2026-09-16T12:45:11.966+02:00  WARN 74494 --- [agilityhub-core-api] [           main] c.a.core.shared.api.ApiExceptionHandler  : Framework request rejected status=404 code=NOT_FOUND traceId=b6a6980e-1ef2-4a4c-ad34-db72fc0c8ca7
2026-09-16T12:45:11.970+02:00  WARN 74494 --- [agilityhub-core-api] [           main] c.a.core.shared.api.ApiExceptionHandler  : Framework request rejected status=404 code=NOT_FOUND traceId=1b3651b9-3a31-476f-a25c-97e9bbfb1079
2026-09-16T12:45:11.973+02:00  WARN 74494 --- [agilityhub-core-api] [           main] c.a.core.shared.api.ApiExceptionHandler  : Framework request rejected status=404 code=NOT_FOUND traceId=c2bc3fa7-6361-40fe-8e1d-95f9ff7dea17
2026-09-16T12:45:11.982+02:00  WARN 74494 --- [agilityhub-core-api] [           main] c.a.core.shared.api.ApiExceptionHandler  : Framework request rejected status=404 code=NOT_FOUND traceId=f26e3b55-3d38-4b3a-a168-bf6dfd4b1243
2026-09-16T12:45:11.987+02:00  WARN 74494 --- [agilityhub-core-api] [           main] c.a.core.shared.api.ApiExceptionHandler  : Framework request rejected status=404 code=NOT_FOUND traceId=b3497175-546f-4220-a7e6-6e75b4fb4d99
2026-09-16T12:45:11.991+02:00  WARN 74494 --- [agilityhub-core-api] [           main] c.a.core.shared.api.ApiExceptionHandler  : Framework request rejected status=404 code=NOT_FOUND traceId=9790a8ab-efc4-4240-8890-f59cd7139c79
2026-09-16T12:45:11.995+02:00  WARN 74494 --- [agilityhub-core-api] [           main] c.a.core.shared.api.ApiExceptionHandler  : Framework request rejected status=404 code=NOT_FOUND traceId=cc41d9db-66a3-482a-bf0a-91fff95d32c4
2026-09-16T12:45:11.998+02:00  WARN 74494 --- [agilityhub-core-api] [           main] c.a.core.shared.api.ApiExceptionHandler  : Framework request rejected status=404 code=NOT_FOUND traceId=4cc410fb-b570-4bf4-9113-9dbce0b0ba73
2026-09-16T12:45:12.001+02:00  WARN 74494 --- [agilityhub-core-api] [           main] c.a.core.shared.api.ApiExceptionHandler  : Framework request rejected status=404 code=NOT_FOUND traceId=dd87ed46-4dcb-4760-8448-abad02d9962b
2026-09-16T12:45:12.005+02:00  WARN 74494 --- [agilityhub-core-api] [           main] c.a.core.shared.api.ApiExceptionHandler  : Framework request rejected status=404 code=NOT_FOUND traceId=7bdcc786-2b2e-4eb3-a0be-2e8190dfb4d7
2026-09-16T12:45:12.009+02:00  WARN 74494 --- [agilityhub-core-api] [           main] c.a.core.shared.api.ApiExceptionHandler  : Framework request rejected status=404 code=NOT_FOUND traceId=e07fb421-e147-46c3-92c4-04b088880b18
2026-09-16T12:45:12.011+02:00  WARN 74494 --- [agilityhub-core-api] [           main] c.a.core.shared.api.ApiExceptionHandler  : Framework request rejected status=404 code=NOT_FOUND traceId=17ddfae8-cec3-4c99-99ca-0a09c0e9f929
2026-09-16T12:45:12.014+02:00  WARN 74494 --- [agilityhub-core-api] [           main] c.a.core.shared.api.ApiExceptionHandler  : Framework request rejected status=404 code=NOT_FOUND traceId=85e15132-95b2-4ba2-9e3a-42b41eea30cd
2026-09-16T12:45:12.017+02:00  WARN 74494 --- [agilityhub-core-api] [           main] c.a.core.shared.api.ApiExceptionHandler  : Framework request rejected status=404 code=NOT_FOUND traceId=647bfcb4-9366-419c-997b-0f2bdbd720d6
2026-09-16T12:45:12.020+02:00  WARN 74494 --- [agilityhub-core-api] [           main] c.a.core.shared.api.ApiExceptionHandler  : Framework request rejected status=404 code=NOT_FOUND traceId=92f522ea-e6b9-47e8-ab3e-f1df054a5b18
2026-09-16T12:45:12.023+02:00  WARN 74494 --- [agilityhub-core-api] [           main] c.a.core.shared.api.ApiExceptionHandler  : Framework request rejected status=404 code=NOT_FOUND traceId=c5273b2a-1fba-420d-a5f2-82568e353042
2026-09-16T12:45:12.027+02:00  WARN 74494 --- [agilityhub-core-api] [           main] c.a.core.shared.api.ApiExceptionHandler  : Framework request rejected status=404 code=NOT_FOUND traceId=e964ae48-bfd2-45a1-9d6a-dda7bf05d0ff
2026-09-16T12:45:12.030+02:00  WARN 74494 --- [agilityhub-core-api] [           main] c.a.core.shared.api.ApiExceptionHandler  : Framework request rejected status=404 code=NOT_FOUND traceId=0deba4da-66fe-4649-ab35-46d6b7d60090
2026-09-16T12:45:12.034+02:00  WARN 74494 --- [agilityhub-core-api] [           main] c.a.core.shared.api.ApiExceptionHandler  : Framework request rejected status=404 code=NOT_FOUND traceId=5ab59583-1adf-4542-a3db-e3211ad3fb4b
2026-09-16T12:45:12.037+02:00  WARN 74494 --- [agilityhub-core-api] [           main] c.a.core.shared.api.ApiExceptionHandler  : Framework request rejected status=404 code=NOT_FOUND traceId=837f57e2-7a0e-43fa-b22c-892db1023692
2026-09-16T12:45:12.040+02:00  WARN 74494 --- [agilityhub-core-api] [           main] c.a.core.shared.api.ApiExceptionHandler  : Framework request rejected status=404 code=NOT_FOUND traceId=a420b10c-f45d-4f4e-8065-85b980e25c87
2026-09-16T12:45:12.043+02:00  WARN 74494 --- [agilityhub-core-api] [           main] c.a.core.shared.api.ApiExceptionHandler  : Framework request rejected status=404 code=NOT_FOUND traceId=ee99bd51-ee4e-4947-b448-d220770534b2
2026-09-16T12:45:12.046+02:00  WARN 74494 --- [agilityhub-core-api] [           main] c.a.core.shared.api.ApiExceptionHandler  : Framework request rejected status=404 code=NOT_FOUND traceId=440c00e2-55b7-4ad4-8c63-e5242fb3adc8
2026-09-16T12:45:12.049+02:00  WARN 74494 --- [agilityhub-core-api] [           main] c.a.core.shared.api.ApiExceptionHandler  : Framework request rejected status=404 code=NOT_FOUND traceId=0a2dfba1-e880-4e6c-97c5-bfde6f095a89
2026-09-16T12:45:12.052+02:00  WARN 74494 --- [agilityhub-core-api] [           main] c.a.core.shared.api.ApiExceptionHandler  : Framework request rejected status=404 code=NOT_FOUND traceId=2982f2cb-dae8-41dd-9c0f-8acb114520db
2026-09-16T12:45:12.056+02:00  WARN 74494 --- [agilityhub-core-api] [           main] c.a.core.shared.api.ApiExceptionHandler  : Framework request rejected status=404 code=NOT_FOUND traceId=2892cd8a-e2bb-4856-96e0-6436c205dc64
2026-09-16T12:45:12.059+02:00  WARN 74494 --- [agilityhub-core-api] [           main] c.a.core.shared.api.ApiExceptionHandler  : Framework request rejected status=404 code=NOT_FOUND traceId=27531bd2-8470-401c-9c9d-177238e48cbe
2026-09-16T12:45:12.067+02:00  WARN 74494 --- [agilityhub-core-api] [           main] c.a.core.shared.api.ApiExceptionHandler  : Framework request rejected status=404 code=NOT_FOUND traceId=359be2e5-4a8c-461e-b865-fa8c114077dc
2026-09-16T12:45:12.072+02:00  WARN 74494 --- [agilityhub-core-api] [           main] c.a.core.shared.api.ApiExceptionHandler  : Framework request rejected status=404 code=NOT_FOUND traceId=016e2127-f27e-4ea3-ac9e-51efc1df0648
2026-09-16T12:45:12.075+02:00  WARN 74494 --- [agilityhub-core-api] [           main] c.a.core.shared.api.ApiExceptionHandler  : Framework request rejected status=404 code=NOT_FOUND traceId=c110da18-1f9b-4a8f-ac04-f52cc4cc5f22
2026-09-16T12:45:12.079+02:00  WARN 74494 --- [agilityhub-core-api] [           main] c.a.core.shared.api.ApiExceptionHandler  : Framework request rejected status=404 code=NOT_FOUND traceId=397e8773-d811-4721-aa2d-936bc9ffeb0b
2026-09-16T12:45:12.082+02:00  WARN 74494 --- [agilityhub-core-api] [           main] c.a.core.shared.api.ApiExceptionHandler  : Framework request rejected status=404 code=NOT_FOUND traceId=d21b1053-627d-446a-ae96-18da53e9eaba
2026-09-16T12:45:12.085+02:00  WARN 74494 --- [agilityhub-core-api] [           main] c.a.core.shared.api.ApiExceptionHandler  : Framework request rejected status=404 code=NOT_FOUND traceId=b47f3980-4d80-440a-b944-b583bbcaeee0
2026-09-16T12:45:12.088+02:00  WARN 74494 --- [agilityhub-core-api] [           main] c.a.core.shared.api.ApiExceptionHandler  : Framework request rejected status=404 code=NOT_FOUND traceId=dff586ff-5e2f-4d2d-b1ac-7008f293b45f
2026-09-16T12:45:12.091+02:00  WARN 74494 --- [agilityhub-core-api] [           main] c.a.core.shared.api.ApiExceptionHandler  : Framework request rejected status=404 code=NOT_FOUND traceId=147e2823-08ad-45e4-b6cb-9d595443a2f1
2026-09-16T12:45:12.095+02:00  WARN 74494 --- [agilityhub-core-api] [           main] c.a.core.shared.api.ApiExceptionHandler  : Framework request rejected status=404 code=NOT_FOUND traceId=4b38a321-a353-4134-bcca-4c41470c3ff2
2026-09-16T12:45:12.098+02:00  WARN 74494 --- [agilityhub-core-api] [           main] c.a.core.shared.api.ApiExceptionHandler  : Framework request rejected status=404 code=NOT_FOUND traceId=7d6425a3-a3f7-4ea4-be3f-7c17343b3278
2026-09-16T12:45:12.101+02:00  WARN 74494 --- [agilityhub-core-api] [           main] c.a.core.shared.api.ApiExceptionHandler  : Framework request rejected status=404 code=NOT_FOUND traceId=77c90b7d-cee1-4e2d-857e-144f6a0d641a
2026-09-16T12:45:12.105+02:00  WARN 74494 --- [agilityhub-core-api] [           main] c.a.core.shared.api.ApiExceptionHandler  : Framework request rejected status=404 code=NOT_FOUND traceId=30ac8b0f-7d52-4d8e-afc7-630fbebe2af6
2026-09-16T12:45:12.108+02:00  WARN 74494 --- [agilityhub-core-api] [           main] c.a.core.shared.api.ApiExceptionHandler  : Framework request rejected status=404 code=NOT_FOUND traceId=7d35041c-5ac7-46ec-bb08-8d674556ff23
2026-09-16T12:45:12.112+02:00  WARN 74494 --- [agilityhub-core-api] [           main] c.a.core.shared.api.ApiExceptionHandler  : Framework request rejected status=404 code=NOT_FOUND traceId=b71092e0-3293-44ae-8ad4-6acfd9a2e212
2026-09-16T12:45:12.115+02:00  WARN 74494 --- [agilityhub-core-api] [           main] c.a.core.shared.api.ApiExceptionHandler  : Framework request rejected status=404 code=NOT_FOUND traceId=70201e72-3b4d-427e-9eb7-47dbe8dead1e
2026-09-16T12:45:12.117+02:00  WARN 74494 --- [agilityhub-core-api] [           main] c.a.core.shared.api.ApiExceptionHandler  : Framework request rejected status=404 code=NOT_FOUND traceId=3a836089-4dab-4388-a89e-8eaeafd169c2
2026-09-16T12:45:12.120+02:00  WARN 74494 --- [agilityhub-core-api] [           main] c.a.core.shared.api.ApiExceptionHandler  : Framework request rejected status=404 code=NOT_FOUND traceId=9a953627-10dc-49f8-9718-496e1274f2fd
2026-09-16T12:45:12.123+02:00  WARN 74494 --- [agilityhub-core-api] [           main] c.a.core.shared.api.ApiExceptionHandler  : Framework request rejected status=404 code=NOT_FOUND traceId=d950bb07-cf16-4a2f-8ce4-461705f7607f
2026-09-16T12:45:12.125+02:00  WARN 74494 --- [agilityhub-core-api] [           main] c.a.core.shared.api.ApiExceptionHandler  : Framework request rejected status=404 code=NOT_FOUND traceId=1576e4a9-5d9f-4dc2-9047-96b9331405a8
2026-09-16T12:45:12.128+02:00  WARN 74494 --- [agilityhub-core-api] [           main] c.a.core.shared.api.ApiExceptionHandler  : Framework request rejected status=404 code=NOT_FOUND traceId=1de4466c-f99c-460f-a974-2a8f750db399
2026-09-16T12:45:12.131+02:00  WARN 74494 --- [agilityhub-core-api] [           main] c.a.core.shared.api.ApiExceptionHandler  : Framework request rejected status=404 code=NOT_FOUND traceId=424b05c1-f6d2-482e-aafe-b35a339ec560
2026-09-16T12:45:12.134+02:00  WARN 74494 --- [agilityhub-core-api] [           main] c.a.core.shared.api.ApiExceptionHandler  : Framework request rejected status=404 code=NOT_FOUND traceId=da9f05b6-5198-4f7c-a01b-27b8fc6740b5
2026-09-16T12:45:12.136+02:00  WARN 74494 --- [agilityhub-core-api] [           main] c.a.core.shared.api.ApiExceptionHandler  : Framework request rejected status=404 code=NOT_FOUND traceId=42b9c776-7da0-4240-81d5-b814a4a62fd2
2026-09-16T12:45:12.140+02:00  WARN 74494 --- [agilityhub-core-api] [           main] c.a.core.shared.api.ApiExceptionHandler  : Framework request rejected status=404 code=NOT_FOUND traceId=ce425530-640d-4fb9-82ee-2f2d80b89bde
2026-09-16T12:45:12.143+02:00  WARN 74494 --- [agilityhub-core-api] [           main] c.a.core.shared.api.ApiExceptionHandler  : Framework request rejected status=404 code=NOT_FOUND traceId=fc368e35-0f2b-4386-90ba-f460b70cf48d
2026-09-16T12:45:12.146+02:00  WARN 74494 --- [agilityhub-core-api] [           main] c.a.core.shared.api.ApiExceptionHandler  : Framework request rejected status=404 code=NOT_FOUND traceId=e561068f-5b3f-4034-b360-514ecdc922ce
2026-09-16T12:45:12.149+02:00  WARN 74494 --- [agilityhub-core-api] [           main] c.a.core.shared.api.ApiExceptionHandler  : Framework request rejected status=404 code=NOT_FOUND traceId=c7e210cd-b34a-4b81-a8df-11899dd84f38
2026-09-16T12:45:12.152+02:00  WARN 74494 --- [agilityhub-core-api] [           main] c.a.core.shared.api.ApiExceptionHandler  : Framework request rejected status=404 code=NOT_FOUND traceId=68b4373e-4d2f-4964-829c-fea487820a2e
2026-09-16T12:45:12.155+02:00  WARN 74494 --- [agilityhub-core-api] [           main] c.a.core.shared.api.ApiExceptionHandler  : Framework request rejected status=404 code=NOT_FOUND traceId=3fd1f1e2-172b-41a9-8ff2-a1074bb8f1a3
2026-09-16T12:45:12.158+02:00  WARN 74494 --- [agilityhub-core-api] [           main] c.a.core.shared.api.ApiExceptionHandler  : Framework request rejected status=404 code=NOT_FOUND traceId=1fd52020-cbe0-4618-b162-fdb028d17d23
2026-09-16T12:45:12.161+02:00  WARN 74494 --- [agilityhub-core-api] [           main] c.a.core.shared.api.ApiExceptionHandler  : Framework request rejected status=404 code=NOT_FOUND traceId=9b6a2fea-485e-490a-a829-69a8f45c8eaf
2026-09-16T12:45:12.163+02:00  WARN 74494 --- [agilityhub-core-api] [           main] c.a.core.shared.api.ApiExceptionHandler  : Framework request rejected status=404 code=NOT_FOUND traceId=124a320b-0f20-4c50-8833-f4dba7f0d5fe
2026-09-16T12:45:12.167+02:00  WARN 74494 --- [agilityhub-core-api] [           main] c.a.core.shared.api.ApiExceptionHandler  : Framework request rejected status=404 code=NOT_FOUND traceId=6cdfe8a5-afe2-42f0-beef-0bbdb536c3f3
2026-09-16T12:45:12.169+02:00  WARN 74494 --- [agilityhub-core-api] [           main] c.a.core.shared.api.ApiExceptionHandler  : Framework request rejected status=404 code=NOT_FOUND traceId=1dc3dc65-22d8-49f6-99f0-e1f2c4cfa90e
2026-09-16T12:45:12.172+02:00  WARN 74494 --- [agilityhub-core-api] [           main] c.a.core.shared.api.ApiExceptionHandler  : Framework request rejected status=404 code=NOT_FOUND traceId=27daa665-7063-4c0c-a89d-b40edc537a92
2026-09-16T12:45:12.174+02:00  WARN 74494 --- [agilityhub-core-api] [           main] c.a.core.shared.api.ApiExceptionHandler  : Framework request rejected status=404 code=NOT_FOUND traceId=f471d58e-6b5b-45ec-9204-8e5d2ef30439
2026-09-16T12:45:12.177+02:00  WARN 74494 --- [agilityhub-core-api] [           main] c.a.core.shared.api.ApiExceptionHandler  : Framework request rejected status=404 code=NOT_FOUND traceId=5ae47174-6f47-4b4e-b44c-d5a2bd19abac
2026-09-16T12:45:12.180+02:00  WARN 74494 --- [agilityhub-core-api] [           main] c.a.core.shared.api.ApiExceptionHandler  : Framework request rejected status=404 code=NOT_FOUND traceId=c94bd4bc-6f52-458c-877b-d975f0fb3156
2026-09-16T12:45:12.182+02:00  WARN 74494 --- [agilityhub-core-api] [           main] c.a.core.shared.api.ApiExceptionHandler  : Framework request rejected status=404 code=NOT_FOUND traceId=540b6393-1026-41c5-b460-7a6a7f995aac
2026-09-16T12:45:12.185+02:00  WARN 74494 --- [agilityhub-core-api] [           main] c.a.core.shared.api.ApiExceptionHandler  : Framework request rejected status=404 code=NOT_FOUND traceId=3072b3a8-32a3-4502-985d-d0e35a408f81
2026-09-16T12:45:12.188+02:00  WARN 74494 --- [agilityhub-core-api] [           main] c.a.core.shared.api.ApiExceptionHandler  : Framework request rejected status=404 code=NOT_FOUND traceId=4dfd727d-c9bc-4998-92cf-5764596bb6c0
2026-09-16T12:45:12.191+02:00  WARN 74494 --- [agilityhub-core-api] [           main] c.a.core.shared.api.ApiExceptionHandler  : Framework request rejected status=404 code=NOT_FOUND traceId=e3964f57-464a-46b3-bf93-ccf2c6c4764b
2026-09-16T12:45:12.194+02:00  WARN 74494 --- [agilityhub-core-api] [           main] c.a.core.shared.api.ApiExceptionHandler  : Framework request rejected status=404 code=NOT_FOUND traceId=0d53ca90-599e-4921-8356-4dd3c41ad4a0
2026-09-16T12:45:12.197+02:00  WARN 74494 --- [agilityhub-core-api] [           main] c.a.core.shared.api.ApiExceptionHandler  : Framework request rejected status=404 code=NOT_FOUND traceId=f201aeff-1096-4b30-a7d9-e34e8e304d12
2026-09-16T12:45:12.199+02:00  WARN 74494 --- [agilityhub-core-api] [           main] c.a.core.shared.api.ApiExceptionHandler  : Framework request rejected status=404 code=NOT_FOUND traceId=67b9eb7e-fb7b-40f7-bd7c-1bd712a28544
2026-09-16T12:45:12.202+02:00  WARN 74494 --- [agilityhub-core-api] [           main] c.a.core.shared.api.ApiExceptionHandler  : Framework request rejected status=404 code=NOT_FOUND traceId=d5d3b867-9fb8-428e-ace3-2d7431fa2d38
2026-09-16T12:45:12.204+02:00  WARN 74494 --- [agilityhub-core-api] [           main] c.a.core.shared.api.ApiExceptionHandler  : Framework request rejected status=404 code=NOT_FOUND traceId=264a0274-503a-4d28-a998-245f16bbdcc1
2026-09-16T12:45:12.206+02:00  WARN 74494 --- [agilityhub-core-api] [           main] c.a.core.shared.api.ApiExceptionHandler  : Framework request rejected status=404 code=NOT_FOUND traceId=23c11fa3-76eb-41f7-ab79-be579773001d
2026-09-16T12:45:12.208+02:00  WARN 74494 --- [agilityhub-core-api] [           main] c.a.core.shared.api.ApiExceptionHandler  : Framework request rejected status=404 code=NOT_FOUND traceId=a902f68f-e781-4060-b935-c7eb4f68b4b6
2026-09-16T12:45:12.211+02:00  WARN 74494 --- [agilityhub-core-api] [           main] c.a.core.shared.api.ApiExceptionHandler  : Framework request rejected status=404 code=NOT_FOUND traceId=f8b25178-cd5b-4b40-b27d-2b63a174b130
2026-09-16T12:45:12.213+02:00  WARN 74494 --- [agilityhub-core-api] [           main] c.a.core.shared.api.ApiExceptionHandler  : Framework request rejected status=404 code=NOT_FOUND traceId=68e31f5f-18e7-4979-b0f7-8d40e755e3ac
2026-09-16T12:45:12.216+02:00  WARN 74494 --- [agilityhub-core-api] [           main] c.a.core.shared.api.ApiExceptionHandler  : Framework request rejected status=404 code=NOT_FOUND traceId=cc2518f3-bee0-4266-87a5-29c80b202b24
2026-09-16T12:45:12.218+02:00  WARN 74494 --- [agilityhub-core-api] [           main] c.a.core.shared.api.ApiExceptionHandler  : Framework request rejected status=404 code=NOT_FOUND traceId=acf610a9-515e-4642-80d2-e9b1dc4225a9
2026-09-16T12:45:12.221+02:00  WARN 74494 --- [agilityhub-core-api] [           main] c.a.core.shared.api.ApiExceptionHandler  : Framework request rejected status=404 code=NOT_FOUND traceId=bd5b1c3c-0e57-454c-9bc7-5c7509d30e90
2026-09-16T12:45:12.224+02:00  WARN 74494 --- [agilityhub-core-api] [           main] c.a.core.shared.api.ApiExceptionHandler  : Framework request rejected status=404 code=NOT_FOUND traceId=3f44b396-109f-4d3b-9b91-9c84a58a7119
2026-09-16T12:45:12.227+02:00  WARN 74494 --- [agilityhub-core-api] [           main] c.a.core.shared.api.ApiExceptionHandler  : Framework request rejected status=404 code=NOT_FOUND traceId=0bf74166-4d21-4ea8-8c72-5f32d2904a44
2026-09-16T12:45:12.229+02:00  WARN 74494 --- [agilityhub-core-api] [           main] c.a.core.shared.api.ApiExceptionHandler  : Framework request rejected status=404 code=NOT_FOUND traceId=266d6823-e4d5-47d8-8bb6-3d226aabc69d
2026-09-16T12:45:12.231+02:00  WARN 74494 --- [agilityhub-core-api] [           main] c.a.core.shared.api.ApiExceptionHandler  : Framework request rejected status=404 code=NOT_FOUND traceId=6f994804-9f5e-42c3-b939-8abbb62d530a
2026-09-16T12:45:12.233+02:00  WARN 74494 --- [agilityhub-core-api] [           main] c.a.core.shared.api.ApiExceptionHandler  : Framework request rejected status=404 code=NOT_FOUND traceId=2ecf9519-3277-45de-a5ed-ac7573b44565
2026-09-16T12:45:12.235+02:00  WARN 74494 --- [agilityhub-core-api] [           main] c.a.core.shared.api.ApiExceptionHandler  : Framework request rejected status=404 code=NOT_FOUND traceId=eb42c946-5f54-4ea9-9d68-5aa15171e4b1
2026-09-16T12:45:12.238+02:00  WARN 74494 --- [agilityhub-core-api] [           main] c.a.core.shared.api.ApiExceptionHandler  : Framework request rejected status=404 code=NOT_FOUND traceId=80567de4-8595-4847-acb8-eeda0c43faa4
2026-09-16T12:45:12.240+02:00  WARN 74494 --- [agilityhub-core-api] [           main] c.a.core.shared.api.ApiExceptionHandler  : Framework request rejected status=404 code=NOT_FOUND traceId=15d4b1e6-9e6f-40ab-94e1-188245f36036
2026-09-16T12:45:12.242+02:00  WARN 74494 --- [agilityhub-core-api] [           main] c.a.core.shared.api.ApiExceptionHandler  : Framework request rejected status=404 code=NOT_FOUND traceId=e26d825c-cb99-4660-b1eb-88ad7fbe60f7
2026-09-16T12:45:12.245+02:00  WARN 74494 --- [agilityhub-core-api] [           main] c.a.core.shared.api.ApiExceptionHandler  : Framework request rejected status=404 code=NOT_FOUND traceId=409389b0-e4f3-4476-a388-b4b48f36007f
2026-09-16T12:45:12.247+02:00  WARN 74494 --- [agilityhub-core-api] [           main] c.a.core.shared.api.ApiExceptionHandler  : Framework request rejected status=404 code=NOT_FOUND traceId=f9b57d62-8bea-4e2a-9cef-184bb90b1727
2026-09-16T12:45:12.250+02:00  WARN 74494 --- [agilityhub-core-api] [           main] c.a.core.shared.api.ApiExceptionHandler  : Framework request rejected status=404 code=NOT_FOUND traceId=f747338e-48a8-47c7-9bca-c859de239714
2026-09-16T12:45:12.253+02:00  WARN 74494 --- [agilityhub-core-api] [           main] c.a.core.shared.api.ApiExceptionHandler  : Framework request rejected status=404 code=NOT_FOUND traceId=39b511cc-4f2c-4cb8-bdd3-80c1a4030f5c
2026-09-16T12:45:12.256+02:00  WARN 74494 --- [agilityhub-core-api] [           main] c.a.core.shared.api.ApiExceptionHandler  : Framework request rejected status=404 code=NOT_FOUND traceId=3ec85ad8-d00d-4bbc-8b36-7991372fd655
2026-09-16T12:45:12.258+02:00  WARN 74494 --- [agilityhub-core-api] [           main] c.a.core.shared.api.ApiExceptionHandler  : Framework request rejected status=404 code=NOT_FOUND traceId=6d1cd3f0-7f6c-4f11-82b6-9655448311a6
2026-09-16T12:45:12.261+02:00  WARN 74494 --- [agilityhub-core-api] [           main] c.a.core.shared.api.ApiExceptionHandler  : Framework request rejected status=404 code=NOT_FOUND traceId=8389783a-c23e-4284-9bef-8448de737f92
2026-09-16T12:45:12.264+02:00  WARN 74494 --- [agilityhub-core-api] [           main] c.a.core.shared.api.ApiExceptionHandler  : Framework request rejected status=404 code=NOT_FOUND traceId=3a0f647d-0c3b-4d03-88c3-a4a3e9d3565f
2026-09-16T12:45:12.266+02:00  WARN 74494 --- [agilityhub-core-api] [           main] c.a.core.shared.api.ApiExceptionHandler  : Framework request rejected status=404 code=NOT_FOUND traceId=6463842a-559e-40b7-850d-dc80533d6a22
2026-09-16T12:45:12.268+02:00  WARN 74494 --- [agilityhub-core-api] [           main] c.a.core.shared.api.ApiExceptionHandler  : Framework request rejected status=404 code=NOT_FOUND traceId=a01c694e-1d30-46f7-8560-dab8b44439a7
2026-09-16T12:45:12.271+02:00  WARN 74494 --- [agilityhub-core-api] [           main] c.a.core.shared.api.ApiExceptionHandler  : Framework request rejected status=404 code=NOT_FOUND traceId=b0b5fb5b-623e-401b-b1fb-22ff56bb0928
2026-09-16T12:45:12.274+02:00  WARN 74494 --- [agilityhub-core-api] [           main] c.a.core.shared.api.ApiExceptionHandler  : Framework request rejected status=404 code=NOT_FOUND traceId=9c8c349e-56b4-4a6c-b73d-d1d0b2fc0781
2026-09-16T12:45:12.277+02:00  WARN 74494 --- [agilityhub-core-api] [           main] c.a.core.shared.api.ApiExceptionHandler  : Framework request rejected status=404 code=NOT_FOUND traceId=02a8b5c8-9cc5-4e59-b9ca-10749a69067e
2026-09-16T12:45:12.279+02:00  WARN 74494 --- [agilityhub-core-api] [           main] c.a.core.shared.api.ApiExceptionHandler  : Framework request rejected status=404 code=NOT_FOUND traceId=a89c1ffe-1c8e-413b-a3bd-e18b7e9e5a17
2026-09-16T12:45:12.281+02:00  WARN 74494 --- [agilityhub-core-api] [           main] c.a.core.shared.api.ApiExceptionHandler  : Framework request rejected status=404 code=NOT_FOUND traceId=92a191fc-cc5d-4268-827a-589854604b6e
2026-09-16T12:45:12.284+02:00  WARN 74494 --- [agilityhub-core-api] [           main] c.a.core.shared.api.ApiExceptionHandler  : Framework request rejected status=404 code=NOT_FOUND traceId=04f9f868-d34f-4f54-859b-3e882d7642a7
2026-09-16T12:45:12.286+02:00  WARN 74494 --- [agilityhub-core-api] [           main] c.a.core.shared.api.ApiExceptionHandler  : Framework request rejected status=404 code=NOT_FOUND traceId=90ee04dc-29c1-40c5-889e-1f3ecfdc03be
2026-09-16T12:45:12.288+02:00  WARN 74494 --- [agilityhub-core-api] [           main] c.a.core.shared.api.ApiExceptionHandler  : Framework request rejected status=404 code=NOT_FOUND traceId=6e403deb-ecb3-40c6-aa71-4e0e14584324
2026-09-16T12:45:12.291+02:00  WARN 74494 --- [agilityhub-core-api] [           main] c.a.core.shared.api.ApiExceptionHandler  : Framework request rejected status=404 code=NOT_FOUND traceId=1b9ed9ee-7dc2-4591-9175-483e508f0c8f
2026-09-16T12:45:12.293+02:00  WARN 74494 --- [agilityhub-core-api] [           main] c.a.core.shared.api.ApiExceptionHandler  : Framework request rejected status=404 code=NOT_FOUND traceId=25909ebc-7e30-439f-9dc1-4606026b3539
2026-09-16T12:45:12.295+02:00  WARN 74494 --- [agilityhub-core-api] [           main] c.a.core.shared.api.ApiExceptionHandler  : Framework request rejected status=404 code=NOT_FOUND traceId=73f8304b-cb4b-4e82-b25d-aaa89af5d455
2026-09-16T12:45:12.298+02:00  WARN 74494 --- [agilityhub-core-api] [           main] c.a.core.shared.api.ApiExceptionHandler  : Framework request rejected status=404 code=NOT_FOUND traceId=bc51723e-03a1-4e0d-a035-3105d967b099
2026-09-16T12:45:12.299+02:00  WARN 74494 --- [agilityhub-core-api] [           main] c.a.core.shared.api.ApiExceptionHandler  : Framework request rejected status=404 code=NOT_FOUND traceId=3257ab84-b96b-4924-a689-07f0419a347b
2026-09-16T12:45:12.302+02:00  WARN 74494 --- [agilityhub-core-api] [           main] c.a.core.shared.api.ApiExceptionHandler  : Framework request rejected status=404 code=NOT_FOUND traceId=6934de03-a328-4d13-9fc7-9f346a070753
2026-09-16T12:45:12.306+02:00  WARN 74494 --- [agilityhub-core-api] [           main] c.a.core.shared.api.ApiExceptionHandler  : Framework request rejected status=404 code=NOT_FOUND traceId=f42f8e9a-3bda-4797-8d7e-187d09f20297
2026-09-16T12:45:12.309+02:00  WARN 74494 --- [agilityhub-core-api] [           main] c.a.core.shared.api.ApiExceptionHandler  : Framework request rejected status=404 code=NOT_FOUND traceId=d315ff80-5081-4615-adeb-4b95ad501376
2026-09-16T12:45:12.311+02:00  WARN 74494 --- [agilityhub-core-api] [           main] c.a.core.shared.api.ApiExceptionHandler  : Framework request rejected status=404 code=NOT_FOUND traceId=98e544ae-c5c7-4ace-9705-45a9a91cce00
2026-09-16T12:45:12.315+02:00  WARN 74494 --- [agilityhub-core-api] [           main] c.a.core.shared.api.ApiExceptionHandler  : Framework request rejected status=404 code=NOT_FOUND traceId=a393c3ef-5175-47e0-99d6-153905824481
2026-09-16T12:45:12.317+02:00  WARN 74494 --- [agilityhub-core-api] [           main] c.a.core.shared.api.ApiExceptionHandler  : Framework request rejected status=404 code=NOT_FOUND traceId=704371e9-052e-49a7-85b5-269d4cf72123
2026-09-16T12:45:12.319+02:00  WARN 74494 --- [agilityhub-core-api] [           main] c.a.core.shared.api.ApiExceptionHandler  : Framework request rejected status=404 code=NOT_FOUND traceId=bd034207-c89c-46ef-bbfe-646ad1f4c5d4
2026-09-16T12:45:12.321+02:00  WARN 74494 --- [agilityhub-core-api] [           main] c.a.core.shared.api.ApiExceptionHandler  : Framework request rejected status=404 code=NOT_FOUND traceId=b9982faa-3da7-491b-aa01-3ced5b768bf9
2026-09-16T12:45:12.324+02:00  WARN 74494 --- [agilityhub-core-api] [           main] c.a.core.shared.api.ApiExceptionHandler  : Framework request rejected status=404 code=NOT_FOUND traceId=fe7c57c7-06bb-4549-a766-7b39e7170c01
2026-09-16T12:45:12.326+02:00  WARN 74494 --- [agilityhub-core-api] [           main] c.a.core.shared.api.ApiExceptionHandler  : Framework request rejected status=404 code=NOT_FOUND traceId=e1d65c50-49e6-4070-9260-23e7b6e3f134
2026-09-16T12:45:12.328+02:00  WARN 74494 --- [agilityhub-core-api] [           main] c.a.core.shared.api.ApiExceptionHandler  : Framework request rejected status=404 code=NOT_FOUND traceId=0bdcf564-5ad9-42da-98b2-084edf4ff995
2026-09-16T12:45:12.330+02:00  WARN 74494 --- [agilityhub-core-api] [           main] c.a.core.shared.api.ApiExceptionHandler  : Framework request rejected status=404 code=NOT_FOUND traceId=6e6256ff-1bdf-4b50-bff3-f171a4bf85aa
2026-09-16T12:45:12.334+02:00  WARN 74494 --- [agilityhub-core-api] [           main] c.a.core.shared.api.ApiExceptionHandler  : Framework request rejected status=404 code=NOT_FOUND traceId=4080695f-21e0-4293-aefa-4df9345538a7
2026-09-16T12:45:12.337+02:00  WARN 74494 --- [agilityhub-core-api] [           main] c.a.core.shared.api.ApiExceptionHandler  : Framework request rejected status=404 code=NOT_FOUND traceId=ff0af11d-8052-4add-a0c1-1595c889758c
2026-09-16T12:45:12.340+02:00  WARN 74494 --- [agilityhub-core-api] [           main] c.a.core.shared.api.ApiExceptionHandler  : Framework request rejected status=404 code=NOT_FOUND traceId=100eb0fa-f423-4baf-b877-81284a0ffa7a
2026-09-16T12:45:12.344+02:00  WARN 74494 --- [agilityhub-core-api] [           main] c.a.core.shared.api.ApiExceptionHandler  : Framework request rejected status=404 code=NOT_FOUND traceId=f2b8e26d-4af1-421b-a7df-e9f18be3befd
2026-09-16T12:45:12.348+02:00  WARN 74494 --- [agilityhub-core-api] [           main] c.a.core.shared.api.ApiExceptionHandler  : Framework request rejected status=404 code=NOT_FOUND traceId=7235c02a-2b56-4409-8a0c-e52b13171e2c
2026-09-16T12:45:12.351+02:00  WARN 74494 --- [agilityhub-core-api] [           main] c.a.core.shared.api.ApiExceptionHandler  : Framework request rejected status=404 code=NOT_FOUND traceId=f300ab2b-1c60-4d30-a818-5bab923a7e1f
2026-09-16T12:45:12.354+02:00  WARN 74494 --- [agilityhub-core-api] [           main] c.a.core.shared.api.ApiExceptionHandler  : Framework request rejected status=404 code=NOT_FOUND traceId=3d072cd7-19e2-4ae3-ac8d-d94f2729e2d6
2026-09-16T12:45:12.358+02:00  WARN 74494 --- [agilityhub-core-api] [           main] c.a.core.shared.api.ApiExceptionHandler  : Framework request rejected status=404 code=NOT_FOUND traceId=fc3a458f-bc0a-4ccf-a16a-35406ac8dc60
2026-09-16T12:45:12.360+02:00  WARN 74494 --- [agilityhub-core-api] [           main] c.a.core.shared.api.ApiExceptionHandler  : Framework request rejected status=404 code=NOT_FOUND traceId=645d8d31-7d4a-4206-9db8-f494edc25e42
2026-09-16T12:45:12.363+02:00  WARN 74494 --- [agilityhub-core-api] [           main] c.a.core.shared.api.ApiExceptionHandler  : Framework request rejected status=404 code=NOT_FOUND traceId=7b5edf9d-0104-4e52-8b98-5843b77799ed
2026-09-16T12:45:12.366+02:00  WARN 74494 --- [agilityhub-core-api] [           main] c.a.core.shared.api.ApiExceptionHandler  : Framework request rejected status=404 code=NOT_FOUND traceId=faf5a417-c2b2-4fc8-81e8-a30920776a31
2026-09-16T12:45:12.368+02:00  WARN 74494 --- [agilityhub-core-api] [           main] c.a.core.shared.api.ApiExceptionHandler  : Framework request rejected status=404 code=NOT_FOUND traceId=0861b697-9c15-4de4-bd2b-ce0b7e15cab2
2026-09-16T12:45:12.371+02:00  WARN 74494 --- [agilityhub-core-api] [           main] c.a.core.shared.api.ApiExceptionHandler  : Framework request rejected status=404 code=NOT_FOUND traceId=a01eec60-9beb-442c-901e-86f970569999
2026-09-16T12:45:12.374+02:00  WARN 74494 --- [agilityhub-core-api] [           main] c.a.core.shared.api.ApiExceptionHandler  : Framework request rejected status=404 code=NOT_FOUND traceId=e44ed6c2-a4f6-4860-9311-713d53e06062
2026-09-16T12:45:12.377+02:00  WARN 74494 --- [agilityhub-core-api] [           main] c.a.core.shared.api.ApiExceptionHandler  : Framework request rejected status=404 code=NOT_FOUND traceId=6c00f1c8-97e4-4f14-bfda-db617a474ecb
2026-09-16T12:45:12.380+02:00  WARN 74494 --- [agilityhub-core-api] [           main] c.a.core.shared.api.ApiExceptionHandler  : Framework request rejected status=404 code=NOT_FOUND traceId=0c0a2352-2f4c-41c6-88b1-e3daae623820
2026-09-16T12:45:12.383+02:00  WARN 74494 --- [agilityhub-core-api] [           main] c.a.core.shared.api.ApiExceptionHandler  : Framework request rejected status=404 code=NOT_FOUND traceId=291bf0d3-714a-4244-902e-38d5e40c5ab2
2026-09-16T12:45:12.386+02:00  WARN 74494 --- [agilityhub-core-api] [           main] c.a.core.shared.api.ApiExceptionHandler  : Framework request rejected status=404 code=NOT_FOUND traceId=69fc9203-faee-4352-b9e9-ba6523cd3768
2026-09-16T12:45:12.390+02:00  WARN 74494 --- [agilityhub-core-api] [           main] c.a.core.shared.api.ApiExceptionHandler  : Framework request rejected status=404 code=NOT_FOUND traceId=f7fcc745-a4c8-41c6-ab7b-812f15c2c94b
2026-09-16T12:45:12.393+02:00  WARN 74494 --- [agilityhub-core-api] [           main] c.a.core.shared.api.ApiExceptionHandler  : Framework request rejected status=404 code=NOT_FOUND traceId=fdf62a2f-2ae1-4512-ba15-beb6353cfa82
2026-09-16T12:45:12.397+02:00  WARN 74494 --- [agilityhub-core-api] [           main] c.a.core.shared.api.ApiExceptionHandler  : Framework request rejected status=404 code=NOT_FOUND traceId=75796389-578b-4119-b995-7067aaff3488
2026-09-16T12:45:12.399+02:00  WARN 74494 --- [agilityhub-core-api] [           main] c.a.core.shared.api.ApiExceptionHandler  : Framework request rejected status=404 code=NOT_FOUND traceId=227daf26-4fee-4d13-bef1-de74db9c95ce
2026-09-16T12:45:12.401+02:00  WARN 74494 --- [agilityhub-core-api] [           main] c.a.core.shared.api.ApiExceptionHandler  : Framework request rejected status=404 code=NOT_FOUND traceId=733efd68-c723-4372-b4db-e2a4fdd9d7d9
2026-09-16T12:45:12.403+02:00  WARN 74494 --- [agilityhub-core-api] [           main] c.a.core.shared.api.ApiExceptionHandler  : Framework request rejected status=404 code=NOT_FOUND traceId=71902b54-e149-42ce-b600-99e419e97243
2026-09-16T12:45:12.405+02:00  WARN 74494 --- [agilityhub-core-api] [           main] c.a.core.shared.api.ApiExceptionHandler  : Framework request rejected status=404 code=NOT_FOUND traceId=5164199f-5c8b-4749-be30-cb6667d1fdf3
2026-09-16T12:45:12.408+02:00  WARN 74494 --- [agilityhub-core-api] [           main] c.a.core.shared.api.ApiExceptionHandler  : Framework request rejected status=404 code=NOT_FOUND traceId=76698a9c-3565-4e4d-8eab-3f299d10b7fe
2026-09-16T12:45:12.410+02:00  WARN 74494 --- [agilityhub-core-api] [           main] c.a.core.shared.api.ApiExceptionHandler  : Framework request rejected status=404 code=NOT_FOUND traceId=0be99587-0ab6-4081-b1fb-b68058a02979
2026-09-16T12:45:12.412+02:00  WARN 74494 --- [agilityhub-core-api] [           main] c.a.core.shared.api.ApiExceptionHandler  : Framework request rejected status=404 code=NOT_FOUND traceId=180eb7fb-af1f-4936-87c1-2f24ed08b841
2026-09-16T12:45:12.414+02:00  WARN 74494 --- [agilityhub-core-api] [           main] c.a.core.shared.api.ApiExceptionHandler  : Framework request rejected status=404 code=NOT_FOUND traceId=a373ca3f-ddfb-4637-9b1c-c36d972db2f3
2026-09-16T12:45:12.417+02:00  WARN 74494 --- [agilityhub-core-api] [           main] c.a.core.shared.api.ApiExceptionHandler  : Framework request rejected status=404 code=NOT_FOUND traceId=261368f1-60c4-482e-8a34-0072392e2b12
2026-09-16T12:45:12.419+02:00  WARN 74494 --- [agilityhub-core-api] [           main] c.a.core.shared.api.ApiExceptionHandler  : Framework request rejected status=404 code=NOT_FOUND traceId=78062a17-b5ce-4f40-bba0-f44b129f46d2
2026-09-16T12:45:12.421+02:00  WARN 74494 --- [agilityhub-core-api] [           main] c.a.core.shared.api.ApiExceptionHandler  : Framework request rejected status=404 code=NOT_FOUND traceId=f0cae3ae-6800-4e31-a9a6-862549878f46
2026-09-16T12:45:12.423+02:00  WARN 74494 --- [agilityhub-core-api] [           main] c.a.core.shared.api.ApiExceptionHandler  : Framework request rejected status=404 code=NOT_FOUND traceId=6b402252-ea0c-488e-937a-203a95e030ca
2026-09-16T12:45:12.426+02:00  WARN 74494 --- [agilityhub-core-api] [           main] c.a.core.shared.api.ApiExceptionHandler  : Framework request rejected status=404 code=NOT_FOUND traceId=5b288700-0162-41a7-95aa-67acd04faadb
2026-09-16T12:45:12.428+02:00  WARN 74494 --- [agilityhub-core-api] [           main] c.a.core.shared.api.ApiExceptionHandler  : Framework request rejected status=404 code=NOT_FOUND traceId=9439932e-2e32-4c05-b6ac-9b403ad0b1a7
2026-09-16T12:45:12.431+02:00  WARN 74494 --- [agilityhub-core-api] [           main] c.a.core.shared.api.ApiExceptionHandler  : Framework request rejected status=404 code=NOT_FOUND traceId=5b685921-937a-4cfd-9e52-f9a73b9c977f
2026-09-16T12:45:12.433+02:00  WARN 74494 --- [agilityhub-core-api] [           main] c.a.core.shared.api.ApiExceptionHandler  : Framework request rejected status=404 code=NOT_FOUND traceId=1dbc70e4-2a21-490d-8c4d-63975a2dd634
2026-09-16T12:45:12.435+02:00  WARN 74494 --- [agilityhub-core-api] [           main] c.a.core.shared.api.ApiExceptionHandler  : Framework request rejected status=404 code=NOT_FOUND traceId=87e48cd2-8bb0-4874-b176-7fd103e33df1
2026-09-16T12:45:12.437+02:00  WARN 74494 --- [agilityhub-core-api] [           main] c.a.core.shared.api.ApiExceptionHandler  : Framework request rejected status=404 code=NOT_FOUND traceId=1b0638cb-af6b-4d9a-be17-61f78fba259f
2026-09-16T12:45:12.439+02:00  WARN 74494 --- [agilityhub-core-api] [           main] c.a.core.shared.api.ApiExceptionHandler  : Framework request rejected status=404 code=NOT_FOUND traceId=76d792e1-a590-4001-b692-f98bef32219b
2026-09-16T12:45:12.442+02:00  WARN 74494 --- [agilityhub-core-api] [           main] c.a.core.shared.api.ApiExceptionHandler  : Framework request rejected status=404 code=NOT_FOUND traceId=bbea74df-efc9-4e85-a481-b014aefaa011
2026-09-16T12:45:12.444+02:00  WARN 74494 --- [agilityhub-core-api] [           main] c.a.core.shared.api.ApiExceptionHandler  : Framework request rejected status=404 code=NOT_FOUND traceId=7337b297-76e8-47d5-862f-42113ea2f222
2026-09-16T12:45:12.446+02:00  WARN 74494 --- [agilityhub-core-api] [           main] c.a.core.shared.api.ApiExceptionHandler  : Framework request rejected status=404 code=NOT_FOUND traceId=2783e8ad-5e61-4501-a371-f4e1eae3aa57
2026-09-16T12:45:12.449+02:00  WARN 74494 --- [agilityhub-core-api] [           main] c.a.core.shared.api.ApiExceptionHandler  : Framework request rejected status=404 code=NOT_FOUND traceId=ba13aed4-4c1c-40d0-9014-3cf6e4cc8d54
2026-09-16T12:45:12.452+02:00  WARN 74494 --- [agilityhub-core-api] [           main] c.a.core.shared.api.ApiExceptionHandler  : Framework request rejected status=404 code=NOT_FOUND traceId=1d15ab76-103d-44c6-b49a-4c0677e8b4f1
2026-09-16T12:45:12.455+02:00  WARN 74494 --- [agilityhub-core-api] [           main] c.a.core.shared.api.ApiExceptionHandler  : Framework request rejected status=404 code=NOT_FOUND traceId=9508cf0e-9387-40c2-bb4d-b6e3f91f1841
2026-09-16T12:45:12.458+02:00  WARN 74494 --- [agilityhub-core-api] [           main] c.a.core.shared.api.ApiExceptionHandler  : Framework request rejected status=404 code=NOT_FOUND traceId=1082b5ff-edca-496e-8142-569bb6d0e8e9
2026-09-16T12:45:12.461+02:00  WARN 74494 --- [agilityhub-core-api] [           main] c.a.core.shared.api.ApiExceptionHandler  : Framework request rejected status=404 code=NOT_FOUND traceId=e7f2ffdd-ff4c-45ea-baf4-110ffacfafe6
2026-09-16T12:45:12.463+02:00  WARN 74494 --- [agilityhub-core-api] [           main] c.a.core.shared.api.ApiExceptionHandler  : Framework request rejected status=404 code=NOT_FOUND traceId=e931b7bf-a310-45c4-a0c9-9813126da983
2026-09-16T12:45:12.466+02:00  WARN 74494 --- [agilityhub-core-api] [           main] c.a.core.shared.api.ApiExceptionHandler  : Framework request rejected status=404 code=NOT_FOUND traceId=a18bd5c7-9da9-4568-8828-367d381f368a
2026-09-16T12:45:12.468+02:00  WARN 74494 --- [agilityhub-core-api] [           main] c.a.core.shared.api.ApiExceptionHandler  : Framework request rejected status=404 code=NOT_FOUND traceId=0d1461ef-f0bc-4536-965e-1ae6d3893d23
2026-09-16T12:45:12.470+02:00  WARN 74494 --- [agilityhub-core-api] [           main] c.a.core.shared.api.ApiExceptionHandler  : Framework request rejected status=404 code=NOT_FOUND traceId=72afe562-38b2-4b1a-b86d-74b67fbf36f6
2026-09-16T12:45:12.472+02:00  WARN 74494 --- [agilityhub-core-api] [           main] c.a.core.shared.api.ApiExceptionHandler  : Framework request rejected status=404 code=NOT_FOUND traceId=f6549b0d-bcbe-40c2-887a-d2f02f66a9ee
2026-09-16T12:45:12.475+02:00  WARN 74494 --- [agilityhub-core-api] [           main] c.a.core.shared.api.ApiExceptionHandler  : Framework request rejected status=404 code=NOT_FOUND traceId=8aedac81-3928-4f55-a1f1-7416f3c599fb
2026-09-16T12:45:12.477+02:00  WARN 74494 --- [agilityhub-core-api] [           main] c.a.core.shared.api.ApiExceptionHandler  : Framework request rejected status=404 code=NOT_FOUND traceId=b2b83101-bcb1-430c-9008-2cc3ad207434
2026-09-16T12:45:12.479+02:00  WARN 74494 --- [agilityhub-core-api] [           main] c.a.core.shared.api.ApiExceptionHandler  : Framework request rejected status=404 code=NOT_FOUND traceId=c87edcc1-825e-4a5e-af99-0c478b381f29
2026-09-16T12:45:12.481+02:00  WARN 74494 --- [agilityhub-core-api] [           main] c.a.core.shared.api.ApiExceptionHandler  : Framework request rejected status=404 code=NOT_FOUND traceId=525aa908-e548-46e8-be2f-f61d16decf1c
2026-09-16T12:45:12.484+02:00  WARN 74494 --- [agilityhub-core-api] [           main] c.a.core.shared.api.ApiExceptionHandler  : Framework request rejected status=404 code=NOT_FOUND traceId=a2e7411c-d30c-495f-9f15-03163a776d21
2026-09-16T12:45:12.486+02:00  WARN 74494 --- [agilityhub-core-api] [           main] c.a.core.shared.api.ApiExceptionHandler  : Framework request rejected status=404 code=NOT_FOUND traceId=4acd8dab-44e3-4ee2-ad06-371a052de632
2026-09-16T12:45:12.488+02:00  WARN 74494 --- [agilityhub-core-api] [           main] c.a.core.shared.api.ApiExceptionHandler  : Framework request rejected status=404 code=NOT_FOUND traceId=1a606e51-730e-42ba-addd-8a37233090ab
2026-09-16T12:45:12.490+02:00  WARN 74494 --- [agilityhub-core-api] [           main] c.a.core.shared.api.ApiExceptionHandler  : Framework request rejected status=404 code=NOT_FOUND traceId=6478369c-d6ad-4577-a1cf-d02c31c13594
2026-09-16T12:45:12.493+02:00  WARN 74494 --- [agilityhub-core-api] [           main] c.a.core.shared.api.ApiExceptionHandler  : Framework request rejected status=404 code=NOT_FOUND traceId=9dd05b83-27f9-4ffd-9634-919cc2744457
2026-09-16T12:45:12.496+02:00  WARN 74494 --- [agilityhub-core-api] [           main] c.a.core.shared.api.ApiExceptionHandler  : Framework request rejected status=404 code=NOT_FOUND traceId=2a41e662-6aff-4edb-9447-c677814866ef
2026-09-16T12:45:12.498+02:00  WARN 74494 --- [agilityhub-core-api] [           main] c.a.core.shared.api.ApiExceptionHandler  : Framework request rejected status=404 code=NOT_FOUND traceId=4470305a-06ac-4241-a97c-9ea562661403
2026-09-16T12:45:12.500+02:00  WARN 74494 --- [agilityhub-core-api] [           main] c.a.core.shared.api.ApiExceptionHandler  : Framework request rejected status=404 code=NOT_FOUND traceId=b7935f04-7d3d-42ab-89d8-596d4e10406a
2026-09-16T12:45:12.503+02:00  WARN 74494 --- [agilityhub-core-api] [           main] c.a.core.shared.api.ApiExceptionHandler  : Framework request rejected status=404 code=NOT_FOUND traceId=48bda4ce-70b6-4225-b5e2-8ccd4aa80b01
2026-09-16T12:45:12.505+02:00  WARN 74494 --- [agilityhub-core-api] [           main] c.a.core.shared.api.ApiExceptionHandler  : Framework request rejected status=404 code=NOT_FOUND traceId=e0d982c9-e7c3-424b-b3dd-dbf1ca3614f1
2026-09-16T12:45:12.507+02:00  WARN 74494 --- [agilityhub-core-api] [           main] c.a.core.shared.api.ApiExceptionHandler  : Framework request rejected status=404 code=NOT_FOUND traceId=ab864a4d-15a7-4d4e-916a-b5c7ea1c4f9c
2026-09-16T12:45:12.509+02:00  WARN 74494 --- [agilityhub-core-api] [           main] c.a.core.shared.api.ApiExceptionHandler  : Framework request rejected status=404 code=NOT_FOUND traceId=1f1ebd21-61c7-4012-8a63-177bbf3de510
2026-09-16T12:45:12.510+02:00  WARN 74494 --- [agilityhub-core-api] [           main] c.a.core.shared.api.ApiExceptionHandler  : Framework request rejected status=404 code=NOT_FOUND traceId=4746b23f-c6aa-4051-bb00-254f28ad5806
2026-09-16T12:45:12.512+02:00  WARN 74494 --- [agilityhub-core-api] [           main] c.a.core.shared.api.ApiExceptionHandler  : Framework request rejected status=404 code=NOT_FOUND traceId=3a297171-48d0-4503-8dde-fc9d58644d1c
2026-09-16T12:45:12.514+02:00  WARN 74494 --- [agilityhub-core-api] [           main] c.a.core.shared.api.ApiExceptionHandler  : Framework request rejected status=404 code=NOT_FOUND traceId=e535c98d-8876-4c03-a96c-94360ebe1b36
2026-09-16T12:45:12.516+02:00  WARN 74494 --- [agilityhub-core-api] [           main] c.a.core.shared.api.ApiExceptionHandler  : Framework request rejected status=404 code=NOT_FOUND traceId=7d9ae484-d06a-4192-8a76-c304727b5e52
2026-09-16T12:45:12.519+02:00  WARN 74494 --- [agilityhub-core-api] [           main] c.a.core.shared.api.ApiExceptionHandler  : Framework request rejected status=404 code=NOT_FOUND traceId=c7745e23-eb24-4c21-98ef-58a1156b0c5a
2026-09-16T12:45:12.521+02:00  WARN 74494 --- [agilityhub-core-api] [           main] c.a.core.shared.api.ApiExceptionHandler  : Framework request rejected status=404 code=NOT_FOUND traceId=2d82c358-7055-4ec7-898e-0d1dbaab0187
2026-09-16T12:45:12.524+02:00  WARN 74494 --- [agilityhub-core-api] [           main] c.a.core.shared.api.ApiExceptionHandler  : Framework request rejected status=404 code=NOT_FOUND traceId=4156327f-e94c-4307-9106-d55b7bcbf2c7
2026-09-16T12:45:12.527+02:00  WARN 74494 --- [agilityhub-core-api] [           main] c.a.core.shared.api.ApiExceptionHandler  : Framework request rejected status=404 code=NOT_FOUND traceId=ffe58c34-d4ee-4130-94bf-bb7f877de572
2026-09-16T12:45:12.529+02:00  WARN 74494 --- [agilityhub-core-api] [           main] c.a.core.shared.api.ApiExceptionHandler  : Framework request rejected status=404 code=NOT_FOUND traceId=9f230249-09ad-48c5-ab61-6f13b63cfda9
2026-09-16T12:45:12.532+02:00  WARN 74494 --- [agilityhub-core-api] [           main] c.a.core.shared.api.ApiExceptionHandler  : Framework request rejected status=404 code=NOT_FOUND traceId=b94cc78e-1ada-477e-8046-2840676b678e
2026-09-16T12:45:12.535+02:00  WARN 74494 --- [agilityhub-core-api] [           main] c.a.core.shared.api.ApiExceptionHandler  : Framework request rejected status=404 code=NOT_FOUND traceId=ea34313c-23cb-4a73-aea2-7a5ec573e033
2026-09-16T12:45:12.537+02:00  WARN 74494 --- [agilityhub-core-api] [           main] c.a.core.shared.api.ApiExceptionHandler  : Framework request rejected status=404 code=NOT_FOUND traceId=f8a0f260-acbd-4871-94f6-bf1e1fbcb96b
2026-09-16T12:45:12.540+02:00  WARN 74494 --- [agilityhub-core-api] [           main] c.a.core.shared.api.ApiExceptionHandler  : Framework request rejected status=404 code=NOT_FOUND traceId=344c3d90-a66d-48c7-a2f1-ca923ab2edba
2026-09-16T12:45:12.542+02:00  WARN 74494 --- [agilityhub-core-api] [           main] c.a.core.shared.api.ApiExceptionHandler  : Framework request rejected status=404 code=NOT_FOUND traceId=3275a448-20e9-4173-bb18-413c526e2c29
2026-09-16T12:45:12.544+02:00  WARN 74494 --- [agilityhub-core-api] [           main] c.a.core.shared.api.ApiExceptionHandler  : Framework request rejected status=404 code=NOT_FOUND traceId=fb5de0ce-35b5-4a75-9a03-afd0da12ab45
2026-09-16T12:45:12.546+02:00  WARN 74494 --- [agilityhub-core-api] [           main] c.a.core.shared.api.ApiExceptionHandler  : Framework request rejected status=404 code=NOT_FOUND traceId=8db9e0c7-71b8-4e97-b4e6-449da191e485
2026-09-16T12:45:12.548+02:00  WARN 74494 --- [agilityhub-core-api] [           main] c.a.core.shared.api.ApiExceptionHandler  : Framework request rejected status=404 code=NOT_FOUND traceId=f8cfdbde-816c-4503-a9d3-b9229a7ef909
2026-09-16T12:45:12.549+02:00  WARN 74494 --- [agilityhub-core-api] [           main] c.a.core.shared.api.ApiExceptionHandler  : Framework request rejected status=404 code=NOT_FOUND traceId=fefaa7c5-4f98-44fd-9b24-dfc3f48adb9a
2026-09-16T12:45:12.551+02:00  WARN 74494 --- [agilityhub-core-api] [           main] c.a.core.shared.api.ApiExceptionHandler  : Framework request rejected status=404 code=NOT_FOUND traceId=15b6094e-41bf-4c25-9f78-efaab4c6c2c1
2026-09-16T12:45:12.552+02:00  WARN 74494 --- [agilityhub-core-api] [           main] c.a.core.shared.api.ApiExceptionHandler  : Framework request rejected status=404 code=NOT_FOUND traceId=cf7c819e-5eab-4507-8e75-98003b319212
2026-09-16T12:45:12.554+02:00  WARN 74494 --- [agilityhub-core-api] [           main] c.a.core.shared.api.ApiExceptionHandler  : Framework request rejected status=404 code=NOT_FOUND traceId=db8fcaf1-6ec0-44ef-a79c-a53e677071f8
2026-09-16T12:45:12.556+02:00  WARN 74494 --- [agilityhub-core-api] [           main] c.a.core.shared.api.ApiExceptionHandler  : Framework request rejected status=404 code=NOT_FOUND traceId=fbdeacdd-197b-4de5-940a-9c5b633e524e
2026-09-16T12:45:12.558+02:00  WARN 74494 --- [agilityhub-core-api] [           main] c.a.core.shared.api.ApiExceptionHandler  : Framework request rejected status=404 code=NOT_FOUND traceId=91b6fe85-974d-4031-b370-22923d5d2a48
2026-09-16T12:45:12.559+02:00  WARN 74494 --- [agilityhub-core-api] [           main] c.a.core.shared.api.ApiExceptionHandler  : Framework request rejected status=404 code=NOT_FOUND traceId=6569cfcb-9965-469c-87c8-a38b9d532959
2026-09-16T12:45:12.561+02:00  WARN 74494 --- [agilityhub-core-api] [           main] c.a.core.shared.api.ApiExceptionHandler  : Framework request rejected status=404 code=NOT_FOUND traceId=f279dd27-47b0-4734-9add-77ffd6cabbf0
2026-09-16T12:45:12.563+02:00  WARN 74494 --- [agilityhub-core-api] [           main] c.a.core.shared.api.ApiExceptionHandler  : Framework request rejected status=404 code=NOT_FOUND traceId=96c0f21c-b073-4d64-8406-f3535d8e50c8
2026-09-16T12:45:12.565+02:00  WARN 74494 --- [agilityhub-core-api] [           main] c.a.core.shared.api.ApiExceptionHandler  : Framework request rejected status=404 code=NOT_FOUND traceId=f925ec0c-51f0-489e-b240-7f5147774752
2026-09-16T12:45:12.567+02:00  WARN 74494 --- [agilityhub-core-api] [           main] c.a.core.shared.api.ApiExceptionHandler  : Framework request rejected status=404 code=NOT_FOUND traceId=2bbcde57-f4ba-4dfd-b59a-dc37e3a6d4f6
2026-09-16T12:45:12.570+02:00  WARN 74494 --- [agilityhub-core-api] [           main] c.a.core.shared.api.ApiExceptionHandler  : Framework request rejected status=404 code=NOT_FOUND traceId=c497538e-0372-4832-a494-f4bbd314a470
2026-09-16T12:45:12.572+02:00  WARN 74494 --- [agilityhub-core-api] [           main] c.a.core.shared.api.ApiExceptionHandler  : Framework request rejected status=404 code=NOT_FOUND traceId=ec0ed098-671e-44ae-adc1-c59c285c3757
2026-09-16T12:45:12.575+02:00  WARN 74494 --- [agilityhub-core-api] [           main] c.a.core.shared.api.ApiExceptionHandler  : Framework request rejected status=404 code=NOT_FOUND traceId=42770cff-95a1-4fbb-bef2-a54727a1a5f1
2026-09-16T12:45:12.576+02:00  WARN 74494 --- [agilityhub-core-api] [           main] c.a.core.shared.api.ApiExceptionHandler  : Framework request rejected status=404 code=NOT_FOUND traceId=de83456a-4b87-4a57-bea8-1d690c9bcc0a
2026-09-16T12:45:12.578+02:00  WARN 74494 --- [agilityhub-core-api] [           main] c.a.core.shared.api.ApiExceptionHandler  : Framework request rejected status=404 code=NOT_FOUND traceId=260ab5b9-b6a1-4518-a9b1-1a5ff3f0960f
2026-09-16T12:45:12.579+02:00  WARN 74494 --- [agilityhub-core-api] [           main] c.a.core.shared.api.ApiExceptionHandler  : Framework request rejected status=404 code=NOT_FOUND traceId=e38142c0-0154-4f61-876c-d04161ec5b58
2026-09-16T12:45:12.581+02:00  WARN 74494 --- [agilityhub-core-api] [           main] c.a.core.shared.api.ApiExceptionHandler  : Framework request rejected status=404 code=NOT_FOUND traceId=a36e8388-550a-48c1-877c-35d39240252b
2026-09-16T12:45:12.583+02:00  WARN 74494 --- [agilityhub-core-api] [           main] c.a.core.shared.api.ApiExceptionHandler  : Framework request rejected status=404 code=NOT_FOUND traceId=bb02f421-c81d-493a-ab6f-94bf9a9a7adf
2026-09-16T12:45:12.585+02:00  WARN 74494 --- [agilityhub-core-api] [           main] c.a.core.shared.api.ApiExceptionHandler  : Framework request rejected status=404 code=NOT_FOUND traceId=de259051-0cd0-4ac3-a623-94860ba9c0fa
2026-09-16T12:45:12.587+02:00  WARN 74494 --- [agilityhub-core-api] [           main] c.a.core.shared.api.ApiExceptionHandler  : Framework request rejected status=404 code=NOT_FOUND traceId=75680c74-3dfa-49dc-affb-36623fc2feba
2026-09-16T12:45:12.589+02:00  WARN 74494 --- [agilityhub-core-api] [           main] c.a.core.shared.api.ApiExceptionHandler  : Framework request rejected status=404 code=NOT_FOUND traceId=f7200ff5-2a53-448d-8132-fadb07ef9036
2026-09-16T12:45:12.591+02:00  WARN 74494 --- [agilityhub-core-api] [           main] c.a.core.shared.api.ApiExceptionHandler  : Framework request rejected status=404 code=NOT_FOUND traceId=54f1bc20-7df8-43d3-9def-96a0149c6dc7
2026-09-16T12:45:12.593+02:00  WARN 74494 --- [agilityhub-core-api] [           main] c.a.core.shared.api.ApiExceptionHandler  : Framework request rejected status=404 code=NOT_FOUND traceId=45ce46f4-6839-4772-be4e-38b409e5d864
2026-09-16T12:45:12.595+02:00  WARN 74494 --- [agilityhub-core-api] [           main] c.a.core.shared.api.ApiExceptionHandler  : Framework request rejected status=404 code=NOT_FOUND traceId=382fe869-518f-4737-adac-b1eec39984ab
2026-09-16T12:45:12.598+02:00  WARN 74494 --- [agilityhub-core-api] [           main] c.a.core.shared.api.ApiExceptionHandler  : Framework request rejected status=404 code=NOT_FOUND traceId=ffeeec86-72e4-4ec9-9f11-f98d2fbf0ae0
2026-09-16T12:45:12.601+02:00  WARN 74494 --- [agilityhub-core-api] [           main] c.a.core.shared.api.ApiExceptionHandler  : Framework request rejected status=404 code=NOT_FOUND traceId=c0634081-71f5-4660-80ee-86359fd528e5
2026-09-16T12:45:12.603+02:00  WARN 74494 --- [agilityhub-core-api] [           main] c.a.core.shared.api.ApiExceptionHandler  : Framework request rejected status=404 code=NOT_FOUND traceId=4df65050-f0dd-4681-ac2c-002578f7a823
2026-09-16T12:45:12.606+02:00  WARN 74494 --- [agilityhub-core-api] [           main] c.a.core.shared.api.ApiExceptionHandler  : Framework request rejected status=404 code=NOT_FOUND traceId=1594d26a-d71b-434c-afb0-26508ea981f4
2026-09-16T12:45:12.607+02:00  WARN 74494 --- [agilityhub-core-api] [           main] c.a.core.shared.api.ApiExceptionHandler  : Framework request rejected status=404 code=NOT_FOUND traceId=6bf23d4e-504b-4ec7-b0db-d760c21e283b
2026-09-16T12:45:12.609+02:00  WARN 74494 --- [agilityhub-core-api] [           main] c.a.core.shared.api.ApiExceptionHandler  : Framework request rejected status=404 code=NOT_FOUND traceId=d3e6e2ef-c906-4e9b-930b-cb32fd64f1b2
2026-09-16T12:45:12.611+02:00  WARN 74494 --- [agilityhub-core-api] [           main] c.a.core.shared.api.ApiExceptionHandler  : Framework request rejected status=404 code=NOT_FOUND traceId=91031a0f-8cd0-4254-a6b5-e307c6d9e5a9
2026-09-16T12:45:12.612+02:00  WARN 74494 --- [agilityhub-core-api] [           main] c.a.core.shared.api.ApiExceptionHandler  : Framework request rejected status=404 code=NOT_FOUND traceId=03ef1163-ad1c-4061-978b-b10605548cb5
2026-09-16T12:45:12.614+02:00  WARN 74494 --- [agilityhub-core-api] [           main] c.a.core.shared.api.ApiExceptionHandler  : Framework request rejected status=404 code=NOT_FOUND traceId=92057be4-cb19-46e0-b296-51a68cb01b8d
2026-09-16T12:45:12.616+02:00  WARN 74494 --- [agilityhub-core-api] [           main] c.a.core.shared.api.ApiExceptionHandler  : Framework request rejected status=404 code=NOT_FOUND traceId=e7a3a0a3-f15e-44e0-ba12-a307176832fd
2026-09-16T12:45:12.618+02:00  WARN 74494 --- [agilityhub-core-api] [           main] c.a.core.shared.api.ApiExceptionHandler  : Framework request rejected status=404 code=NOT_FOUND traceId=2f0ba457-c4e1-4e39-a86e-166f6418bda8
2026-09-16T12:45:12.620+02:00  WARN 74494 --- [agilityhub-core-api] [           main] c.a.core.shared.api.ApiExceptionHandler  : Framework request rejected status=404 code=NOT_FOUND traceId=b3cff6c9-7828-4e63-9b97-9ff7cef1609f
2026-09-16T12:45:12.622+02:00  WARN 74494 --- [agilityhub-core-api] [           main] c.a.core.shared.api.ApiExceptionHandler  : Framework request rejected status=404 code=NOT_FOUND traceId=b301f857-d5cc-4336-87e7-2519e193cfc6
2026-09-16T12:45:12.623+02:00  WARN 74494 --- [agilityhub-core-api] [           main] c.a.core.shared.api.ApiExceptionHandler  : Framework request rejected status=404 code=NOT_FOUND traceId=68561ee2-05ea-48f3-8f90-eb73896c17a6
2026-09-16T12:45:12.625+02:00  WARN 74494 --- [agilityhub-core-api] [           main] c.a.core.shared.api.ApiExceptionHandler  : Framework request rejected status=404 code=NOT_FOUND traceId=a3fc578c-590b-4e4a-a445-bb070df30db5
2026-09-16T12:45:12.626+02:00  WARN 74494 --- [agilityhub-core-api] [           main] c.a.core.shared.api.ApiExceptionHandler  : Framework request rejected status=404 code=NOT_FOUND traceId=dc4918c6-5ccc-437e-b9a7-ff38d0c5fc1d
2026-09-16T12:45:12.628+02:00  WARN 74494 --- [agilityhub-core-api] [           main] c.a.core.shared.api.ApiExceptionHandler  : Framework request rejected status=404 code=NOT_FOUND traceId=80a7c303-97a4-45a0-94c1-b3a2dff9bd8a
2026-09-16T12:45:12.629+02:00  WARN 74494 --- [agilityhub-core-api] [           main] c.a.core.shared.api.ApiExceptionHandler  : Framework request rejected status=404 code=NOT_FOUND traceId=3afec135-586f-4b9d-8442-f94baf87aba0
2026-09-16T12:45:12.630+02:00  WARN 74494 --- [agilityhub-core-api] [           main] c.a.core.shared.api.ApiExceptionHandler  : Framework request rejected status=404 code=NOT_FOUND traceId=6fea0adb-820f-4edc-aab4-0d57fcce58d6
2026-09-16T12:45:12.632+02:00  WARN 74494 --- [agilityhub-core-api] [           main] c.a.core.shared.api.ApiExceptionHandler  : Framework request rejected status=404 code=NOT_FOUND traceId=6c374065-b84b-4e7b-81d6-fab3e1ef65e9
2026-09-16T12:45:12.634+02:00  WARN 74494 --- [agilityhub-core-api] [           main] c.a.core.shared.api.ApiExceptionHandler  : Framework request rejected status=404 code=NOT_FOUND traceId=5e50e6f6-3e9c-4d80-8ee2-401aa5c2f6dc
2026-09-16T12:45:12.635+02:00  WARN 74494 --- [agilityhub-core-api] [           main] c.a.core.shared.api.ApiExceptionHandler  : Framework request rejected status=404 code=NOT_FOUND traceId=e422d6b9-bbd3-4c31-bd81-fd20275b476c
2026-09-16T12:45:12.637+02:00  WARN 74494 --- [agilityhub-core-api] [           main] c.a.core.shared.api.ApiExceptionHandler  : Framework request rejected status=404 code=NOT_FOUND traceId=9d220615-3c3b-4d51-b6c6-3d4d45bd28a9
2026-09-16T12:45:12.639+02:00  WARN 74494 --- [agilityhub-core-api] [           main] c.a.core.shared.api.ApiExceptionHandler  : Framework request rejected status=404 code=NOT_FOUND traceId=051e3052-b158-4529-9be0-f74c906a37ec
2026-09-16T12:45:12.641+02:00  WARN 74494 --- [agilityhub-core-api] [           main] c.a.core.shared.api.ApiExceptionHandler  : Framework request rejected status=404 code=NOT_FOUND traceId=a751f458-2d9f-4674-9464-160c67dca5d3
2026-09-16T12:45:12.643+02:00  WARN 74494 --- [agilityhub-core-api] [           main] c.a.core.shared.api.ApiExceptionHandler  : Framework request rejected status=404 code=NOT_FOUND traceId=fbdb6450-c3ae-40d3-9f17-e2d17b0218d4
2026-09-16T12:45:12.644+02:00  WARN 74494 --- [agilityhub-core-api] [           main] c.a.core.shared.api.ApiExceptionHandler  : Framework request rejected status=404 code=NOT_FOUND traceId=0271aa67-89bb-4935-ae5f-f9878a7b8e48
2026-09-16T12:45:12.646+02:00  WARN 74494 --- [agilityhub-core-api] [           main] c.a.core.shared.api.ApiExceptionHandler  : Framework request rejected status=404 code=NOT_FOUND traceId=e7819e59-a438-40db-83f6-1f4e692f6561
2026-09-16T12:45:12.647+02:00  WARN 74494 --- [agilityhub-core-api] [           main] c.a.core.shared.api.ApiExceptionHandler  : Framework request rejected status=404 code=NOT_FOUND traceId=80147bfc-232f-444b-b99a-db3ec6494379
2026-09-16T12:45:12.649+02:00  WARN 74494 --- [agilityhub-core-api] [           main] c.a.core.shared.api.ApiExceptionHandler  : Framework request rejected status=404 code=NOT_FOUND traceId=f9ba3a9d-1ccb-4f62-97c6-12a304b0fe86
2026-09-16T12:45:12.651+02:00  WARN 74494 --- [agilityhub-core-api] [           main] c.a.core.shared.api.ApiExceptionHandler  : Framework request rejected status=404 code=NOT_FOUND traceId=e5f9b1ba-c24f-49f9-b188-3f4aadd3c44a
2026-09-16T12:45:12.653+02:00  WARN 74494 --- [agilityhub-core-api] [           main] c.a.core.shared.api.ApiExceptionHandler  : Framework request rejected status=404 code=NOT_FOUND traceId=f979c4ac-00da-4822-8c65-629cbe9673cc
2026-09-16T12:45:12.655+02:00  WARN 74494 --- [agilityhub-core-api] [           main] c.a.core.shared.api.ApiExceptionHandler  : Framework request rejected status=404 code=NOT_FOUND traceId=15ae7055-0db0-41ff-9ef7-2b07314e1f8f
2026-09-16T12:45:12.656+02:00  WARN 74494 --- [agilityhub-core-api] [           main] c.a.core.shared.api.ApiExceptionHandler  : Framework request rejected status=404 code=NOT_FOUND traceId=4e6f3d98-0b6f-43bd-a36f-410bf435395c
2026-09-16T12:45:12.658+02:00  WARN 74494 --- [agilityhub-core-api] [           main] c.a.core.shared.api.ApiExceptionHandler  : Framework request rejected status=404 code=NOT_FOUND traceId=e900970b-d582-4b6f-b2f0-f3dc1e3816eb
2026-09-16T12:45:12.660+02:00  WARN 74494 --- [agilityhub-core-api] [           main] c.a.core.shared.api.ApiExceptionHandler  : Framework request rejected status=404 code=NOT_FOUND traceId=f1de1e58-185f-445f-aaf5-b03e386673b6
2026-09-16T12:45:12.662+02:00  WARN 74494 --- [agilityhub-core-api] [           main] c.a.core.shared.api.ApiExceptionHandler  : Framework request rejected status=404 code=NOT_FOUND traceId=c008958a-78fb-458c-bff6-3dd767fd5b87
2026-09-16T12:45:12.664+02:00  WARN 74494 --- [agilityhub-core-api] [           main] c.a.core.shared.api.ApiExceptionHandler  : Framework request rejected status=404 code=NOT_FOUND traceId=8095eef1-b054-4288-99ff-9b8f3c9500bf
2026-09-16T12:45:12.666+02:00  WARN 74494 --- [agilityhub-core-api] [           main] c.a.core.shared.api.ApiExceptionHandler  : Framework request rejected status=404 code=NOT_FOUND traceId=e323ed27-c1d0-4718-9e89-634de31a7326
2026-09-16T12:45:12.668+02:00  WARN 74494 --- [agilityhub-core-api] [           main] c.a.core.shared.api.ApiExceptionHandler  : Framework request rejected status=404 code=NOT_FOUND traceId=2de86842-0454-4ae4-85c3-b2a5172563f1
2026-09-16T12:45:12.670+02:00  WARN 74494 --- [agilityhub-core-api] [           main] c.a.core.shared.api.ApiExceptionHandler  : Framework request rejected status=404 code=NOT_FOUND traceId=2f4ec93e-c591-4344-a1ba-55cb7a722dd9
2026-09-16T12:45:12.672+02:00  WARN 74494 --- [agilityhub-core-api] [           main] c.a.core.shared.api.ApiExceptionHandler  : Framework request rejected status=404 code=NOT_FOUND traceId=ed3c3486-bc89-4a04-8e51-f902f898298c
2026-09-16T12:45:12.675+02:00  WARN 74494 --- [agilityhub-core-api] [           main] c.a.core.shared.api.ApiExceptionHandler  : Framework request rejected status=404 code=NOT_FOUND traceId=3c6e41c3-8a08-40e8-b743-3a126a2e659d
2026-09-16T12:45:12.677+02:00  WARN 74494 --- [agilityhub-core-api] [           main] c.a.core.shared.api.ApiExceptionHandler  : Framework request rejected status=404 code=NOT_FOUND traceId=833b8748-8341-4edc-aaf2-4cc67daa1b0c
2026-09-16T12:45:12.680+02:00  WARN 74494 --- [agilityhub-core-api] [           main] c.a.core.shared.api.ApiExceptionHandler  : Framework request rejected status=404 code=NOT_FOUND traceId=b28085b3-1e00-4aff-a279-14177a45f418
2026-09-16T12:45:12.682+02:00  WARN 74494 --- [agilityhub-core-api] [           main] c.a.core.shared.api.ApiExceptionHandler  : Framework request rejected status=404 code=NOT_FOUND traceId=d47118d8-91d0-474f-9476-adbfe650d96a
2026-09-16T12:45:12.684+02:00  WARN 74494 --- [agilityhub-core-api] [           main] c.a.core.shared.api.ApiExceptionHandler  : Framework request rejected status=404 code=NOT_FOUND traceId=2ca0e2eb-c0ef-44c6-9b1c-4a5002d08d76
2026-09-16T12:45:12.686+02:00  WARN 74494 --- [agilityhub-core-api] [           main] c.a.core.shared.api.ApiExceptionHandler  : Framework request rejected status=404 code=NOT_FOUND traceId=c910d76c-823a-4536-9691-dd733bea8d40
2026-09-16T12:45:12.687+02:00  WARN 74494 --- [agilityhub-core-api] [           main] c.a.core.shared.api.ApiExceptionHandler  : Framework request rejected status=404 code=NOT_FOUND traceId=44870280-6236-4217-b3a8-ff5d2d446082
2026-09-16T12:45:12.690+02:00  WARN 74494 --- [agilityhub-core-api] [           main] c.a.core.shared.api.ApiExceptionHandler  : Framework request rejected status=404 code=NOT_FOUND traceId=848e0005-e17c-478d-8bd9-f24701ffa4fa
2026-09-16T12:45:12.692+02:00  WARN 74494 --- [agilityhub-core-api] [           main] c.a.core.shared.api.ApiExceptionHandler  : Framework request rejected status=404 code=NOT_FOUND traceId=a27675e0-d6a4-4fa3-bf76-18971e828ca7
2026-09-16T12:45:12.693+02:00  WARN 74494 --- [agilityhub-core-api] [           main] c.a.core.shared.api.ApiExceptionHandler  : Framework request rejected status=404 code=NOT_FOUND traceId=3182d734-3d33-4c35-8790-8c54d50357ab
2026-09-16T12:45:12.694+02:00  WARN 74494 --- [agilityhub-core-api] [           main] c.a.core.shared.api.ApiExceptionHandler  : Framework request rejected status=404 code=NOT_FOUND traceId=a92e55c1-9c50-4585-a5c7-b91a0ff92569
2026-09-16T12:45:12.696+02:00  WARN 74494 --- [agilityhub-core-api] [           main] c.a.core.shared.api.ApiExceptionHandler  : Framework request rejected status=404 code=NOT_FOUND traceId=f3044e9b-751b-4757-9df3-612b8b8810ae
2026-09-16T12:45:12.697+02:00  WARN 74494 --- [agilityhub-core-api] [           main] c.a.core.shared.api.ApiExceptionHandler  : Framework request rejected status=404 code=NOT_FOUND traceId=c9a975a9-7f7a-4bda-af60-4c60645ded6c
2026-09-16T12:45:12.699+02:00  WARN 74494 --- [agilityhub-core-api] [           main] c.a.core.shared.api.ApiExceptionHandler  : Framework request rejected status=404 code=NOT_FOUND traceId=b90b31d4-17d9-4f95-a7f8-1b31ea216059
2026-09-16T12:45:12.701+02:00  WARN 74494 --- [agilityhub-core-api] [           main] c.a.core.shared.api.ApiExceptionHandler  : Framework request rejected status=404 code=NOT_FOUND traceId=2e871c45-6cd1-4d5f-be9d-8a430b3cd02a
2026-09-16T12:45:12.703+02:00  WARN 74494 --- [agilityhub-core-api] [           main] c.a.core.shared.api.ApiExceptionHandler  : Framework request rejected status=404 code=NOT_FOUND traceId=6f3580ff-6493-416d-be24-06af098f2178
2026-09-16T12:45:12.705+02:00  WARN 74494 --- [agilityhub-core-api] [           main] c.a.core.shared.api.ApiExceptionHandler  : Framework request rejected status=404 code=NOT_FOUND traceId=8bf67495-8228-44ca-bd11-cf6a0c8892b3
2026-09-16T12:45:12.707+02:00  WARN 74494 --- [agilityhub-core-api] [           main] c.a.core.shared.api.ApiExceptionHandler  : Framework request rejected status=404 code=NOT_FOUND traceId=b7ee4b7b-045e-4eb2-aad5-f799650d4dc1
2026-09-16T12:45:12.709+02:00  WARN 74494 --- [agilityhub-core-api] [           main] c.a.core.shared.api.ApiExceptionHandler  : Framework request rejected status=404 code=NOT_FOUND traceId=fa5e1b81-267b-44f2-952f-bea169e0b38d
2026-09-16T12:45:12.711+02:00  WARN 74494 --- [agilityhub-core-api] [           main] c.a.core.shared.api.ApiExceptionHandler  : Framework request rejected status=404 code=NOT_FOUND traceId=e119421e-8828-4737-922b-f885dbbc48de
2026-09-16T12:45:12.712+02:00  WARN 74494 --- [agilityhub-core-api] [           main] c.a.core.shared.api.ApiExceptionHandler  : Framework request rejected status=404 code=NOT_FOUND traceId=47e03f77-b020-49eb-905b-92e3bdba5d3f
2026-09-16T12:45:12.713+02:00  WARN 74494 --- [agilityhub-core-api] [           main] c.a.core.shared.api.ApiExceptionHandler  : Framework request rejected status=404 code=NOT_FOUND traceId=fe40fe7b-257f-43ef-85c8-fd98de6494b4
2026-09-16T12:45:12.715+02:00  WARN 74494 --- [agilityhub-core-api] [           main] c.a.core.shared.api.ApiExceptionHandler  : Framework request rejected status=404 code=NOT_FOUND traceId=6df6148e-4e20-4c11-a0e0-50f21383cba8
2026-09-16T12:45:12.717+02:00  WARN 74494 --- [agilityhub-core-api] [           main] c.a.core.shared.api.ApiExceptionHandler  : Framework request rejected status=404 code=NOT_FOUND traceId=91be9839-547c-43d3-8957-3c9a5568493b
2026-09-16T12:45:12.718+02:00  WARN 74494 --- [agilityhub-core-api] [           main] c.a.core.shared.api.ApiExceptionHandler  : Framework request rejected status=404 code=NOT_FOUND traceId=6837b9ae-63b4-45e1-a5da-35932556bd31
2026-09-16T12:45:12.719+02:00  WARN 74494 --- [agilityhub-core-api] [           main] c.a.core.shared.api.ApiExceptionHandler  : Framework request rejected status=404 code=NOT_FOUND traceId=72b96e58-43a1-4366-aead-cd1545852262
2026-09-16T12:45:12.720+02:00  WARN 74494 --- [agilityhub-core-api] [           main] c.a.core.shared.api.ApiExceptionHandler  : Framework request rejected status=404 code=NOT_FOUND traceId=330a7544-f591-4f4d-a5cb-4940d8d48b03
2026-09-16T12:45:12.722+02:00  WARN 74494 --- [agilityhub-core-api] [           main] c.a.core.shared.api.ApiExceptionHandler  : Framework request rejected status=404 code=NOT_FOUND traceId=85a62b85-f066-4fa7-94e1-d618961ef763
2026-09-16T12:45:12.723+02:00  WARN 74494 --- [agilityhub-core-api] [           main] c.a.core.shared.api.ApiExceptionHandler  : Framework request rejected status=404 code=NOT_FOUND traceId=47d61502-66fa-4e04-bf62-2ad3faf190d4
2026-09-16T12:45:12.725+02:00  WARN 74494 --- [agilityhub-core-api] [           main] c.a.core.shared.api.ApiExceptionHandler  : Framework request rejected status=404 code=NOT_FOUND traceId=5655fbc5-a4d7-4a36-8e30-d525e5006214
2026-09-16T12:45:12.726+02:00  WARN 74494 --- [agilityhub-core-api] [           main] c.a.core.shared.api.ApiExceptionHandler  : Framework request rejected status=404 code=NOT_FOUND traceId=b1fe6e68-4537-4da4-bc11-fc49d299a67e
2026-09-16T12:45:12.728+02:00  WARN 74494 --- [agilityhub-core-api] [           main] c.a.core.shared.api.ApiExceptionHandler  : Framework request rejected status=404 code=NOT_FOUND traceId=929378ed-93f8-438a-b13c-0e38d7d93c67
2026-09-16T12:45:12.729+02:00  WARN 74494 --- [agilityhub-core-api] [           main] c.a.core.shared.api.ApiExceptionHandler  : Framework request rejected status=404 code=NOT_FOUND traceId=ace7e410-7617-4724-9564-6fce46c019cf
2026-09-16T12:45:12.731+02:00  WARN 74494 --- [agilityhub-core-api] [           main] c.a.core.shared.api.ApiExceptionHandler  : Framework request rejected status=404 code=NOT_FOUND traceId=9c237989-7094-4405-896b-28453157b9a9
2026-09-16T12:45:12.732+02:00  WARN 74494 --- [agilityhub-core-api] [           main] c.a.core.shared.api.ApiExceptionHandler  : Framework request rejected status=404 code=NOT_FOUND traceId=32957fe8-d3a3-4570-8368-0f3e97e6b4a8
2026-09-16T12:45:12.734+02:00  WARN 74494 --- [agilityhub-core-api] [           main] c.a.core.shared.api.ApiExceptionHandler  : Framework request rejected status=404 code=NOT_FOUND traceId=ac2ec3ac-05b2-4d31-bfe8-bb83a83fb3be
2026-09-16T12:45:12.735+02:00  WARN 74494 --- [agilityhub-core-api] [           main] c.a.core.shared.api.ApiExceptionHandler  : Framework request rejected status=404 code=NOT_FOUND traceId=c88c34e4-ef87-4ca9-a3da-d0982f930e94
2026-09-16T12:45:12.736+02:00  WARN 74494 --- [agilityhub-core-api] [           main] c.a.core.shared.api.ApiExceptionHandler  : Framework request rejected status=404 code=NOT_FOUND traceId=c5e5c2a0-a85c-4454-bbc5-08691cc0b64c
2026-09-16T12:45:12.738+02:00  WARN 74494 --- [agilityhub-core-api] [           main] c.a.core.shared.api.ApiExceptionHandler  : Framework request rejected status=404 code=NOT_FOUND traceId=8d5d96fc-956d-45a2-bfe0-d609a201b876
2026-09-16T12:45:12.740+02:00  WARN 74494 --- [agilityhub-core-api] [           main] c.a.core.shared.api.ApiExceptionHandler  : Framework request rejected status=404 code=NOT_FOUND traceId=d92dae0b-c429-426a-9522-ab115582d091
2026-09-16T12:45:12.741+02:00  WARN 74494 --- [agilityhub-core-api] [           main] c.a.core.shared.api.ApiExceptionHandler  : Framework request rejected status=404 code=NOT_FOUND traceId=e8ea0779-ef0d-489f-bc34-465964f7bc57
2026-09-16T12:45:12.743+02:00  WARN 74494 --- [agilityhub-core-api] [           main] c.a.core.shared.api.ApiExceptionHandler  : Framework request rejected status=404 code=NOT_FOUND traceId=b514e92f-05fa-4f6c-8b62-cb0f97a62999
2026-09-16T12:45:12.744+02:00  WARN 74494 --- [agilityhub-core-api] [           main] c.a.core.shared.api.ApiExceptionHandler  : Framework request rejected status=404 code=NOT_FOUND traceId=201fd35f-e4e5-4db8-8a8c-528843b087f1
2026-09-16T12:45:12.746+02:00  WARN 74494 --- [agilityhub-core-api] [           main] c.a.core.shared.api.ApiExceptionHandler  : Framework request rejected status=404 code=NOT_FOUND traceId=ab3dd703-7982-4615-947e-75ec343f462b
2026-09-16T12:45:12.748+02:00  WARN 74494 --- [agilityhub-core-api] [           main] c.a.core.shared.api.ApiExceptionHandler  : Framework request rejected status=404 code=NOT_FOUND traceId=7259d748-ca73-45d5-a37c-efc5183efc72
2026-09-16T12:45:12.749+02:00  WARN 74494 --- [agilityhub-core-api] [           main] c.a.core.shared.api.ApiExceptionHandler  : Framework request rejected status=404 code=NOT_FOUND traceId=1b3b5fa1-0511-435a-82c3-b85163bf0308
2026-09-16T12:45:12.751+02:00  WARN 74494 --- [agilityhub-core-api] [           main] c.a.core.shared.api.ApiExceptionHandler  : Framework request rejected status=404 code=NOT_FOUND traceId=a177b599-a4cb-412c-8040-b24535253c18
2026-09-16T12:45:12.753+02:00  WARN 74494 --- [agilityhub-core-api] [           main] c.a.core.shared.api.ApiExceptionHandler  : Framework request rejected status=404 code=NOT_FOUND traceId=2c7974d9-cdf4-4156-a6c6-af7d9cf395ca
2026-09-16T12:45:12.754+02:00  WARN 74494 --- [agilityhub-core-api] [           main] c.a.core.shared.api.ApiExceptionHandler  : Framework request rejected status=404 code=NOT_FOUND traceId=82dd3e9e-7fff-4ba3-acd2-c3ee442743a5
2026-09-16T12:45:12.756+02:00  WARN 74494 --- [agilityhub-core-api] [           main] c.a.core.shared.api.ApiExceptionHandler  : Framework request rejected status=404 code=NOT_FOUND traceId=51c2bc8c-a42e-4ee7-a0cc-fe4e4c4a0dfe
2026-09-16T12:45:12.757+02:00  WARN 74494 --- [agilityhub-core-api] [           main] c.a.core.shared.api.ApiExceptionHandler  : Framework request rejected status=404 code=NOT_FOUND traceId=86c9df0e-35db-4e93-b40e-1c2933dc1234
2026-09-16T12:45:12.759+02:00  WARN 74494 --- [agilityhub-core-api] [           main] c.a.core.shared.api.ApiExceptionHandler  : Framework request rejected status=404 code=NOT_FOUND traceId=a02e3556-e068-4de7-8862-bfaa9f31822a
2026-09-16T12:45:12.760+02:00  WARN 74494 --- [agilityhub-core-api] [           main] c.a.core.shared.api.ApiExceptionHandler  : Framework request rejected status=404 code=NOT_FOUND traceId=e09c026d-3cfa-4d88-b054-8896bf092cc7
2026-09-16T12:45:12.762+02:00  WARN 74494 --- [agilityhub-core-api] [           main] c.a.core.shared.api.ApiExceptionHandler  : Framework request rejected status=404 code=NOT_FOUND traceId=400e5833-c7dd-4c05-8062-3772cadb2e6b
2026-09-16T12:45:12.763+02:00  WARN 74494 --- [agilityhub-core-api] [           main] c.a.core.shared.api.ApiExceptionHandler  : Framework request rejected status=404 code=NOT_FOUND traceId=705ed405-e3d7-4a5c-af83-c8d14ed47999
2026-09-16T12:45:12.769+02:00  WARN 74494 --- [agilityhub-core-api] [           main] c.a.core.shared.api.ApiExceptionHandler  : Framework request rejected status=404 code=NOT_FOUND traceId=52f23f71-dbad-4a34-ab37-6016e8f796ac
2026-09-16T12:45:13.045+02:00  WARN 74494 --- [agilityhub-core-api] [           main] c.a.core.shared.api.ApiExceptionHandler  : Framework request rejected status=404 code=NOT_FOUND traceId=84796e0c-1be7-4e16-8751-b3ab6208d625
2026-09-16T12:45:13.047+02:00  WARN 74494 --- [agilityhub-core-api] [           main] c.a.core.shared.api.ApiExceptionHandler  : Framework request rejected status=404 code=NOT_FOUND traceId=b9ba4ba1-eb3d-419b-9ddb-96192055b543
2026-09-16T12:45:13.049+02:00  WARN 74494 --- [agilityhub-core-api] [           main] c.a.core.shared.api.ApiExceptionHandler  : Framework request rejected status=404 code=NOT_FOUND traceId=8fee0485-702b-48af-a469-407a37673b23
2026-09-16T12:45:13.051+02:00  WARN 74494 --- [agilityhub-core-api] [           main] c.a.core.shared.api.ApiExceptionHandler  : Framework request rejected status=404 code=NOT_FOUND traceId=6eca820a-260f-4357-a84d-36bf99686c4d
2026-09-16T12:45:13.053+02:00  WARN 74494 --- [agilityhub-core-api] [           main] c.a.core.shared.api.ApiExceptionHandler  : Framework request rejected status=404 code=NOT_FOUND traceId=4870eeef-a370-432b-a1cf-d3ee1af661ea
2026-09-16T12:45:13.056+02:00  WARN 74494 --- [agilityhub-core-api] [           main] c.a.core.shared.api.ApiExceptionHandler  : Framework request rejected status=404 code=NOT_FOUND traceId=252773d7-391d-4cef-92c3-811fa861b723
2026-09-16T12:45:13.058+02:00  WARN 74494 --- [agilityhub-core-api] [           main] c.a.core.shared.api.ApiExceptionHandler  : Framework request rejected status=404 code=NOT_FOUND traceId=89d776ac-e55a-4e6f-a131-db7cc38ab6e3
2026-09-16T12:45:13.060+02:00  WARN 74494 --- [agilityhub-core-api] [           main] c.a.core.shared.api.ApiExceptionHandler  : Framework request rejected status=404 code=NOT_FOUND traceId=0103adb6-7c7f-49a2-9d5f-0d5399cb37d3
2026-09-16T12:45:13.062+02:00  WARN 74494 --- [agilityhub-core-api] [           main] c.a.core.shared.api.ApiExceptionHandler  : Framework request rejected status=404 code=NOT_FOUND traceId=bc6940c9-4f2a-4bf4-9c4a-487410e0ef68
2026-09-16T12:45:13.064+02:00  WARN 74494 --- [agilityhub-core-api] [           main] c.a.core.shared.api.ApiExceptionHandler  : Framework request rejected status=404 code=NOT_FOUND traceId=f1e47006-5498-4410-abdb-7998375e00ba
2026-09-16T12:45:13.066+02:00  WARN 74494 --- [agilityhub-core-api] [           main] c.a.core.shared.api.ApiExceptionHandler  : Framework request rejected status=404 code=NOT_FOUND traceId=bbb0a0c5-fc4a-4208-b072-91231e58ef64
2026-09-16T12:45:13.068+02:00  WARN 74494 --- [agilityhub-core-api] [           main] c.a.core.shared.api.ApiExceptionHandler  : Framework request rejected status=404 code=NOT_FOUND traceId=9c6ba7ec-b498-435d-9756-a85dfaa5c6c0
2026-09-16T12:45:13.071+02:00  WARN 74494 --- [agilityhub-core-api] [           main] c.a.core.shared.api.ApiExceptionHandler  : Framework request rejected status=404 code=NOT_FOUND traceId=bf1e815e-18b7-4c51-962d-351afcca8062
2026-09-16T12:45:13.073+02:00  WARN 74494 --- [agilityhub-core-api] [           main] c.a.core.shared.api.ApiExceptionHandler  : Framework request rejected status=404 code=NOT_FOUND traceId=36ebaaca-9f99-4191-be7f-3b254489caa2
2026-09-16T12:45:13.076+02:00  WARN 74494 --- [agilityhub-core-api] [           main] c.a.core.shared.api.ApiExceptionHandler  : Framework request rejected status=404 code=NOT_FOUND traceId=e02fa373-f8e5-4127-bddb-a3a1086ffe90
2026-09-16T12:45:13.079+02:00  WARN 74494 --- [agilityhub-core-api] [           main] c.a.core.shared.api.ApiExceptionHandler  : Framework request rejected status=404 code=NOT_FOUND traceId=363236e3-8e3a-4645-aba8-f50218879bb1
2026-09-16T12:45:13.081+02:00  WARN 74494 --- [agilityhub-core-api] [           main] c.a.core.shared.api.ApiExceptionHandler  : Framework request rejected status=404 code=NOT_FOUND traceId=07db3bf1-46ba-4dff-81f3-9730b9776050
2026-09-16T12:45:13.083+02:00  WARN 74494 --- [agilityhub-core-api] [           main] c.a.core.shared.api.ApiExceptionHandler  : Framework request rejected status=404 code=NOT_FOUND traceId=08aa8f6e-4852-485f-b139-b1252b618c0c
2026-09-16T12:45:13.085+02:00  WARN 74494 --- [agilityhub-core-api] [           main] c.a.core.shared.api.ApiExceptionHandler  : Framework request rejected status=404 code=NOT_FOUND traceId=27e52f68-0418-403c-9092-759d92c20c41
2026-09-16T12:45:13.086+02:00  WARN 74494 --- [agilityhub-core-api] [           main] c.a.core.shared.api.ApiExceptionHandler  : Framework request rejected status=404 code=NOT_FOUND traceId=9a2bd3b9-32ba-40cd-adb8-73b243a55822
2026-09-16T12:45:13.088+02:00  WARN 74494 --- [agilityhub-core-api] [           main] c.a.core.shared.api.ApiExceptionHandler  : Framework request rejected status=404 code=NOT_FOUND traceId=b1a861c3-58f5-48e7-997d-39a2411c1e93
2026-09-16T12:45:13.090+02:00  WARN 74494 --- [agilityhub-core-api] [           main] c.a.core.shared.api.ApiExceptionHandler  : Framework request rejected status=404 code=NOT_FOUND traceId=1d410c90-99d4-4e39-b2b9-7b3f87060d39
2026-09-16T12:45:13.094+02:00  WARN 74494 --- [agilityhub-core-api] [           main] c.a.core.shared.api.ApiExceptionHandler  : Framework request rejected status=404 code=NOT_FOUND traceId=61d4443b-a527-4a85-be23-869c31729b86
2026-09-16T12:45:13.096+02:00  WARN 74494 --- [agilityhub-core-api] [           main] c.a.core.shared.api.ApiExceptionHandler  : Framework request rejected status=404 code=NOT_FOUND traceId=0974ffba-fc56-454d-aae0-9e324fc96860
2026-09-16T12:45:13.098+02:00  WARN 74494 --- [agilityhub-core-api] [           main] c.a.core.shared.api.ApiExceptionHandler  : Framework request rejected status=404 code=NOT_FOUND traceId=68870837-a527-4e4e-bceb-0fec0ba5c358
2026-09-16T12:45:13.099+02:00  WARN 74494 --- [agilityhub-core-api] [           main] c.a.core.shared.api.ApiExceptionHandler  : Framework request rejected status=404 code=NOT_FOUND traceId=f0b29f42-f6c0-42fa-b524-c8479b10c677
2026-09-16T12:45:13.100+02:00  WARN 74494 --- [agilityhub-core-api] [           main] c.a.core.shared.api.ApiExceptionHandler  : Framework request rejected status=404 code=NOT_FOUND traceId=7572b394-0374-498b-b346-ddf3ff8c2762
2026-09-16T12:45:13.102+02:00  WARN 74494 --- [agilityhub-core-api] [           main] c.a.core.shared.api.ApiExceptionHandler  : Framework request rejected status=404 code=NOT_FOUND traceId=226443e4-da9c-4455-917b-75b5bba0d3e6
2026-09-16T12:45:13.103+02:00  WARN 74494 --- [agilityhub-core-api] [           main] c.a.core.shared.api.ApiExceptionHandler  : Framework request rejected status=404 code=NOT_FOUND traceId=26f27782-c58a-4a4a-ae9e-258a2ed753dd
2026-09-16T12:45:13.105+02:00  WARN 74494 --- [agilityhub-core-api] [           main] c.a.core.shared.api.ApiExceptionHandler  : Framework request rejected status=404 code=NOT_FOUND traceId=4293a9a1-ced4-45c8-920a-8b3d81fc0d78
2026-09-16T12:45:13.106+02:00  WARN 74494 --- [agilityhub-core-api] [           main] c.a.core.shared.api.ApiExceptionHandler  : Framework request rejected status=404 code=NOT_FOUND traceId=ae7b4694-bcfa-4b00-9369-72d1c5871c8c
2026-09-16T12:45:13.108+02:00  WARN 74494 --- [agilityhub-core-api] [           main] c.a.core.shared.api.ApiExceptionHandler  : Framework request rejected status=404 code=NOT_FOUND traceId=d3cee9db-c585-4f4c-91ea-5cfa18409bf9
2026-09-16T12:45:13.110+02:00  WARN 74494 --- [agilityhub-core-api] [           main] c.a.core.shared.api.ApiExceptionHandler  : Framework request rejected status=404 code=NOT_FOUND traceId=6cddb10c-ef32-4961-acdb-fe916e413aac
2026-09-16T12:45:13.112+02:00  WARN 74494 --- [agilityhub-core-api] [           main] c.a.core.shared.api.ApiExceptionHandler  : Framework request rejected status=404 code=NOT_FOUND traceId=1f1c307e-0064-4f61-acde-bacc670c3586
2026-09-16T12:45:13.114+02:00  WARN 74494 --- [agilityhub-core-api] [           main] c.a.core.shared.api.ApiExceptionHandler  : Framework request rejected status=404 code=NOT_FOUND traceId=981e67bb-cece-4e9d-8436-ff3b769c2b65
2026-09-16T12:45:13.116+02:00  WARN 74494 --- [agilityhub-core-api] [           main] c.a.core.shared.api.ApiExceptionHandler  : Framework request rejected status=404 code=NOT_FOUND traceId=249460c1-3745-4276-9dce-23118588f935
2026-09-16T12:45:13.118+02:00  WARN 74494 --- [agilityhub-core-api] [           main] c.a.core.shared.api.ApiExceptionHandler  : Framework request rejected status=404 code=NOT_FOUND traceId=8cf6a221-c211-480a-ac46-ab0dc7f97d7e
2026-09-16T12:45:13.119+02:00  WARN 74494 --- [agilityhub-core-api] [           main] c.a.core.shared.api.ApiExceptionHandler  : Framework request rejected status=404 code=NOT_FOUND traceId=29b297dd-8124-43a8-8bf4-70c65feee7bf
2026-09-16T12:45:13.121+02:00  WARN 74494 --- [agilityhub-core-api] [           main] c.a.core.shared.api.ApiExceptionHandler  : Framework request rejected status=404 code=NOT_FOUND traceId=1f50b24c-b255-4608-8bd4-de947f4e10ef
2026-09-16T12:45:13.123+02:00  WARN 74494 --- [agilityhub-core-api] [           main] c.a.core.shared.api.ApiExceptionHandler  : Framework request rejected status=404 code=NOT_FOUND traceId=9b186516-5536-437a-8a8b-631c259384b2
2026-09-16T12:45:13.124+02:00  WARN 74494 --- [agilityhub-core-api] [           main] c.a.core.shared.api.ApiExceptionHandler  : Framework request rejected status=404 code=NOT_FOUND traceId=e61218b5-d63e-4b14-b514-37d4f1478161
2026-09-16T12:45:13.126+02:00  WARN 74494 --- [agilityhub-core-api] [           main] c.a.core.shared.api.ApiExceptionHandler  : Framework request rejected status=404 code=NOT_FOUND traceId=af77f2ab-686b-45c6-ad47-270cba4d8ebd
2026-09-16T12:45:13.128+02:00  WARN 74494 --- [agilityhub-core-api] [           main] c.a.core.shared.api.ApiExceptionHandler  : Framework request rejected status=404 code=NOT_FOUND traceId=c32e8edc-8b35-4123-8869-7f7ee3b9a855
2026-09-16T12:45:13.130+02:00  WARN 74494 --- [agilityhub-core-api] [           main] c.a.core.shared.api.ApiExceptionHandler  : Framework request rejected status=404 code=NOT_FOUND traceId=67323a20-eef3-466a-be8c-e4a1178f65d0
2026-09-16T12:45:13.131+02:00  WARN 74494 --- [agilityhub-core-api] [           main] c.a.core.shared.api.ApiExceptionHandler  : Framework request rejected status=404 code=NOT_FOUND traceId=6a902b1a-965b-4633-a46a-ebf2c0118135
2026-09-16T12:45:13.133+02:00  WARN 74494 --- [agilityhub-core-api] [           main] c.a.core.shared.api.ApiExceptionHandler  : Framework request rejected status=404 code=NOT_FOUND traceId=2b937344-ab3b-49b6-b09d-0f6976895fc6
2026-09-16T12:45:13.135+02:00  WARN 74494 --- [agilityhub-core-api] [           main] c.a.core.shared.api.ApiExceptionHandler  : Framework request rejected status=404 code=NOT_FOUND traceId=73ed0d79-03f8-44b6-9f2b-3dcf0ef95205
2026-09-16T12:45:13.137+02:00  WARN 74494 --- [agilityhub-core-api] [           main] c.a.core.shared.api.ApiExceptionHandler  : Framework request rejected status=404 code=NOT_FOUND traceId=62fe134e-2d18-4c9f-9dc3-9cba428d059f
2026-09-16T12:45:13.139+02:00  WARN 74494 --- [agilityhub-core-api] [           main] c.a.core.shared.api.ApiExceptionHandler  : Framework request rejected status=404 code=NOT_FOUND traceId=cd936e4c-3326-442a-bfec-cf650f0bb3b1
2026-09-16T12:45:13.141+02:00  WARN 74494 --- [agilityhub-core-api] [           main] c.a.core.shared.api.ApiExceptionHandler  : Framework request rejected status=404 code=NOT_FOUND traceId=c42d8e87-cf60-4cbf-8944-0202c8475b82
2026-09-16T12:45:13.143+02:00  WARN 74494 --- [agilityhub-core-api] [           main] c.a.core.shared.api.ApiExceptionHandler  : Framework request rejected status=404 code=NOT_FOUND traceId=2c8d5f4c-f3e2-489d-b05b-9e724bddfba8
2026-09-16T12:45:13.145+02:00  WARN 74494 --- [agilityhub-core-api] [           main] c.a.core.shared.api.ApiExceptionHandler  : Framework request rejected status=404 code=NOT_FOUND traceId=d15faeb5-8eb8-4e7d-a04e-a151b971fc2b
2026-09-16T12:45:13.146+02:00  WARN 74494 --- [agilityhub-core-api] [           main] c.a.core.shared.api.ApiExceptionHandler  : Framework request rejected status=404 code=NOT_FOUND traceId=14f136a1-1bd5-4215-83cd-98ada7f2e26e
2026-09-16T12:45:13.148+02:00  WARN 74494 --- [agilityhub-core-api] [           main] c.a.core.shared.api.ApiExceptionHandler  : Framework request rejected status=404 code=NOT_FOUND traceId=743545f1-c2ad-4a69-9674-85cbc3dfd4fe
2026-09-16T12:45:13.150+02:00  WARN 74494 --- [agilityhub-core-api] [           main] c.a.core.shared.api.ApiExceptionHandler  : Framework request rejected status=404 code=NOT_FOUND traceId=e1f069db-909a-4864-84e3-9a2c5c960811
2026-09-16T12:45:13.152+02:00  WARN 74494 --- [agilityhub-core-api] [           main] c.a.core.shared.api.ApiExceptionHandler  : Framework request rejected status=404 code=NOT_FOUND traceId=601407f3-0bb7-4cbd-84a5-d89363d741b2
2026-09-16T12:45:13.153+02:00  WARN 74494 --- [agilityhub-core-api] [           main] c.a.core.shared.api.ApiExceptionHandler  : Framework request rejected status=404 code=NOT_FOUND traceId=bfe52484-42a8-47fc-8ee9-1eeed9432ea7
2026-09-16T12:45:13.155+02:00  WARN 74494 --- [agilityhub-core-api] [           main] c.a.core.shared.api.ApiExceptionHandler  : Framework request rejected status=404 code=NOT_FOUND traceId=f00dd961-b531-4cc5-8950-b9fb246cff5e
2026-09-16T12:45:13.156+02:00  WARN 74494 --- [agilityhub-core-api] [           main] c.a.core.shared.api.ApiExceptionHandler  : Framework request rejected status=404 code=NOT_FOUND traceId=cd08cf35-ff34-45f1-bfa2-5183a83f2ec1
2026-09-16T12:45:13.157+02:00  WARN 74494 --- [agilityhub-core-api] [           main] c.a.core.shared.api.ApiExceptionHandler  : Framework request rejected status=404 code=NOT_FOUND traceId=2dba8175-05c0-48e6-9129-71625e34a25b
2026-09-16T12:45:13.735+02:00  INFO 74494 --- [agilityhub-core-api] [           main] t.c.s.AnnotationConfigContextLoaderUtils : Could not detect default configuration classes for test class [com.agilityhub.core.identity.api.SeedTestAccountsIT]: SeedTestAccountsIT does not declare any static, non-private, non-final, nested classes annotated with @Configuration.
2026-09-16T12:45:13.736+02:00  INFO 74494 --- [agilityhub-core-api] [           main] .b.t.c.SpringBootTestContextBootstrapper : Found @SpringBootConfiguration com.agilityhub.core.CoreApplication for test class com.agilityhub.core.identity.api.SeedTestAccountsIT
+ accounts: 15 to provision
1 changes (dry run)
+ accounts: 15 to provision
1 changes (applied)
= accounts: 0 to provision
0 changes (applied)
2026-09-16T12:45:16.899+02:00  INFO 74494 --- [agilityhub-core-api] [           main] t.c.s.AnnotationConfigContextLoaderUtils : Could not detect default configuration classes for test class [com.agilityhub.core.identity.api.CorsIT]: CorsIT does not declare any static, non-private, non-final, nested classes annotated with @Configuration.
2026-09-16T12:45:16.900+02:00  INFO 74494 --- [agilityhub-core-api] [           main] .b.t.c.SpringBootTestContextBootstrapper : Found @SpringBootConfiguration com.agilityhub.core.CoreApplication for test class com.agilityhub.core.identity.api.CorsIT
2026-09-16T12:45:17.135+02:00  INFO 74494 --- [agilityhub-core-api] [           main] t.c.s.AnnotationConfigContextLoaderUtils : Could not detect default configuration classes for test class [com.agilityhub.core.identity.api.SecurityHeadersIT]: SecurityHeadersIT does not declare any static, non-private, non-final, nested classes annotated with @Configuration.
2026-09-16T12:45:17.136+02:00  INFO 74494 --- [agilityhub-core-api] [           main] .b.t.c.SpringBootTestContextBootstrapper : Found @SpringBootConfiguration com.agilityhub.core.CoreApplication for test class com.agilityhub.core.identity.api.SecurityHeadersIT

  .   ____          _            __ _ _
 /\\ / ___'_ __ _ _(_)_ __  __ _ \ \ \ \
( ( )\___ | '_ | '_| | '_ \/ _` | \ \ \ \
 \\/  ___)| |_)| | | | | || (_| |  ) ) ) )
  '  |____| .__|_| |_|_| |_\__, | / / / /
 =========|_|==============|___/=/_/_/_/

 :: Spring Boot ::               (v3.5.16)

2026-09-16T12:45:17.144+02:00  INFO 74494 --- [agilityhub-core-api] [           main] c.a.core.identity.api.SecurityHeadersIT  : Starting SecurityHeadersIT using Java 21.0.12.1 with PID 74494 (started by jordib in /Users/jordib/dev/agilityhub/agilityhub-core-api)
2026-09-16T12:45:17.144+02:00  INFO 74494 --- [agilityhub-core-api] [           main] c.a.core.identity.api.SecurityHeadersIT  : The following 2 profiles are active: "test", "prod"
2026-09-16T12:45:17.274+02:00  INFO 74494 --- [agilityhub-core-api] [           main] .s.d.r.c.RepositoryConfigurationDelegate : Bootstrapping Spring Data MongoDB repositories in DEFAULT mode.
2026-09-16T12:45:17.289+02:00  INFO 74494 --- [agilityhub-core-api] [           main] .s.d.r.c.RepositoryConfigurationDelegate : Finished Spring Data repository scanning in 14 ms. Found 0 MongoDB repository interfaces.
2026-09-16T12:45:17.320+02:00  INFO 74494 --- [agilityhub-core-api] [           main] org.mongodb.driver.client                : MongoClient with metadata {"driver": {"name": "mongo-java-driver|sync|spring-boot", "version": "5.5.2"}, "os": {"type": "Darwin", "name": "Mac OS X", "architecture": "aarch64", "version": "26.4.1"}, "platform": "Java/Homebrew/21.0.12.1"} created with settings MongoClientSettings{readPreference=primary, writeConcern=WriteConcern{w=null, wTimeout=null ms, journal=null}, retryWrites=true, retryReads=true, readConcern=ReadConcern{level=null}, credential=null, transportSettings=null, commandListeners=[io.micrometer.core.instrument.binder.mongodb.MongoMetricsCommandListener@2bd8a7b], codecRegistry=ProvidersCodecRegistry{codecProviders=[ValueCodecProvider{}, BsonValueCodecProvider{}, DBRefCodecProvider{}, DBObjectCodecProvider{}, DocumentCodecProvider{}, CollectionCodecProvider{}, IterableCodecProvider{}, MapCodecProvider{}, GeoJsonCodecProvider{}, GridFSFileCodecProvider{}, Jsr310CodecProvider{}, JsonObjectCodecProvider{}, BsonCodecProvider{}, EnumCodecProvider{}, com.mongodb.client.model.mql.ExpressionCodecProvider@7e4bd9b4, com.mongodb.Jep395RecordCodecProvider@34518f0, com.mongodb.KotlinCodecProvider@1ab37c94]}, loggerSettings=LoggerSettings{maxDocumentLength=1000}, clusterSettings={hosts=[localhost:50278], srvServiceName=mongodb, mode=SINGLE, requiredClusterType=UNKNOWN, requiredReplicaSetName='null', serverSelector='null', clusterListeners='[]', serverSelectionTimeout='30000 ms', localThreshold='15 ms'}, socketSettings=SocketSettings{connectTimeoutMS=10000, readTimeoutMS=0, receiveBufferSize=0, proxySettings=ProxySettings{host=null, port=null, username=null, password=null}}, heartbeatSocketSettings=SocketSettings{connectTimeoutMS=10000, readTimeoutMS=10000, receiveBufferSize=0, proxySettings=ProxySettings{host=null, port=null, username=null, password=null}}, connectionPoolSettings=ConnectionPoolSettings{maxSize=100, minSize=0, maxWaitTimeMS=120000, maxConnectionLifeTimeMS=0, maxConnectionIdleTimeMS=0, maintenanceInitialDelayMS=0, maintenanceFrequencyMS=60000, connectionPoolListeners=[io.micrometer.core.instrument.binder.mongodb.MongoMetricsConnectionPoolListener@5f7dc70d], maxConnecting=2}, serverSettings=ServerSettings{heartbeatFrequencyMS=10000, minHeartbeatFrequencyMS=500, serverMonitoringMode=AUTO, serverListeners='[]', serverMonitorListeners='[]'}, sslSettings=SslSettings{enabled=false, invalidHostNameAllowed=false, context=null}, applicationName='null', compressorList=[], uuidRepresentation=JAVA_LEGACY, serverApi=null, autoEncryptionSettings=null, dnsClient=null, inetAddressResolver=null, contextProvider=null, timeoutMS=null}
2026-09-16T12:45:17.324+02:00  INFO 74494 --- [agilityhub-core-api] [localhost:50278] org.mongodb.driver.cluster               : Monitor thread successfully connected to server with description ServerDescription{address=localhost:50278, type=REPLICA_SET_PRIMARY, cryptd=false, state=CONNECTED, ok=true, minWireVersion=0, maxWireVersion=21, maxDocumentSize=16777216, logicalSessionTimeoutMinutes=30, roundTripTimeNanos=3666042, minRoundTripTimeNanos=0, setName='docker-rs', canonicalAddress=a400d2c2c562:27017, hosts=[a400d2c2c562:27017], passives=[], arbiters=[], primary='a400d2c2c562:27017', tagSet=TagSet{[]}, electionId=7fffff…[truncated], setVersion=1, topologyVersion=TopologyVersion{processId=6aaa72…[truncated], counter=6}, lastWriteDate=Wed Sep 16 12:45:17 CEST 2026, lastUpdateTimeNanos=348472412306083}
2026-09-16T12:45:17.908+02:00  INFO 74494 --- [agilityhub-core-api] [           main] o.s.b.t.m.w.SpringBootMockServletContext : Initializing Spring TestDispatcherServlet ''
2026-09-16T12:45:17.908+02:00  INFO 74494 --- [agilityhub-core-api] [           main] o.s.t.web.servlet.TestDispatcherServlet  : Initializing Servlet ''
2026-09-16T12:45:17.909+02:00  INFO 74494 --- [agilityhub-core-api] [           main] o.s.t.web.servlet.TestDispatcherServlet  : Completed initialization in 1 ms
2026-09-16T12:45:17.918+02:00  INFO 74494 --- [agilityhub-core-api] [           main] c.a.core.identity.api.SecurityHeadersIT  : Started SecurityHeadersIT in 0.781 seconds (process running for 101.488)
2026-09-16T12:45:18.068+02:00  INFO 74494 --- [agilityhub-core-api] [           main] t.c.s.AnnotationConfigContextLoaderUtils : Could not detect default configuration classes for test class [com.agilityhub.core.identity.api.MeIT]: MeIT does not declare any static, non-private, non-final, nested classes annotated with @Configuration.
2026-09-16T12:45:18.069+02:00  INFO 74494 --- [agilityhub-core-api] [           main] .b.t.c.SpringBootTestContextBootstrapper : Found @SpringBootConfiguration com.agilityhub.core.CoreApplication for test class com.agilityhub.core.identity.api.MeIT
2026-09-16T12:45:18.867+02:00  INFO 74494 --- [agilityhub-core-api] [           main] t.c.s.AnnotationConfigContextLoaderUtils : Could not detect default configuration classes for test class [com.agilityhub.core.identity.api.PlatformRolesIT]: PlatformRolesIT does not declare any static, non-private, non-final, nested classes annotated with @Configuration.
2026-09-16T12:45:18.867+02:00  INFO 74494 --- [agilityhub-core-api] [           main] .b.t.c.SpringBootTestContextBootstrapper : Found @SpringBootConfiguration com.agilityhub.core.CoreApplication for test class com.agilityhub.core.identity.api.PlatformRolesIT
Platform administrator role ensured.
Platform administrator role ensured.
2026-09-16T12:45:19.257+02:00  WARN 74494 --- [agilityhub-core-api] [           main] c.a.core.shared.api.ApiExceptionHandler  : Framework request rejected code=VALIDATION_ERROR traceId=5e6af5b8-121a-4c7e-ae69-ea8fd16b45d6
2026-09-16T12:45:19.259+02:00  WARN 74494 --- [agilityhub-core-api] [           main] c.a.core.shared.api.ApiExceptionHandler  : Framework request rejected code=VALIDATION_ERROR traceId=f80e89ff-eb25-4256-bf3d-0a9c6388ab6d
2026-09-16T12:45:19.261+02:00  WARN 74494 --- [agilityhub-core-api] [           main] c.a.core.shared.api.ApiExceptionHandler  : Framework request rejected code=VALIDATION_ERROR traceId=9aed01fb-acdd-4ef7-ba95-f3760afeb4dd
2026-09-16T12:45:19.384+02:00  INFO 74494 --- [agilityhub-core-api] [           main] t.c.s.AnnotationConfigContextLoaderUtils : Could not detect default configuration classes for test class [com.agilityhub.core.identity.api.PasswordGrantIT]: PasswordGrantIT does not declare any static, non-private, non-final, nested classes annotated with @Configuration.
2026-09-16T12:45:19.385+02:00  INFO 74494 --- [agilityhub-core-api] [           main] .b.t.c.SpringBootTestContextBootstrapper : Found @SpringBootConfiguration com.agilityhub.core.CoreApplication for test class com.agilityhub.core.identity.api.PasswordGrantIT
2026-09-16T12:45:20.425+02:00  INFO 74494 --- [agilityhub-core-api] [           main] t.c.s.AnnotationConfigContextLoaderUtils : Could not detect default configuration classes for test class [com.agilityhub.core.identity.api.LearnImportIT]: LearnImportIT does not declare any static, non-private, non-final, nested classes annotated with @Configuration.
2026-09-16T12:45:20.426+02:00  INFO 74494 --- [agilityhub-core-api] [           main] .b.t.c.SpringBootTestContextBootstrapper : Found @SpringBootConfiguration com.agilityhub.core.CoreApplication for test class com.agilityhub.core.identity.api.LearnImportIT
2026-09-16T12:45:32.907+02:00  INFO 74494 --- [agilityhub-core-api] [           main] t.c.s.AnnotationConfigContextLoaderUtils : Could not detect default configuration classes for test class [com.agilityhub.core.identity.api.IdentityCoreIT]: IdentityCoreIT does not declare any static, non-private, non-final, nested classes annotated with @Configuration.
2026-09-16T12:45:32.908+02:00  INFO 74494 --- [agilityhub-core-api] [           main] .b.t.c.SpringBootTestContextBootstrapper : Found @SpringBootConfiguration com.agilityhub.core.CoreApplication for test class com.agilityhub.core.identity.api.IdentityCoreIT

  .   ____          _            __ _ _
 /\\ / ___'_ __ _ _(_)_ __  __ _ \ \ \ \
( ( )\___ | '_ | '_| | '_ \/ _` | \ \ \ \
 \\/  ___)| |_)| | | | | || (_| |  ) ) ) )
  '  |____| .__|_| |_|_| |_\__, | / / / /
 =========|_|==============|___/=/_/_/_/

 :: Spring Boot ::               (v3.5.16)

2026-09-16T12:45:32.917+02:00  INFO 74494 --- [agilityhub-core-api] [           main] c.a.core.identity.api.IdentityCoreIT     : Starting IdentityCoreIT using Java 21.0.12.1 with PID 74494 (started by jordib in /Users/jordib/dev/agilityhub/agilityhub-core-api)
2026-09-16T12:45:32.917+02:00  INFO 74494 --- [agilityhub-core-api] [           main] c.a.core.identity.api.IdentityCoreIT     : The following 1 profile is active: "test"
2026-09-16T12:45:33.178+02:00  INFO 74494 --- [agilityhub-core-api] [           main] .s.d.r.c.RepositoryConfigurationDelegate : Bootstrapping Spring Data MongoDB repositories in DEFAULT mode.
2026-09-16T12:45:33.197+02:00  INFO 74494 --- [agilityhub-core-api] [           main] .s.d.r.c.RepositoryConfigurationDelegate : Finished Spring Data repository scanning in 17 ms. Found 0 MongoDB repository interfaces.
2026-09-16T12:45:33.293+02:00  INFO 74494 --- [agilityhub-core-api] [           main] org.mongodb.driver.client                : MongoClient with metadata {"driver": {"name": "mongo-java-driver|sync|spring-boot", "version": "5.5.2"}, "os": {"type": "Darwin", "name": "Mac OS X", "architecture": "aarch64", "version": "26.4.1"}, "platform": "Java/Homebrew/21.0.12.1"} created with settings MongoClientSettings{readPreference=primary, writeConcern=WriteConcern{w=null, wTimeout=null ms, journal=null}, retryWrites=true, retryReads=true, readConcern=ReadConcern{level=null}, credential=null, transportSettings=null, commandListeners=[io.micrometer.core.instrument.binder.mongodb.MongoMetricsCommandListener@3660ae85], codecRegistry=ProvidersCodecRegistry{codecProviders=[ValueCodecProvider{}, BsonValueCodecProvider{}, DBRefCodecProvider{}, DBObjectCodecProvider{}, DocumentCodecProvider{}, CollectionCodecProvider{}, IterableCodecProvider{}, MapCodecProvider{}, GeoJsonCodecProvider{}, GridFSFileCodecProvider{}, Jsr310CodecProvider{}, JsonObjectCodecProvider{}, BsonCodecProvider{}, EnumCodecProvider{}, com.mongodb.client.model.mql.ExpressionCodecProvider@7e4bd9b4, com.mongodb.Jep395RecordCodecProvider@34518f0, com.mongodb.KotlinCodecProvider@1ab37c94]}, loggerSettings=LoggerSettings{maxDocumentLength=1000}, clusterSettings={hosts=[localhost:50278], srvServiceName=mongodb, mode=SINGLE, requiredClusterType=UNKNOWN, requiredReplicaSetName='null', serverSelector='null', clusterListeners='[]', serverSelectionTimeout='30000 ms', localThreshold='15 ms'}, socketSettings=SocketSettings{connectTimeoutMS=10000, readTimeoutMS=0, receiveBufferSize=0, proxySettings=ProxySettings{host=null, port=null, username=null, password=null}}, heartbeatSocketSettings=SocketSettings{connectTimeoutMS=10000, readTimeoutMS=10000, receiveBufferSize=0, proxySettings=ProxySettings{host=null, port=null, username=null, password=null}}, connectionPoolSettings=ConnectionPoolSettings{maxSize=100, minSize=0, maxWaitTimeMS=120000, maxConnectionLifeTimeMS=0, maxConnectionIdleTimeMS=0, maintenanceInitialDelayMS=0, maintenanceFrequencyMS=60000, connectionPoolListeners=[io.micrometer.core.instrument.binder.mongodb.MongoMetricsConnectionPoolListener@22a85f39], maxConnecting=2}, serverSettings=ServerSettings{heartbeatFrequencyMS=10000, minHeartbeatFrequencyMS=500, serverMonitoringMode=AUTO, serverListeners='[]', serverMonitorListeners='[]'}, sslSettings=SslSettings{enabled=false, invalidHostNameAllowed=false, context=null}, applicationName='null', compressorList=[], uuidRepresentation=JAVA_LEGACY, serverApi=null, autoEncryptionSettings=null, dnsClient=null, inetAddressResolver=null, contextProvider=null, timeoutMS=null}
2026-09-16T12:45:33.296+02:00  INFO 74494 --- [agilityhub-core-api] [localhost:50278] org.mongodb.driver.cluster               : Monitor thread successfully connected to server with description ServerDescription{address=localhost:50278, type=REPLICA_SET_PRIMARY, cryptd=false, state=CONNECTED, ok=true, minWireVersion=0, maxWireVersion=21, maxDocumentSize=16777216, logicalSessionTimeoutMinutes=30, roundTripTimeNanos=1585125, minRoundTripTimeNanos=0, setName='docker-rs', canonicalAddress=a400d2c2c562:27017, hosts=[a400d2c2c562:27017], passives=[], arbiters=[], primary='a400d2c2c562:27017', tagSet=TagSet{[]}, electionId=7fffff…[truncated], setVersion=1, topologyVersion=TopologyVersion{processId=6aaa72…[truncated], counter=6}, lastWriteDate=Wed Sep 16 12:45:32 CEST 2026, lastUpdateTimeNanos=348488384471791}
2026-09-16T12:45:33.661+02:00  INFO 74494 --- [agilityhub-core-api] [           main] o.s.b.t.m.w.SpringBootMockServletContext : Initializing Spring TestDispatcherServlet ''
2026-09-16T12:45:33.661+02:00  INFO 74494 --- [agilityhub-core-api] [           main] o.s.t.web.servlet.TestDispatcherServlet  : Initializing Servlet ''
2026-09-16T12:45:33.662+02:00  INFO 74494 --- [agilityhub-core-api] [           main] o.s.t.web.servlet.TestDispatcherServlet  : Completed initialization in 1 ms
2026-09-16T12:45:33.669+02:00  INFO 74494 --- [agilityhub-core-api] [           main] c.a.core.identity.api.IdentityCoreIT     : Started IdentityCoreIT in 0.759 seconds (process running for 117.238)
2026-09-16T12:45:38.330+02:00  INFO 74494 --- [agilityhub-core-api] [           main] t.c.s.AnnotationConfigContextLoaderUtils : Could not detect default configuration classes for test class [com.agilityhub.core.identity.api.IdentityContractIT]: IdentityContractIT does not declare any static, non-private, non-final, nested classes annotated with @Configuration.
2026-09-16T12:45:38.331+02:00  INFO 74494 --- [agilityhub-core-api] [           main] .b.t.c.SpringBootTestContextBootstrapper : Found @SpringBootConfiguration com.agilityhub.core.CoreApplication for test class com.agilityhub.core.identity.api.IdentityContractIT
2026-09-16T12:45:38.378+02:00  WARN 74494 --- [agilityhub-core-api] [           main] c.a.core.shared.api.ApiExceptionHandler  : Framework request rejected code=VALIDATION_ERROR traceId=5f14a9ec-b6a6-42c3-b80d-e23255c22981
2026-09-16T12:45:38.381+02:00  WARN 74494 --- [agilityhub-core-api] [           main] c.a.core.shared.api.ApiExceptionHandler  : Framework request rejected code=VALIDATION_ERROR traceId=9bcb8702-0e3b-4ec6-a094-d22909db100c
2026-09-16T12:45:38.424+02:00  WARN 74494 --- [agilityhub-core-api] [           main] c.a.core.shared.api.ApiExceptionHandler  : Framework request rejected code=VALIDATION_ERROR traceId=1965b126-cb08-4854-859d-4a2dd71a3949
2026-09-16T12:45:38.804+02:00  WARN 74494 --- [agilityhub-core-api] [           main] c.a.core.shared.api.ApiExceptionHandler  : Framework request rejected code=VALIDATION_ERROR traceId=b505c470-fff8-4320-9fa9-2d2e793dc71c
2026-09-16T12:45:38.806+02:00  WARN 74494 --- [agilityhub-core-api] [           main] c.a.core.shared.api.ApiExceptionHandler  : Framework request rejected code=VALIDATION_ERROR traceId=461f832f-6f19-4adc-a8b5-79cb1e2b62ce
2026-09-16T12:45:38.807+02:00  WARN 74494 --- [agilityhub-core-api] [           main] c.a.core.shared.api.ApiExceptionHandler  : Framework request rejected code=VALIDATION_ERROR traceId=ba66600a-dfb6-41d6-aa4f-4040d3fc0a69
2026-09-16T12:45:38.809+02:00  WARN 74494 --- [agilityhub-core-api] [           main] c.a.core.shared.api.ApiExceptionHandler  : Framework request rejected code=VALIDATION_ERROR traceId=b9863c9f-dd01-4273-a088-dfef3766429c
2026-09-16T12:45:38.860+02:00  INFO 74494 --- [agilityhub-core-api] [           main] t.c.s.AnnotationConfigContextLoaderUtils : Could not detect default configuration classes for test class [com.agilityhub.core.identity.api.TokenScopeIT]: TokenScopeIT does not declare any static, non-private, non-final, nested classes annotated with @Configuration.
2026-09-16T12:45:38.860+02:00  INFO 74494 --- [agilityhub-core-api] [           main] .b.t.c.SpringBootTestContextBootstrapper : Found @SpringBootConfiguration com.agilityhub.core.CoreApplication for test class com.agilityhub.core.identity.api.TokenScopeIT
2026-09-16T12:45:39.201+02:00  INFO 74494 --- [agilityhub-core-api] [           main] t.c.s.AnnotationConfigContextLoaderUtils : Could not detect default configuration classes for test class [com.agilityhub.core.identity.api.OnboardingIT]: OnboardingIT does not declare any static, non-private, non-final, nested classes annotated with @Configuration.
2026-09-16T12:45:39.202+02:00  INFO 74494 --- [agilityhub-core-api] [           main] .b.t.c.SpringBootTestContextBootstrapper : Found @SpringBootConfiguration com.agilityhub.core.CoreApplication for test class com.agilityhub.core.identity.api.OnboardingIT
T-01-26 example GET /me/onboarding: {"pending":true,"postponeRemaining":0,"requiredConsent":{"policy":"PLATFORM","version":"platform-v1","url":"https://id.example.test/privacy"},"fields":[{"key":"name","value":"Example Admin","required":true},{"key":"locale","value":"en","required":true},{"key":"phone","value":null,"required":false}]}
2026-09-16T12:45:40.103+02:00  WARN 74494 --- [agilityhub-core-api] [           main] c.a.core.shared.api.ApiExceptionHandler  : Framework request rejected code=VALIDATION_ERROR traceId=d3bbb358-52c6-4ef2-bcb3-a4d03751207c
2026-09-16T12:45:40.105+02:00  WARN 74494 --- [agilityhub-core-api] [           main] c.a.core.shared.api.ApiExceptionHandler  : Framework request rejected code=VALIDATION_ERROR traceId=6ec9cfff-1cb9-41e5-9e40-8a796449cb69
2026-09-16T12:45:41.354+02:00  INFO 74494 --- [agilityhub-core-api] [           main] t.c.s.AnnotationConfigContextLoaderUtils : Could not detect default configuration classes for test class [com.agilityhub.core.identity.api.CookieRefreshIT]: CookieRefreshIT does not declare any static, non-private, non-final, nested classes annotated with @Configuration.
2026-09-16T12:45:41.355+02:00  INFO 74494 --- [agilityhub-core-api] [           main] .b.t.c.SpringBootTestContextBootstrapper : Found @SpringBootConfiguration com.agilityhub.core.CoreApplication for test class com.agilityhub.core.identity.api.CookieRefreshIT
2026-09-16T12:45:41.446+02:00  WARN 74494 --- [agilityhub-core-api] [           main] s.b.a.a.m.OnlyOnceLoggingDenyMeterFilter : Reached the maximum number of 'uri' tags for 'http.server.requests'.
2026-09-16T12:45:41.873+02:00  INFO 74494 --- [agilityhub-core-api] [           main] t.c.s.AnnotationConfigContextLoaderUtils : Could not detect default configuration classes for test class [com.agilityhub.core.identity.api.OidcIT]: OidcIT does not declare any static, non-private, non-final, nested classes annotated with @Configuration.
2026-09-16T12:45:41.874+02:00  INFO 74494 --- [agilityhub-core-api] [           main] .b.t.c.SpringBootTestContextBootstrapper : Found @SpringBootConfiguration com.agilityhub.core.CoreApplication for test class com.agilityhub.core.identity.api.OidcIT

  .   ____          _            __ _ _
 /\\ / ___'_ __ _ _(_)_ __  __ _ \ \ \ \
( ( )\___ | '_ | '_| | '_ \/ _` | \ \ \ \
 \\/  ___)| |_)| | | | | || (_| |  ) ) ) )
  '  |____| .__|_| |_|_| |_\__, | / / / /
 =========|_|==============|___/=/_/_/_/

 :: Spring Boot ::               (v3.5.16)

2026-09-16T12:45:41.883+02:00  INFO 74494 --- [agilityhub-core-api] [           main] c.agilityhub.core.identity.api.OidcIT    : Starting OidcIT using Java 21.0.12.1 with PID 74494 (started by jordib in /Users/jordib/dev/agilityhub/agilityhub-core-api)
2026-09-16T12:45:41.883+02:00  INFO 74494 --- [agilityhub-core-api] [           main] c.agilityhub.core.identity.api.OidcIT    : The following 1 profile is active: "test"
2026-09-16T12:45:42.141+02:00  INFO 74494 --- [agilityhub-core-api] [           main] .s.d.r.c.RepositoryConfigurationDelegate : Bootstrapping Spring Data MongoDB repositories in DEFAULT mode.
2026-09-16T12:45:42.164+02:00  INFO 74494 --- [agilityhub-core-api] [           main] .s.d.r.c.RepositoryConfigurationDelegate : Finished Spring Data repository scanning in 22 ms. Found 0 MongoDB repository interfaces.
2026-09-16T12:45:42.202+02:00  INFO 74494 --- [agilityhub-core-api] [           main] org.mongodb.driver.client                : MongoClient with metadata {"driver": {"name": "mongo-java-driver|sync|spring-boot", "version": "5.5.2"}, "os": {"type": "Darwin", "name": "Mac OS X", "architecture": "aarch64", "version": "26.4.1"}, "platform": "Java/Homebrew/21.0.12.1"} created with settings MongoClientSettings{readPreference=primary, writeConcern=WriteConcern{w=null, wTimeout=null ms, journal=null}, retryWrites=true, retryReads=true, readConcern=ReadConcern{level=null}, credential=null, transportSettings=null, commandListeners=[io.micrometer.core.instrument.binder.mongodb.MongoMetricsCommandListener@5f78bcaf], codecRegistry=ProvidersCodecRegistry{codecProviders=[ValueCodecProvider{}, BsonValueCodecProvider{}, DBRefCodecProvider{}, DBObjectCodecProvider{}, DocumentCodecProvider{}, CollectionCodecProvider{}, IterableCodecProvider{}, MapCodecProvider{}, GeoJsonCodecProvider{}, GridFSFileCodecProvider{}, Jsr310CodecProvider{}, JsonObjectCodecProvider{}, BsonCodecProvider{}, EnumCodecProvider{}, com.mongodb.client.model.mql.ExpressionCodecProvider@7e4bd9b4, com.mongodb.Jep395RecordCodecProvider@34518f0, com.mongodb.KotlinCodecProvider@1ab37c94]}, loggerSettings=LoggerSettings{maxDocumentLength=1000}, clusterSettings={hosts=[localhost:50278], srvServiceName=mongodb, mode=SINGLE, requiredClusterType=UNKNOWN, requiredReplicaSetName='null', serverSelector='null', clusterListeners='[]', serverSelectionTimeout='30000 ms', localThreshold='15 ms'}, socketSettings=SocketSettings{connectTimeoutMS=10000, readTimeoutMS=0, receiveBufferSize=0, proxySettings=ProxySettings{host=null, port=null, username=null, password=null}}, heartbeatSocketSettings=SocketSettings{connectTimeoutMS=10000, readTimeoutMS=10000, receiveBufferSize=0, proxySettings=ProxySettings{host=null, port=null, username=null, password=null}}, connectionPoolSettings=ConnectionPoolSettings{maxSize=100, minSize=0, maxWaitTimeMS=120000, maxConnectionLifeTimeMS=0, maxConnectionIdleTimeMS=0, maintenanceInitialDelayMS=0, maintenanceFrequencyMS=60000, connectionPoolListeners=[io.micrometer.core.instrument.binder.mongodb.MongoMetricsConnectionPoolListener@195a87fa], maxConnecting=2}, serverSettings=ServerSettings{heartbeatFrequencyMS=10000, minHeartbeatFrequencyMS=500, serverMonitoringMode=AUTO, serverListeners='[]', serverMonitorListeners='[]'}, sslSettings=SslSettings{enabled=false, invalidHostNameAllowed=false, context=null}, applicationName='null', compressorList=[], uuidRepresentation=JAVA_LEGACY, serverApi=null, autoEncryptionSettings=null, dnsClient=null, inetAddressResolver=null, contextProvider=null, timeoutMS=null}
2026-09-16T12:45:42.204+02:00  INFO 74494 --- [agilityhub-core-api] [localhost:50278] org.mongodb.driver.cluster               : Monitor thread successfully connected to server with description ServerDescription{address=localhost:50278, type=REPLICA_SET_PRIMARY, cryptd=false, state=CONNECTED, ok=true, minWireVersion=0, maxWireVersion=21, maxDocumentSize=16777216, logicalSessionTimeoutMinutes=30, roundTripTimeNanos=1437125, minRoundTripTimeNanos=0, setName='docker-rs', canonicalAddress=a400d2c2c562:27017, hosts=[a400d2c2c562:27017], passives=[], arbiters=[], primary='a400d2c2c562:27017', tagSet=TagSet{[]}, electionId=7fffff…[truncated], setVersion=1, topologyVersion=TopologyVersion{processId=6aaa72…[truncated], counter=6}, lastWriteDate=Wed Sep 16 12:45:41 CEST 2026, lastUpdateTimeNanos=348497292709916}
2026-09-16T12:45:42.590+02:00  INFO 74494 --- [agilityhub-core-api] [           main] o.s.b.t.m.w.SpringBootMockServletContext : Initializing Spring TestDispatcherServlet ''
2026-09-16T12:45:42.590+02:00  INFO 74494 --- [agilityhub-core-api] [           main] o.s.t.web.servlet.TestDispatcherServlet  : Initializing Servlet ''
2026-09-16T12:45:42.590+02:00  INFO 74494 --- [agilityhub-core-api] [           main] o.s.t.web.servlet.TestDispatcherServlet  : Completed initialization in 0 ms
2026-09-16T12:45:42.599+02:00  INFO 74494 --- [agilityhub-core-api] [           main] c.agilityhub.core.identity.api.OidcIT    : Started OidcIT in 0.723 seconds (process running for 126.169)
Signing key rotated; previous key retained for verification.
2026-09-16T12:45:44.156+02:00  WARN 74494 --- [agilityhub-core-api] [           main] c.a.core.shared.api.ApiExceptionHandler  : Framework request rejected code=VALIDATION_ERROR traceId=36a1edd6-60a1-4472-8761-721952ac91de
2026-09-16T12:45:44.674+02:00  INFO 74494 --- [agilityhub-core-api] [           main] t.c.s.AnnotationConfigContextLoaderUtils : Could not detect default configuration classes for test class [com.agilityhub.core.identity.api.SecurityEventIT]: SecurityEventIT does not declare any static, non-private, non-final, nested classes annotated with @Configuration.
2026-09-16T12:45:44.675+02:00  INFO 74494 --- [agilityhub-core-api] [           main] .b.t.c.SpringBootTestContextBootstrapper : Found @SpringBootConfiguration com.agilityhub.core.CoreApplication for test class com.agilityhub.core.identity.api.SecurityEventIT
2026-09-16T12:45:45.389+02:00  INFO 74494 --- [agilityhub-core-api] [           main] t.c.s.AnnotationConfigContextLoaderUtils : Could not detect default configuration classes for test class [com.agilityhub.core.identity.api.IdentityCurlIT]: IdentityCurlIT does not declare any static, non-private, non-final, nested classes annotated with @Configuration.
2026-09-16T12:45:45.390+02:00  INFO 74494 --- [agilityhub-core-api] [           main] .b.t.c.SpringBootTestContextBootstrapper : Found @SpringBootConfiguration com.agilityhub.core.CoreApplication for test class com.agilityhub.core.identity.api.IdentityCurlIT

  .   ____          _            __ _ _
 /\\ / ___'_ __ _ _(_)_ __  __ _ \ \ \ \
( ( )\___ | '_ | '_| | '_ \/ _` | \ \ \ \
 \\/  ___)| |_)| | | | | || (_| |  ) ) ) )
  '  |____| .__|_| |_|_| |_\__, | / / / /
 =========|_|==============|___/=/_/_/_/

 :: Spring Boot ::               (v3.5.16)

2026-09-16T12:45:45.401+02:00  INFO 74494 --- [agilityhub-core-api] [           main] c.a.core.identity.api.IdentityCurlIT     : Starting IdentityCurlIT using Java 21.0.12.1 with PID 74494 (started by jordib in /Users/jordib/dev/agilityhub/agilityhub-core-api)
2026-09-16T12:45:45.401+02:00  INFO 74494 --- [agilityhub-core-api] [           main] c.a.core.identity.api.IdentityCurlIT     : The following 1 profile is active: "test"
2026-09-16T12:45:45.599+02:00  INFO 74494 --- [agilityhub-core-api] [           main] .s.d.r.c.RepositoryConfigurationDelegate : Bootstrapping Spring Data MongoDB repositories in DEFAULT mode.
2026-09-16T12:45:45.622+02:00  INFO 74494 --- [agilityhub-core-api] [           main] .s.d.r.c.RepositoryConfigurationDelegate : Finished Spring Data repository scanning in 22 ms. Found 0 MongoDB repository interfaces.
2026-09-16T12:45:45.656+02:00  INFO 74494 --- [agilityhub-core-api] [           main] o.s.b.w.embedded.tomcat.TomcatWebServer  : Tomcat initialized with port 0 (http)
2026-09-16T12:45:45.657+02:00  INFO 74494 --- [agilityhub-core-api] [           main] o.apache.catalina.core.StandardService   : Starting service [Tomcat]
2026-09-16T12:45:45.657+02:00  INFO 74494 --- [agilityhub-core-api] [           main] o.apache.catalina.core.StandardEngine    : Starting Servlet engine: [Apache Tomcat/10.1.55]
2026-09-16T12:45:45.670+02:00  INFO 74494 --- [agilityhub-core-api] [           main] o.a.c.c.C.[Tomcat-6].[localhost].[/]     : Initializing Spring embedded WebApplicationContext
2026-09-16T12:45:45.670+02:00  INFO 74494 --- [agilityhub-core-api] [           main] w.s.c.ServletWebServerApplicationContext : Root WebApplicationContext: initialization completed in 268 ms
2026-09-16T12:45:45.692+02:00  INFO 74494 --- [agilityhub-core-api] [           main] org.mongodb.driver.client                : MongoClient with metadata {"driver": {"name": "mongo-java-driver|sync|spring-boot", "version": "5.5.2"}, "os": {"type": "Darwin", "name": "Mac OS X", "architecture": "aarch64", "version": "26.4.1"}, "platform": "Java/Homebrew/21.0.12.1"} created with settings MongoClientSettings{readPreference=primary, writeConcern=WriteConcern{w=null, wTimeout=null ms, journal=null}, retryWrites=true, retryReads=true, readConcern=ReadConcern{level=null}, credential=null, transportSettings=null, commandListeners=[io.micrometer.core.instrument.binder.mongodb.MongoMetricsCommandListener@27cb9714], codecRegistry=ProvidersCodecRegistry{codecProviders=[ValueCodecProvider{}, BsonValueCodecProvider{}, DBRefCodecProvider{}, DBObjectCodecProvider{}, DocumentCodecProvider{}, CollectionCodecProvider{}, IterableCodecProvider{}, MapCodecProvider{}, GeoJsonCodecProvider{}, GridFSFileCodecProvider{}, Jsr310CodecProvider{}, JsonObjectCodecProvider{}, BsonCodecProvider{}, EnumCodecProvider{}, com.mongodb.client.model.mql.ExpressionCodecProvider@7e4bd9b4, com.mongodb.Jep395RecordCodecProvider@34518f0, com.mongodb.KotlinCodecProvider@1ab37c94]}, loggerSettings=LoggerSettings{maxDocumentLength=1000}, clusterSettings={hosts=[localhost:50278], srvServiceName=mongodb, mode=SINGLE, requiredClusterType=UNKNOWN, requiredReplicaSetName='null', serverSelector='null', clusterListeners='[]', serverSelectionTimeout='30000 ms', localThreshold='15 ms'}, socketSettings=SocketSettings{connectTimeoutMS=10000, readTimeoutMS=0, receiveBufferSize=0, proxySettings=ProxySettings{host=null, port=null, username=null, password=null}}, heartbeatSocketSettings=SocketSettings{connectTimeoutMS=10000, readTimeoutMS=10000, receiveBufferSize=0, proxySettings=ProxySettings{host=null, port=null, username=null, password=null}}, connectionPoolSettings=ConnectionPoolSettings{maxSize=100, minSize=0, maxWaitTimeMS=120000, maxConnectionLifeTimeMS=0, maxConnectionIdleTimeMS=0, maintenanceInitialDelayMS=0, maintenanceFrequencyMS=60000, connectionPoolListeners=[io.micrometer.core.instrument.binder.mongodb.MongoMetricsConnectionPoolListener@24d3e330], maxConnecting=2}, serverSettings=ServerSettings{heartbeatFrequencyMS=10000, minHeartbeatFrequencyMS=500, serverMonitoringMode=AUTO, serverListeners='[]', serverMonitorListeners='[]'}, sslSettings=SslSettings{enabled=false, invalidHostNameAllowed=false, context=null}, applicationName='null', compressorList=[], uuidRepresentation=JAVA_LEGACY, serverApi=null, autoEncryptionSettings=null, dnsClient=null, inetAddressResolver=null, contextProvider=null, timeoutMS=null}
2026-09-16T12:45:45.695+02:00  INFO 74494 --- [agilityhub-core-api] [localhost:50278] org.mongodb.driver.cluster               : Monitor thread successfully connected to server with description ServerDescription{address=localhost:50278, type=REPLICA_SET_PRIMARY, cryptd=false, state=CONNECTED, ok=true, minWireVersion=0, maxWireVersion=21, maxDocumentSize=16777216, logicalSessionTimeoutMinutes=30, roundTripTimeNanos=1648125, minRoundTripTimeNanos=0, setName='docker-rs', canonicalAddress=a400d2c2c562:27017, hosts=[a400d2c2c562:27017], passives=[], arbiters=[], primary='a400d2c2c562:27017', tagSet=TagSet{[]}, electionId=7fffff…[truncated], setVersion=1, topologyVersion=TopologyVersion{processId=6aaa72…[truncated], counter=6}, lastWriteDate=Wed Sep 16 12:45:45 CEST 2026, lastUpdateTimeNanos=348500782914916}
2026-09-16T12:45:45.817+02:00  INFO 74494 --- [agilityhub-core-api] [           main] o.s.boot.web.servlet.RegistrationBean    : Filter rateLimitFilter was not registered (disabled)
2026-09-16T12:45:46.146+02:00  INFO 74494 --- [agilityhub-core-api] [           main] o.a.c.c.C.[Tomcat-6].[localhost].[/]     : Initializing Spring TestDispatcherServlet ''
2026-09-16T12:45:46.146+02:00  INFO 74494 --- [agilityhub-core-api] [           main] o.s.t.web.servlet.TestDispatcherServlet  : Initializing Servlet ''
2026-09-16T12:45:46.146+02:00  INFO 74494 --- [agilityhub-core-api] [           main] o.s.t.web.servlet.TestDispatcherServlet  : Completed initialization in 0 ms
2026-09-16T12:45:46.153+02:00  INFO 74494 --- [agilityhub-core-api] [           main] o.s.b.w.embedded.tomcat.TomcatWebServer  : Tomcat started on port 50682 (http) with context path '/'
2026-09-16T12:45:46.168+02:00  INFO 74494 --- [agilityhub-core-api] [           main] o.s.b.w.embedded.tomcat.TomcatWebServer  : Tomcat initialized with port 0 (http)
2026-09-16T12:45:46.168+02:00  INFO 74494 --- [agilityhub-core-api] [           main] o.apache.catalina.core.StandardService   : Starting service [Tomcat]
2026-09-16T12:45:46.169+02:00  INFO 74494 --- [agilityhub-core-api] [           main] o.apache.catalina.core.StandardEngine    : Starting Servlet engine: [Apache Tomcat/10.1.55]
2026-09-16T12:45:46.180+02:00  INFO 74494 --- [agilityhub-core-api] [           main] o.a.c.c.C.[Tomcat-7].[localhost].[/]     : Initializing Spring embedded WebApplicationContext
2026-09-16T12:45:46.180+02:00  INFO 74494 --- [agilityhub-core-api] [           main] w.s.c.ServletWebServerApplicationContext : Root WebApplicationContext: initialization completed in 26 ms
2026-09-16T12:45:46.183+02:00  INFO 74494 --- [agilityhub-core-api] [           main] o.s.b.a.e.web.EndpointLinksResolver      : Exposing 2 endpoints beneath base path '/actuator'
2026-09-16T12:45:46.193+02:00  INFO 74494 --- [agilityhub-core-api] [           main] o.s.b.w.embedded.tomcat.TomcatWebServer  : Tomcat started on port 50683 (http) with context path '/'
2026-09-16T12:45:46.195+02:00  INFO 74494 --- [agilityhub-core-api] [           main] c.a.core.identity.api.IdentityCurlIT     : Started IdentityCurlIT in 0.803 seconds (process running for 129.764)
2026-09-16T12:45:46.341+02:00  INFO 74494 --- [agilityhub-core-api] [omcat-handler-0] o.a.c.c.C.[Tomcat-6].[localhost].[/]     : Initializing Spring DispatcherServlet 'dispatcherServlet'
2026-09-16T12:45:46.341+02:00  INFO 74494 --- [agilityhub-core-api] [omcat-handler-0] o.s.web.servlet.DispatcherServlet        : Initializing Servlet 'dispatcherServlet'
2026-09-16T12:45:46.342+02:00  INFO 74494 --- [agilityhub-core-api] [omcat-handler-0] o.s.web.servlet.DispatcherServlet        : Completed initialization in 1 ms
2026-09-16T12:45:46.953+02:00  INFO 74494 --- [agilityhub-core-api] [           main] .b.t.c.SpringBootTestContextBootstrapper : Found @SpringBootConfiguration com.agilityhub.core.CoreApplication for test class com.agilityhub.core.platform.persistence.PlatformIT

  .   ____          _            __ _ _
 /\\ / ___'_ __ _ _(_)_ __  __ _ \ \ \ \
( ( )\___ | '_ | '_| | '_ \/ _` | \ \ \ \
 \\/  ___)| |_)| | | | | || (_| |  ) ) ) )
  '  |____| .__|_| |_|_| |_\__, | / / / /
 =========|_|==============|___/=/_/_/_/

 :: Spring Boot ::               (v3.5.16)

2026-09-16T12:45:46.961+02:00  INFO 74494 --- [agilityhub-core-api] [           main] c.a.c.platform.persistence.PlatformIT    : Starting PlatformIT using Java 21.0.12.1 with PID 74494 (started by jordib in /Users/jordib/dev/agilityhub/agilityhub-core-api)
2026-09-16T12:45:46.961+02:00  INFO 74494 --- [agilityhub-core-api] [           main] c.a.c.platform.persistence.PlatformIT    : The following 1 profile is active: "test"
2026-09-16T12:45:47.154+02:00  INFO 74494 --- [agilityhub-core-api] [           main] .s.d.r.c.RepositoryConfigurationDelegate : Bootstrapping Spring Data MongoDB repositories in DEFAULT mode.
2026-09-16T12:45:47.173+02:00  INFO 74494 --- [agilityhub-core-api] [           main] .s.d.r.c.RepositoryConfigurationDelegate : Finished Spring Data repository scanning in 18 ms. Found 0 MongoDB repository interfaces.
2026-09-16T12:45:47.223+02:00  INFO 74494 --- [agilityhub-core-api] [           main] org.mongodb.driver.client                : MongoClient with metadata {"driver": {"name": "mongo-java-driver|sync|spring-boot", "version": "5.5.2"}, "os": {"type": "Darwin", "name": "Mac OS X", "architecture": "aarch64", "version": "26.4.1"}, "platform": "Java/Homebrew/21.0.12.1"} created with settings MongoClientSettings{readPreference=primary, writeConcern=WriteConcern{w=null, wTimeout=null ms, journal=null}, retryWrites=true, retryReads=true, readConcern=ReadConcern{level=null}, credential=null, transportSettings=null, commandListeners=[io.micrometer.core.instrument.binder.mongodb.MongoMetricsCommandListener@5809f2f8], codecRegistry=ProvidersCodecRegistry{codecProviders=[ValueCodecProvider{}, BsonValueCodecProvider{}, DBRefCodecProvider{}, DBObjectCodecProvider{}, DocumentCodecProvider{}, CollectionCodecProvider{}, IterableCodecProvider{}, MapCodecProvider{}, GeoJsonCodecProvider{}, GridFSFileCodecProvider{}, Jsr310CodecProvider{}, JsonObjectCodecProvider{}, BsonCodecProvider{}, EnumCodecProvider{}, com.mongodb.client.model.mql.ExpressionCodecProvider@7e4bd9b4, com.mongodb.Jep395RecordCodecProvider@34518f0, com.mongodb.KotlinCodecProvider@1ab37c94]}, loggerSettings=LoggerSettings{maxDocumentLength=1000}, clusterSettings={hosts=[localhost:50278], srvServiceName=mongodb, mode=SINGLE, requiredClusterType=UNKNOWN, requiredReplicaSetName='null', serverSelector='null', clusterListeners='[]', serverSelectionTimeout='30000 ms', localThreshold='15 ms'}, socketSettings=SocketSettings{connectTimeoutMS=10000, readTimeoutMS=0, receiveBufferSize=0, proxySettings=ProxySettings{host=null, port=null, username=null, password=null}}, heartbeatSocketSettings=SocketSettings{connectTimeoutMS=10000, readTimeoutMS=10000, receiveBufferSize=0, proxySettings=ProxySettings{host=null, port=null, username=null, password=null}}, connectionPoolSettings=ConnectionPoolSettings{maxSize=100, minSize=0, maxWaitTimeMS=120000, maxConnectionLifeTimeMS=0, maxConnectionIdleTimeMS=0, maintenanceInitialDelayMS=0, maintenanceFrequencyMS=60000, connectionPoolListeners=[io.micrometer.core.instrument.binder.mongodb.MongoMetricsConnectionPoolListener@29a8b686], maxConnecting=2}, serverSettings=ServerSettings{heartbeatFrequencyMS=10000, minHeartbeatFrequencyMS=500, serverMonitoringMode=AUTO, serverListeners='[]', serverMonitorListeners='[]'}, sslSettings=SslSettings{enabled=false, invalidHostNameAllowed=false, context=null}, applicationName='null', compressorList=[], uuidRepresentation=JAVA_LEGACY, serverApi=null, autoEncryptionSettings=null, dnsClient=null, inetAddressResolver=null, contextProvider=null, timeoutMS=null}
2026-09-16T12:45:47.228+02:00  INFO 74494 --- [agilityhub-core-api] [localhost:50278] org.mongodb.driver.cluster               : Monitor thread successfully connected to server with description ServerDescription{address=localhost:50278, type=REPLICA_SET_PRIMARY, cryptd=false, state=CONNECTED, ok=true, minWireVersion=0, maxWireVersion=21, maxDocumentSize=16777216, logicalSessionTimeoutMinutes=30, roundTripTimeNanos=3622584, minRoundTripTimeNanos=0, setName='docker-rs', canonicalAddress=a400d2c2c562:27017, hosts=[a400d2c2c562:27017], passives=[], arbiters=[], primary='a400d2c2c562:27017', tagSet=TagSet{[]}, electionId=7fffff…[truncated], setVersion=1, topologyVersion=TopologyVersion{processId=6aaa72…[truncated], counter=6}, lastWriteDate=Wed Sep 16 12:45:46 CEST 2026, lastUpdateTimeNanos=348502316160208}
2026-09-16T12:45:47.794+02:00  INFO 74494 --- [agilityhub-core-api] [           main] o.s.b.t.m.w.SpringBootMockServletContext : Initializing Spring TestDispatcherServlet ''
2026-09-16T12:45:47.794+02:00  INFO 74494 --- [agilityhub-core-api] [           main] o.s.t.web.servlet.TestDispatcherServlet  : Initializing Servlet ''
2026-09-16T12:45:47.795+02:00  INFO 74494 --- [agilityhub-core-api] [           main] o.s.t.web.servlet.TestDispatcherServlet  : Completed initialization in 1 ms
2026-09-16T12:45:47.810+02:00  INFO 74494 --- [agilityhub-core-api] [           main] c.a.c.platform.persistence.PlatformIT    : Started PlatformIT in 0.855 seconds (process running for 131.379)
2026-09-16T12:45:48.094+02:00  WARN 74494 --- [agilityhub-core-api] [           main] o.s.w.s.h.HandlerMappingIntrospector     : Cache miss for REQUEST dispatch to '/api/v1/branding' (previous null). Performing MatchableHandlerMapping lookup. This is logged once only at WARN level, and every time at TRACE.
clubs indexes: [Document{{v=2, key=Document{{_id=1}}, name=_id_}}, Document{{v=2, key=Document{{slug=1}}, name=club_slug, unique=true}}, Document{{v=2, key=Document{{domains.host=1}}, name=club_host, unique=true, sparse=true}}]
parameters indexes: [Document{{v=2, key=Document{{_id=1}}, name=_id_}}, Document{{v=2, key=Document{{clubId=1, key=1, scopeRef=1}}, name=parameter_scope_key, unique=true}}]
2026-09-16T12:45:48.505+02:00  INFO 74494 --- [agilityhub-core-api] [           main] .b.t.c.SpringBootTestContextBootstrapper : Found @SpringBootConfiguration com.agilityhub.core.CoreApplication for test class com.agilityhub.core.platform.api.RequiresModuleIT

  .   ____          _            __ _ _
 /\\ / ___'_ __ _ _(_)_ __  __ _ \ \ \ \
( ( )\___ | '_ | '_| | '_ \/ _` | \ \ \ \
 \\/  ___)| |_)| | | | | || (_| |  ) ) ) )
  '  |____| .__|_| |_|_| |_\__, | / / / /
 =========|_|==============|___/=/_/_/_/

 :: Spring Boot ::               (v3.5.16)

2026-09-16T12:45:48.512+02:00  INFO 74494 --- [agilityhub-core-api] [           main] c.a.core.platform.api.RequiresModuleIT   : Starting RequiresModuleIT using Java 21.0.12.1 with PID 74494 (started by jordib in /Users/jordib/dev/agilityhub/agilityhub-core-api)
2026-09-16T12:45:48.512+02:00  INFO 74494 --- [agilityhub-core-api] [           main] c.a.core.platform.api.RequiresModuleIT   : The following 1 profile is active: "test"
2026-09-16T12:45:48.700+02:00  INFO 74494 --- [agilityhub-core-api] [           main] .s.d.r.c.RepositoryConfigurationDelegate : Bootstrapping Spring Data MongoDB repositories in DEFAULT mode.
2026-09-16T12:45:48.716+02:00  INFO 74494 --- [agilityhub-core-api] [           main] .s.d.r.c.RepositoryConfigurationDelegate : Finished Spring Data repository scanning in 15 ms. Found 0 MongoDB repository interfaces.
2026-09-16T12:45:48.751+02:00  INFO 74494 --- [agilityhub-core-api] [           main] org.mongodb.driver.client                : MongoClient with metadata {"driver": {"name": "mongo-java-driver|sync|spring-boot", "version": "5.5.2"}, "os": {"type": "Darwin", "name": "Mac OS X", "architecture": "aarch64", "version": "26.4.1"}, "platform": "Java/Homebrew/21.0.12.1"} created with settings MongoClientSettings{readPreference=primary, writeConcern=WriteConcern{w=null, wTimeout=null ms, journal=null}, retryWrites=true, retryReads=true, readConcern=ReadConcern{level=null}, credential=null, transportSettings=null, commandListeners=[io.micrometer.core.instrument.binder.mongodb.MongoMetricsCommandListener@6a166f21], codecRegistry=ProvidersCodecRegistry{codecProviders=[ValueCodecProvider{}, BsonValueCodecProvider{}, DBRefCodecProvider{}, DBObjectCodecProvider{}, DocumentCodecProvider{}, CollectionCodecProvider{}, IterableCodecProvider{}, MapCodecProvider{}, GeoJsonCodecProvider{}, GridFSFileCodecProvider{}, Jsr310CodecProvider{}, JsonObjectCodecProvider{}, BsonCodecProvider{}, EnumCodecProvider{}, com.mongodb.client.model.mql.ExpressionCodecProvider@7e4bd9b4, com.mongodb.Jep395RecordCodecProvider@34518f0, com.mongodb.KotlinCodecProvider@1ab37c94]}, loggerSettings=LoggerSettings{maxDocumentLength=1000}, clusterSettings={hosts=[localhost:50278], srvServiceName=mongodb, mode=SINGLE, requiredClusterType=UNKNOWN, requiredReplicaSetName='null', serverSelector='null', clusterListeners='[]', serverSelectionTimeout='30000 ms', localThreshold='15 ms'}, socketSettings=SocketSettings{connectTimeoutMS=10000, readTimeoutMS=0, receiveBufferSize=0, proxySettings=ProxySettings{host=null, port=null, username=null, password=null}}, heartbeatSocketSettings=SocketSettings{connectTimeoutMS=10000, readTimeoutMS=10000, receiveBufferSize=0, proxySettings=ProxySettings{host=null, port=null, username=null, password=null}}, connectionPoolSettings=ConnectionPoolSettings{maxSize=100, minSize=0, maxWaitTimeMS=120000, maxConnectionLifeTimeMS=0, maxConnectionIdleTimeMS=0, maintenanceInitialDelayMS=0, maintenanceFrequencyMS=60000, connectionPoolListeners=[io.micrometer.core.instrument.binder.mongodb.MongoMetricsConnectionPoolListener@1382585e], maxConnecting=2}, serverSettings=ServerSettings{heartbeatFrequencyMS=10000, minHeartbeatFrequencyMS=500, serverMonitoringMode=AUTO, serverListeners='[]', serverMonitorListeners='[]'}, sslSettings=SslSettings{enabled=false, invalidHostNameAllowed=false, context=null}, applicationName='null', compressorList=[], uuidRepresentation=JAVA_LEGACY, serverApi=null, autoEncryptionSettings=null, dnsClient=null, inetAddressResolver=null, contextProvider=null, timeoutMS=null}
2026-09-16T12:45:48.754+02:00  INFO 74494 --- [agilityhub-core-api] [localhost:50278] org.mongodb.driver.cluster               : Monitor thread successfully connected to server with description ServerDescription{address=localhost:50278, type=REPLICA_SET_PRIMARY, cryptd=false, state=CONNECTED, ok=true, minWireVersion=0, maxWireVersion=21, maxDocumentSize=16777216, logicalSessionTimeoutMinutes=30, roundTripTimeNanos=2163542, minRoundTripTimeNanos=0, setName='docker-rs', canonicalAddress=a400d2c2c562:27017, hosts=[a400d2c2c562:27017], passives=[], arbiters=[], primary='a400d2c2c562:27017', tagSet=TagSet{[]}, electionId=7fffff…[truncated], setVersion=1, topologyVersion=TopologyVersion{processId=6aaa72…[truncated], counter=6}, lastWriteDate=Wed Sep 16 12:45:48 CEST 2026, lastUpdateTimeNanos=348503842112416}
2026-09-16T12:45:49.185+02:00  INFO 74494 --- [agilityhub-core-api] [           main] o.s.b.t.m.w.SpringBootMockServletContext : Initializing Spring TestDispatcherServlet ''
2026-09-16T12:45:49.185+02:00  INFO 74494 --- [agilityhub-core-api] [           main] o.s.t.web.servlet.TestDispatcherServlet  : Initializing Servlet ''
2026-09-16T12:45:49.185+02:00  INFO 74494 --- [agilityhub-core-api] [           main] o.s.t.web.servlet.TestDispatcherServlet  : Completed initialization in 0 ms
2026-09-16T12:45:49.194+02:00  INFO 74494 --- [agilityhub-core-api] [           main] c.a.core.platform.api.RequiresModuleIT   : Started RequiresModuleIT in 0.687 seconds (process running for 132.763)
2026-09-16T12:45:49.266+02:00  WARN 74494 --- [agilityhub-core-api] [           main] o.s.w.s.h.HandlerMappingIntrospector     : Cache miss for REQUEST dispatch to '/api/v1/_test/module-open' (previous null). Performing MatchableHandlerMapping lookup. This is logged once only at WARN level, and every time at TRACE.
2026-09-16T12:45:49.524+02:00  WARN 74494 --- [agilityhub-core-api] [           main] c.a.core.shared.api.ApiExceptionHandler  : Framework request rejected code=VALIDATION_ERROR traceId=503e642d-099f-4d80-b0ff-99904703bd7c
2026-09-16T12:45:49.535+02:00  WARN 74494 --- [agilityhub-core-api] [           main] c.a.core.shared.api.ApiExceptionHandler  : Framework request rejected code=VALIDATION_ERROR traceId=e5d8f16d-4bc5-4eb8-b944-9c445ebaab24
2026-09-16T12:45:49.541+02:00  INFO 74494 --- [agilityhub-core-api] [           main] t.c.s.AnnotationConfigContextLoaderUtils : Could not detect default configuration classes for test class [com.agilityhub.core.platform.api.SettingsIT]: SettingsIT does not declare any static, non-private, non-final, nested classes annotated with @Configuration.
2026-09-16T12:45:49.541+02:00  INFO 74494 --- [agilityhub-core-api] [           main] .b.t.c.SpringBootTestContextBootstrapper : Found @SpringBootConfiguration com.agilityhub.core.CoreApplication for test class com.agilityhub.core.platform.api.SettingsIT
2026-09-16T12:45:50.691+02:00  WARN 74494 --- [agilityhub-core-api] [           main] c.a.core.shared.api.ApiExceptionHandler  : Framework request rejected code=VALIDATION_ERROR traceId=704a3d9d-9dd6-4a7a-aa79-e2c7948f02db
2026-09-16T12:45:51.557+02:00  INFO 74494 --- [agilityhub-core-api] [           main] t.c.s.AnnotationConfigContextLoaderUtils : Could not detect default configuration classes for test class [com.agilityhub.core.platform.api.AuditQueriesIT]: AuditQueriesIT does not declare any static, non-private, non-final, nested classes annotated with @Configuration.
2026-09-16T12:45:51.558+02:00  INFO 74494 --- [agilityhub-core-api] [           main] .b.t.c.SpringBootTestContextBootstrapper : Found @SpringBootConfiguration com.agilityhub.core.CoreApplication for test class com.agilityhub.core.platform.api.AuditQueriesIT
2026-09-16T12:45:54.032+02:00  INFO 74494 --- [agilityhub-core-api] [           main] .b.t.c.SpringBootTestContextBootstrapper : Found @SpringBootConfiguration com.agilityhub.core.CoreApplication for test class com.agilityhub.core.platform.application.audit.AuditedAspectIT

  .   ____          _            __ _ _
 /\\ / ___'_ __ _ _(_)_ __  __ _ \ \ \ \
( ( )\___ | '_ | '_| | '_ \/ _` | \ \ \ \
 \\/  ___)| |_)| | | | | || (_| |  ) ) ) )
  '  |____| .__|_| |_|_| |_\__, | / / / /
 =========|_|==============|___/=/_/_/_/

 :: Spring Boot ::               (v3.5.16)

2026-09-16T12:45:54.040+02:00  INFO 74494 --- [agilityhub-core-api] [           main] c.a.c.p.a.audit.AuditedAspectIT          : Starting AuditedAspectIT using Java 21.0.12.1 with PID 74494 (started by jordib in /Users/jordib/dev/agilityhub/agilityhub-core-api)
2026-09-16T12:45:54.040+02:00  INFO 74494 --- [agilityhub-core-api] [           main] c.a.c.p.a.audit.AuditedAspectIT          : The following 1 profile is active: "test"
2026-09-16T12:45:54.176+02:00  INFO 74494 --- [agilityhub-core-api] [           main] .s.d.r.c.RepositoryConfigurationDelegate : Bootstrapping Spring Data MongoDB repositories in DEFAULT mode.
2026-09-16T12:45:54.193+02:00  INFO 74494 --- [agilityhub-core-api] [           main] .s.d.r.c.RepositoryConfigurationDelegate : Finished Spring Data repository scanning in 16 ms. Found 0 MongoDB repository interfaces.
2026-09-16T12:45:54.225+02:00  INFO 74494 --- [agilityhub-core-api] [           main] org.mongodb.driver.client                : MongoClient with metadata {"driver": {"name": "mongo-java-driver|sync|spring-boot", "version": "5.5.2"}, "os": {"type": "Darwin", "name": "Mac OS X", "architecture": "aarch64", "version": "26.4.1"}, "platform": "Java/Homebrew/21.0.12.1"} created with settings MongoClientSettings{readPreference=primary, writeConcern=WriteConcern{w=null, wTimeout=null ms, journal=null}, retryWrites=true, retryReads=true, readConcern=ReadConcern{level=null}, credential=null, transportSettings=null, commandListeners=[io.micrometer.core.instrument.binder.mongodb.MongoMetricsCommandListener@3ed8407b], codecRegistry=ProvidersCodecRegistry{codecProviders=[ValueCodecProvider{}, BsonValueCodecProvider{}, DBRefCodecProvider{}, DBObjectCodecProvider{}, DocumentCodecProvider{}, CollectionCodecProvider{}, IterableCodecProvider{}, MapCodecProvider{}, GeoJsonCodecProvider{}, GridFSFileCodecProvider{}, Jsr310CodecProvider{}, JsonObjectCodecProvider{}, BsonCodecProvider{}, EnumCodecProvider{}, com.mongodb.client.model.mql.ExpressionCodecProvider@7e4bd9b4, com.mongodb.Jep395RecordCodecProvider@34518f0, com.mongodb.KotlinCodecProvider@1ab37c94]}, loggerSettings=LoggerSettings{maxDocumentLength=1000}, clusterSettings={hosts=[localhost:50278], srvServiceName=mongodb, mode=SINGLE, requiredClusterType=UNKNOWN, requiredReplicaSetName='null', serverSelector='null', clusterListeners='[]', serverSelectionTimeout='30000 ms', localThreshold='15 ms'}, socketSettings=SocketSettings{connectTimeoutMS=10000, readTimeoutMS=0, receiveBufferSize=0, proxySettings=ProxySettings{host=null, port=null, username=null, password=null}}, heartbeatSocketSettings=SocketSettings{connectTimeoutMS=10000, readTimeoutMS=10000, receiveBufferSize=0, proxySettings=ProxySettings{host=null, port=null, username=null, password=null}}, connectionPoolSettings=ConnectionPoolSettings{maxSize=100, minSize=0, maxWaitTimeMS=120000, maxConnectionLifeTimeMS=0, maxConnectionIdleTimeMS=0, maintenanceInitialDelayMS=0, maintenanceFrequencyMS=60000, connectionPoolListeners=[io.micrometer.core.instrument.binder.mongodb.MongoMetricsConnectionPoolListener@5f848a32], maxConnecting=2}, serverSettings=ServerSettings{heartbeatFrequencyMS=10000, minHeartbeatFrequencyMS=500, serverMonitoringMode=AUTO, serverListeners='[]', serverMonitorListeners='[]'}, sslSettings=SslSettings{enabled=false, invalidHostNameAllowed=false, context=null}, applicationName='null', compressorList=[], uuidRepresentation=JAVA_LEGACY, serverApi=null, autoEncryptionSettings=null, dnsClient=null, inetAddressResolver=null, contextProvider=null, timeoutMS=null}
2026-09-16T12:45:54.227+02:00  INFO 74494 --- [agilityhub-core-api] [localhost:50278] org.mongodb.driver.cluster               : Monitor thread successfully connected to server with description ServerDescription{address=localhost:50278, type=REPLICA_SET_PRIMARY, cryptd=false, state=CONNECTED, ok=true, minWireVersion=0, maxWireVersion=21, maxDocumentSize=16777216, logicalSessionTimeoutMinutes=30, roundTripTimeNanos=2251375, minRoundTripTimeNanos=0, setName='docker-rs', canonicalAddress=a400d2c2c562:27017, hosts=[a400d2c2c562:27017], passives=[], arbiters=[], primary='a400d2c2c562:27017', tagSet=TagSet{[]}, electionId=7fffff…[truncated], setVersion=1, topologyVersion=TopologyVersion{processId=6aaa72…[truncated], counter=6}, lastWriteDate=Wed Sep 16 12:45:54 CEST 2026, lastUpdateTimeNanos=348509315711500}
2026-09-16T12:45:54.654+02:00  INFO 74494 --- [agilityhub-core-api] [           main] c.a.c.p.a.audit.AuditedAspectIT          : Started AuditedAspectIT in 0.62 seconds (process running for 138.224)
audit_entries indexes: [Document{{v=2, key=Document{{_id=1}}, name=_id_}}, Document{{v=2, key=Document{{clubId=1, at=-1}}, name=audit_club_at}}, Document{{v=2, key=Document{{clubId=1, memberId=1, at=-1}}, name=audit_club_member_at}}, Document{{v=2, key=Document{{clubId=1, impersonatedMemberId=1, at=-1}}, name=audit_club_impersonated_at}}, Document{{v=2, key=Document{{clubId=1, entityType=1, entityId=1, at=-1}}, name=audit_club_entity_at}}]
2026-09-16T12:45:55.042+02:00  INFO 74494 --- [agilityhub-core-api] [           main] t.c.s.AnnotationConfigContextLoaderUtils : Could not detect default configuration classes for test class [com.agilityhub.core.platform.application.definition.ClubDefinitionsIT]: ClubDefinitionsIT does not declare any static, non-private, non-final, nested classes annotated with @Configuration.
2026-09-16T12:45:55.062+02:00  INFO 74494 --- [agilityhub-core-api] [           main] .b.t.c.SpringBootTestContextBootstrapper : Found @SpringBootConfiguration com.agilityhub.core.CoreApplication for test class com.agilityhub.core.platform.application.definition.ClubDefinitionsIT

  .   ____          _            __ _ _
 /\\ / ___'_ __ _ _(_)_ __  __ _ \ \ \ \
( ( )\___ | '_ | '_| | '_ \/ _` | \ \ \ \
 \\/  ___)| |_)| | | | | || (_| |  ) ) ) )
  '  |____| .__|_| |_|_| |_\__, | / / / /
 =========|_|==============|___/=/_/_/_/

 :: Spring Boot ::               (v3.5.16)

2026-09-16T12:45:55.069+02:00  INFO 74494 --- [agilityhub-core-api] [           main] c.a.c.p.a.definition.ClubDefinitionsIT   : Starting ClubDefinitionsIT using Java 21.0.12.1 with PID 74494 (started by jordib in /Users/jordib/dev/agilityhub/agilityhub-core-api)
2026-09-16T12:45:55.069+02:00  INFO 74494 --- [agilityhub-core-api] [           main] c.a.c.p.a.definition.ClubDefinitionsIT   : The following 1 profile is active: "test"
2026-09-16T12:45:55.206+02:00  INFO 74494 --- [agilityhub-core-api] [           main] .s.d.r.c.RepositoryConfigurationDelegate : Bootstrapping Spring Data MongoDB repositories in DEFAULT mode.
2026-09-16T12:45:55.222+02:00  INFO 74494 --- [agilityhub-core-api] [           main] .s.d.r.c.RepositoryConfigurationDelegate : Finished Spring Data repository scanning in 15 ms. Found 0 MongoDB repository interfaces.
2026-09-16T12:45:55.250+02:00  INFO 74494 --- [agilityhub-core-api] [           main] org.mongodb.driver.client                : MongoClient with metadata {"driver": {"name": "mongo-java-driver|sync|spring-boot", "version": "5.5.2"}, "os": {"type": "Darwin", "name": "Mac OS X", "architecture": "aarch64", "version": "26.4.1"}, "platform": "Java/Homebrew/21.0.12.1"} created with settings MongoClientSettings{readPreference=primary, writeConcern=WriteConcern{w=null, wTimeout=null ms, journal=null}, retryWrites=true, retryReads=true, readConcern=ReadConcern{level=null}, credential=null, transportSettings=null, commandListeners=[io.micrometer.core.instrument.binder.mongodb.MongoMetricsCommandListener@1ba961a6], codecRegistry=ProvidersCodecRegistry{codecProviders=[ValueCodecProvider{}, BsonValueCodecProvider{}, DBRefCodecProvider{}, DBObjectCodecProvider{}, DocumentCodecProvider{}, CollectionCodecProvider{}, IterableCodecProvider{}, MapCodecProvider{}, GeoJsonCodecProvider{}, GridFSFileCodecProvider{}, Jsr310CodecProvider{}, JsonObjectCodecProvider{}, BsonCodecProvider{}, EnumCodecProvider{}, com.mongodb.client.model.mql.ExpressionCodecProvider@7e4bd9b4, com.mongodb.Jep395RecordCodecProvider@34518f0, com.mongodb.KotlinCodecProvider@1ab37c94]}, loggerSettings=LoggerSettings{maxDocumentLength=1000}, clusterSettings={hosts=[localhost:50278], srvServiceName=mongodb, mode=SINGLE, requiredClusterType=UNKNOWN, requiredReplicaSetName='null', serverSelector='null', clusterListeners='[]', serverSelectionTimeout='30000 ms', localThreshold='15 ms'}, socketSettings=SocketSettings{connectTimeoutMS=10000, readTimeoutMS=0, receiveBufferSize=0, proxySettings=ProxySettings{host=null, port=null, username=null, password=null}}, heartbeatSocketSettings=SocketSettings{connectTimeoutMS=10000, readTimeoutMS=10000, receiveBufferSize=0, proxySettings=ProxySettings{host=null, port=null, username=null, password=null}}, connectionPoolSettings=ConnectionPoolSettings{maxSize=100, minSize=0, maxWaitTimeMS=120000, maxConnectionLifeTimeMS=0, maxConnectionIdleTimeMS=0, maintenanceInitialDelayMS=0, maintenanceFrequencyMS=60000, connectionPoolListeners=[io.micrometer.core.instrument.binder.mongodb.MongoMetricsConnectionPoolListener@418dafe7], maxConnecting=2}, serverSettings=ServerSettings{heartbeatFrequencyMS=10000, minHeartbeatFrequencyMS=500, serverMonitoringMode=AUTO, serverListeners='[]', serverMonitorListeners='[]'}, sslSettings=SslSettings{enabled=false, invalidHostNameAllowed=false, context=null}, applicationName='null', compressorList=[], uuidRepresentation=JAVA_LEGACY, serverApi=null, autoEncryptionSettings=null, dnsClient=null, inetAddressResolver=null, contextProvider=null, timeoutMS=null}
2026-09-16T12:45:55.252+02:00  INFO 74494 --- [agilityhub-core-api] [localhost:50278] org.mongodb.driver.cluster               : Monitor thread successfully connected to server with description ServerDescription{address=localhost:50278, type=REPLICA_SET_PRIMARY, cryptd=false, state=CONNECTED, ok=true, minWireVersion=0, maxWireVersion=21, maxDocumentSize=16777216, logicalSessionTimeoutMinutes=30, roundTripTimeNanos=1655667, minRoundTripTimeNanos=0, setName='docker-rs', canonicalAddress=a400d2c2c562:27017, hosts=[a400d2c2c562:27017], passives=[], arbiters=[], primary='a400d2c2c562:27017', tagSet=TagSet{[]}, electionId=7fffff…[truncated], setVersion=1, topologyVersion=TopologyVersion{processId=6aaa72…[truncated], counter=6}, lastWriteDate=Wed Sep 16 12:45:55 CEST 2026, lastUpdateTimeNanos=348510340653708}
2026-09-16T12:45:55.694+02:00  INFO 74494 --- [agilityhub-core-api] [           main] o.s.b.t.m.w.SpringBootMockServletContext : Initializing Spring TestDispatcherServlet ''
2026-09-16T12:45:55.694+02:00  INFO 74494 --- [agilityhub-core-api] [           main] o.s.t.web.servlet.TestDispatcherServlet  : Initializing Servlet ''
2026-09-16T12:45:55.694+02:00  INFO 74494 --- [agilityhub-core-api] [           main] o.s.t.web.servlet.TestDispatcherServlet  : Completed initialization in 0 ms
2026-09-16T12:45:55.700+02:00  INFO 74494 --- [agilityhub-core-api] [           main] c.a.c.p.a.definition.ClubDefinitionsIT   : Started ClubDefinitionsIT in 0.636 seconds (process running for 139.27)
2026-09-16T12:46:04.938+02:00  INFO 74494 --- [agilityhub-core-api] [           main] .b.t.c.SpringBootTestContextBootstrapper : Found @SpringBootConfiguration com.agilityhub.core.CoreApplication for test class com.agilityhub.core.shared.persistence.IdempotencyIT

  .   ____          _            __ _ _
 /\\ / ___'_ __ _ _(_)_ __  __ _ \ \ \ \
( ( )\___ | '_ | '_| | '_ \/ _` | \ \ \ \
 \\/  ___)| |_)| | | | | || (_| |  ) ) ) )
  '  |____| .__|_| |_|_| |_\__, | / / / /
 =========|_|==============|___/=/_/_/_/

 :: Spring Boot ::               (v3.5.16)

2026-09-16T12:46:04.944+02:00  INFO 74494 --- [agilityhub-core-api] [           main] c.a.c.shared.persistence.IdempotencyIT   : Starting IdempotencyIT using Java 21.0.12.1 with PID 74494 (started by jordib in /Users/jordib/dev/agilityhub/agilityhub-core-api)
2026-09-16T12:46:04.945+02:00  INFO 74494 --- [agilityhub-core-api] [           main] c.a.c.shared.persistence.IdempotencyIT   : The following 1 profile is active: "test"
2026-09-16T12:46:05.150+02:00  INFO 74494 --- [agilityhub-core-api] [           main] .s.d.r.c.RepositoryConfigurationDelegate : Bootstrapping Spring Data MongoDB repositories in DEFAULT mode.
2026-09-16T12:46:05.162+02:00  INFO 74494 --- [agilityhub-core-api] [           main] .s.d.r.c.RepositoryConfigurationDelegate : Finished Spring Data repository scanning in 12 ms. Found 0 MongoDB repository interfaces.
2026-09-16T12:46:05.189+02:00  INFO 74494 --- [agilityhub-core-api] [           main] org.mongodb.driver.client                : MongoClient with metadata {"driver": {"name": "mongo-java-driver|sync|spring-boot", "version": "5.5.2"}, "os": {"type": "Darwin", "name": "Mac OS X", "architecture": "aarch64", "version": "26.4.1"}, "platform": "Java/Homebrew/21.0.12.1"} created with settings MongoClientSettings{readPreference=primary, writeConcern=WriteConcern{w=null, wTimeout=null ms, journal=null}, retryWrites=true, retryReads=true, readConcern=ReadConcern{level=null}, credential=null, transportSettings=null, commandListeners=[io.micrometer.core.instrument.binder.mongodb.MongoMetricsCommandListener@428b8e3e], codecRegistry=ProvidersCodecRegistry{codecProviders=[ValueCodecProvider{}, BsonValueCodecProvider{}, DBRefCodecProvider{}, DBObjectCodecProvider{}, DocumentCodecProvider{}, CollectionCodecProvider{}, IterableCodecProvider{}, MapCodecProvider{}, GeoJsonCodecProvider{}, GridFSFileCodecProvider{}, Jsr310CodecProvider{}, JsonObjectCodecProvider{}, BsonCodecProvider{}, EnumCodecProvider{}, com.mongodb.client.model.mql.ExpressionCodecProvider@7e4bd9b4, com.mongodb.Jep395RecordCodecProvider@34518f0, com.mongodb.KotlinCodecProvider@1ab37c94]}, loggerSettings=LoggerSettings{maxDocumentLength=1000}, clusterSettings={hosts=[localhost:50278], srvServiceName=mongodb, mode=SINGLE, requiredClusterType=UNKNOWN, requiredReplicaSetName='null', serverSelector='null', clusterListeners='[]', serverSelectionTimeout='30000 ms', localThreshold='15 ms'}, socketSettings=SocketSettings{connectTimeoutMS=10000, readTimeoutMS=0, receiveBufferSize=0, proxySettings=ProxySettings{host=null, port=null, username=null, password=null}}, heartbeatSocketSettings=SocketSettings{connectTimeoutMS=10000, readTimeoutMS=10000, receiveBufferSize=0, proxySettings=ProxySettings{host=null, port=null, username=null, password=null}}, connectionPoolSettings=ConnectionPoolSettings{maxSize=100, minSize=0, maxWaitTimeMS=120000, maxConnectionLifeTimeMS=0, maxConnectionIdleTimeMS=0, maintenanceInitialDelayMS=0, maintenanceFrequencyMS=60000, connectionPoolListeners=[io.micrometer.core.instrument.binder.mongodb.MongoMetricsConnectionPoolListener@6ec3f14], maxConnecting=2}, serverSettings=ServerSettings{heartbeatFrequencyMS=10000, minHeartbeatFrequencyMS=500, serverMonitoringMode=AUTO, serverListeners='[]', serverMonitorListeners='[]'}, sslSettings=SslSettings{enabled=false, invalidHostNameAllowed=false, context=null}, applicationName='null', compressorList=[], uuidRepresentation=JAVA_LEGACY, serverApi=null, autoEncryptionSettings=null, dnsClient=null, inetAddressResolver=null, contextProvider=null, timeoutMS=null}
2026-09-16T12:46:05.192+02:00  INFO 74494 --- [agilityhub-core-api] [localhost:50278] org.mongodb.driver.cluster               : Monitor thread successfully connected to server with description ServerDescription{address=localhost:50278, type=REPLICA_SET_PRIMARY, cryptd=false, state=CONNECTED, ok=true, minWireVersion=0, maxWireVersion=21, maxDocumentSize=16777216, logicalSessionTimeoutMinutes=30, roundTripTimeNanos=1625542, minRoundTripTimeNanos=0, setName='docker-rs', canonicalAddress=a400d2c2c562:27017, hosts=[a400d2c2c562:27017], passives=[], arbiters=[], primary='a400d2c2c562:27017', tagSet=TagSet{[]}, electionId=7fffff…[truncated], setVersion=1, topologyVersion=TopologyVersion{processId=6aaa72…[truncated], counter=6}, lastWriteDate=Wed Sep 16 12:46:04 CEST 2026, lastUpdateTimeNanos=348520280083791}
2026-09-16T12:46:05.553+02:00  INFO 74494 --- [agilityhub-core-api] [           main] o.s.b.t.m.w.SpringBootMockServletContext : Initializing Spring TestDispatcherServlet ''
2026-09-16T12:46:05.553+02:00  INFO 74494 --- [agilityhub-core-api] [           main] o.s.t.web.servlet.TestDispatcherServlet  : Initializing Servlet ''
2026-09-16T12:46:05.553+02:00  INFO 74494 --- [agilityhub-core-api] [           main] o.s.t.web.servlet.TestDispatcherServlet  : Completed initialization in 0 ms
2026-09-16T12:46:05.558+02:00  INFO 74494 --- [agilityhub-core-api] [           main] c.a.c.shared.persistence.IdempotencyIT   : Started IdempotencyIT in 0.619 seconds (process running for 149.128)
2026-09-16T12:46:05.594+02:00  WARN 74494 --- [agilityhub-core-api] [           main] o.s.w.s.h.HandlerMappingIntrospector     : Cache miss for REQUEST dispatch to '/api/v1/test/idempotency' (previous null). Performing MatchableHandlerMapping lookup. This is logged once only at WARN level, and every time at TRACE.
idempotency_records indexes: [Document{{v=2, key=Document{{_id=1}}, name=_id_}}, Document{{v=2, key=Document{{clubId=1, accountId=1, key=1}}, name=scope_key, unique=true}}, Document{{v=2, key=Document{{createdAt=1}}, name=idempotency_retention, expireAfterSeconds=86400}}]
2026-09-16T12:46:05.664+02:00 ERROR 74494 --- [agilityhub-core-api] [           main] c.a.core.shared.api.ApiExceptionHandler  : Unhandled request exception traceId=e78236cf-561e-4f9e-a929-0df58c1f2d21

java.lang.IllegalStateException: Simulated failure
	at com.agilityhub.core.shared.persistence.IdempotencyIT$TestController.post(IdempotencyIT.java:196) ~[test-classes/:na]
	at java.base/jdk.internal.reflect.DirectMethodHandleAccessor.invoke(DirectMethodHandleAccessor.java:103) ~[na:na]
	at java.base/java.lang.reflect.Method.invoke(Method.java:580) ~[na:na]
	at org.springframework.aop.support.AopUtils.invokeJoinpointUsingReflection(AopUtils.java:360) ~[spring-aop-6.2.19.jar:6.2.19]
	at org.springframework.aop.framework.CglibAopProxy$DynamicAdvisedInterceptor.intercept(CglibAopProxy.java:724) ~[spring-aop-6.2.19.jar:6.2.19]
	at com.agilityhub.core.shared.persistence.IdempotencyIT$TestController$$SpringCGLIB$$0.post(<generated>) ~[test-classes/:na]
	at java.base/jdk.internal.reflect.DirectMethodHandleAccessor.invoke(DirectMethodHandleAccessor.java:103) ~[na:na]
	at java.base/java.lang.reflect.Method.invoke(Method.java:580) ~[na:na]
	at org.springframework.web.method.support.InvocableHandlerMethod.doInvoke(InvocableHandlerMethod.java:258) ~[spring-web-6.2.19.jar:6.2.19]
	at org.springframework.web.method.support.InvocableHandlerMethod.invokeForRequest(InvocableHandlerMethod.java:191) ~[spring-web-6.2.19.jar:6.2.19]
	at org.springframework.web.servlet.mvc.method.annotation.ServletInvocableHandlerMethod.invokeAndHandle(ServletInvocableHandlerMethod.java:118) ~[spring-webmvc-6.2.19.jar:6.2.19]
	at org.springframework.web.servlet.mvc.method.annotation.RequestMappingHandlerAdapter.invokeHandlerMethod(RequestMappingHandlerAdapter.java:991) ~[spring-webmvc-6.2.19.jar:6.2.19]
	at org.springframework.web.servlet.mvc.method.annotation.RequestMappingHandlerAdapter.handleInternal(RequestMappingHandlerAdapter.java:896) ~[spring-webmvc-6.2.19.jar:6.2.19]
	at org.springframework.web.servlet.mvc.method.AbstractHandlerMethodAdapter.handle(AbstractHandlerMethodAdapter.java:87) ~[spring-webmvc-6.2.19.jar:6.2.19]
	at org.springframework.web.servlet.DispatcherServlet.doDispatch(DispatcherServlet.java:1089) ~[spring-webmvc-6.2.19.jar:6.2.19]
	at org.springframework.web.servlet.DispatcherServlet.doService(DispatcherServlet.java:979) ~[spring-webmvc-6.2.19.jar:6.2.19]
	at org.springframework.web.servlet.FrameworkServlet.processRequest(FrameworkServlet.java:1014) ~[spring-webmvc-6.2.19.jar:6.2.19]
	at org.springframework.web.servlet.FrameworkServlet.doPost(FrameworkServlet.java:914) ~[spring-webmvc-6.2.19.jar:6.2.19]
	at jakarta.servlet.http.HttpServlet.service(HttpServlet.java:590) ~[tomcat-embed-core-10.1.55.jar:6.0]
	at org.springframework.web.servlet.FrameworkServlet.service(FrameworkServlet.java:885) ~[spring-webmvc-6.2.19.jar:6.2.19]
	at org.springframework.test.web.servlet.TestDispatcherServlet.service(TestDispatcherServlet.java:72) ~[spring-test-6.2.19.jar:6.2.19]
	at jakarta.servlet.http.HttpServlet.service(HttpServlet.java:658) ~[tomcat-embed-core-10.1.55.jar:6.0]
	at org.springframework.mock.web.MockFilterChain$ServletFilterProxy.doFilter(MockFilterChain.java:165) ~[spring-test-6.2.19.jar:6.2.19]
	at org.springframework.mock.web.MockFilterChain.doFilter(MockFilterChain.java:132) ~[spring-test-6.2.19.jar:6.2.19]
	at com.agilityhub.core.shared.api.IdempotencyFilter.lambda$execute$2(IdempotencyFilter.java:137) ~[classes/:na]
	at org.springframework.transaction.support.TransactionOperations.lambda$executeWithoutResult$0(TransactionOperations.java:68) ~[spring-tx-6.2.19.jar:6.2.19]
	at org.springframework.transaction.support.TransactionTemplate.execute(TransactionTemplate.java:140) ~[spring-tx-6.2.19.jar:6.2.19]
	at org.springframework.transaction.support.TransactionOperations.executeWithoutResult(TransactionOperations.java:67) ~[spring-tx-6.2.19.jar:6.2.19]
	at com.agilityhub.core.shared.api.IdempotencyFilter.execute(IdempotencyFilter.java:135) ~[classes/:na]
	at com.agilityhub.core.shared.api.IdempotencyFilter.doFilterInternal(IdempotencyFilter.java:64) ~[classes/:na]
	at org.springframework.web.filter.OncePerRequestFilter.doFilter(OncePerRequestFilter.java:116) ~[spring-web-6.2.19.jar:6.2.19]
	at org.springframework.test.web.servlet.setup.MockMvcFilterDecorator.doFilter(MockMvcFilterDecorator.java:162) ~[spring-test-6.2.19.jar:6.2.19]
	at org.springframework.mock.web.MockFilterChain.doFilter(MockFilterChain.java:132) ~[spring-test-6.2.19.jar:6.2.19]
	at com.agilityhub.core.shared.api.RequestLocaleFilter.doFilterInternal(RequestLocaleFilter.java:24) ~[classes/:na]
	at org.springframework.web.filter.OncePerRequestFilter.doFilter(OncePerRequestFilter.java:116) ~[spring-web-6.2.19.jar:6.2.19]
	at org.springframework.test.web.servlet.setup.MockMvcFilterDecorator.doFilter(MockMvcFilterDecorator.java:162) ~[spring-test-6.2.19.jar:6.2.19]
	at org.springframework.mock.web.MockFilterChain.doFilter(MockFilterChain.java:132) ~[spring-test-6.2.19.jar:6.2.19]
	at com.agilityhub.core.shared.api.TenantFilter.doFilterInternal(TenantFilter.java:84) ~[classes/:na]
	at org.springframework.web.filter.OncePerRequestFilter.doFilter(OncePerRequestFilter.java:116) ~[spring-web-6.2.19.jar:6.2.19]
	at org.springframework.test.web.servlet.setup.MockMvcFilterDecorator.doFilter(MockMvcFilterDecorator.java:162) ~[spring-test-6.2.19.jar:6.2.19]
	at org.springframework.mock.web.MockFilterChain.doFilter(MockFilterChain.java:132) ~[spring-test-6.2.19.jar:6.2.19]
	at org.springframework.web.filter.CompositeFilter$VirtualFilterChain.doFilter(CompositeFilter.java:108) ~[spring-web-6.2.19.jar:6.2.19]
	at org.springframework.web.filter.CompositeFilter$VirtualFilterChain.doFilter(CompositeFilter.java:108) ~[spring-web-6.2.19.jar:6.2.19]
	at org.springframework.security.web.FilterChainProxy.lambda$doFilterInternal$3(FilterChainProxy.java:231) ~[spring-security-web-6.5.11.jar:6.5.11]
	at org.springframework.security.web.ObservationFilterChainDecorator$FilterObservation$SimpleFilterObservation.lambda$wrap$1(ObservationFilterChainDecorator.java:490) ~[spring-security-web-6.5.11.jar:6.5.11]
	at org.springframework.security.web.ObservationFilterChainDecorator$AroundFilterObservation$SimpleAroundFilterObservation.lambda$wrap$1(ObservationFilterChainDecorator.java:351) ~[spring-security-web-6.5.11.jar:6.5.11]
	at org.springframework.security.web.ObservationFilterChainDecorator.lambda$wrapSecured$0(ObservationFilterChainDecorator.java:83) ~[spring-security-web-6.5.11.jar:6.5.11]
	at org.springframework.security.web.ObservationFilterChainDecorator$VirtualFilterChain.doFilter(ObservationFilterChainDecorator.java:129) ~[spring-security-web-6.5.11.jar:6.5.11]
	at org.springframework.security.web.access.intercept.AuthorizationFilter.doFilter(AuthorizationFilter.java:101) ~[spring-security-web-6.5.11.jar:6.5.11]
	at org.springframework.security.web.ObservationFilterChainDecorator$ObservationFilter.wrapFilter(ObservationFilterChainDecorator.java:241) ~[spring-security-web-6.5.11.jar:6.5.11]
	at org.springframework.security.web.ObservationFilterChainDecorator$ObservationFilter.doFilter(ObservationFilterChainDecorator.java:228) ~[spring-security-web-6.5.11.jar:6.5.11]
	at org.springframework.security.web.ObservationFilterChainDecorator$VirtualFilterChain.doFilter(ObservationFilterChainDecorator.java:138) ~[spring-security-web-6.5.11.jar:6.5.11]
	at org.springframework.security.web.access.ExceptionTranslationFilter.doFilter(ExceptionTranslationFilter.java:125) ~[spring-security-web-6.5.11.jar:6.5.11]
	at org.springframework.security.web.access.ExceptionTranslationFilter.doFilter(ExceptionTranslationFilter.java:119) ~[spring-security-web-6.5.11.jar:6.5.11]
	at org.springframework.security.web.ObservationFilterChainDecorator$ObservationFilter.wrapFilter(ObservationFilterChainDecorator.java:241) ~[spring-security-web-6.5.11.jar:6.5.11]
	at org.springframework.security.web.ObservationFilterChainDecorator$ObservationFilter.doFilter(ObservationFilterChainDecorator.java:228) ~[spring-security-web-6.5.11.jar:6.5.11]
	at org.springframework.security.web.ObservationFilterChainDecorator$VirtualFilterChain.doFilter(ObservationFilterChainDecorator.java:138) ~[spring-security-web-6.5.11.jar:6.5.11]
	at org.springframework.security.web.authentication.AnonymousAuthenticationFilter.doFilter(AnonymousAuthenticationFilter.java:100) ~[spring-security-web-6.5.11.jar:6.5.11]
	at org.springframework.security.web.ObservationFilterChainDecorator$ObservationFilter.wrapFilter(ObservationFilterChainDecorator.java:241) ~[spring-security-web-6.5.11.jar:6.5.11]
	at org.springframework.security.web.ObservationFilterChainDecorator$ObservationFilter.doFilter(ObservationFilterChainDecorator.java:228) ~[spring-security-web-6.5.11.jar:6.5.11]
	at org.springframework.security.web.ObservationFilterChainDecorator$VirtualFilterChain.doFilter(ObservationFilterChainDecorator.java:138) ~[spring-security-web-6.5.11.jar:6.5.11]
	at org.springframework.security.web.servletapi.SecurityContextHolderAwareRequestFilter.doFilter(SecurityContextHolderAwareRequestFilter.java:179) ~[spring-security-web-6.5.11.jar:6.5.11]
	at org.springframework.security.web.ObservationFilterChainDecorator$ObservationFilter.wrapFilter(ObservationFilterChainDecorator.java:241) ~[spring-security-web-6.5.11.jar:6.5.11]
	at org.springframework.security.web.ObservationFilterChainDecorator$ObservationFilter.doFilter(ObservationFilterChainDecorator.java:228) ~[spring-security-web-6.5.11.jar:6.5.11]
	at org.springframework.security.web.ObservationFilterChainDecorator$VirtualFilterChain.doFilter(ObservationFilterChainDecorator.java:138) ~[spring-security-web-6.5.11.jar:6.5.11]
	at org.springframework.security.web.savedrequest.RequestCacheAwareFilter.doFilter(RequestCacheAwareFilter.java:63) ~[spring-security-web-6.5.11.jar:6.5.11]
	at org.springframework.security.web.ObservationFilterChainDecorator$ObservationFilter.wrapFilter(ObservationFilterChainDecorator.java:241) ~[spring-security-web-6.5.11.jar:6.5.11]
	at org.springframework.security.web.ObservationFilterChainDecorator$ObservationFilter.doFilter(ObservationFilterChainDecorator.java:228) ~[spring-security-web-6.5.11.jar:6.5.11]
	at org.springframework.security.web.ObservationFilterChainDecorator$VirtualFilterChain.doFilter(ObservationFilterChainDecorator.java:138) ~[spring-security-web-6.5.11.jar:6.5.11]
	at org.springframework.security.web.authentication.logout.LogoutFilter.doFilter(LogoutFilter.java:107) ~[spring-security-web-6.5.11.jar:6.5.11]
	at org.springframework.security.web.authentication.logout.LogoutFilter.doFilter(LogoutFilter.java:93) ~[spring-security-web-6.5.11.jar:6.5.11]
	at org.springframework.security.web.ObservationFilterChainDecorator$ObservationFilter.wrapFilter(ObservationFilterChainDecorator.java:241) ~[spring-security-web-6.5.11.jar:6.5.11]
	at org.springframework.security.web.ObservationFilterChainDecorator$ObservationFilter.doFilter(ObservationFilterChainDecorator.java:228) ~[spring-security-web-6.5.11.jar:6.5.11]
	at org.springframework.security.web.ObservationFilterChainDecorator$VirtualFilterChain.doFilter(ObservationFilterChainDecorator.java:138) ~[spring-security-web-6.5.11.jar:6.5.11]
	at org.springframework.web.filter.OncePerRequestFilter.doFilter(OncePerRequestFilter.java:101) ~[spring-web-6.2.19.jar:6.2.19]
	at org.springframework.security.web.ObservationFilterChainDecorator$ObservationFilter.wrapFilter(ObservationFilterChainDecorator.java:241) ~[spring-security-web-6.5.11.jar:6.5.11]
	at org.springframework.security.web.ObservationFilterChainDecorator$ObservationFilter.doFilter(ObservationFilterChainDecorator.java:228) ~[spring-security-web-6.5.11.jar:6.5.11]
	at org.springframework.security.web.ObservationFilterChainDecorator$VirtualFilterChain.doFilter(ObservationFilterChainDecorator.java:138) ~[spring-security-web-6.5.11.jar:6.5.11]
	at org.springframework.security.web.header.HeaderWriterFilter.doHeadersAfter(HeaderWriterFilter.java:90) ~[spring-security-web-6.5.11.jar:6.5.11]
	at org.springframework.security.web.header.HeaderWriterFilter.doFilterInternal(HeaderWriterFilter.java:75) ~[spring-security-web-6.5.11.jar:6.5.11]
	at org.springframework.web.filter.OncePerRequestFilter.doFilter(OncePerRequestFilter.java:116) ~[spring-web-6.2.19.jar:6.2.19]
	at org.springframework.security.web.ObservationFilterChainDecorator$ObservationFilter.wrapFilter(ObservationFilterChainDecorator.java:241) ~[spring-security-web-6.5.11.jar:6.5.11]
	at org.springframework.security.web.ObservationFilterChainDecorator$ObservationFilter.doFilter(ObservationFilterChainDecorator.java:228) ~[spring-security-web-6.5.11.jar:6.5.11]
	at org.springframework.security.web.ObservationFilterChainDecorator$VirtualFilterChain.doFilter(ObservationFilterChainDecorator.java:138) ~[spring-security-web-6.5.11.jar:6.5.11]
	at org.springframework.security.web.context.SecurityContextHolderFilter.doFilter(SecurityContextHolderFilter.java:82) ~[spring-security-web-6.5.11.jar:6.5.11]
	at org.springframework.security.web.context.SecurityContextHolderFilter.doFilter(SecurityContextHolderFilter.java:69) ~[spring-security-web-6.5.11.jar:6.5.11]
	at org.springframework.security.web.ObservationFilterChainDecorator$ObservationFilter.wrapFilter(ObservationFilterChainDecorator.java:241) ~[spring-security-web-6.5.11.jar:6.5.11]
	at org.springframework.security.web.ObservationFilterChainDecorator$ObservationFilter.doFilter(ObservationFilterChainDecorator.java:228) ~[spring-security-web-6.5.11.jar:6.5.11]
	at org.springframework.security.web.ObservationFilterChainDecorator$VirtualFilterChain.doFilter(ObservationFilterChainDecorator.java:138) ~[spring-security-web-6.5.11.jar:6.5.11]
	at org.springframework.security.web.context.request.async.WebAsyncManagerIntegrationFilter.doFilterInternal(WebAsyncManagerIntegrationFilter.java:62) ~[spring-security-web-6.5.11.jar:6.5.11]
	at org.springframework.web.filter.OncePerRequestFilter.doFilter(OncePerRequestFilter.java:116) ~[spring-web-6.2.19.jar:6.2.19]
	at org.springframework.security.web.ObservationFilterChainDecorator$ObservationFilter.wrapFilter(ObservationFilterChainDecorator.java:241) ~[spring-security-web-6.5.11.jar:6.5.11]
	at org.springframework.security.web.ObservationFilterChainDecorator$ObservationFilter.doFilter(ObservationFilterChainDecorator.java:228) ~[spring-security-web-6.5.11.jar:6.5.11]
	at org.springframework.security.web.ObservationFilterChainDecorator$VirtualFilterChain.doFilter(ObservationFilterChainDecorator.java:138) ~[spring-security-web-6.5.11.jar:6.5.11]
	at org.springframework.security.web.session.DisableEncodeUrlFilter.doFilterInternal(DisableEncodeUrlFilter.java:42) ~[spring-security-web-6.5.11.jar:6.5.11]
	at org.springframework.web.filter.OncePerRequestFilter.doFilter(OncePerRequestFilter.java:116) ~[spring-web-6.2.19.jar:6.2.19]
	at org.springframework.security.web.ObservationFilterChainDecorator$ObservationFilter.wrapFilter(ObservationFilterChainDecorator.java:241) ~[spring-security-web-6.5.11.jar:6.5.11]
	at org.springframework.security.web.ObservationFilterChainDecorator$AroundFilterObservation$SimpleAroundFilterObservation.lambda$wrap$0(ObservationFilterChainDecorator.java:334) ~[spring-security-web-6.5.11.jar:6.5.11]
	at org.springframework.security.web.ObservationFilterChainDecorator$ObservationFilter.doFilter(ObservationFilterChainDecorator.java:225) ~[spring-security-web-6.5.11.jar:6.5.11]
	at org.springframework.security.web.ObservationFilterChainDecorator$VirtualFilterChain.doFilter(ObservationFilterChainDecorator.java:138) ~[spring-security-web-6.5.11.jar:6.5.11]
	at org.springframework.security.web.FilterChainProxy.doFilterInternal(FilterChainProxy.java:233) ~[spring-security-web-6.5.11.jar:6.5.11]
	at org.springframework.security.web.FilterChainProxy.doFilter(FilterChainProxy.java:191) ~[spring-security-web-6.5.11.jar:6.5.11]
	at org.springframework.web.filter.CompositeFilter$VirtualFilterChain.doFilter(CompositeFilter.java:113) ~[spring-web-6.2.19.jar:6.2.19]
	at org.springframework.web.filter.ServletRequestPathFilter.doFilter(ServletRequestPathFilter.java:52) ~[spring-web-6.2.19.jar:6.2.19]
	at org.springframework.web.filter.CompositeFilter$VirtualFilterChain.doFilter(CompositeFilter.java:113) ~[spring-web-6.2.19.jar:6.2.19]
	at org.springframework.web.filter.CompositeFilter.doFilter(CompositeFilter.java:74) ~[spring-web-6.2.19.jar:6.2.19]
	at org.springframework.security.config.annotation.web.configuration.WebSecurityConfiguration$CompositeFilterChainProxy.doFilter(WebSecurityConfiguration.java:319) ~[spring-security-config-6.5.11.jar:6.5.11]
	at org.springframework.web.filter.CompositeFilter$VirtualFilterChain.doFilter(CompositeFilter.java:113) ~[spring-web-6.2.19.jar:6.2.19]
	at org.springframework.web.servlet.handler.HandlerMappingIntrospector.lambda$createCacheFilter$4(HandlerMappingIntrospector.java:267) ~[spring-webmvc-6.2.19.jar:6.2.19]
	at org.springframework.web.filter.CompositeFilter$VirtualFilterChain.doFilter(CompositeFilter.java:113) ~[spring-web-6.2.19.jar:6.2.19]
	at org.springframework.web.filter.CompositeFilter.doFilter(CompositeFilter.java:74) ~[spring-web-6.2.19.jar:6.2.19]
	at org.springframework.security.config.annotation.web.configuration.WebMvcSecurityConfiguration$CompositeFilterChainProxy.doFilter(WebMvcSecurityConfiguration.java:240) ~[spring-security-config-6.5.11.jar:6.5.11]
	at org.springframework.web.filter.DelegatingFilterProxy.invokeDelegate(DelegatingFilterProxy.java:362) ~[spring-web-6.2.19.jar:6.2.19]
	at org.springframework.web.filter.DelegatingFilterProxy.doFilter(DelegatingFilterProxy.java:278) ~[spring-web-6.2.19.jar:6.2.19]
	at org.springframework.test.web.servlet.setup.MockMvcFilterDecorator.doFilter(MockMvcFilterDecorator.java:162) ~[spring-test-6.2.19.jar:6.2.19]
	at org.springframework.mock.web.MockFilterChain.doFilter(MockFilterChain.java:132) ~[spring-test-6.2.19.jar:6.2.19]
	at org.springframework.web.filter.RequestContextFilter.doFilterInternal(RequestContextFilter.java:100) ~[spring-web-6.2.19.jar:6.2.19]
	at org.springframework.web.filter.OncePerRequestFilter.doFilter(OncePerRequestFilter.java:116) ~[spring-web-6.2.19.jar:6.2.19]
	at org.springframework.test.web.servlet.setup.MockMvcFilterDecorator.doFilter(MockMvcFilterDecorator.java:162) ~[spring-test-6.2.19.jar:6.2.19]
	at org.springframework.mock.web.MockFilterChain.doFilter(MockFilterChain.java:132) ~[spring-test-6.2.19.jar:6.2.19]
	at org.springframework.web.filter.FormContentFilter.doFilterInternal(FormContentFilter.java:93) ~[spring-web-6.2.19.jar:6.2.19]
	at org.springframework.web.filter.OncePerRequestFilter.doFilter(OncePerRequestFilter.java:116) ~[spring-web-6.2.19.jar:6.2.19]
	at org.springframework.test.web.servlet.setup.MockMvcFilterDecorator.doFilter(MockMvcFilterDecorator.java:162) ~[spring-test-6.2.19.jar:6.2.19]
	at org.springframework.mock.web.MockFilterChain.doFilter(MockFilterChain.java:132) ~[spring-test-6.2.19.jar:6.2.19]
	at com.agilityhub.core.shared.api.RequestTraceFilter.doFilterInternal(RequestTraceFilter.java:32) ~[classes/:na]
	at org.springframework.web.filter.OncePerRequestFilter.doFilter(OncePerRequestFilter.java:116) ~[spring-web-6.2.19.jar:6.2.19]
	at org.springframework.test.web.servlet.setup.MockMvcFilterDecorator.doFilter(MockMvcFilterDecorator.java:162) ~[spring-test-6.2.19.jar:6.2.19]
	at org.springframework.mock.web.MockFilterChain.doFilter(MockFilterChain.java:132) ~[spring-test-6.2.19.jar:6.2.19]
	at org.springframework.web.filter.ServerHttpObservationFilter.doFilterInternal(ServerHttpObservationFilter.java:110) ~[spring-web-6.2.19.jar:6.2.19]
	at org.springframework.web.filter.OncePerRequestFilter.doFilter(OncePerRequestFilter.java:116) ~[spring-web-6.2.19.jar:6.2.19]
	at org.springframework.test.web.servlet.setup.MockMvcFilterDecorator.doFilter(MockMvcFilterDecorator.java:162) ~[spring-test-6.2.19.jar:6.2.19]
	at org.springframework.mock.web.MockFilterChain.doFilter(MockFilterChain.java:132) ~[spring-test-6.2.19.jar:6.2.19]
	at org.springframework.web.filter.CharacterEncodingFilter.doFilterInternal(CharacterEncodingFilter.java:201) ~[spring-web-6.2.19.jar:6.2.19]
	at org.springframework.web.filter.OncePerRequestFilter.doFilter(OncePerRequestFilter.java:116) ~[spring-web-6.2.19.jar:6.2.19]
	at org.springframework.test.web.servlet.setup.MockMvcFilterDecorator.doFilter(MockMvcFilterDecorator.java:162) ~[spring-test-6.2.19.jar:6.2.19]
	at org.springframework.mock.web.MockFilterChain.doFilter(MockFilterChain.java:132) ~[spring-test-6.2.19.jar:6.2.19]
	at org.springframework.test.web.servlet.MockMvc.perform(MockMvc.java:201) ~[spring-test-6.2.19.jar:6.2.19]
	at com.agilityhub.core.shared.persistence.IdempotencyIT.E0_T04_failureRollsBackEffectsAndReleasesTheKey(IdempotencyIT.java:150) ~[test-classes/:na]
	at java.base/jdk.internal.reflect.DirectMethodHandleAccessor.invoke(DirectMethodHandleAccessor.java:103) ~[na:na]
	at java.base/java.lang.reflect.Method.invoke(Method.java:580) ~[na:na]
	at org.junit.platform.commons.util.ReflectionUtils.invokeMethod(ReflectionUtils.java:775) ~[junit-platform-commons-1.12.2.jar:1.12.2]
	at org.junit.platform.commons.support.ReflectionSupport.invokeMethod(ReflectionSupport.java:479) ~[junit-platform-commons-1.12.2.jar:1.12.2]
	at org.junit.jupiter.engine.execution.MethodInvocation.proceed(MethodInvocation.java:60) ~[junit-jupiter-engine-5.12.2.jar:5.12.2]
	at org.junit.jupiter.engine.execution.InvocationInterceptorChain$ValidatingInvocation.proceed(InvocationInterceptorChain.java:131) ~[junit-jupiter-engine-5.12.2.jar:5.12.2]
	at org.junit.jupiter.engine.extension.TimeoutExtension.intercept(TimeoutExtension.java:161) ~[junit-jupiter-engine-5.12.2.jar:5.12.2]
	at org.junit.jupiter.engine.extension.TimeoutExtension.interceptTestableMethod(TimeoutExtension.java:152) ~[junit-jupiter-engine-5.12.2.jar:5.12.2]
	at org.junit.jupiter.engine.extension.TimeoutExtension.interceptTestMethod(TimeoutExtension.java:91) ~[junit-jupiter-engine-5.12.2.jar:5.12.2]
	at org.junit.jupiter.engine.execution.InterceptingExecutableInvoker$ReflectiveInterceptorCall.lambda$ofVoidMethod$0(InterceptingExecutableInvoker.java:112) ~[junit-jupiter-engine-5.12.2.jar:5.12.2]
	at org.junit.jupiter.engine.execution.InterceptingExecutableInvoker.lambda$invoke$0(InterceptingExecutableInvoker.java:94) ~[junit-jupiter-engine-5.12.2.jar:5.12.2]
	at org.junit.jupiter.engine.execution.InvocationInterceptorChain$InterceptedInvocation.proceed(InvocationInterceptorChain.java:106) ~[junit-jupiter-engine-5.12.2.jar:5.12.2]
	at org.junit.jupiter.engine.execution.InvocationInterceptorChain.proceed(InvocationInterceptorChain.java:64) ~[junit-jupiter-engine-5.12.2.jar:5.12.2]
	at org.junit.jupiter.engine.execution.InvocationInterceptorChain.chainAndInvoke(InvocationInterceptorChain.java:45) ~[junit-jupiter-engine-5.12.2.jar:5.12.2]
	at org.junit.jupiter.engine.execution.InvocationInterceptorChain.invoke(InvocationInterceptorChain.java:37) ~[junit-jupiter-engine-5.12.2.jar:5.12.2]
	at org.junit.jupiter.engine.execution.InterceptingExecutableInvoker.invoke(InterceptingExecutableInvoker.java:93) ~[junit-jupiter-engine-5.12.2.jar:5.12.2]
	at org.junit.jupiter.engine.execution.InterceptingExecutableInvoker.invoke(InterceptingExecutableInvoker.java:87) ~[junit-jupiter-engine-5.12.2.jar:5.12.2]
	at org.junit.jupiter.engine.descriptor.TestMethodTestDescriptor.lambda$invokeTestMethod$7(TestMethodTestDescriptor.java:216) ~[junit-jupiter-engine-5.12.2.jar:5.12.2]
	at org.junit.platform.engine.support.hierarchical.ThrowableCollector.execute(ThrowableCollector.java:73) ~[junit-platform-engine-1.12.2.jar:1.12.2]
	at org.junit.jupiter.engine.descriptor.TestMethodTestDescriptor.invokeTestMethod(TestMethodTestDescriptor.java:212) ~[junit-jupiter-engine-5.12.2.jar:5.12.2]
	at org.junit.jupiter.engine.descriptor.TestMethodTestDescriptor.execute(TestMethodTestDescriptor.java:137) ~[junit-jupiter-engine-5.12.2.jar:5.12.2]
	at org.junit.jupiter.engine.descriptor.TestMethodTestDescriptor.execute(TestMethodTestDescriptor.java:69) ~[junit-jupiter-engine-5.12.2.jar:5.12.2]
	at org.junit.platform.engine.support.hierarchical.NodeTestTask.lambda$executeRecursively$6(NodeTestTask.java:156) ~[junit-platform-engine-1.12.2.jar:1.12.2]
	at org.junit.platform.engine.support.hierarchical.ThrowableCollector.execute(ThrowableCollector.java:73) ~[junit-platform-engine-1.12.2.jar:1.12.2]
	at org.junit.platform.engine.support.hierarchical.NodeTestTask.lambda$executeRecursively$8(NodeTestTask.java:146) ~[junit-platform-engine-1.12.2.jar:1.12.2]
	at org.junit.platform.engine.support.hierarchical.Node.around(Node.java:137) ~[junit-platform-engine-1.12.2.jar:1.12.2]
	at org.junit.platform.engine.support.hierarchical.NodeTestTask.lambda$executeRecursively$9(NodeTestTask.java:144) ~[junit-platform-engine-1.12.2.jar:1.12.2]
	at org.junit.platform.engine.support.hierarchical.ThrowableCollector.execute(ThrowableCollector.java:73) ~[junit-platform-engine-1.12.2.jar:1.12.2]
	at org.junit.platform.engine.support.hierarchical.NodeTestTask.executeRecursively(NodeTestTask.java:143) ~[junit-platform-engine-1.12.2.jar:1.12.2]
	at org.junit.platform.engine.support.hierarchical.NodeTestTask.execute(NodeTestTask.java:100) ~[junit-platform-engine-1.12.2.jar:1.12.2]
	at java.base/java.util.ArrayList.forEach(ArrayList.java:1596) ~[na:na]
	at org.junit.platform.engine.support.hierarchical.SameThreadHierarchicalTestExecutorService.invokeAll(SameThreadHierarchicalTestExecutorService.java:41) ~[junit-platform-engine-1.12.2.jar:1.12.2]
	at org.junit.platform.engine.support.hierarchical.NodeTestTask.lambda$executeRecursively$6(NodeTestTask.java:160) ~[junit-platform-engine-1.12.2.jar:1.12.2]
	at org.junit.platform.engine.support.hierarchical.ThrowableCollector.execute(ThrowableCollector.java:73) ~[junit-platform-engine-1.12.2.jar:1.12.2]
	at org.junit.platform.engine.support.hierarchical.NodeTestTask.lambda$executeRecursively$8(NodeTestTask.java:146) ~[junit-platform-engine-1.12.2.jar:1.12.2]
	at org.junit.platform.engine.support.hierarchical.Node.around(Node.java:137) ~[junit-platform-engine-1.12.2.jar:1.12.2]
	at org.junit.platform.engine.support.hierarchical.NodeTestTask.lambda$executeRecursively$9(NodeTestTask.java:144) ~[junit-platform-engine-1.12.2.jar:1.12.2]
	at org.junit.platform.engine.support.hierarchical.ThrowableCollector.execute(ThrowableCollector.java:73) ~[junit-platform-engine-1.12.2.jar:1.12.2]
	at org.junit.platform.engine.support.hierarchical.NodeTestTask.executeRecursively(NodeTestTask.java:143) ~[junit-platform-engine-1.12.2.jar:1.12.2]
	at org.junit.platform.engine.support.hierarchical.NodeTestTask.execute(NodeTestTask.java:100) ~[junit-platform-engine-1.12.2.jar:1.12.2]
	at java.base/java.util.ArrayList.forEach(ArrayList.java:1596) ~[na:na]
	at org.junit.platform.engine.support.hierarchical.SameThreadHierarchicalTestExecutorService.invokeAll(SameThreadHierarchicalTestExecutorService.java:41) ~[junit-platform-engine-1.12.2.jar:1.12.2]
	at org.junit.platform.engine.support.hierarchical.NodeTestTask.lambda$executeRecursively$6(NodeTestTask.java:160) ~[junit-platform-engine-1.12.2.jar:1.12.2]
	at org.junit.platform.engine.support.hierarchical.ThrowableCollector.execute(ThrowableCollector.java:73) ~[junit-platform-engine-1.12.2.jar:1.12.2]
	at org.junit.platform.engine.support.hierarchical.NodeTestTask.lambda$executeRecursively$8(NodeTestTask.java:146) ~[junit-platform-engine-1.12.2.jar:1.12.2]
	at org.junit.platform.engine.support.hierarchical.Node.around(Node.java:137) ~[junit-platform-engine-1.12.2.jar:1.12.2]
	at org.junit.platform.engine.support.hierarchical.NodeTestTask.lambda$executeRecursively$9(NodeTestTask.java:144) ~[junit-platform-engine-1.12.2.jar:1.12.2]
	at org.junit.platform.engine.support.hierarchical.ThrowableCollector.execute(ThrowableCollector.java:73) ~[junit-platform-engine-1.12.2.jar:1.12.2]
	at org.junit.platform.engine.support.hierarchical.NodeTestTask.executeRecursively(NodeTestTask.java:143) ~[junit-platform-engine-1.12.2.jar:1.12.2]
	at org.junit.platform.engine.support.hierarchical.NodeTestTask.execute(NodeTestTask.java:100) ~[junit-platform-engine-1.12.2.jar:1.12.2]
	at org.junit.platform.engine.support.hierarchical.SameThreadHierarchicalTestExecutorService.submit(SameThreadHierarchicalTestExecutorService.java:35) ~[junit-platform-engine-1.12.2.jar:1.12.2]
	at org.junit.platform.engine.support.hierarchical.HierarchicalTestExecutor.execute(HierarchicalTestExecutor.java:57) ~[junit-platform-engine-1.12.2.jar:1.12.2]
	at org.junit.platform.engine.support.hierarchical.HierarchicalTestEngine.execute(HierarchicalTestEngine.java:54) ~[junit-platform-engine-1.12.2.jar:1.12.2]
	at org.junit.platform.launcher.core.EngineExecutionOrchestrator.execute(EngineExecutionOrchestrator.java:201) ~[junit-platform-launcher-1.12.2.jar:1.12.2]
	at org.junit.platform.launcher.core.EngineExecutionOrchestrator.execute(EngineExecutionOrchestrator.java:170) ~[junit-platform-launcher-1.12.2.jar:1.12.2]
	at org.junit.platform.launcher.core.EngineExecutionOrchestrator.execute(EngineExecutionOrchestrator.java:94) ~[junit-platform-launcher-1.12.2.jar:1.12.2]
	at org.junit.platform.launcher.core.EngineExecutionOrchestrator.lambda$execute$0(EngineExecutionOrchestrator.java:59) ~[junit-platform-launcher-1.12.2.jar:1.12.2]
	at org.junit.platform.launcher.core.EngineExecutionOrchestrator.withInterceptedStreams(EngineExecutionOrchestrator.java:142) ~[junit-platform-launcher-1.12.2.jar:1.12.2]
	at org.junit.platform.launcher.core.EngineExecutionOrchestrator.execute(EngineExecutionOrchestrator.java:58) ~[junit-platform-launcher-1.12.2.jar:1.12.2]
	at org.junit.platform.launcher.core.DefaultLauncher.execute(DefaultLauncher.java:103) ~[junit-platform-launcher-1.12.2.jar:1.12.2]
	at org.junit.platform.launcher.core.DefaultLauncher.execute(DefaultLauncher.java:85) ~[junit-platform-launcher-1.12.2.jar:1.12.2]
	at org.junit.platform.launcher.core.DelegatingLauncher.execute(DelegatingLauncher.java:47) ~[junit-platform-launcher-1.12.2.jar:1.12.2]
	at org.junit.platform.launcher.core.InterceptingLauncher.lambda$execute$1(InterceptingLauncher.java:39) ~[junit-platform-launcher-1.12.2.jar:1.12.2]
	at org.junit.platform.launcher.core.ClasspathAlignmentCheckingLauncherInterceptor.intercept(ClasspathAlignmentCheckingLauncherInterceptor.java:25) ~[junit-platform-launcher-1.12.2.jar:1.12.2]
	at org.junit.platform.launcher.core.InterceptingLauncher.execute(InterceptingLauncher.java:38) ~[junit-platform-launcher-1.12.2.jar:1.12.2]
	at org.junit.platform.launcher.core.DelegatingLauncher.execute(DelegatingLauncher.java:47) ~[junit-platform-launcher-1.12.2.jar:1.12.2]
	at org.apache.maven.surefire.junitplatform.LauncherAdapter.executeWithoutCancellationToken(LauncherAdapter.java:60) ~[surefire-junit-platform-3.5.6.jar:3.5.6]
	at org.apache.maven.surefire.junitplatform.LauncherAdapter.execute(LauncherAdapter.java:52) ~[surefire-junit-platform-3.5.6.jar:3.5.6]
	at org.apache.maven.surefire.junitplatform.JUnitPlatformProvider.execute(JUnitPlatformProvider.java:203) ~[surefire-junit-platform-3.5.6.jar:3.5.6]
	at org.apache.maven.surefire.junitplatform.JUnitPlatformProvider.invokeAllTests(JUnitPlatformProvider.java:168) ~[surefire-junit-platform-3.5.6.jar:3.5.6]
	at org.apache.maven.surefire.junitplatform.JUnitPlatformProvider.invoke(JUnitPlatformProvider.java:136) ~[surefire-junit-platform-3.5.6.jar:3.5.6]
	at org.apache.maven.surefire.booter.ForkedBooter.runSuitesInProcess(ForkedBooter.java:385) ~[surefire-booter-3.5.6.jar:3.5.6]
	at org.apache.maven.surefire.booter.ForkedBooter.execute(ForkedBooter.java:162) ~[surefire-booter-3.5.6.jar:3.5.6]
	at org.apache.maven.surefire.booter.ForkedBooter.run(ForkedBooter.java:507) ~[surefire-booter-3.5.6.jar:3.5.6]
	at org.apache.maven.surefire.booter.ForkedBooter.main(ForkedBooter.java:495) ~[surefire-booter-3.5.6.jar:3.5.6]

2026-09-16T12:46:05.671+02:00 ERROR 74494 --- [agilityhub-core-api] [           main] c.a.core.shared.api.ApiExceptionHandler  : Unhandled request exception traceId=503245d0-58f1-4235-9e02-72c98753ae7a

java.lang.IllegalStateException: Simulated failure
	at com.agilityhub.core.shared.persistence.IdempotencyIT$TestController.post(IdempotencyIT.java:196) ~[test-classes/:na]
	at java.base/jdk.internal.reflect.DirectMethodHandleAccessor.invoke(DirectMethodHandleAccessor.java:103) ~[na:na]
	at java.base/java.lang.reflect.Method.invoke(Method.java:580) ~[na:na]
	at org.springframework.aop.support.AopUtils.invokeJoinpointUsingReflection(AopUtils.java:360) ~[spring-aop-6.2.19.jar:6.2.19]
	at org.springframework.aop.framework.CglibAopProxy$DynamicAdvisedInterceptor.intercept(CglibAopProxy.java:724) ~[spring-aop-6.2.19.jar:6.2.19]
	at com.agilityhub.core.shared.persistence.IdempotencyIT$TestController$$SpringCGLIB$$0.post(<generated>) ~[test-classes/:na]
	at java.base/jdk.internal.reflect.DirectMethodHandleAccessor.invoke(DirectMethodHandleAccessor.java:103) ~[na:na]
	at java.base/java.lang.reflect.Method.invoke(Method.java:580) ~[na:na]
	at org.springframework.web.method.support.InvocableHandlerMethod.doInvoke(InvocableHandlerMethod.java:258) ~[spring-web-6.2.19.jar:6.2.19]
	at org.springframework.web.method.support.InvocableHandlerMethod.invokeForRequest(InvocableHandlerMethod.java:191) ~[spring-web-6.2.19.jar:6.2.19]
	at org.springframework.web.servlet.mvc.method.annotation.ServletInvocableHandlerMethod.invokeAndHandle(ServletInvocableHandlerMethod.java:118) ~[spring-webmvc-6.2.19.jar:6.2.19]
	at org.springframework.web.servlet.mvc.method.annotation.RequestMappingHandlerAdapter.invokeHandlerMethod(RequestMappingHandlerAdapter.java:991) ~[spring-webmvc-6.2.19.jar:6.2.19]
	at org.springframework.web.servlet.mvc.method.annotation.RequestMappingHandlerAdapter.handleInternal(RequestMappingHandlerAdapter.java:896) ~[spring-webmvc-6.2.19.jar:6.2.19]
	at org.springframework.web.servlet.mvc.method.AbstractHandlerMethodAdapter.handle(AbstractHandlerMethodAdapter.java:87) ~[spring-webmvc-6.2.19.jar:6.2.19]
	at org.springframework.web.servlet.DispatcherServlet.doDispatch(DispatcherServlet.java:1089) ~[spring-webmvc-6.2.19.jar:6.2.19]
	at org.springframework.web.servlet.DispatcherServlet.doService(DispatcherServlet.java:979) ~[spring-webmvc-6.2.19.jar:6.2.19]
	at org.springframework.web.servlet.FrameworkServlet.processRequest(FrameworkServlet.java:1014) ~[spring-webmvc-6.2.19.jar:6.2.19]
	at org.springframework.web.servlet.FrameworkServlet.doPost(FrameworkServlet.java:914) ~[spring-webmvc-6.2.19.jar:6.2.19]
	at jakarta.servlet.http.HttpServlet.service(HttpServlet.java:590) ~[tomcat-embed-core-10.1.55.jar:6.0]
	at org.springframework.web.servlet.FrameworkServlet.service(FrameworkServlet.java:885) ~[spring-webmvc-6.2.19.jar:6.2.19]
	at org.springframework.test.web.servlet.TestDispatcherServlet.service(TestDispatcherServlet.java:72) ~[spring-test-6.2.19.jar:6.2.19]
	at jakarta.servlet.http.HttpServlet.service(HttpServlet.java:658) ~[tomcat-embed-core-10.1.55.jar:6.0]
	at org.springframework.mock.web.MockFilterChain$ServletFilterProxy.doFilter(MockFilterChain.java:165) ~[spring-test-6.2.19.jar:6.2.19]
	at org.springframework.mock.web.MockFilterChain.doFilter(MockFilterChain.java:132) ~[spring-test-6.2.19.jar:6.2.19]
	at com.agilityhub.core.shared.api.IdempotencyFilter.lambda$execute$2(IdempotencyFilter.java:137) ~[classes/:na]
	at org.springframework.transaction.support.TransactionOperations.lambda$executeWithoutResult$0(TransactionOperations.java:68) ~[spring-tx-6.2.19.jar:6.2.19]
	at org.springframework.transaction.support.TransactionTemplate.execute(TransactionTemplate.java:140) ~[spring-tx-6.2.19.jar:6.2.19]
	at org.springframework.transaction.support.TransactionOperations.executeWithoutResult(TransactionOperations.java:67) ~[spring-tx-6.2.19.jar:6.2.19]
	at com.agilityhub.core.shared.api.IdempotencyFilter.execute(IdempotencyFilter.java:135) ~[classes/:na]
	at com.agilityhub.core.shared.api.IdempotencyFilter.doFilterInternal(IdempotencyFilter.java:64) ~[classes/:na]
	at org.springframework.web.filter.OncePerRequestFilter.doFilter(OncePerRequestFilter.java:116) ~[spring-web-6.2.19.jar:6.2.19]
	at org.springframework.test.web.servlet.setup.MockMvcFilterDecorator.doFilter(MockMvcFilterDecorator.java:162) ~[spring-test-6.2.19.jar:6.2.19]
	at org.springframework.mock.web.MockFilterChain.doFilter(MockFilterChain.java:132) ~[spring-test-6.2.19.jar:6.2.19]
	at com.agilityhub.core.shared.api.RequestLocaleFilter.doFilterInternal(RequestLocaleFilter.java:24) ~[classes/:na]
	at org.springframework.web.filter.OncePerRequestFilter.doFilter(OncePerRequestFilter.java:116) ~[spring-web-6.2.19.jar:6.2.19]
	at org.springframework.test.web.servlet.setup.MockMvcFilterDecorator.doFilter(MockMvcFilterDecorator.java:162) ~[spring-test-6.2.19.jar:6.2.19]
	at org.springframework.mock.web.MockFilterChain.doFilter(MockFilterChain.java:132) ~[spring-test-6.2.19.jar:6.2.19]
	at com.agilityhub.core.shared.api.TenantFilter.doFilterInternal(TenantFilter.java:84) ~[classes/:na]
	at org.springframework.web.filter.OncePerRequestFilter.doFilter(OncePerRequestFilter.java:116) ~[spring-web-6.2.19.jar:6.2.19]
	at org.springframework.test.web.servlet.setup.MockMvcFilterDecorator.doFilter(MockMvcFilterDecorator.java:162) ~[spring-test-6.2.19.jar:6.2.19]
	at org.springframework.mock.web.MockFilterChain.doFilter(MockFilterChain.java:132) ~[spring-test-6.2.19.jar:6.2.19]
	at org.springframework.web.filter.CompositeFilter$VirtualFilterChain.doFilter(CompositeFilter.java:108) ~[spring-web-6.2.19.jar:6.2.19]
	at org.springframework.web.filter.CompositeFilter$VirtualFilterChain.doFilter(CompositeFilter.java:108) ~[spring-web-6.2.19.jar:6.2.19]
	at org.springframework.security.web.FilterChainProxy.lambda$doFilterInternal$3(FilterChainProxy.java:231) ~[spring-security-web-6.5.11.jar:6.5.11]
	at org.springframework.security.web.ObservationFilterChainDecorator$FilterObservation$SimpleFilterObservation.lambda$wrap$1(ObservationFilterChainDecorator.java:490) ~[spring-security-web-6.5.11.jar:6.5.11]
	at org.springframework.security.web.ObservationFilterChainDecorator$AroundFilterObservation$SimpleAroundFilterObservation.lambda$wrap$1(ObservationFilterChainDecorator.java:351) ~[spring-security-web-6.5.11.jar:6.5.11]
	at org.springframework.security.web.ObservationFilterChainDecorator.lambda$wrapSecured$0(ObservationFilterChainDecorator.java:83) ~[spring-security-web-6.5.11.jar:6.5.11]
	at org.springframework.security.web.ObservationFilterChainDecorator$VirtualFilterChain.doFilter(ObservationFilterChainDecorator.java:129) ~[spring-security-web-6.5.11.jar:6.5.11]
	at org.springframework.security.web.access.intercept.AuthorizationFilter.doFilter(AuthorizationFilter.java:101) ~[spring-security-web-6.5.11.jar:6.5.11]
	at org.springframework.security.web.ObservationFilterChainDecorator$ObservationFilter.wrapFilter(ObservationFilterChainDecorator.java:241) ~[spring-security-web-6.5.11.jar:6.5.11]
	at org.springframework.security.web.ObservationFilterChainDecorator$ObservationFilter.doFilter(ObservationFilterChainDecorator.java:228) ~[spring-security-web-6.5.11.jar:6.5.11]
	at org.springframework.security.web.ObservationFilterChainDecorator$VirtualFilterChain.doFilter(ObservationFilterChainDecorator.java:138) ~[spring-security-web-6.5.11.jar:6.5.11]
	at org.springframework.security.web.access.ExceptionTranslationFilter.doFilter(ExceptionTranslationFilter.java:125) ~[spring-security-web-6.5.11.jar:6.5.11]
	at org.springframework.security.web.access.ExceptionTranslationFilter.doFilter(ExceptionTranslationFilter.java:119) ~[spring-security-web-6.5.11.jar:6.5.11]
	at org.springframework.security.web.ObservationFilterChainDecorator$ObservationFilter.wrapFilter(ObservationFilterChainDecorator.java:241) ~[spring-security-web-6.5.11.jar:6.5.11]
	at org.springframework.security.web.ObservationFilterChainDecorator$ObservationFilter.doFilter(ObservationFilterChainDecorator.java:228) ~[spring-security-web-6.5.11.jar:6.5.11]
	at org.springframework.security.web.ObservationFilterChainDecorator$VirtualFilterChain.doFilter(ObservationFilterChainDecorator.java:138) ~[spring-security-web-6.5.11.jar:6.5.11]
	at org.springframework.security.web.authentication.AnonymousAuthenticationFilter.doFilter(AnonymousAuthenticationFilter.java:100) ~[spring-security-web-6.5.11.jar:6.5.11]
	at org.springframework.security.web.ObservationFilterChainDecorator$ObservationFilter.wrapFilter(ObservationFilterChainDecorator.java:241) ~[spring-security-web-6.5.11.jar:6.5.11]
	at org.springframework.security.web.ObservationFilterChainDecorator$ObservationFilter.doFilter(ObservationFilterChainDecorator.java:228) ~[spring-security-web-6.5.11.jar:6.5.11]
	at org.springframework.security.web.ObservationFilterChainDecorator$VirtualFilterChain.doFilter(ObservationFilterChainDecorator.java:138) ~[spring-security-web-6.5.11.jar:6.5.11]
	at org.springframework.security.web.servletapi.SecurityContextHolderAwareRequestFilter.doFilter(SecurityContextHolderAwareRequestFilter.java:179) ~[spring-security-web-6.5.11.jar:6.5.11]
	at org.springframework.security.web.ObservationFilterChainDecorator$ObservationFilter.wrapFilter(ObservationFilterChainDecorator.java:241) ~[spring-security-web-6.5.11.jar:6.5.11]
	at org.springframework.security.web.ObservationFilterChainDecorator$ObservationFilter.doFilter(ObservationFilterChainDecorator.java:228) ~[spring-security-web-6.5.11.jar:6.5.11]
	at org.springframework.security.web.ObservationFilterChainDecorator$VirtualFilterChain.doFilter(ObservationFilterChainDecorator.java:138) ~[spring-security-web-6.5.11.jar:6.5.11]
	at org.springframework.security.web.savedrequest.RequestCacheAwareFilter.doFilter(RequestCacheAwareFilter.java:63) ~[spring-security-web-6.5.11.jar:6.5.11]
	at org.springframework.security.web.ObservationFilterChainDecorator$ObservationFilter.wrapFilter(ObservationFilterChainDecorator.java:241) ~[spring-security-web-6.5.11.jar:6.5.11]
	at org.springframework.security.web.ObservationFilterChainDecorator$ObservationFilter.doFilter(ObservationFilterChainDecorator.java:228) ~[spring-security-web-6.5.11.jar:6.5.11]
	at org.springframework.security.web.ObservationFilterChainDecorator$VirtualFilterChain.doFilter(ObservationFilterChainDecorator.java:138) ~[spring-security-web-6.5.11.jar:6.5.11]
	at org.springframework.security.web.authentication.logout.LogoutFilter.doFilter(LogoutFilter.java:107) ~[spring-security-web-6.5.11.jar:6.5.11]
	at org.springframework.security.web.authentication.logout.LogoutFilter.doFilter(LogoutFilter.java:93) ~[spring-security-web-6.5.11.jar:6.5.11]
	at org.springframework.security.web.ObservationFilterChainDecorator$ObservationFilter.wrapFilter(ObservationFilterChainDecorator.java:241) ~[spring-security-web-6.5.11.jar:6.5.11]
	at org.springframework.security.web.ObservationFilterChainDecorator$ObservationFilter.doFilter(ObservationFilterChainDecorator.java:228) ~[spring-security-web-6.5.11.jar:6.5.11]
	at org.springframework.security.web.ObservationFilterChainDecorator$VirtualFilterChain.doFilter(ObservationFilterChainDecorator.java:138) ~[spring-security-web-6.5.11.jar:6.5.11]
	at org.springframework.web.filter.OncePerRequestFilter.doFilter(OncePerRequestFilter.java:101) ~[spring-web-6.2.19.jar:6.2.19]
	at org.springframework.security.web.ObservationFilterChainDecorator$ObservationFilter.wrapFilter(ObservationFilterChainDecorator.java:241) ~[spring-security-web-6.5.11.jar:6.5.11]
	at org.springframework.security.web.ObservationFilterChainDecorator$ObservationFilter.doFilter(ObservationFilterChainDecorator.java:228) ~[spring-security-web-6.5.11.jar:6.5.11]
	at org.springframework.security.web.ObservationFilterChainDecorator$VirtualFilterChain.doFilter(ObservationFilterChainDecorator.java:138) ~[spring-security-web-6.5.11.jar:6.5.11]
	at org.springframework.security.web.header.HeaderWriterFilter.doHeadersAfter(HeaderWriterFilter.java:90) ~[spring-security-web-6.5.11.jar:6.5.11]
	at org.springframework.security.web.header.HeaderWriterFilter.doFilterInternal(HeaderWriterFilter.java:75) ~[spring-security-web-6.5.11.jar:6.5.11]
	at org.springframework.web.filter.OncePerRequestFilter.doFilter(OncePerRequestFilter.java:116) ~[spring-web-6.2.19.jar:6.2.19]
	at org.springframework.security.web.ObservationFilterChainDecorator$ObservationFilter.wrapFilter(ObservationFilterChainDecorator.java:241) ~[spring-security-web-6.5.11.jar:6.5.11]
	at org.springframework.security.web.ObservationFilterChainDecorator$ObservationFilter.doFilter(ObservationFilterChainDecorator.java:228) ~[spring-security-web-6.5.11.jar:6.5.11]
	at org.springframework.security.web.ObservationFilterChainDecorator$VirtualFilterChain.doFilter(ObservationFilterChainDecorator.java:138) ~[spring-security-web-6.5.11.jar:6.5.11]
	at org.springframework.security.web.context.SecurityContextHolderFilter.doFilter(SecurityContextHolderFilter.java:82) ~[spring-security-web-6.5.11.jar:6.5.11]
	at org.springframework.security.web.context.SecurityContextHolderFilter.doFilter(SecurityContextHolderFilter.java:69) ~[spring-security-web-6.5.11.jar:6.5.11]
	at org.springframework.security.web.ObservationFilterChainDecorator$ObservationFilter.wrapFilter(ObservationFilterChainDecorator.java:241) ~[spring-security-web-6.5.11.jar:6.5.11]
	at org.springframework.security.web.ObservationFilterChainDecorator$ObservationFilter.doFilter(ObservationFilterChainDecorator.java:228) ~[spring-security-web-6.5.11.jar:6.5.11]
	at org.springframework.security.web.ObservationFilterChainDecorator$VirtualFilterChain.doFilter(ObservationFilterChainDecorator.java:138) ~[spring-security-web-6.5.11.jar:6.5.11]
	at org.springframework.security.web.context.request.async.WebAsyncManagerIntegrationFilter.doFilterInternal(WebAsyncManagerIntegrationFilter.java:62) ~[spring-security-web-6.5.11.jar:6.5.11]
	at org.springframework.web.filter.OncePerRequestFilter.doFilter(OncePerRequestFilter.java:116) ~[spring-web-6.2.19.jar:6.2.19]
	at org.springframework.security.web.ObservationFilterChainDecorator$ObservationFilter.wrapFilter(ObservationFilterChainDecorator.java:241) ~[spring-security-web-6.5.11.jar:6.5.11]
	at org.springframework.security.web.ObservationFilterChainDecorator$ObservationFilter.doFilter(ObservationFilterChainDecorator.java:228) ~[spring-security-web-6.5.11.jar:6.5.11]
	at org.springframework.security.web.ObservationFilterChainDecorator$VirtualFilterChain.doFilter(ObservationFilterChainDecorator.java:138) ~[spring-security-web-6.5.11.jar:6.5.11]
	at org.springframework.security.web.session.DisableEncodeUrlFilter.doFilterInternal(DisableEncodeUrlFilter.java:42) ~[spring-security-web-6.5.11.jar:6.5.11]
	at org.springframework.web.filter.OncePerRequestFilter.doFilter(OncePerRequestFilter.java:116) ~[spring-web-6.2.19.jar:6.2.19]
	at org.springframework.security.web.ObservationFilterChainDecorator$ObservationFilter.wrapFilter(ObservationFilterChainDecorator.java:241) ~[spring-security-web-6.5.11.jar:6.5.11]
	at org.springframework.security.web.ObservationFilterChainDecorator$AroundFilterObservation$SimpleAroundFilterObservation.lambda$wrap$0(ObservationFilterChainDecorator.java:334) ~[spring-security-web-6.5.11.jar:6.5.11]
	at org.springframework.security.web.ObservationFilterChainDecorator$ObservationFilter.doFilter(ObservationFilterChainDecorator.java:225) ~[spring-security-web-6.5.11.jar:6.5.11]
	at org.springframework.security.web.ObservationFilterChainDecorator$VirtualFilterChain.doFilter(ObservationFilterChainDecorator.java:138) ~[spring-security-web-6.5.11.jar:6.5.11]
	at org.springframework.security.web.FilterChainProxy.doFilterInternal(FilterChainProxy.java:233) ~[spring-security-web-6.5.11.jar:6.5.11]
	at org.springframework.security.web.FilterChainProxy.doFilter(FilterChainProxy.java:191) ~[spring-security-web-6.5.11.jar:6.5.11]
	at org.springframework.web.filter.CompositeFilter$VirtualFilterChain.doFilter(CompositeFilter.java:113) ~[spring-web-6.2.19.jar:6.2.19]
	at org.springframework.web.filter.ServletRequestPathFilter.doFilter(ServletRequestPathFilter.java:52) ~[spring-web-6.2.19.jar:6.2.19]
	at org.springframework.web.filter.CompositeFilter$VirtualFilterChain.doFilter(CompositeFilter.java:113) ~[spring-web-6.2.19.jar:6.2.19]
	at org.springframework.web.filter.CompositeFilter.doFilter(CompositeFilter.java:74) ~[spring-web-6.2.19.jar:6.2.19]
	at org.springframework.security.config.annotation.web.configuration.WebSecurityConfiguration$CompositeFilterChainProxy.doFilter(WebSecurityConfiguration.java:319) ~[spring-security-config-6.5.11.jar:6.5.11]
	at org.springframework.web.filter.CompositeFilter$VirtualFilterChain.doFilter(CompositeFilter.java:113) ~[spring-web-6.2.19.jar:6.2.19]
	at org.springframework.web.servlet.handler.HandlerMappingIntrospector.lambda$createCacheFilter$4(HandlerMappingIntrospector.java:267) ~[spring-webmvc-6.2.19.jar:6.2.19]
	at org.springframework.web.filter.CompositeFilter$VirtualFilterChain.doFilter(CompositeFilter.java:113) ~[spring-web-6.2.19.jar:6.2.19]
	at org.springframework.web.filter.CompositeFilter.doFilter(CompositeFilter.java:74) ~[spring-web-6.2.19.jar:6.2.19]
	at org.springframework.security.config.annotation.web.configuration.WebMvcSecurityConfiguration$CompositeFilterChainProxy.doFilter(WebMvcSecurityConfiguration.java:240) ~[spring-security-config-6.5.11.jar:6.5.11]
	at org.springframework.web.filter.DelegatingFilterProxy.invokeDelegate(DelegatingFilterProxy.java:362) ~[spring-web-6.2.19.jar:6.2.19]
	at org.springframework.web.filter.DelegatingFilterProxy.doFilter(DelegatingFilterProxy.java:278) ~[spring-web-6.2.19.jar:6.2.19]
	at org.springframework.test.web.servlet.setup.MockMvcFilterDecorator.doFilter(MockMvcFilterDecorator.java:162) ~[spring-test-6.2.19.jar:6.2.19]
	at org.springframework.mock.web.MockFilterChain.doFilter(MockFilterChain.java:132) ~[spring-test-6.2.19.jar:6.2.19]
	at org.springframework.web.filter.RequestContextFilter.doFilterInternal(RequestContextFilter.java:100) ~[spring-web-6.2.19.jar:6.2.19]
	at org.springframework.web.filter.OncePerRequestFilter.doFilter(OncePerRequestFilter.java:116) ~[spring-web-6.2.19.jar:6.2.19]
	at org.springframework.test.web.servlet.setup.MockMvcFilterDecorator.doFilter(MockMvcFilterDecorator.java:162) ~[spring-test-6.2.19.jar:6.2.19]
	at org.springframework.mock.web.MockFilterChain.doFilter(MockFilterChain.java:132) ~[spring-test-6.2.19.jar:6.2.19]
	at org.springframework.web.filter.FormContentFilter.doFilterInternal(FormContentFilter.java:93) ~[spring-web-6.2.19.jar:6.2.19]
	at org.springframework.web.filter.OncePerRequestFilter.doFilter(OncePerRequestFilter.java:116) ~[spring-web-6.2.19.jar:6.2.19]
	at org.springframework.test.web.servlet.setup.MockMvcFilterDecorator.doFilter(MockMvcFilterDecorator.java:162) ~[spring-test-6.2.19.jar:6.2.19]
	at org.springframework.mock.web.MockFilterChain.doFilter(MockFilterChain.java:132) ~[spring-test-6.2.19.jar:6.2.19]
	at com.agilityhub.core.shared.api.RequestTraceFilter.doFilterInternal(RequestTraceFilter.java:32) ~[classes/:na]
	at org.springframework.web.filter.OncePerRequestFilter.doFilter(OncePerRequestFilter.java:116) ~[spring-web-6.2.19.jar:6.2.19]
	at org.springframework.test.web.servlet.setup.MockMvcFilterDecorator.doFilter(MockMvcFilterDecorator.java:162) ~[spring-test-6.2.19.jar:6.2.19]
	at org.springframework.mock.web.MockFilterChain.doFilter(MockFilterChain.java:132) ~[spring-test-6.2.19.jar:6.2.19]
	at org.springframework.web.filter.ServerHttpObservationFilter.doFilterInternal(ServerHttpObservationFilter.java:110) ~[spring-web-6.2.19.jar:6.2.19]
	at org.springframework.web.filter.OncePerRequestFilter.doFilter(OncePerRequestFilter.java:116) ~[spring-web-6.2.19.jar:6.2.19]
	at org.springframework.test.web.servlet.setup.MockMvcFilterDecorator.doFilter(MockMvcFilterDecorator.java:162) ~[spring-test-6.2.19.jar:6.2.19]
	at org.springframework.mock.web.MockFilterChain.doFilter(MockFilterChain.java:132) ~[spring-test-6.2.19.jar:6.2.19]
	at org.springframework.web.filter.CharacterEncodingFilter.doFilterInternal(CharacterEncodingFilter.java:201) ~[spring-web-6.2.19.jar:6.2.19]
	at org.springframework.web.filter.OncePerRequestFilter.doFilter(OncePerRequestFilter.java:116) ~[spring-web-6.2.19.jar:6.2.19]
	at org.springframework.test.web.servlet.setup.MockMvcFilterDecorator.doFilter(MockMvcFilterDecorator.java:162) ~[spring-test-6.2.19.jar:6.2.19]
	at org.springframework.mock.web.MockFilterChain.doFilter(MockFilterChain.java:132) ~[spring-test-6.2.19.jar:6.2.19]
	at org.springframework.test.web.servlet.MockMvc.perform(MockMvc.java:201) ~[spring-test-6.2.19.jar:6.2.19]
	at com.agilityhub.core.shared.persistence.IdempotencyIT.E0_T04_failureRollsBackEffectsAndReleasesTheKey(IdempotencyIT.java:150) ~[test-classes/:na]
	at java.base/jdk.internal.reflect.DirectMethodHandleAccessor.invoke(DirectMethodHandleAccessor.java:103) ~[na:na]
	at java.base/java.lang.reflect.Method.invoke(Method.java:580) ~[na:na]
	at org.junit.platform.commons.util.ReflectionUtils.invokeMethod(ReflectionUtils.java:775) ~[junit-platform-commons-1.12.2.jar:1.12.2]
	at org.junit.platform.commons.support.ReflectionSupport.invokeMethod(ReflectionSupport.java:479) ~[junit-platform-commons-1.12.2.jar:1.12.2]
	at org.junit.jupiter.engine.execution.MethodInvocation.proceed(MethodInvocation.java:60) ~[junit-jupiter-engine-5.12.2.jar:5.12.2]
	at org.junit.jupiter.engine.execution.InvocationInterceptorChain$ValidatingInvocation.proceed(InvocationInterceptorChain.java:131) ~[junit-jupiter-engine-5.12.2.jar:5.12.2]
	at org.junit.jupiter.engine.extension.TimeoutExtension.intercept(TimeoutExtension.java:161) ~[junit-jupiter-engine-5.12.2.jar:5.12.2]
	at org.junit.jupiter.engine.extension.TimeoutExtension.interceptTestableMethod(TimeoutExtension.java:152) ~[junit-jupiter-engine-5.12.2.jar:5.12.2]
	at org.junit.jupiter.engine.extension.TimeoutExtension.interceptTestMethod(TimeoutExtension.java:91) ~[junit-jupiter-engine-5.12.2.jar:5.12.2]
	at org.junit.jupiter.engine.execution.InterceptingExecutableInvoker$ReflectiveInterceptorCall.lambda$ofVoidMethod$0(InterceptingExecutableInvoker.java:112) ~[junit-jupiter-engine-5.12.2.jar:5.12.2]
	at org.junit.jupiter.engine.execution.InterceptingExecutableInvoker.lambda$invoke$0(InterceptingExecutableInvoker.java:94) ~[junit-jupiter-engine-5.12.2.jar:5.12.2]
	at org.junit.jupiter.engine.execution.InvocationInterceptorChain$InterceptedInvocation.proceed(InvocationInterceptorChain.java:106) ~[junit-jupiter-engine-5.12.2.jar:5.12.2]
	at org.junit.jupiter.engine.execution.InvocationInterceptorChain.proceed(InvocationInterceptorChain.java:64) ~[junit-jupiter-engine-5.12.2.jar:5.12.2]
	at org.junit.jupiter.engine.execution.InvocationInterceptorChain.chainAndInvoke(InvocationInterceptorChain.java:45) ~[junit-jupiter-engine-5.12.2.jar:5.12.2]
	at org.junit.jupiter.engine.execution.InvocationInterceptorChain.invoke(InvocationInterceptorChain.java:37) ~[junit-jupiter-engine-5.12.2.jar:5.12.2]
	at org.junit.jupiter.engine.execution.InterceptingExecutableInvoker.invoke(InterceptingExecutableInvoker.java:93) ~[junit-jupiter-engine-5.12.2.jar:5.12.2]
	at org.junit.jupiter.engine.execution.InterceptingExecutableInvoker.invoke(InterceptingExecutableInvoker.java:87) ~[junit-jupiter-engine-5.12.2.jar:5.12.2]
	at org.junit.jupiter.engine.descriptor.TestMethodTestDescriptor.lambda$invokeTestMethod$7(TestMethodTestDescriptor.java:216) ~[junit-jupiter-engine-5.12.2.jar:5.12.2]
	at org.junit.platform.engine.support.hierarchical.ThrowableCollector.execute(ThrowableCollector.java:73) ~[junit-platform-engine-1.12.2.jar:1.12.2]
	at org.junit.jupiter.engine.descriptor.TestMethodTestDescriptor.invokeTestMethod(TestMethodTestDescriptor.java:212) ~[junit-jupiter-engine-5.12.2.jar:5.12.2]
	at org.junit.jupiter.engine.descriptor.TestMethodTestDescriptor.execute(TestMethodTestDescriptor.java:137) ~[junit-jupiter-engine-5.12.2.jar:5.12.2]
	at org.junit.jupiter.engine.descriptor.TestMethodTestDescriptor.execute(TestMethodTestDescriptor.java:69) ~[junit-jupiter-engine-5.12.2.jar:5.12.2]
	at org.junit.platform.engine.support.hierarchical.NodeTestTask.lambda$executeRecursively$6(NodeTestTask.java:156) ~[junit-platform-engine-1.12.2.jar:1.12.2]
	at org.junit.platform.engine.support.hierarchical.ThrowableCollector.execute(ThrowableCollector.java:73) ~[junit-platform-engine-1.12.2.jar:1.12.2]
	at org.junit.platform.engine.support.hierarchical.NodeTestTask.lambda$executeRecursively$8(NodeTestTask.java:146) ~[junit-platform-engine-1.12.2.jar:1.12.2]
	at org.junit.platform.engine.support.hierarchical.Node.around(Node.java:137) ~[junit-platform-engine-1.12.2.jar:1.12.2]
	at org.junit.platform.engine.support.hierarchical.NodeTestTask.lambda$executeRecursively$9(NodeTestTask.java:144) ~[junit-platform-engine-1.12.2.jar:1.12.2]
	at org.junit.platform.engine.support.hierarchical.ThrowableCollector.execute(ThrowableCollector.java:73) ~[junit-platform-engine-1.12.2.jar:1.12.2]
	at org.junit.platform.engine.support.hierarchical.NodeTestTask.executeRecursively(NodeTestTask.java:143) ~[junit-platform-engine-1.12.2.jar:1.12.2]
	at org.junit.platform.engine.support.hierarchical.NodeTestTask.execute(NodeTestTask.java:100) ~[junit-platform-engine-1.12.2.jar:1.12.2]
	at java.base/java.util.ArrayList.forEach(ArrayList.java:1596) ~[na:na]
	at org.junit.platform.engine.support.hierarchical.SameThreadHierarchicalTestExecutorService.invokeAll(SameThreadHierarchicalTestExecutorService.java:41) ~[junit-platform-engine-1.12.2.jar:1.12.2]
	at org.junit.platform.engine.support.hierarchical.NodeTestTask.lambda$executeRecursively$6(NodeTestTask.java:160) ~[junit-platform-engine-1.12.2.jar:1.12.2]
	at org.junit.platform.engine.support.hierarchical.ThrowableCollector.execute(ThrowableCollector.java:73) ~[junit-platform-engine-1.12.2.jar:1.12.2]
	at org.junit.platform.engine.support.hierarchical.NodeTestTask.lambda$executeRecursively$8(NodeTestTask.java:146) ~[junit-platform-engine-1.12.2.jar:1.12.2]
	at org.junit.platform.engine.support.hierarchical.Node.around(Node.java:137) ~[junit-platform-engine-1.12.2.jar:1.12.2]
	at org.junit.platform.engine.support.hierarchical.NodeTestTask.lambda$executeRecursively$9(NodeTestTask.java:144) ~[junit-platform-engine-1.12.2.jar:1.12.2]
	at org.junit.platform.engine.support.hierarchical.ThrowableCollector.execute(ThrowableCollector.java:73) ~[junit-platform-engine-1.12.2.jar:1.12.2]
	at org.junit.platform.engine.support.hierarchical.NodeTestTask.executeRecursively(NodeTestTask.java:143) ~[junit-platform-engine-1.12.2.jar:1.12.2]
	at org.junit.platform.engine.support.hierarchical.NodeTestTask.execute(NodeTestTask.java:100) ~[junit-platform-engine-1.12.2.jar:1.12.2]
	at java.base/java.util.ArrayList.forEach(ArrayList.java:1596) ~[na:na]
	at org.junit.platform.engine.support.hierarchical.SameThreadHierarchicalTestExecutorService.invokeAll(SameThreadHierarchicalTestExecutorService.java:41) ~[junit-platform-engine-1.12.2.jar:1.12.2]
	at org.junit.platform.engine.support.hierarchical.NodeTestTask.lambda$executeRecursively$6(NodeTestTask.java:160) ~[junit-platform-engine-1.12.2.jar:1.12.2]
	at org.junit.platform.engine.support.hierarchical.ThrowableCollector.execute(ThrowableCollector.java:73) ~[junit-platform-engine-1.12.2.jar:1.12.2]
	at org.junit.platform.engine.support.hierarchical.NodeTestTask.lambda$executeRecursively$8(NodeTestTask.java:146) ~[junit-platform-engine-1.12.2.jar:1.12.2]
	at org.junit.platform.engine.support.hierarchical.Node.around(Node.java:137) ~[junit-platform-engine-1.12.2.jar:1.12.2]
	at org.junit.platform.engine.support.hierarchical.NodeTestTask.lambda$executeRecursively$9(NodeTestTask.java:144) ~[junit-platform-engine-1.12.2.jar:1.12.2]
	at org.junit.platform.engine.support.hierarchical.ThrowableCollector.execute(ThrowableCollector.java:73) ~[junit-platform-engine-1.12.2.jar:1.12.2]
	at org.junit.platform.engine.support.hierarchical.NodeTestTask.executeRecursively(NodeTestTask.java:143) ~[junit-platform-engine-1.12.2.jar:1.12.2]
	at org.junit.platform.engine.support.hierarchical.NodeTestTask.execute(NodeTestTask.java:100) ~[junit-platform-engine-1.12.2.jar:1.12.2]
	at org.junit.platform.engine.support.hierarchical.SameThreadHierarchicalTestExecutorService.submit(SameThreadHierarchicalTestExecutorService.java:35) ~[junit-platform-engine-1.12.2.jar:1.12.2]
	at org.junit.platform.engine.support.hierarchical.HierarchicalTestExecutor.execute(HierarchicalTestExecutor.java:57) ~[junit-platform-engine-1.12.2.jar:1.12.2]
	at org.junit.platform.engine.support.hierarchical.HierarchicalTestEngine.execute(HierarchicalTestEngine.java:54) ~[junit-platform-engine-1.12.2.jar:1.12.2]
	at org.junit.platform.launcher.core.EngineExecutionOrchestrator.execute(EngineExecutionOrchestrator.java:201) ~[junit-platform-launcher-1.12.2.jar:1.12.2]
	at org.junit.platform.launcher.core.EngineExecutionOrchestrator.execute(EngineExecutionOrchestrator.java:170) ~[junit-platform-launcher-1.12.2.jar:1.12.2]
	at org.junit.platform.launcher.core.EngineExecutionOrchestrator.execute(EngineExecutionOrchestrator.java:94) ~[junit-platform-launcher-1.12.2.jar:1.12.2]
	at org.junit.platform.launcher.core.EngineExecutionOrchestrator.lambda$execute$0(EngineExecutionOrchestrator.java:59) ~[junit-platform-launcher-1.12.2.jar:1.12.2]
	at org.junit.platform.launcher.core.EngineExecutionOrchestrator.withInterceptedStreams(EngineExecutionOrchestrator.java:142) ~[junit-platform-launcher-1.12.2.jar:1.12.2]
	at org.junit.platform.launcher.core.EngineExecutionOrchestrator.execute(EngineExecutionOrchestrator.java:58) ~[junit-platform-launcher-1.12.2.jar:1.12.2]
	at org.junit.platform.launcher.core.DefaultLauncher.execute(DefaultLauncher.java:103) ~[junit-platform-launcher-1.12.2.jar:1.12.2]
	at org.junit.platform.launcher.core.DefaultLauncher.execute(DefaultLauncher.java:85) ~[junit-platform-launcher-1.12.2.jar:1.12.2]
	at org.junit.platform.launcher.core.DelegatingLauncher.execute(DelegatingLauncher.java:47) ~[junit-platform-launcher-1.12.2.jar:1.12.2]
	at org.junit.platform.launcher.core.InterceptingLauncher.lambda$execute$1(InterceptingLauncher.java:39) ~[junit-platform-launcher-1.12.2.jar:1.12.2]
	at org.junit.platform.launcher.core.ClasspathAlignmentCheckingLauncherInterceptor.intercept(ClasspathAlignmentCheckingLauncherInterceptor.java:25) ~[junit-platform-launcher-1.12.2.jar:1.12.2]
	at org.junit.platform.launcher.core.InterceptingLauncher.execute(InterceptingLauncher.java:38) ~[junit-platform-launcher-1.12.2.jar:1.12.2]
	at org.junit.platform.launcher.core.DelegatingLauncher.execute(DelegatingLauncher.java:47) ~[junit-platform-launcher-1.12.2.jar:1.12.2]
	at org.apache.maven.surefire.junitplatform.LauncherAdapter.executeWithoutCancellationToken(LauncherAdapter.java:60) ~[surefire-junit-platform-3.5.6.jar:3.5.6]
	at org.apache.maven.surefire.junitplatform.LauncherAdapter.execute(LauncherAdapter.java:52) ~[surefire-junit-platform-3.5.6.jar:3.5.6]
	at org.apache.maven.surefire.junitplatform.JUnitPlatformProvider.execute(JUnitPlatformProvider.java:203) ~[surefire-junit-platform-3.5.6.jar:3.5.6]
	at org.apache.maven.surefire.junitplatform.JUnitPlatformProvider.invokeAllTests(JUnitPlatformProvider.java:168) ~[surefire-junit-platform-3.5.6.jar:3.5.6]
	at org.apache.maven.surefire.junitplatform.JUnitPlatformProvider.invoke(JUnitPlatformProvider.java:136) ~[surefire-junit-platform-3.5.6.jar:3.5.6]
	at org.apache.maven.surefire.booter.ForkedBooter.runSuitesInProcess(ForkedBooter.java:385) ~[surefire-booter-3.5.6.jar:3.5.6]
	at org.apache.maven.surefire.booter.ForkedBooter.execute(ForkedBooter.java:162) ~[surefire-booter-3.5.6.jar:3.5.6]
	at org.apache.maven.surefire.booter.ForkedBooter.run(ForkedBooter.java:507) ~[surefire-booter-3.5.6.jar:3.5.6]
	at org.apache.maven.surefire.booter.ForkedBooter.main(ForkedBooter.java:495) ~[surefire-booter-3.5.6.jar:3.5.6]

2026-09-16T12:46:05.722+02:00 ERROR 74494 --- [agilityhub-core-api] [           main] c.a.core.shared.api.ApiExceptionHandler  : Unhandled request exception traceId=2e002591-d668-49b9-8f70-78ecdbbd77ea

java.lang.IllegalStateException: Simulated failure
	at com.agilityhub.core.shared.persistence.IdempotencyIT$TestController.post(IdempotencyIT.java:196) ~[test-classes/:na]
	at com.agilityhub.core.shared.persistence.IdempotencyIT$TestController.transactional(IdempotencyIT.java:190) ~[test-classes/:na]
	at java.base/jdk.internal.reflect.DirectMethodHandleAccessor.invoke(DirectMethodHandleAccessor.java:103) ~[na:na]
	at java.base/java.lang.reflect.Method.invoke(Method.java:580) ~[na:na]
	at org.springframework.aop.support.AopUtils.invokeJoinpointUsingReflection(AopUtils.java:360) ~[spring-aop-6.2.19.jar:6.2.19]
	at org.springframework.aop.framework.ReflectiveMethodInvocation.invokeJoinpoint(ReflectiveMethodInvocation.java:196) ~[spring-aop-6.2.19.jar:6.2.19]
	at org.springframework.aop.framework.ReflectiveMethodInvocation.proceed(ReflectiveMethodInvocation.java:163) ~[spring-aop-6.2.19.jar:6.2.19]
	at org.springframework.transaction.interceptor.TransactionAspectSupport.invokeWithinTransaction(TransactionAspectSupport.java:380) ~[spring-tx-6.2.19.jar:6.2.19]
	at org.springframework.transaction.interceptor.TransactionInterceptor.invoke(TransactionInterceptor.java:119) ~[spring-tx-6.2.19.jar:6.2.19]
	at org.springframework.aop.framework.ReflectiveMethodInvocation.proceed(ReflectiveMethodInvocation.java:184) ~[spring-aop-6.2.19.jar:6.2.19]
	at org.springframework.aop.framework.CglibAopProxy$DynamicAdvisedInterceptor.intercept(CglibAopProxy.java:728) ~[spring-aop-6.2.19.jar:6.2.19]
	at com.agilityhub.core.shared.persistence.IdempotencyIT$TestController$$SpringCGLIB$$0.transactional(<generated>) ~[test-classes/:na]
	at java.base/jdk.internal.reflect.DirectMethodHandleAccessor.invoke(DirectMethodHandleAccessor.java:103) ~[na:na]
	at java.base/java.lang.reflect.Method.invoke(Method.java:580) ~[na:na]
	at org.springframework.web.method.support.InvocableHandlerMethod.doInvoke(InvocableHandlerMethod.java:258) ~[spring-web-6.2.19.jar:6.2.19]
	at org.springframework.web.method.support.InvocableHandlerMethod.invokeForRequest(InvocableHandlerMethod.java:191) ~[spring-web-6.2.19.jar:6.2.19]
	at org.springframework.web.servlet.mvc.method.annotation.ServletInvocableHandlerMethod.invokeAndHandle(ServletInvocableHandlerMethod.java:118) ~[spring-webmvc-6.2.19.jar:6.2.19]
	at org.springframework.web.servlet.mvc.method.annotation.RequestMappingHandlerAdapter.invokeHandlerMethod(RequestMappingHandlerAdapter.java:991) ~[spring-webmvc-6.2.19.jar:6.2.19]
	at org.springframework.web.servlet.mvc.method.annotation.RequestMappingHandlerAdapter.handleInternal(RequestMappingHandlerAdapter.java:896) ~[spring-webmvc-6.2.19.jar:6.2.19]
	at org.springframework.web.servlet.mvc.method.AbstractHandlerMethodAdapter.handle(AbstractHandlerMethodAdapter.java:87) ~[spring-webmvc-6.2.19.jar:6.2.19]
	at org.springframework.web.servlet.DispatcherServlet.doDispatch(DispatcherServlet.java:1089) ~[spring-webmvc-6.2.19.jar:6.2.19]
	at org.springframework.web.servlet.DispatcherServlet.doService(DispatcherServlet.java:979) ~[spring-webmvc-6.2.19.jar:6.2.19]
	at org.springframework.web.servlet.FrameworkServlet.processRequest(FrameworkServlet.java:1014) ~[spring-webmvc-6.2.19.jar:6.2.19]
	at org.springframework.web.servlet.FrameworkServlet.doPost(FrameworkServlet.java:914) ~[spring-webmvc-6.2.19.jar:6.2.19]
	at jakarta.servlet.http.HttpServlet.service(HttpServlet.java:590) ~[tomcat-embed-core-10.1.55.jar:6.0]
	at org.springframework.web.servlet.FrameworkServlet.service(FrameworkServlet.java:885) ~[spring-webmvc-6.2.19.jar:6.2.19]
	at org.springframework.test.web.servlet.TestDispatcherServlet.service(TestDispatcherServlet.java:72) ~[spring-test-6.2.19.jar:6.2.19]
	at jakarta.servlet.http.HttpServlet.service(HttpServlet.java:658) ~[tomcat-embed-core-10.1.55.jar:6.0]
	at org.springframework.mock.web.MockFilterChain$ServletFilterProxy.doFilter(MockFilterChain.java:165) ~[spring-test-6.2.19.jar:6.2.19]
	at org.springframework.mock.web.MockFilterChain.doFilter(MockFilterChain.java:132) ~[spring-test-6.2.19.jar:6.2.19]
	at com.agilityhub.core.shared.api.IdempotencyFilter.lambda$execute$2(IdempotencyFilter.java:137) ~[classes/:na]
	at org.springframework.transaction.support.TransactionOperations.lambda$executeWithoutResult$0(TransactionOperations.java:68) ~[spring-tx-6.2.19.jar:6.2.19]
	at org.springframework.transaction.support.TransactionTemplate.execute(TransactionTemplate.java:140) ~[spring-tx-6.2.19.jar:6.2.19]
	at org.springframework.transaction.support.TransactionOperations.executeWithoutResult(TransactionOperations.java:67) ~[spring-tx-6.2.19.jar:6.2.19]
	at com.agilityhub.core.shared.api.IdempotencyFilter.execute(IdempotencyFilter.java:135) ~[classes/:na]
	at com.agilityhub.core.shared.api.IdempotencyFilter.doFilterInternal(IdempotencyFilter.java:64) ~[classes/:na]
	at org.springframework.web.filter.OncePerRequestFilter.doFilter(OncePerRequestFilter.java:116) ~[spring-web-6.2.19.jar:6.2.19]
	at org.springframework.test.web.servlet.setup.MockMvcFilterDecorator.doFilter(MockMvcFilterDecorator.java:162) ~[spring-test-6.2.19.jar:6.2.19]
	at org.springframework.mock.web.MockFilterChain.doFilter(MockFilterChain.java:132) ~[spring-test-6.2.19.jar:6.2.19]
	at com.agilityhub.core.shared.api.RequestLocaleFilter.doFilterInternal(RequestLocaleFilter.java:24) ~[classes/:na]
	at org.springframework.web.filter.OncePerRequestFilter.doFilter(OncePerRequestFilter.java:116) ~[spring-web-6.2.19.jar:6.2.19]
	at org.springframework.test.web.servlet.setup.MockMvcFilterDecorator.doFilter(MockMvcFilterDecorator.java:162) ~[spring-test-6.2.19.jar:6.2.19]
	at org.springframework.mock.web.MockFilterChain.doFilter(MockFilterChain.java:132) ~[spring-test-6.2.19.jar:6.2.19]
	at com.agilityhub.core.shared.api.TenantFilter.doFilterInternal(TenantFilter.java:84) ~[classes/:na]
	at org.springframework.web.filter.OncePerRequestFilter.doFilter(OncePerRequestFilter.java:116) ~[spring-web-6.2.19.jar:6.2.19]
	at org.springframework.test.web.servlet.setup.MockMvcFilterDecorator.doFilter(MockMvcFilterDecorator.java:162) ~[spring-test-6.2.19.jar:6.2.19]
	at org.springframework.mock.web.MockFilterChain.doFilter(MockFilterChain.java:132) ~[spring-test-6.2.19.jar:6.2.19]
	at org.springframework.web.filter.CompositeFilter$VirtualFilterChain.doFilter(CompositeFilter.java:108) ~[spring-web-6.2.19.jar:6.2.19]
	at org.springframework.web.filter.CompositeFilter$VirtualFilterChain.doFilter(CompositeFilter.java:108) ~[spring-web-6.2.19.jar:6.2.19]
	at org.springframework.security.web.FilterChainProxy.lambda$doFilterInternal$3(FilterChainProxy.java:231) ~[spring-security-web-6.5.11.jar:6.5.11]
	at org.springframework.security.web.ObservationFilterChainDecorator$FilterObservation$SimpleFilterObservation.lambda$wrap$1(ObservationFilterChainDecorator.java:490) ~[spring-security-web-6.5.11.jar:6.5.11]
	at org.springframework.security.web.ObservationFilterChainDecorator$AroundFilterObservation$SimpleAroundFilterObservation.lambda$wrap$1(ObservationFilterChainDecorator.java:351) ~[spring-security-web-6.5.11.jar:6.5.11]
	at org.springframework.security.web.ObservationFilterChainDecorator.lambda$wrapSecured$0(ObservationFilterChainDecorator.java:83) ~[spring-security-web-6.5.11.jar:6.5.11]
	at org.springframework.security.web.ObservationFilterChainDecorator$VirtualFilterChain.doFilter(ObservationFilterChainDecorator.java:129) ~[spring-security-web-6.5.11.jar:6.5.11]
	at org.springframework.security.web.access.intercept.AuthorizationFilter.doFilter(AuthorizationFilter.java:101) ~[spring-security-web-6.5.11.jar:6.5.11]
	at org.springframework.security.web.ObservationFilterChainDecorator$ObservationFilter.wrapFilter(ObservationFilterChainDecorator.java:241) ~[spring-security-web-6.5.11.jar:6.5.11]
	at org.springframework.security.web.ObservationFilterChainDecorator$ObservationFilter.doFilter(ObservationFilterChainDecorator.java:228) ~[spring-security-web-6.5.11.jar:6.5.11]
	at org.springframework.security.web.ObservationFilterChainDecorator$VirtualFilterChain.doFilter(ObservationFilterChainDecorator.java:138) ~[spring-security-web-6.5.11.jar:6.5.11]
	at org.springframework.security.web.access.ExceptionTranslationFilter.doFilter(ExceptionTranslationFilter.java:125) ~[spring-security-web-6.5.11.jar:6.5.11]
	at org.springframework.security.web.access.ExceptionTranslationFilter.doFilter(ExceptionTranslationFilter.java:119) ~[spring-security-web-6.5.11.jar:6.5.11]
	at org.springframework.security.web.ObservationFilterChainDecorator$ObservationFilter.wrapFilter(ObservationFilterChainDecorator.java:241) ~[spring-security-web-6.5.11.jar:6.5.11]
	at org.springframework.security.web.ObservationFilterChainDecorator$ObservationFilter.doFilter(ObservationFilterChainDecorator.java:228) ~[spring-security-web-6.5.11.jar:6.5.11]
	at org.springframework.security.web.ObservationFilterChainDecorator$VirtualFilterChain.doFilter(ObservationFilterChainDecorator.java:138) ~[spring-security-web-6.5.11.jar:6.5.11]
	at org.springframework.security.web.authentication.AnonymousAuthenticationFilter.doFilter(AnonymousAuthenticationFilter.java:100) ~[spring-security-web-6.5.11.jar:6.5.11]
	at org.springframework.security.web.ObservationFilterChainDecorator$ObservationFilter.wrapFilter(ObservationFilterChainDecorator.java:241) ~[spring-security-web-6.5.11.jar:6.5.11]
	at org.springframework.security.web.ObservationFilterChainDecorator$ObservationFilter.doFilter(ObservationFilterChainDecorator.java:228) ~[spring-security-web-6.5.11.jar:6.5.11]
	at org.springframework.security.web.ObservationFilterChainDecorator$VirtualFilterChain.doFilter(ObservationFilterChainDecorator.java:138) ~[spring-security-web-6.5.11.jar:6.5.11]
	at org.springframework.security.web.servletapi.SecurityContextHolderAwareRequestFilter.doFilter(SecurityContextHolderAwareRequestFilter.java:179) ~[spring-security-web-6.5.11.jar:6.5.11]
	at org.springframework.security.web.ObservationFilterChainDecorator$ObservationFilter.wrapFilter(ObservationFilterChainDecorator.java:241) ~[spring-security-web-6.5.11.jar:6.5.11]
	at org.springframework.security.web.ObservationFilterChainDecorator$ObservationFilter.doFilter(ObservationFilterChainDecorator.java:228) ~[spring-security-web-6.5.11.jar:6.5.11]
	at org.springframework.security.web.ObservationFilterChainDecorator$VirtualFilterChain.doFilter(ObservationFilterChainDecorator.java:138) ~[spring-security-web-6.5.11.jar:6.5.11]
	at org.springframework.security.web.savedrequest.RequestCacheAwareFilter.doFilter(RequestCacheAwareFilter.java:63) ~[spring-security-web-6.5.11.jar:6.5.11]
	at org.springframework.security.web.ObservationFilterChainDecorator$ObservationFilter.wrapFilter(ObservationFilterChainDecorator.java:241) ~[spring-security-web-6.5.11.jar:6.5.11]
	at org.springframework.security.web.ObservationFilterChainDecorator$ObservationFilter.doFilter(ObservationFilterChainDecorator.java:228) ~[spring-security-web-6.5.11.jar:6.5.11]
	at org.springframework.security.web.ObservationFilterChainDecorator$VirtualFilterChain.doFilter(ObservationFilterChainDecorator.java:138) ~[spring-security-web-6.5.11.jar:6.5.11]
	at org.springframework.security.web.authentication.logout.LogoutFilter.doFilter(LogoutFilter.java:107) ~[spring-security-web-6.5.11.jar:6.5.11]
	at org.springframework.security.web.authentication.logout.LogoutFilter.doFilter(LogoutFilter.java:93) ~[spring-security-web-6.5.11.jar:6.5.11]
	at org.springframework.security.web.ObservationFilterChainDecorator$ObservationFilter.wrapFilter(ObservationFilterChainDecorator.java:241) ~[spring-security-web-6.5.11.jar:6.5.11]
	at org.springframework.security.web.ObservationFilterChainDecorator$ObservationFilter.doFilter(ObservationFilterChainDecorator.java:228) ~[spring-security-web-6.5.11.jar:6.5.11]
	at org.springframework.security.web.ObservationFilterChainDecorator$VirtualFilterChain.doFilter(ObservationFilterChainDecorator.java:138) ~[spring-security-web-6.5.11.jar:6.5.11]
	at org.springframework.web.filter.OncePerRequestFilter.doFilter(OncePerRequestFilter.java:101) ~[spring-web-6.2.19.jar:6.2.19]
	at org.springframework.security.web.ObservationFilterChainDecorator$ObservationFilter.wrapFilter(ObservationFilterChainDecorator.java:241) ~[spring-security-web-6.5.11.jar:6.5.11]
	at org.springframework.security.web.ObservationFilterChainDecorator$ObservationFilter.doFilter(ObservationFilterChainDecorator.java:228) ~[spring-security-web-6.5.11.jar:6.5.11]
	at org.springframework.security.web.ObservationFilterChainDecorator$VirtualFilterChain.doFilter(ObservationFilterChainDecorator.java:138) ~[spring-security-web-6.5.11.jar:6.5.11]
	at org.springframework.security.web.header.HeaderWriterFilter.doHeadersAfter(HeaderWriterFilter.java:90) ~[spring-security-web-6.5.11.jar:6.5.11]
	at org.springframework.security.web.header.HeaderWriterFilter.doFilterInternal(HeaderWriterFilter.java:75) ~[spring-security-web-6.5.11.jar:6.5.11]
	at org.springframework.web.filter.OncePerRequestFilter.doFilter(OncePerRequestFilter.java:116) ~[spring-web-6.2.19.jar:6.2.19]
	at org.springframework.security.web.ObservationFilterChainDecorator$ObservationFilter.wrapFilter(ObservationFilterChainDecorator.java:241) ~[spring-security-web-6.5.11.jar:6.5.11]
	at org.springframework.security.web.ObservationFilterChainDecorator$ObservationFilter.doFilter(ObservationFilterChainDecorator.java:228) ~[spring-security-web-6.5.11.jar:6.5.11]
	at org.springframework.security.web.ObservationFilterChainDecorator$VirtualFilterChain.doFilter(ObservationFilterChainDecorator.java:138) ~[spring-security-web-6.5.11.jar:6.5.11]
	at org.springframework.security.web.context.SecurityContextHolderFilter.doFilter(SecurityContextHolderFilter.java:82) ~[spring-security-web-6.5.11.jar:6.5.11]
	at org.springframework.security.web.context.SecurityContextHolderFilter.doFilter(SecurityContextHolderFilter.java:69) ~[spring-security-web-6.5.11.jar:6.5.11]
	at org.springframework.security.web.ObservationFilterChainDecorator$ObservationFilter.wrapFilter(ObservationFilterChainDecorator.java:241) ~[spring-security-web-6.5.11.jar:6.5.11]
	at org.springframework.security.web.ObservationFilterChainDecorator$ObservationFilter.doFilter(ObservationFilterChainDecorator.java:228) ~[spring-security-web-6.5.11.jar:6.5.11]
	at org.springframework.security.web.ObservationFilterChainDecorator$VirtualFilterChain.doFilter(ObservationFilterChainDecorator.java:138) ~[spring-security-web-6.5.11.jar:6.5.11]
	at org.springframework.security.web.context.request.async.WebAsyncManagerIntegrationFilter.doFilterInternal(WebAsyncManagerIntegrationFilter.java:62) ~[spring-security-web-6.5.11.jar:6.5.11]
	at org.springframework.web.filter.OncePerRequestFilter.doFilter(OncePerRequestFilter.java:116) ~[spring-web-6.2.19.jar:6.2.19]
	at org.springframework.security.web.ObservationFilterChainDecorator$ObservationFilter.wrapFilter(ObservationFilterChainDecorator.java:241) ~[spring-security-web-6.5.11.jar:6.5.11]
	at org.springframework.security.web.ObservationFilterChainDecorator$ObservationFilter.doFilter(ObservationFilterChainDecorator.java:228) ~[spring-security-web-6.5.11.jar:6.5.11]
	at org.springframework.security.web.ObservationFilterChainDecorator$VirtualFilterChain.doFilter(ObservationFilterChainDecorator.java:138) ~[spring-security-web-6.5.11.jar:6.5.11]
	at org.springframework.security.web.session.DisableEncodeUrlFilter.doFilterInternal(DisableEncodeUrlFilter.java:42) ~[spring-security-web-6.5.11.jar:6.5.11]
	at org.springframework.web.filter.OncePerRequestFilter.doFilter(OncePerRequestFilter.java:116) ~[spring-web-6.2.19.jar:6.2.19]
	at org.springframework.security.web.ObservationFilterChainDecorator$ObservationFilter.wrapFilter(ObservationFilterChainDecorator.java:241) ~[spring-security-web-6.5.11.jar:6.5.11]
	at org.springframework.security.web.ObservationFilterChainDecorator$AroundFilterObservation$SimpleAroundFilterObservation.lambda$wrap$0(ObservationFilterChainDecorator.java:334) ~[spring-security-web-6.5.11.jar:6.5.11]
	at org.springframework.security.web.ObservationFilterChainDecorator$ObservationFilter.doFilter(ObservationFilterChainDecorator.java:225) ~[spring-security-web-6.5.11.jar:6.5.11]
	at org.springframework.security.web.ObservationFilterChainDecorator$VirtualFilterChain.doFilter(ObservationFilterChainDecorator.java:138) ~[spring-security-web-6.5.11.jar:6.5.11]
	at org.springframework.security.web.FilterChainProxy.doFilterInternal(FilterChainProxy.java:233) ~[spring-security-web-6.5.11.jar:6.5.11]
	at org.springframework.security.web.FilterChainProxy.doFilter(FilterChainProxy.java:191) ~[spring-security-web-6.5.11.jar:6.5.11]
	at org.springframework.web.filter.CompositeFilter$VirtualFilterChain.doFilter(CompositeFilter.java:113) ~[spring-web-6.2.19.jar:6.2.19]
	at org.springframework.web.filter.ServletRequestPathFilter.doFilter(ServletRequestPathFilter.java:52) ~[spring-web-6.2.19.jar:6.2.19]
	at org.springframework.web.filter.CompositeFilter$VirtualFilterChain.doFilter(CompositeFilter.java:113) ~[spring-web-6.2.19.jar:6.2.19]
	at org.springframework.web.filter.CompositeFilter.doFilter(CompositeFilter.java:74) ~[spring-web-6.2.19.jar:6.2.19]
	at org.springframework.security.config.annotation.web.configuration.WebSecurityConfiguration$CompositeFilterChainProxy.doFilter(WebSecurityConfiguration.java:319) ~[spring-security-config-6.5.11.jar:6.5.11]
	at org.springframework.web.filter.CompositeFilter$VirtualFilterChain.doFilter(CompositeFilter.java:113) ~[spring-web-6.2.19.jar:6.2.19]
	at org.springframework.web.servlet.handler.HandlerMappingIntrospector.lambda$createCacheFilter$4(HandlerMappingIntrospector.java:267) ~[spring-webmvc-6.2.19.jar:6.2.19]
	at org.springframework.web.filter.CompositeFilter$VirtualFilterChain.doFilter(CompositeFilter.java:113) ~[spring-web-6.2.19.jar:6.2.19]
	at org.springframework.web.filter.CompositeFilter.doFilter(CompositeFilter.java:74) ~[spring-web-6.2.19.jar:6.2.19]
	at org.springframework.security.config.annotation.web.configuration.WebMvcSecurityConfiguration$CompositeFilterChainProxy.doFilter(WebMvcSecurityConfiguration.java:240) ~[spring-security-config-6.5.11.jar:6.5.11]
	at org.springframework.web.filter.DelegatingFilterProxy.invokeDelegate(DelegatingFilterProxy.java:362) ~[spring-web-6.2.19.jar:6.2.19]
	at org.springframework.web.filter.DelegatingFilterProxy.doFilter(DelegatingFilterProxy.java:278) ~[spring-web-6.2.19.jar:6.2.19]
	at org.springframework.test.web.servlet.setup.MockMvcFilterDecorator.doFilter(MockMvcFilterDecorator.java:162) ~[spring-test-6.2.19.jar:6.2.19]
	at org.springframework.mock.web.MockFilterChain.doFilter(MockFilterChain.java:132) ~[spring-test-6.2.19.jar:6.2.19]
	at org.springframework.web.filter.RequestContextFilter.doFilterInternal(RequestContextFilter.java:100) ~[spring-web-6.2.19.jar:6.2.19]
	at org.springframework.web.filter.OncePerRequestFilter.doFilter(OncePerRequestFilter.java:116) ~[spring-web-6.2.19.jar:6.2.19]
	at org.springframework.test.web.servlet.setup.MockMvcFilterDecorator.doFilter(MockMvcFilterDecorator.java:162) ~[spring-test-6.2.19.jar:6.2.19]
	at org.springframework.mock.web.MockFilterChain.doFilter(MockFilterChain.java:132) ~[spring-test-6.2.19.jar:6.2.19]
	at org.springframework.web.filter.FormContentFilter.doFilterInternal(FormContentFilter.java:93) ~[spring-web-6.2.19.jar:6.2.19]
	at org.springframework.web.filter.OncePerRequestFilter.doFilter(OncePerRequestFilter.java:116) ~[spring-web-6.2.19.jar:6.2.19]
	at org.springframework.test.web.servlet.setup.MockMvcFilterDecorator.doFilter(MockMvcFilterDecorator.java:162) ~[spring-test-6.2.19.jar:6.2.19]
	at org.springframework.mock.web.MockFilterChain.doFilter(MockFilterChain.java:132) ~[spring-test-6.2.19.jar:6.2.19]
	at com.agilityhub.core.shared.api.RequestTraceFilter.doFilterInternal(RequestTraceFilter.java:32) ~[classes/:na]
	at org.springframework.web.filter.OncePerRequestFilter.doFilter(OncePerRequestFilter.java:116) ~[spring-web-6.2.19.jar:6.2.19]
	at org.springframework.test.web.servlet.setup.MockMvcFilterDecorator.doFilter(MockMvcFilterDecorator.java:162) ~[spring-test-6.2.19.jar:6.2.19]
	at org.springframework.mock.web.MockFilterChain.doFilter(MockFilterChain.java:132) ~[spring-test-6.2.19.jar:6.2.19]
	at org.springframework.web.filter.ServerHttpObservationFilter.doFilterInternal(ServerHttpObservationFilter.java:110) ~[spring-web-6.2.19.jar:6.2.19]
	at org.springframework.web.filter.OncePerRequestFilter.doFilter(OncePerRequestFilter.java:116) ~[spring-web-6.2.19.jar:6.2.19]
	at org.springframework.test.web.servlet.setup.MockMvcFilterDecorator.doFilter(MockMvcFilterDecorator.java:162) ~[spring-test-6.2.19.jar:6.2.19]
	at org.springframework.mock.web.MockFilterChain.doFilter(MockFilterChain.java:132) ~[spring-test-6.2.19.jar:6.2.19]
	at org.springframework.web.filter.CharacterEncodingFilter.doFilterInternal(CharacterEncodingFilter.java:201) ~[spring-web-6.2.19.jar:6.2.19]
	at org.springframework.web.filter.OncePerRequestFilter.doFilter(OncePerRequestFilter.java:116) ~[spring-web-6.2.19.jar:6.2.19]
	at org.springframework.test.web.servlet.setup.MockMvcFilterDecorator.doFilter(MockMvcFilterDecorator.java:162) ~[spring-test-6.2.19.jar:6.2.19]
	at org.springframework.mock.web.MockFilterChain.doFilter(MockFilterChain.java:132) ~[spring-test-6.2.19.jar:6.2.19]
	at org.springframework.test.web.servlet.MockMvc.perform(MockMvc.java:201) ~[spring-test-6.2.19.jar:6.2.19]
	at com.agilityhub.core.shared.persistence.IdempotencyIT.E3_T06_INC02_transactionalFailureReturns500AndReleasesTheKey(IdempotencyIT.java:163) ~[test-classes/:na]
	at java.base/jdk.internal.reflect.DirectMethodHandleAccessor.invoke(DirectMethodHandleAccessor.java:103) ~[na:na]
	at java.base/java.lang.reflect.Method.invoke(Method.java:580) ~[na:na]
	at org.junit.platform.commons.util.ReflectionUtils.invokeMethod(ReflectionUtils.java:775) ~[junit-platform-commons-1.12.2.jar:1.12.2]
	at org.junit.platform.commons.support.ReflectionSupport.invokeMethod(ReflectionSupport.java:479) ~[junit-platform-commons-1.12.2.jar:1.12.2]
	at org.junit.jupiter.engine.execution.MethodInvocation.proceed(MethodInvocation.java:60) ~[junit-jupiter-engine-5.12.2.jar:5.12.2]
	at org.junit.jupiter.engine.execution.InvocationInterceptorChain$ValidatingInvocation.proceed(InvocationInterceptorChain.java:131) ~[junit-jupiter-engine-5.12.2.jar:5.12.2]
	at org.junit.jupiter.engine.extension.TimeoutExtension.intercept(TimeoutExtension.java:161) ~[junit-jupiter-engine-5.12.2.jar:5.12.2]
	at org.junit.jupiter.engine.extension.TimeoutExtension.interceptTestableMethod(TimeoutExtension.java:152) ~[junit-jupiter-engine-5.12.2.jar:5.12.2]
	at org.junit.jupiter.engine.extension.TimeoutExtension.interceptTestMethod(TimeoutExtension.java:91) ~[junit-jupiter-engine-5.12.2.jar:5.12.2]
	at org.junit.jupiter.engine.execution.InterceptingExecutableInvoker$ReflectiveInterceptorCall.lambda$ofVoidMethod$0(InterceptingExecutableInvoker.java:112) ~[junit-jupiter-engine-5.12.2.jar:5.12.2]
	at org.junit.jupiter.engine.execution.InterceptingExecutableInvoker.lambda$invoke$0(InterceptingExecutableInvoker.java:94) ~[junit-jupiter-engine-5.12.2.jar:5.12.2]
	at org.junit.jupiter.engine.execution.InvocationInterceptorChain$InterceptedInvocation.proceed(InvocationInterceptorChain.java:106) ~[junit-jupiter-engine-5.12.2.jar:5.12.2]
	at org.junit.jupiter.engine.execution.InvocationInterceptorChain.proceed(InvocationInterceptorChain.java:64) ~[junit-jupiter-engine-5.12.2.jar:5.12.2]
	at org.junit.jupiter.engine.execution.InvocationInterceptorChain.chainAndInvoke(InvocationInterceptorChain.java:45) ~[junit-jupiter-engine-5.12.2.jar:5.12.2]
	at org.junit.jupiter.engine.execution.InvocationInterceptorChain.invoke(InvocationInterceptorChain.java:37) ~[junit-jupiter-engine-5.12.2.jar:5.12.2]
	at org.junit.jupiter.engine.execution.InterceptingExecutableInvoker.invoke(InterceptingExecutableInvoker.java:93) ~[junit-jupiter-engine-5.12.2.jar:5.12.2]
	at org.junit.jupiter.engine.execution.InterceptingExecutableInvoker.invoke(InterceptingExecutableInvoker.java:87) ~[junit-jupiter-engine-5.12.2.jar:5.12.2]
	at org.junit.jupiter.engine.descriptor.TestMethodTestDescriptor.lambda$invokeTestMethod$7(TestMethodTestDescriptor.java:216) ~[junit-jupiter-engine-5.12.2.jar:5.12.2]
	at org.junit.platform.engine.support.hierarchical.ThrowableCollector.execute(ThrowableCollector.java:73) ~[junit-platform-engine-1.12.2.jar:1.12.2]
	at org.junit.jupiter.engine.descriptor.TestMethodTestDescriptor.invokeTestMethod(TestMethodTestDescriptor.java:212) ~[junit-jupiter-engine-5.12.2.jar:5.12.2]
	at org.junit.jupiter.engine.descriptor.TestMethodTestDescriptor.execute(TestMethodTestDescriptor.java:137) ~[junit-jupiter-engine-5.12.2.jar:5.12.2]
	at org.junit.jupiter.engine.descriptor.TestMethodTestDescriptor.execute(TestMethodTestDescriptor.java:69) ~[junit-jupiter-engine-5.12.2.jar:5.12.2]
	at org.junit.platform.engine.support.hierarchical.NodeTestTask.lambda$executeRecursively$6(NodeTestTask.java:156) ~[junit-platform-engine-1.12.2.jar:1.12.2]
	at org.junit.platform.engine.support.hierarchical.ThrowableCollector.execute(ThrowableCollector.java:73) ~[junit-platform-engine-1.12.2.jar:1.12.2]
	at org.junit.platform.engine.support.hierarchical.NodeTestTask.lambda$executeRecursively$8(NodeTestTask.java:146) ~[junit-platform-engine-1.12.2.jar:1.12.2]
	at org.junit.platform.engine.support.hierarchical.Node.around(Node.java:137) ~[junit-platform-engine-1.12.2.jar:1.12.2]
	at org.junit.platform.engine.support.hierarchical.NodeTestTask.lambda$executeRecursively$9(NodeTestTask.java:144) ~[junit-platform-engine-1.12.2.jar:1.12.2]
	at org.junit.platform.engine.support.hierarchical.ThrowableCollector.execute(ThrowableCollector.java:73) ~[junit-platform-engine-1.12.2.jar:1.12.2]
	at org.junit.platform.engine.support.hierarchical.NodeTestTask.executeRecursively(NodeTestTask.java:143) ~[junit-platform-engine-1.12.2.jar:1.12.2]
	at org.junit.platform.engine.support.hierarchical.NodeTestTask.execute(NodeTestTask.java:100) ~[junit-platform-engine-1.12.2.jar:1.12.2]
	at java.base/java.util.ArrayList.forEach(ArrayList.java:1596) ~[na:na]
	at org.junit.platform.engine.support.hierarchical.SameThreadHierarchicalTestExecutorService.invokeAll(SameThreadHierarchicalTestExecutorService.java:41) ~[junit-platform-engine-1.12.2.jar:1.12.2]
	at org.junit.platform.engine.support.hierarchical.NodeTestTask.lambda$executeRecursively$6(NodeTestTask.java:160) ~[junit-platform-engine-1.12.2.jar:1.12.2]
	at org.junit.platform.engine.support.hierarchical.ThrowableCollector.execute(ThrowableCollector.java:73) ~[junit-platform-engine-1.12.2.jar:1.12.2]
	at org.junit.platform.engine.support.hierarchical.NodeTestTask.lambda$executeRecursively$8(NodeTestTask.java:146) ~[junit-platform-engine-1.12.2.jar:1.12.2]
	at org.junit.platform.engine.support.hierarchical.Node.around(Node.java:137) ~[junit-platform-engine-1.12.2.jar:1.12.2]
	at org.junit.platform.engine.support.hierarchical.NodeTestTask.lambda$executeRecursively$9(NodeTestTask.java:144) ~[junit-platform-engine-1.12.2.jar:1.12.2]
	at org.junit.platform.engine.support.hierarchical.ThrowableCollector.execute(ThrowableCollector.java:73) ~[junit-platform-engine-1.12.2.jar:1.12.2]
	at org.junit.platform.engine.support.hierarchical.NodeTestTask.executeRecursively(NodeTestTask.java:143) ~[junit-platform-engine-1.12.2.jar:1.12.2]
	at org.junit.platform.engine.support.hierarchical.NodeTestTask.execute(NodeTestTask.java:100) ~[junit-platform-engine-1.12.2.jar:1.12.2]
	at java.base/java.util.ArrayList.forEach(ArrayList.java:1596) ~[na:na]
	at org.junit.platform.engine.support.hierarchical.SameThreadHierarchicalTestExecutorService.invokeAll(SameThreadHierarchicalTestExecutorService.java:41) ~[junit-platform-engine-1.12.2.jar:1.12.2]
	at org.junit.platform.engine.support.hierarchical.NodeTestTask.lambda$executeRecursively$6(NodeTestTask.java:160) ~[junit-platform-engine-1.12.2.jar:1.12.2]
	at org.junit.platform.engine.support.hierarchical.ThrowableCollector.execute(ThrowableCollector.java:73) ~[junit-platform-engine-1.12.2.jar:1.12.2]
	at org.junit.platform.engine.support.hierarchical.NodeTestTask.lambda$executeRecursively$8(NodeTestTask.java:146) ~[junit-platform-engine-1.12.2.jar:1.12.2]
	at org.junit.platform.engine.support.hierarchical.Node.around(Node.java:137) ~[junit-platform-engine-1.12.2.jar:1.12.2]
	at org.junit.platform.engine.support.hierarchical.NodeTestTask.lambda$executeRecursively$9(NodeTestTask.java:144) ~[junit-platform-engine-1.12.2.jar:1.12.2]
	at org.junit.platform.engine.support.hierarchical.ThrowableCollector.execute(ThrowableCollector.java:73) ~[junit-platform-engine-1.12.2.jar:1.12.2]
	at org.junit.platform.engine.support.hierarchical.NodeTestTask.executeRecursively(NodeTestTask.java:143) ~[junit-platform-engine-1.12.2.jar:1.12.2]
	at org.junit.platform.engine.support.hierarchical.NodeTestTask.execute(NodeTestTask.java:100) ~[junit-platform-engine-1.12.2.jar:1.12.2]
	at org.junit.platform.engine.support.hierarchical.SameThreadHierarchicalTestExecutorService.submit(SameThreadHierarchicalTestExecutorService.java:35) ~[junit-platform-engine-1.12.2.jar:1.12.2]
	at org.junit.platform.engine.support.hierarchical.HierarchicalTestExecutor.execute(HierarchicalTestExecutor.java:57) ~[junit-platform-engine-1.12.2.jar:1.12.2]
	at org.junit.platform.engine.support.hierarchical.HierarchicalTestEngine.execute(HierarchicalTestEngine.java:54) ~[junit-platform-engine-1.12.2.jar:1.12.2]
	at org.junit.platform.launcher.core.EngineExecutionOrchestrator.execute(EngineExecutionOrchestrator.java:201) ~[junit-platform-launcher-1.12.2.jar:1.12.2]
	at org.junit.platform.launcher.core.EngineExecutionOrchestrator.execute(EngineExecutionOrchestrator.java:170) ~[junit-platform-launcher-1.12.2.jar:1.12.2]
	at org.junit.platform.launcher.core.EngineExecutionOrchestrator.execute(EngineExecutionOrchestrator.java:94) ~[junit-platform-launcher-1.12.2.jar:1.12.2]
	at org.junit.platform.launcher.core.EngineExecutionOrchestrator.lambda$execute$0(EngineExecutionOrchestrator.java:59) ~[junit-platform-launcher-1.12.2.jar:1.12.2]
	at org.junit.platform.launcher.core.EngineExecutionOrchestrator.withInterceptedStreams(EngineExecutionOrchestrator.java:142) ~[junit-platform-launcher-1.12.2.jar:1.12.2]
	at org.junit.platform.launcher.core.EngineExecutionOrchestrator.execute(EngineExecutionOrchestrator.java:58) ~[junit-platform-launcher-1.12.2.jar:1.12.2]
	at org.junit.platform.launcher.core.DefaultLauncher.execute(DefaultLauncher.java:103) ~[junit-platform-launcher-1.12.2.jar:1.12.2]
	at org.junit.platform.launcher.core.DefaultLauncher.execute(DefaultLauncher.java:85) ~[junit-platform-launcher-1.12.2.jar:1.12.2]
	at org.junit.platform.launcher.core.DelegatingLauncher.execute(DelegatingLauncher.java:47) ~[junit-platform-launcher-1.12.2.jar:1.12.2]
	at org.junit.platform.launcher.core.InterceptingLauncher.lambda$execute$1(InterceptingLauncher.java:39) ~[junit-platform-launcher-1.12.2.jar:1.12.2]
	at org.junit.platform.launcher.core.ClasspathAlignmentCheckingLauncherInterceptor.intercept(ClasspathAlignmentCheckingLauncherInterceptor.java:25) ~[junit-platform-launcher-1.12.2.jar:1.12.2]
	at org.junit.platform.launcher.core.InterceptingLauncher.execute(InterceptingLauncher.java:38) ~[junit-platform-launcher-1.12.2.jar:1.12.2]
	at org.junit.platform.launcher.core.DelegatingLauncher.execute(DelegatingLauncher.java:47) ~[junit-platform-launcher-1.12.2.jar:1.12.2]
	at org.apache.maven.surefire.junitplatform.LauncherAdapter.executeWithoutCancellationToken(LauncherAdapter.java:60) ~[surefire-junit-platform-3.5.6.jar:3.5.6]
	at org.apache.maven.surefire.junitplatform.LauncherAdapter.execute(LauncherAdapter.java:52) ~[surefire-junit-platform-3.5.6.jar:3.5.6]
	at org.apache.maven.surefire.junitplatform.JUnitPlatformProvider.execute(JUnitPlatformProvider.java:203) ~[surefire-junit-platform-3.5.6.jar:3.5.6]
	at org.apache.maven.surefire.junitplatform.JUnitPlatformProvider.invokeAllTests(JUnitPlatformProvider.java:168) ~[surefire-junit-platform-3.5.6.jar:3.5.6]
	at org.apache.maven.surefire.junitplatform.JUnitPlatformProvider.invoke(JUnitPlatformProvider.java:136) ~[surefire-junit-platform-3.5.6.jar:3.5.6]
	at org.apache.maven.surefire.booter.ForkedBooter.runSuitesInProcess(ForkedBooter.java:385) ~[surefire-booter-3.5.6.jar:3.5.6]
	at org.apache.maven.surefire.booter.ForkedBooter.execute(ForkedBooter.java:162) ~[surefire-booter-3.5.6.jar:3.5.6]
	at org.apache.maven.surefire.booter.ForkedBooter.run(ForkedBooter.java:507) ~[surefire-booter-3.5.6.jar:3.5.6]
	at org.apache.maven.surefire.booter.ForkedBooter.main(ForkedBooter.java:495) ~[surefire-booter-3.5.6.jar:3.5.6]

2026-09-16T12:46:05.731+02:00  INFO 74494 --- [agilityhub-core-api] [           main] t.c.s.AnnotationConfigContextLoaderUtils : Could not detect default configuration classes for test class [com.agilityhub.core.shared.persistence.OutboxIT]: OutboxIT does not declare any static, non-private, non-final, nested classes annotated with @Configuration.
2026-09-16T12:46:05.732+02:00  INFO 74494 --- [agilityhub-core-api] [           main] .b.t.c.SpringBootTestContextBootstrapper : Found @SpringBootConfiguration com.agilityhub.core.CoreApplication for test class com.agilityhub.core.shared.persistence.OutboxIT
2026-09-16T12:46:05.775+02:00  WARN 74494 --- [agilityhub-core-api] [           main] i.m.core.instrument.MeterRegistry        : This Gauge has been already registered (MeterId{name='outbox.pending', tags=[]}), the registration will be ignored. Note that subsequent logs will be logged at debug level.
db.domain_events.getIndexes(): [Document{{v=2, key=Document{{_id=1}}, name=_id_}}, Document{{v=2, key=Document{{publishedAt=1}}, name=outbox_retention, expireAfterSeconds=7776000}}, Document{{v=2, key=Document{{status=1, nextAttemptAt=1}}, name=outbox_dispatch}}, Document{{v=2, key=Document{{clubId=1, aggregateType=1, aggregateId=1}}, name=outbox_aggregate}}]
2026-09-16T12:46:07.404+02:00  INFO 74494 --- [agilityhub-core-api] [           main] t.c.s.AnnotationConfigContextLoaderUtils : Could not detect default configuration classes for test class [com.agilityhub.core.shared.api.HealthIndependenceIT]: HealthIndependenceIT does not declare any static, non-private, non-final, nested classes annotated with @Configuration.
2026-09-16T12:46:07.420+02:00  INFO 74494 --- [agilityhub-core-api] [           main] .b.t.c.SpringBootTestContextBootstrapper : Found @SpringBootConfiguration com.agilityhub.core.CoreApplication for test class com.agilityhub.core.shared.api.HealthIndependenceIT
2026-09-16T12:46:07.422+02:00  INFO 74494 --- [agilityhub-core-api] [           main] tc.mongo:7                               : Creating container for image: mongo:7
2026-09-16T12:46:07.536+02:00  INFO 74494 --- [agilityhub-core-api] [           main] tc.mongo:7                               : Container mongo:7 is starting: ac07e9…[truncated]
2026-09-16T12:46:08.045+02:00  INFO 74494 --- [agilityhub-core-api] [           main] tc.mongo:7                               : Container mongo:7 started in PT0.623358S

  .   ____          _            __ _ _
 /\\ / ___'_ __ _ _(_)_ __  __ _ \ \ \ \
( ( )\___ | '_ | '_| | '_ \/ _` | \ \ \ \
 \\/  ___)| |_)| | | | | || (_| |  ) ) ) )
  '  |____| .__|_| |_|_| |_\__, | / / / /
 =========|_|==============|___/=/_/_/_/

 :: Spring Boot ::               (v3.5.16)

2026-09-16T12:46:08.622+02:00  INFO 74494 --- [agilityhub-core-api] [           main] c.a.c.shared.api.HealthIndependenceIT    : Starting HealthIndependenceIT using Java 21.0.12.1 with PID 74494 (started by jordib in /Users/jordib/dev/agilityhub/agilityhub-core-api)
2026-09-16T12:46:08.622+02:00  INFO 74494 --- [agilityhub-core-api] [           main] c.a.c.shared.api.HealthIndependenceIT    : The following 1 profile is active: "test"
2026-09-16T12:46:08.756+02:00  INFO 74494 --- [agilityhub-core-api] [           main] .s.d.r.c.RepositoryConfigurationDelegate : Bootstrapping Spring Data MongoDB repositories in DEFAULT mode.
2026-09-16T12:46:08.770+02:00  INFO 74494 --- [agilityhub-core-api] [           main] .s.d.r.c.RepositoryConfigurationDelegate : Finished Spring Data repository scanning in 13 ms. Found 0 MongoDB repository interfaces.
2026-09-16T12:46:08.793+02:00  INFO 74494 --- [agilityhub-core-api] [           main] o.s.b.w.embedded.tomcat.TomcatWebServer  : Tomcat initialized with port 0 (http)
2026-09-16T12:46:08.794+02:00  INFO 74494 --- [agilityhub-core-api] [           main] o.apache.catalina.core.StandardService   : Starting service [Tomcat]
2026-09-16T12:46:08.794+02:00  INFO 74494 --- [agilityhub-core-api] [           main] o.apache.catalina.core.StandardEngine    : Starting Servlet engine: [Apache Tomcat/10.1.55]
2026-09-16T12:46:08.802+02:00  INFO 74494 --- [agilityhub-core-api] [           main] o.a.c.c.C.[Tomcat-8].[localhost].[/]     : Initializing Spring embedded WebApplicationContext
2026-09-16T12:46:08.802+02:00  INFO 74494 --- [agilityhub-core-api] [           main] w.s.c.ServletWebServerApplicationContext : Root WebApplicationContext: initialization completed in 179 ms
2026-09-16T12:46:08.818+02:00  INFO 74494 --- [agilityhub-core-api] [           main] org.mongodb.driver.client                : MongoClient with metadata {"driver": {"name": "mongo-java-driver|sync|spring-boot", "version": "5.5.2"}, "os": {"type": "Darwin", "name": "Mac OS X", "architecture": "aarch64", "version": "26.4.1"}, "platform": "Java/Homebrew/21.0.12.1"} created with settings MongoClientSettings{readPreference=primary, writeConcern=WriteConcern{w=null, wTimeout=null ms, journal=null}, retryWrites=true, retryReads=true, readConcern=ReadConcern{level=null}, credential=null, transportSettings=null, commandListeners=[io.micrometer.core.instrument.binder.mongodb.MongoMetricsCommandListener@712f3e76], codecRegistry=ProvidersCodecRegistry{codecProviders=[ValueCodecProvider{}, BsonValueCodecProvider{}, DBRefCodecProvider{}, DBObjectCodecProvider{}, DocumentCodecProvider{}, CollectionCodecProvider{}, IterableCodecProvider{}, MapCodecProvider{}, GeoJsonCodecProvider{}, GridFSFileCodecProvider{}, Jsr310CodecProvider{}, JsonObjectCodecProvider{}, BsonCodecProvider{}, EnumCodecProvider{}, com.mongodb.client.model.mql.ExpressionCodecProvider@7e4bd9b4, com.mongodb.Jep395RecordCodecProvider@34518f0, com.mongodb.KotlinCodecProvider@1ab37c94]}, loggerSettings=LoggerSettings{maxDocumentLength=1000}, clusterSettings={hosts=[localhost:50745], srvServiceName=mongodb, mode=SINGLE, requiredClusterType=UNKNOWN, requiredReplicaSetName='null', serverSelector='null', clusterListeners='[]', serverSelectionTimeout='30000 ms', localThreshold='15 ms'}, socketSettings=SocketSettings{connectTimeoutMS=10000, readTimeoutMS=0, receiveBufferSize=0, proxySettings=ProxySettings{host=null, port=null, username=null, password=null}}, heartbeatSocketSettings=SocketSettings{connectTimeoutMS=10000, readTimeoutMS=10000, receiveBufferSize=0, proxySettings=ProxySettings{host=null, port=null, username=null, password=null}}, connectionPoolSettings=ConnectionPoolSettings{maxSize=100, minSize=0, maxWaitTimeMS=120000, maxConnectionLifeTimeMS=0, maxConnectionIdleTimeMS=0, maintenanceInitialDelayMS=0, maintenanceFrequencyMS=60000, connectionPoolListeners=[io.micrometer.core.instrument.binder.mongodb.MongoMetricsConnectionPoolListener@46780acf], maxConnecting=2}, serverSettings=ServerSettings{heartbeatFrequencyMS=10000, minHeartbeatFrequencyMS=500, serverMonitoringMode=AUTO, serverListeners='[]', serverMonitorListeners='[]'}, sslSettings=SslSettings{enabled=false, invalidHostNameAllowed=false, context=null}, applicationName='null', compressorList=[], uuidRepresentation=JAVA_LEGACY, serverApi=null, autoEncryptionSettings=null, dnsClient=null, inetAddressResolver=null, contextProvider=null, timeoutMS=null}
2026-09-16T12:46:08.819+02:00  INFO 74494 --- [agilityhub-core-api] [localhost:50745] org.mongodb.driver.cluster               : Monitor thread successfully connected to server with description ServerDescription{address=localhost:50745, type=REPLICA_SET_PRIMARY, cryptd=false, state=CONNECTED, ok=true, minWireVersion=0, maxWireVersion=21, maxDocumentSize=16777216, logicalSessionTimeoutMinutes=30, roundTripTimeNanos=1214375, minRoundTripTimeNanos=0, setName='docker-rs', canonicalAddress=ac07e9550c3a:27017, hosts=[ac07e9550c3a:27017], passives=[], arbiters=[], primary='ac07e9550c3a:27017', tagSet=TagSet{[]}, electionId=7fffff…[truncated], setVersion=1, topologyVersion=TopologyVersion{processId=6aaa73…[truncated], counter=6}, lastWriteDate=Wed Sep 16 12:46:08 CEST 2026, lastUpdateTimeNanos=348523907559708}
2026-09-16T12:46:08.961+02:00  INFO 74494 --- [agilityhub-core-api] [           main] o.s.boot.web.servlet.RegistrationBean    : Filter rateLimitFilter was not registered (disabled)
2026-09-16T12:46:09.665+02:00  INFO 74494 --- [agilityhub-core-api] [           main] o.a.c.c.C.[Tomcat-8].[localhost].[/]     : Initializing Spring TestDispatcherServlet ''
2026-09-16T12:46:09.665+02:00  INFO 74494 --- [agilityhub-core-api] [           main] o.s.t.web.servlet.TestDispatcherServlet  : Initializing Servlet ''
2026-09-16T12:46:09.666+02:00  INFO 74494 --- [agilityhub-core-api] [           main] o.s.t.web.servlet.TestDispatcherServlet  : Completed initialization in 1 ms
2026-09-16T12:46:09.671+02:00  INFO 74494 --- [agilityhub-core-api] [           main] o.s.b.w.embedded.tomcat.TomcatWebServer  : Tomcat started on port 50750 (http) with context path '/'
2026-09-16T12:46:09.681+02:00  INFO 74494 --- [agilityhub-core-api] [           main] o.s.b.w.embedded.tomcat.TomcatWebServer  : Tomcat initialized with port 0 (http)
2026-09-16T12:46:09.681+02:00  INFO 74494 --- [agilityhub-core-api] [           main] o.apache.catalina.core.StandardService   : Starting service [Tomcat]
2026-09-16T12:46:09.682+02:00  INFO 74494 --- [agilityhub-core-api] [           main] o.apache.catalina.core.StandardEngine    : Starting Servlet engine: [Apache Tomcat/10.1.55]
2026-09-16T12:46:09.690+02:00  INFO 74494 --- [agilityhub-core-api] [           main] o.a.c.c.C.[Tomcat-9].[localhost].[/]     : Initializing Spring embedded WebApplicationContext
2026-09-16T12:46:09.690+02:00  INFO 74494 --- [agilityhub-core-api] [           main] w.s.c.ServletWebServerApplicationContext : Root WebApplicationContext: initialization completed in 18 ms
2026-09-16T12:46:09.692+02:00  INFO 74494 --- [agilityhub-core-api] [           main] o.s.b.a.e.web.EndpointLinksResolver      : Exposing 2 endpoints beneath base path '/actuator'
2026-09-16T12:46:09.699+02:00  INFO 74494 --- [agilityhub-core-api] [           main] o.s.b.w.embedded.tomcat.TomcatWebServer  : Tomcat started on port 50751 (http) with context path '/'
2026-09-16T12:46:09.701+02:00  INFO 74494 --- [agilityhub-core-api] [           main] c.a.c.shared.api.HealthIndependenceIT    : Started HealthIndependenceIT in 1.092 seconds (process running for 153.27)
2026-09-16T12:46:09.956+02:00  WARN 74494 --- [agilityhub-core-api] [           main] c.a.core.shared.api.ApiExceptionHandler  : Framework request rejected status=405 code=METHOD_NOT_ALLOWED traceId=2f8d65c4-873b-4b4e-95c2-e7f232e3a4fe
2026-09-16T12:46:09.960+02:00  INFO 74494 --- [agilityhub-core-api] [omcat-handler-0] o.a.c.c.C.[Tomcat-9].[localhost].[/]     : Initializing Spring DispatcherServlet 'dispatcherServletRegistration'
2026-09-16T12:46:09.961+02:00  INFO 74494 --- [agilityhub-core-api] [omcat-handler-0] o.s.web.servlet.DispatcherServlet        : Initializing Servlet 'dispatcherServletRegistration'
2026-09-16T12:46:09.961+02:00  INFO 74494 --- [agilityhub-core-api] [omcat-handler-0] o.s.web.servlet.DispatcherServlet        : Completed initialization in 0 ms
2026-09-16T12:46:10.008+02:00  INFO 74494 --- [agilityhub-core-api] [localhost:50745] org.mongodb.driver.cluster               : Exception in monitor thread while connecting to server localhost:50745

com.mongodb.MongoSocketReadException: Prematurely reached end of stream
	at com.mongodb.internal.connection.SocketStream.read(SocketStream.java:184) ~[mongodb-driver-core-5.5.2.jar:na]
	at com.mongodb.internal.connection.InternalStreamConnection.receiveResponseBuffers(InternalStreamConnection.java:824) ~[mongodb-driver-core-5.5.2.jar:na]
	at com.mongodb.internal.connection.InternalStreamConnection.receiveCommandMessageResponse(InternalStreamConnection.java:517) ~[mongodb-driver-core-5.5.2.jar:na]
	at com.mongodb.internal.connection.InternalStreamConnection.receive(InternalStreamConnection.java:469) ~[mongodb-driver-core-5.5.2.jar:na]
	at com.mongodb.internal.connection.DefaultServerMonitor$ServerMonitor.lookupServerDescription(DefaultServerMonitor.java:249) ~[mongodb-driver-core-5.5.2.jar:na]
	at com.mongodb.internal.connection.DefaultServerMonitor$ServerMonitor.run(DefaultServerMonitor.java:176) ~[mongodb-driver-core-5.5.2.jar:na]

2026-09-16T12:46:10.010+02:00  INFO 74494 --- [agilityhub-core-api] [localhost:50745] org.mongodb.driver.cluster               : Exception in monitor thread while connecting to server localhost:50745

com.mongodb.MongoSocketReadException: Exception receiving message
	at com.mongodb.internal.connection.InternalStreamConnection.translateReadException(InternalStreamConnection.java:809) ~[mongodb-driver-core-5.5.2.jar:na]
	at com.mongodb.internal.connection.InternalStreamConnection.receiveResponseBuffers(InternalStreamConnection.java:857) ~[mongodb-driver-core-5.5.2.jar:na]
	at com.mongodb.internal.connection.InternalStreamConnection.receiveCommandMessageResponse(InternalStreamConnection.java:517) ~[mongodb-driver-core-5.5.2.jar:na]
	at com.mongodb.internal.connection.InternalStreamConnection.sendAndReceiveInternal(InternalStreamConnection.java:448) ~[mongodb-driver-core-5.5.2.jar:na]
	at com.mongodb.internal.connection.InternalStreamConnection.lambda$sendAndReceive$0(InternalStreamConnection.java:375) ~[mongodb-driver-core-5.5.2.jar:na]
	at com.mongodb.internal.connection.InternalStreamConnection.sendAndReceive(InternalStreamConnection.java:378) ~[mongodb-driver-core-5.5.2.jar:na]
	at com.mongodb.internal.connection.CommandHelper.sendAndReceive(CommandHelper.java:100) ~[mongodb-driver-core-5.5.2.jar:na]
	at com.mongodb.internal.connection.CommandHelper.executeCommand(CommandHelper.java:49) ~[mongodb-driver-core-5.5.2.jar:na]
	at com.mongodb.internal.connection.InternalStreamConnectionInitializer.initializeConnectionDescription(InternalStreamConnectionInitializer.java:144) ~[mongodb-driver-core-5.5.2.jar:na]
	at com.mongodb.internal.connection.InternalStreamConnectionInitializer.startHandshake(InternalStreamConnectionInitializer.java:79) ~[mongodb-driver-core-5.5.2.jar:na]
	at com.mongodb.internal.connection.InternalStreamConnection.open(InternalStreamConnection.java:235) ~[mongodb-driver-core-5.5.2.jar:na]
	at com.mongodb.internal.connection.DefaultServerMonitor$ServerMonitor.lookupServerDescription(DefaultServerMonitor.java:219) ~[mongodb-driver-core-5.5.2.jar:na]
	at com.mongodb.internal.connection.DefaultServerMonitor$ServerMonitor.run(DefaultServerMonitor.java:176) ~[mongodb-driver-core-5.5.2.jar:na]
Caused by: java.net.SocketException: Connection reset
	at java.base/sun.nio.ch.NioSocketImpl.implRead(NioSocketImpl.java:318) ~[na:na]
	at java.base/sun.nio.ch.NioSocketImpl.read(NioSocketImpl.java:346) ~[na:na]
	at java.base/sun.nio.ch.NioSocketImpl$1.read(NioSocketImpl.java:796) ~[na:na]
	at java.base/java.net.Socket$SocketInputStream.read(Socket.java:1099) ~[na:na]
	at com.mongodb.internal.connection.SocketStream.read(SocketStream.java:182) ~[mongodb-driver-core-5.5.2.jar:na]
	at com.mongodb.internal.connection.InternalStreamConnection.receiveResponseBuffers(InternalStreamConnection.java:824) ~[mongodb-driver-core-5.5.2.jar:na]
	... 11 common frames omitted

2026-09-16T12:46:10.261+02:00  INFO 74494 --- [agilityhub-core-api] [           main] t.c.s.AnnotationConfigContextLoaderUtils : Could not detect default configuration classes for test class [com.agilityhub.core.shared.api.ResponseLocaleIT]: ResponseLocaleIT does not declare any static, non-private, non-final, nested classes annotated with @Configuration.
2026-09-16T12:46:10.263+02:00  INFO 74494 --- [agilityhub-core-api] [           main] .b.t.c.SpringBootTestContextBootstrapper : Found @SpringBootConfiguration com.agilityhub.core.CoreApplication for test class com.agilityhub.core.shared.api.ResponseLocaleIT

  .   ____          _            __ _ _
 /\\ / ___'_ __ _ _(_)_ __  __ _ \ \ \ \
( ( )\___ | '_ | '_| | '_ \/ _` | \ \ \ \
 \\/  ___)| |_)| | | | | || (_| |  ) ) ) )
  '  |____| .__|_| |_|_| |_\__, | / / / /
 =========|_|==============|___/=/_/_/_/

 :: Spring Boot ::               (v3.5.16)

2026-09-16T12:46:10.276+02:00  INFO 74494 --- [agilityhub-core-api] [           main] c.a.core.shared.api.ResponseLocaleIT     : Starting ResponseLocaleIT using Java 21.0.12.1 with PID 74494 (started by jordib in /Users/jordib/dev/agilityhub/agilityhub-core-api)
2026-09-16T12:46:10.276+02:00  INFO 74494 --- [agilityhub-core-api] [           main] c.a.core.shared.api.ResponseLocaleIT     : The following 1 profile is active: "test"
2026-09-16T12:46:10.410+02:00  INFO 74494 --- [agilityhub-core-api] [           main] .s.d.r.c.RepositoryConfigurationDelegate : Bootstrapping Spring Data MongoDB repositories in DEFAULT mode.
2026-09-16T12:46:10.429+02:00  INFO 74494 --- [agilityhub-core-api] [           main] .s.d.r.c.RepositoryConfigurationDelegate : Finished Spring Data repository scanning in 18 ms. Found 0 MongoDB repository interfaces.
2026-09-16T12:46:10.453+02:00  INFO 74494 --- [agilityhub-core-api] [           main] org.mongodb.driver.client                : MongoClient with metadata {"driver": {"name": "mongo-java-driver|sync|spring-boot", "version": "5.5.2"}, "os": {"type": "Darwin", "name": "Mac OS X", "architecture": "aarch64", "version": "26.4.1"}, "platform": "Java/Homebrew/21.0.12.1"} created with settings MongoClientSettings{readPreference=primary, writeConcern=WriteConcern{w=null, wTimeout=null ms, journal=null}, retryWrites=true, retryReads=true, readConcern=ReadConcern{level=null}, credential=null, transportSettings=null, commandListeners=[io.micrometer.core.instrument.binder.mongodb.MongoMetricsCommandListener@4a292a75], codecRegistry=ProvidersCodecRegistry{codecProviders=[ValueCodecProvider{}, BsonValueCodecProvider{}, DBRefCodecProvider{}, DBObjectCodecProvider{}, DocumentCodecProvider{}, CollectionCodecProvider{}, IterableCodecProvider{}, MapCodecProvider{}, GeoJsonCodecProvider{}, GridFSFileCodecProvider{}, Jsr310CodecProvider{}, JsonObjectCodecProvider{}, BsonCodecProvider{}, EnumCodecProvider{}, com.mongodb.client.model.mql.ExpressionCodecProvider@7e4bd9b4, com.mongodb.Jep395RecordCodecProvider@34518f0, com.mongodb.KotlinCodecProvider@1ab37c94]}, loggerSettings=LoggerSettings{maxDocumentLength=1000}, clusterSettings={hosts=[localhost:50278], srvServiceName=mongodb, mode=SINGLE, requiredClusterType=UNKNOWN, requiredReplicaSetName='null', serverSelector='null', clusterListeners='[]', serverSelectionTimeout='30000 ms', localThreshold='15 ms'}, socketSettings=SocketSettings{connectTimeoutMS=10000, readTimeoutMS=0, receiveBufferSize=0, proxySettings=ProxySettings{host=null, port=null, username=null, password=null}}, heartbeatSocketSettings=SocketSettings{connectTimeoutMS=10000, readTimeoutMS=10000, receiveBufferSize=0, proxySettings=ProxySettings{host=null, port=null, username=null, password=null}}, connectionPoolSettings=ConnectionPoolSettings{maxSize=100, minSize=0, maxWaitTimeMS=120000, maxConnectionLifeTimeMS=0, maxConnectionIdleTimeMS=0, maintenanceInitialDelayMS=0, maintenanceFrequencyMS=60000, connectionPoolListeners=[io.micrometer.core.instrument.binder.mongodb.MongoMetricsConnectionPoolListener@5c43bc77], maxConnecting=2}, serverSettings=ServerSettings{heartbeatFrequencyMS=10000, minHeartbeatFrequencyMS=500, serverMonitoringMode=AUTO, serverListeners='[]', serverMonitorListeners='[]'}, sslSettings=SslSettings{enabled=false, invalidHostNameAllowed=false, context=null}, applicationName='null', compressorList=[], uuidRepresentation=JAVA_LEGACY, serverApi=null, autoEncryptionSettings=null, dnsClient=null, inetAddressResolver=null, contextProvider=null, timeoutMS=null}
2026-09-16T12:46:10.457+02:00  INFO 74494 --- [agilityhub-core-api] [localhost:50278] org.mongodb.driver.cluster               : Monitor thread successfully connected to server with description ServerDescription{address=localhost:50278, type=REPLICA_SET_PRIMARY, cryptd=false, state=CONNECTED, ok=true, minWireVersion=0, maxWireVersion=21, maxDocumentSize=16777216, logicalSessionTimeoutMinutes=30, roundTripTimeNanos=4035958, minRoundTripTimeNanos=0, setName='docker-rs', canonicalAddress=a400d2c2c562:27017, hosts=[a400d2c2c562:27017], passives=[], arbiters=[], primary='a400d2c2c562:27017', tagSet=TagSet{[]}, electionId=7fffff…[truncated], setVersion=1, topologyVersion=TopologyVersion{processId=6aaa72…[truncated], counter=6}, lastWriteDate=Wed Sep 16 12:46:07 CEST 2026, lastUpdateTimeNanos=348525545331958}
2026-09-16T12:46:10.776+02:00  INFO 74494 --- [agilityhub-core-api] [           main] o.s.b.t.m.w.SpringBootMockServletContext : Initializing Spring TestDispatcherServlet ''
2026-09-16T12:46:10.776+02:00  INFO 74494 --- [agilityhub-core-api] [           main] o.s.t.web.servlet.TestDispatcherServlet  : Initializing Servlet ''
2026-09-16T12:46:10.776+02:00  INFO 74494 --- [agilityhub-core-api] [           main] o.s.t.web.servlet.TestDispatcherServlet  : Completed initialization in 0 ms
2026-09-16T12:46:10.781+02:00  INFO 74494 --- [agilityhub-core-api] [           main] c.a.core.shared.api.ResponseLocaleIT     : Started ResponseLocaleIT in 0.515 seconds (process running for 154.351)
2026-09-16T12:46:10.815+02:00  WARN 74494 --- [agilityhub-core-api] [           main] c.a.core.shared.api.ApiExceptionHandler  : Framework request rejected status=404 code=NOT_FOUND traceId=7e35799e-875c-49a1-a869-80af578e0e0a
2026-09-16T12:46:10.831+02:00  WARN 74494 --- [agilityhub-core-api] [           main] c.a.core.shared.api.ApiExceptionHandler  : Framework request rejected status=404 code=NOT_FOUND traceId=1e56689e-1ee0-4621-a019-8e277cceb8ff
2026-09-16T12:46:10.833+02:00  WARN 74494 --- [agilityhub-core-api] [           main] c.a.core.shared.api.ApiExceptionHandler  : Framework request rejected status=404 code=NOT_FOUND traceId=37a6e9f6-9819-4156-81f6-9dd322b25b25
2026-09-16T12:46:10.835+02:00  WARN 74494 --- [agilityhub-core-api] [           main] c.a.core.shared.api.ApiExceptionHandler  : Framework request rejected status=404 code=NOT_FOUND traceId=8f73ef38-7052-44c3-b4aa-72a109503e46
2026-09-16T12:46:10.837+02:00  WARN 74494 --- [agilityhub-core-api] [           main] c.a.core.shared.api.ApiExceptionHandler  : Framework request rejected status=404 code=NOT_FOUND traceId=c924be08-7ddf-40df-a123-7025d841265a
2026-09-16T12:46:10.839+02:00  WARN 74494 --- [agilityhub-core-api] [           main] c.a.core.shared.api.ApiExceptionHandler  : Framework request rejected status=404 code=NOT_FOUND traceId=7c00c6f1-2edd-4e52-bb48-a116da09bd7c
2026-09-16T12:46:10.841+02:00  INFO 74494 --- [agilityhub-core-api] [           main] t.c.s.AnnotationConfigContextLoaderUtils : Could not detect default configuration classes for test class [com.agilityhub.core.support.IntegrationTestSupportIT]: IntegrationTestSupportIT does not declare any static, non-private, non-final, nested classes annotated with @Configuration.
2026-09-16T12:46:10.850+02:00  INFO 74494 --- [agilityhub-core-api] [           main] .b.t.c.SpringBootTestContextBootstrapper : Found @SpringBootConfiguration com.agilityhub.core.CoreApplication for test class com.agilityhub.core.support.IntegrationTestSupportIT
2026-09-16T12:46:10.859+02:00  INFO 74494 --- [agilityhub-core-api] [           main] t.c.s.AnnotationConfigContextLoaderUtils : Could not detect default configuration classes for test class [com.agilityhub.core.migration.PlayoffMigrationIT]: PlayoffMigrationIT does not declare any static, non-private, non-final, nested classes annotated with @Configuration.
2026-09-16T12:46:10.869+02:00  INFO 74494 --- [agilityhub-core-api] [           main] .b.t.c.SpringBootTestContextBootstrapper : Found @SpringBootConfiguration com.agilityhub.core.CoreApplication for test class com.agilityhub.core.migration.PlayoffMigrationIT

  .   ____          _            __ _ _
 /\\ / ___'_ __ _ _(_)_ __  __ _ \ \ \ \
( ( )\___ | '_ | '_| | '_ \/ _` | \ \ \ \
 \\/  ___)| |_)| | | | | || (_| |  ) ) ) )
  '  |____| .__|_| |_|_| |_\__, | / / / /
 =========|_|==============|___/=/_/_/_/

 :: Spring Boot ::               (v3.5.16)

2026-09-16T12:46:10.885+02:00  INFO 74494 --- [agilityhub-core-api] [           main] c.a.core.migration.PlayoffMigrationIT    : Starting PlayoffMigrationIT using Java 21.0.12.1 with PID 74494 (started by jordib in /Users/jordib/dev/agilityhub/agilityhub-core-api)
2026-09-16T12:46:10.885+02:00  INFO 74494 --- [agilityhub-core-api] [           main] c.a.core.migration.PlayoffMigrationIT    : The following 1 profile is active: "test"
2026-09-16T12:46:11.009+02:00  INFO 74494 --- [agilityhub-core-api] [           main] .s.d.r.c.RepositoryConfigurationDelegate : Bootstrapping Spring Data MongoDB repositories in DEFAULT mode.
2026-09-16T12:46:11.025+02:00  INFO 74494 --- [agilityhub-core-api] [           main] .s.d.r.c.RepositoryConfigurationDelegate : Finished Spring Data repository scanning in 15 ms. Found 0 MongoDB repository interfaces.
2026-09-16T12:46:11.055+02:00  INFO 74494 --- [agilityhub-core-api] [           main] org.mongodb.driver.client                : MongoClient with metadata {"driver": {"name": "mongo-java-driver|sync|spring-boot", "version": "5.5.2"}, "os": {"type": "Darwin", "name": "Mac OS X", "architecture": "aarch64", "version": "26.4.1"}, "platform": "Java/Homebrew/21.0.12.1"} created with settings MongoClientSettings{readPreference=primary, writeConcern=WriteConcern{w=null, wTimeout=null ms, journal=null}, retryWrites=true, retryReads=true, readConcern=ReadConcern{level=null}, credential=null, transportSettings=null, commandListeners=[io.micrometer.core.instrument.binder.mongodb.MongoMetricsCommandListener@2d086db6], codecRegistry=ProvidersCodecRegistry{codecProviders=[ValueCodecProvider{}, BsonValueCodecProvider{}, DBRefCodecProvider{}, DBObjectCodecProvider{}, DocumentCodecProvider{}, CollectionCodecProvider{}, IterableCodecProvider{}, MapCodecProvider{}, GeoJsonCodecProvider{}, GridFSFileCodecProvider{}, Jsr310CodecProvider{}, JsonObjectCodecProvider{}, BsonCodecProvider{}, EnumCodecProvider{}, com.mongodb.client.model.mql.ExpressionCodecProvider@7e4bd9b4, com.mongodb.Jep395RecordCodecProvider@34518f0, com.mongodb.KotlinCodecProvider@1ab37c94]}, loggerSettings=LoggerSettings{maxDocumentLength=1000}, clusterSettings={hosts=[localhost:50278], srvServiceName=mongodb, mode=SINGLE, requiredClusterType=UNKNOWN, requiredReplicaSetName='null', serverSelector='null', clusterListeners='[]', serverSelectionTimeout='30000 ms', localThreshold='15 ms'}, socketSettings=SocketSettings{connectTimeoutMS=10000, readTimeoutMS=0, receiveBufferSize=0, proxySettings=ProxySettings{host=null, port=null, username=null, password=null}}, heartbeatSocketSettings=SocketSettings{connectTimeoutMS=10000, readTimeoutMS=10000, receiveBufferSize=0, proxySettings=ProxySettings{host=null, port=null, username=null, password=null}}, connectionPoolSettings=ConnectionPoolSettings{maxSize=100, minSize=0, maxWaitTimeMS=120000, maxConnectionLifeTimeMS=0, maxConnectionIdleTimeMS=0, maintenanceInitialDelayMS=0, maintenanceFrequencyMS=60000, connectionPoolListeners=[io.micrometer.core.instrument.binder.mongodb.MongoMetricsConnectionPoolListener@1fc5bf97], maxConnecting=2}, serverSettings=ServerSettings{heartbeatFrequencyMS=10000, minHeartbeatFrequencyMS=500, serverMonitoringMode=AUTO, serverListeners='[]', serverMonitorListeners='[]'}, sslSettings=SslSettings{enabled=false, invalidHostNameAllowed=false, context=null}, applicationName='null', compressorList=[], uuidRepresentation=JAVA_LEGACY, serverApi=null, autoEncryptionSettings=null, dnsClient=null, inetAddressResolver=null, contextProvider=null, timeoutMS=null}
2026-09-16T12:46:11.057+02:00  INFO 74494 --- [agilityhub-core-api] [localhost:50278] org.mongodb.driver.cluster               : Monitor thread successfully connected to server with description ServerDescription{address=localhost:50278, type=REPLICA_SET_PRIMARY, cryptd=false, state=CONNECTED, ok=true, minWireVersion=0, maxWireVersion=21, maxDocumentSize=16777216, logicalSessionTimeoutMinutes=30, roundTripTimeNanos=1450292, minRoundTripTimeNanos=0, setName='docker-rs', canonicalAddress=a400d2c2c562:27017, hosts=[a400d2c2c562:27017], passives=[], arbiters=[], primary='a400d2c2c562:27017', tagSet=TagSet{[]}, electionId=7fffff…[truncated], setVersion=1, topologyVersion=TopologyVersion{processId=6aaa72…[truncated], counter=6}, lastWriteDate=Wed Sep 16 12:46:10 CEST 2026, lastUpdateTimeNanos=348526145318750}
2026-09-16T12:46:11.502+02:00  INFO 74494 --- [agilityhub-core-api] [           main] c.a.core.migration.PlayoffMigrationIT    : Started PlayoffMigrationIT in 0.622 seconds (process running for 155.071)
2026-09-16T12:46:20.016+02:00  INFO 74494 --- [agilityhub-core-api] [localhost:50745] org.mongodb.driver.cluster               : Exception in monitor thread while connecting to server localhost:50745

com.mongodb.MongoSocketOpenException: Exception opening socket
	at com.mongodb.internal.connection.SocketStream.lambda$open$0(SocketStream.java:85) ~[mongodb-driver-core-5.5.2.jar:na]
	at java.base/java.util.Optional.orElseThrow(Optional.java:403) ~[na:na]
	at com.mongodb.internal.connection.SocketStream.open(SocketStream.java:85) ~[mongodb-driver-core-5.5.2.jar:na]
	at com.mongodb.internal.connection.InternalStreamConnection.open(InternalStreamConnection.java:233) ~[mongodb-driver-core-5.5.2.jar:na]
	at com.mongodb.internal.connection.DefaultServerMonitor$ServerMonitor.lookupServerDescription(DefaultServerMonitor.java:219) ~[mongodb-driver-core-5.5.2.jar:na]
	at com.mongodb.internal.connection.DefaultServerMonitor$ServerMonitor.run(DefaultServerMonitor.java:176) ~[mongodb-driver-core-5.5.2.jar:na]
Caused by: java.net.ConnectException: Connection refused
	at java.base/sun.nio.ch.Net.pollConnect(Native Method) ~[na:na]
	at java.base/sun.nio.ch.Net.pollConnectNow(Net.java:694) ~[na:na]
	at java.base/sun.nio.ch.NioSocketImpl.timedFinishConnect(NioSocketImpl.java:542) ~[na:na]
	at java.base/sun.nio.ch.NioSocketImpl.connect(NioSocketImpl.java:592) ~[na:na]
	at java.base/java.net.SocksSocketImpl.connect(SocksSocketImpl.java:327) ~[na:na]
	at java.base/java.net.Socket.connect(Socket.java:751) ~[na:na]
	at com.mongodb.internal.connection.SocketStreamHelper.initialize(SocketStreamHelper.java:76) ~[mongodb-driver-core-5.5.2.jar:na]
	at com.mongodb.internal.connection.SocketStream.initializeSocket(SocketStream.java:104) ~[mongodb-driver-core-5.5.2.jar:na]
	at com.mongodb.internal.connection.SocketStream.open(SocketStream.java:79) ~[mongodb-driver-core-5.5.2.jar:na]
	... 3 common frames omitted

[ERROR] Failures:
[ERROR]   PlanningIT.T_06_11_T_06_31_generationSkipsHolidaysPastDaysPreservesLooseClassesAndChangesNoSources:169
expected: "2026-08-24"
 but was: "2026-08-23"
[ERROR] Tests run: 544, Failures: 1, Errors: 0, Skipped: 0
[ERROR] Failed to execute goal org.apache.maven.plugins:maven-failsafe-plugin:3.5.6:verify (default) on project agilityhub-core-api: There are test failures.
[ERROR]
[ERROR] See /Users/jordib/dev/agilityhub/agilityhub-core-api/target/failsafe-reports for the individual test results.
[ERROR] See dump files (if any exist) [date].dump, [date]-jvmRun[N].dump and [date].dumpstream.
[ERROR] -> [Help 1]
[ERROR]
[ERROR] To see the full stack trace of the errors, re-run Maven with the -e switch.
[ERROR] Re-run Maven using the -X switch to enable full debug logging.
[ERROR]
[ERROR] For more information about the errors and possible solutions, please read the following articles:
[ERROR] [Help 1] http://cwiki.apache.org/confluence/display/MAVEN/MojoFailureException
