Mockito is currently self-attaching to enable the inline-mock-maker. This will no longer work in future releases of the JDK. Please add Mockito as an agent to your build as described in Mockito's documentation: https://javadoc.io/doc/org.mockito/mockito-core/latest/org.mockito/org/mockito/Mockito.html#0.3
OpenJDK 64-Bit Server VM warning: Sharing is only supported for boot loader classes because bootstrap classpath has been appended
WARNING: A Java agent has been loaded dynamically (/Users/jordib/.m2/repository/net/bytebuddy/byte-buddy-agent/1.17.8/byte-buddy-agent-1.17.8.jar)
WARNING: If a serviceability tool is in use, please run with -XX:+EnableDynamicAgentLoading to hide this warning
WARNING: If a serviceability tool is not in use, please run with -Djdk.instrument.traceUsage for more information
WARNING: Dynamic loading of agents will be disallowed by default in a future release
12:49:19.054 [main] INFO org.springframework.boot.test.context.SpringBootTestContextBootstrapper -- Found @SpringBootConfiguration com.agilityhub.core.CoreApplication for test class com.agilityhub.core.shared.api.HealthControllerTest

  .   ____          _            __ _ _
 /\\ / ___'_ __ _ _(_)_ __  __ _ \ \ \ \
( ( )\___ | '_ | '_| | '_ \/ _` | \ \ \ \
 \\/  ___)| |_)| | | | | || (_| |  ) ) ) )
  '  |____| .__|_| |_|_| |_\__, | / / / /
 =========|_|==============|___/=/_/_/_/

 :: Spring Boot ::               (v3.5.16)

2026-09-30T12:49:19.285+02:00  INFO 97824 --- [agilityhub-core-api] [           main] c.a.c.shared.api.HealthControllerTest    : Starting HealthControllerTest using Java 21.0.12.1 with PID 97824 (started by jordib in /Users/jordib/dev/agilityhub/agilityhub-core-api)
2026-09-30T12:49:19.286+02:00  INFO 97824 --- [agilityhub-core-api] [           main] c.a.c.shared.api.HealthControllerTest    : The following 1 profile is active: "test"
2026-09-30T12:49:20.714+02:00  INFO 97824 --- [agilityhub-core-api] [           main] o.s.b.t.m.w.SpringBootMockServletContext : Initializing Spring TestDispatcherServlet ''
2026-09-30T12:49:20.714+02:00  INFO 97824 --- [agilityhub-core-api] [           main] o.s.t.web.servlet.TestDispatcherServlet  : Initializing Servlet ''
2026-09-30T12:49:20.715+02:00  INFO 97824 --- [agilityhub-core-api] [           main] o.s.t.web.servlet.TestDispatcherServlet  : Completed initialization in 1 ms
2026-09-30T12:49:20.731+02:00  INFO 97824 --- [agilityhub-core-api] [           main] c.a.c.shared.api.HealthControllerTest    : Started HealthControllerTest in 1.648 seconds (process running for 3.041)
2026-09-30T12:49:20.766+02:00  WARN 97824 --- [agilityhub-core-api] [           main] c.a.core.shared.api.HealthController     : Health DOWN: the database did not answer a ping within 1000 ms traceId=d6fddcc4-c151-4905-8e8f-1dd031ddbb68
2026-09-30T12:49:20.832+02:00  WARN 97824 --- [agilityhub-core-api] [           main] c.a.core.shared.api.ApiExceptionHandler  : Framework request rejected status=404 code=NOT_FOUND traceId=6eec0e8f-2d08-478c-b0a6-ecf509d46a80
2026-09-30T12:49:20.884+02:00  WARN 97824 --- [agilityhub-core-api] [           main] c.a.core.shared.api.ApiExceptionHandler  : Framework request rejected status=405 code=METHOD_NOT_ALLOWED traceId=eac864f0-45d4-4ebd-81fc-584cf4890638
2026-09-30T12:49:20.926+02:00  WARN 97824 --- [agilityhub-core-api] [           main] c.a.core.shared.api.ApiExceptionHandler  : Framework request rejected status=404 code=NOT_FOUND traceId=3d512b26-2b3f-451a-85e7-0e1b7a4601ac
2026-09-30T12:49:21.085+02:00  INFO 97824 --- [agilityhub-core-api] [           main] o.s.mock.web.MockServletContext          : Initializing Spring TestDispatcherServlet ''
2026-09-30T12:49:21.085+02:00  INFO 97824 --- [agilityhub-core-api] [           main] o.s.t.web.servlet.TestDispatcherServlet  : Initializing Servlet ''
2026-09-30T12:49:21.085+02:00  INFO 97824 --- [agilityhub-core-api] [           main] o.s.t.web.servlet.TestDispatcherServlet  : Completed initialization in 0 ms
2026-09-30T12:49:21.103+02:00  INFO 97824 --- [agilityhub-core-api] [           main] com.tngtech.archunit.core.PluginLoader   : Detected Java version 21.0.12.1
12:49:26.706 [main] INFO org.springframework.test.context.support.AnnotationConfigContextLoaderUtils -- Could not detect default configuration classes for test class [com.agilityhub.core.configuration.OpenApiSnapshotTest]: OpenApiSnapshotTest does not declare any static, non-private, non-final, nested classes annotated with @Configuration.
12:49:26.814 [main] INFO org.springframework.boot.test.context.SpringBootTestContextBootstrapper -- Found @SpringBootConfiguration com.agilityhub.core.CoreApplication for test class com.agilityhub.core.configuration.OpenApiSnapshotTest
12:49:26.887 [main] INFO org.testcontainers.images.PullPolicy -- Image pull policy will be performed by: DefaultPullPolicy()
12:49:26.889 [main] INFO org.testcontainers.utility.ImageNameSubstitutor -- Image name substitution will be performed by: DefaultImageNameSubstitutor (composite of 'ConfigurationFileImageNameSubstitutor' and 'PrefixingImageNameSubstitutor')
12:49:26.892 [main] INFO org.testcontainers.DockerClientFactory -- Testcontainers version: 1.21.4
12:49:26.987 [main] INFO org.testcontainers.dockerclient.DockerClientProviderStrategy -- Loaded org.testcontainers.dockerclient.UnixSocketClientProviderStrategy from ~/.testcontainers.properties, will try it first
12:49:27.134 [main] INFO org.testcontainers.dockerclient.DockerClientProviderStrategy -- Found Docker environment with local Unix socket (unix:///var/run/docker.sock)
12:49:27.135 [main] INFO org.testcontainers.DockerClientFactory -- Docker host IP address is localhost
12:49:27.146 [main] INFO org.testcontainers.DockerClientFactory -- Connected to docker: 
  Server Version: 29.7.2
  API Version: 1.55
  Operating System: Docker Desktop
  Total Memory: 7931 MB
  Labels: 
    com.docker.desktop.address=unix:///Users/jordib/Library/Containers/com.docker.docker/Data/docker-cli.sock
12:49:27.405 [main] INFO tc.testcontainers/ryuk:0.12.0 -- Creating container for image: testcontainers/ryuk:0.12.0
12:49:27.469 [main] INFO org.testcontainers.utility.RegistryAuthLocator -- Credential helper/store (docker-credential-desktop) does not have credentials for https://index.docker.io/v1/
12:49:27.535 [main] INFO tc.testcontainers/ryuk:0.12.0 -- Container testcontainers/ryuk:0.12.0 is starting: c4978814cee06c5316f2f90054f7f9b2375d4ec5b78ee97b454a6295fd817876
12:49:27.728 [main] INFO tc.testcontainers/ryuk:0.12.0 -- Container testcontainers/ryuk:0.12.0 started in PT0.322775S
12:49:27.733 [main] INFO org.testcontainers.utility.RyukResourceReaper -- Ryuk started - will monitor and terminate Testcontainers containers on JVM exit
12:49:27.733 [main] INFO org.testcontainers.DockerClientFactory -- Checking the system...
12:49:27.733 [main] INFO org.testcontainers.DockerClientFactory -- ✔︎ Docker server version should be at least 1.6.0
12:49:27.734 [main] INFO tc.mongo:7 -- Creating container for image: mongo:7
12:49:27.791 [main] INFO tc.mongo:7 -- Container mongo:7 is starting: eda3f790472158ab8aaf6ecbfe6bd9e89113acc64fa11242524acd05e5af81b7
12:49:28.450 [main] INFO tc.mongo:7 -- Container mongo:7 started in PT0.715948S
Integration JVM availableProcessors=18

  .   ____          _            __ _ _
 /\\ / ___'_ __ _ _(_)_ __  __ _ \ \ \ \
( ( )\___ | '_ | '_| | '_ \/ _` | \ \ \ \
 \\/  ___)| |_)| | | | | || (_| |  ) ) ) )
  '  |____| .__|_| |_|_| |_\__, | / / / /
 =========|_|==============|___/=/_/_/_/

 :: Spring Boot ::               (v3.5.16)

2026-09-30T12:49:29.277+02:00  INFO 97845 --- [agilityhub-core-api] [           main] c.a.c.configuration.OpenApiSnapshotTest  : Starting OpenApiSnapshotTest using Java 21.0.12.1 with PID 97845 (started by jordib in /Users/jordib/dev/agilityhub/agilityhub-core-api)
2026-09-30T12:49:29.278+02:00  INFO 97845 --- [agilityhub-core-api] [           main] c.a.c.configuration.OpenApiSnapshotTest  : The following 1 profile is active: "test"
2026-09-30T12:49:30.375+02:00  INFO 97845 --- [agilityhub-core-api] [           main] .s.d.r.c.RepositoryConfigurationDelegate : Bootstrapping Spring Data MongoDB repositories in DEFAULT mode.
2026-09-30T12:49:30.438+02:00  INFO 97845 --- [agilityhub-core-api] [           main] .s.d.r.c.RepositoryConfigurationDelegate : Finished Spring Data repository scanning in 59 ms. Found 0 MongoDB repository interfaces.
2026-09-30T12:49:30.886+02:00  INFO 97845 --- [agilityhub-core-api] [           main] o.s.b.w.embedded.tomcat.TomcatWebServer  : Tomcat initialized with port 0 (http)
2026-09-30T12:49:30.895+02:00  INFO 97845 --- [agilityhub-core-api] [           main] o.apache.catalina.core.StandardService   : Starting service [Tomcat]
2026-09-30T12:49:30.895+02:00  INFO 97845 --- [agilityhub-core-api] [           main] o.apache.catalina.core.StandardEngine    : Starting Servlet engine: [Apache Tomcat/10.1.55]
2026-09-30T12:49:30.930+02:00  INFO 97845 --- [agilityhub-core-api] [           main] o.a.c.c.C.[Tomcat].[localhost].[/]       : Initializing Spring embedded WebApplicationContext
2026-09-30T12:49:30.931+02:00  INFO 97845 --- [agilityhub-core-api] [           main] w.s.c.ServletWebServerApplicationContext : Root WebApplicationContext: initialization completed in 1645 ms
2026-09-30T12:49:31.054+02:00  INFO 97845 --- [agilityhub-core-api] [           main] org.mongodb.driver.client                : MongoClient with metadata {"driver": {"name": "mongo-java-driver|sync|spring-boot", "version": "5.5.2"}, "os": {"type": "Darwin", "name": "Mac OS X", "architecture": "aarch64", "version": "26.4.1"}, "platform": "Java/Homebrew/21.0.12.1"} created with settings MongoClientSettings{readPreference=primary, writeConcern=WriteConcern{w=null, wTimeout=null ms, journal=null}, retryWrites=true, retryReads=true, readConcern=ReadConcern{level=null}, credential=null, transportSettings=null, commandListeners=[io.micrometer.core.instrument.binder.mongodb.MongoMetricsCommandListener@4fccdd1d], codecRegistry=ProvidersCodecRegistry{codecProviders=[ValueCodecProvider{}, BsonValueCodecProvider{}, DBRefCodecProvider{}, DBObjectCodecProvider{}, DocumentCodecProvider{}, CollectionCodecProvider{}, IterableCodecProvider{}, MapCodecProvider{}, GeoJsonCodecProvider{}, GridFSFileCodecProvider{}, Jsr310CodecProvider{}, JsonObjectCodecProvider{}, BsonCodecProvider{}, EnumCodecProvider{}, com.mongodb.client.model.mql.ExpressionCodecProvider@22c0c0bc, com.mongodb.Jep395RecordCodecProvider@36a25457, com.mongodb.KotlinCodecProvider@61d4155b]}, loggerSettings=LoggerSettings{maxDocumentLength=1000}, clusterSettings={hosts=[localhost:56569], srvServiceName=mongodb, mode=SINGLE, requiredClusterType=UNKNOWN, requiredReplicaSetName='null', serverSelector='null', clusterListeners='[]', serverSelectionTimeout='30000 ms', localThreshold='15 ms'}, socketSettings=SocketSettings{connectTimeoutMS=10000, readTimeoutMS=0, receiveBufferSize=0, proxySettings=ProxySettings{host=null, port=null, username=null, password=null}}, heartbeatSocketSettings=SocketSettings{connectTimeoutMS=10000, readTimeoutMS=10000, receiveBufferSize=0, proxySettings=ProxySettings{host=null, port=null, username=null, password=null}}, connectionPoolSettings=ConnectionPoolSettings{maxSize=100, minSize=0, maxWaitTimeMS=120000, maxConnectionLifeTimeMS=0, maxConnectionIdleTimeMS=0, maintenanceInitialDelayMS=0, maintenanceFrequencyMS=60000, connectionPoolListeners=[io.micrometer.core.instrument.binder.mongodb.MongoMetricsConnectionPoolListener@48590849], maxConnecting=2}, serverSettings=ServerSettings{heartbeatFrequencyMS=10000, minHeartbeatFrequencyMS=500, serverMonitoringMode=AUTO, serverListeners='[]', serverMonitorListeners='[]'}, sslSettings=SslSettings{enabled=false, invalidHostNameAllowed=false, context=null}, applicationName='null', compressorList=[], uuidRepresentation=JAVA_LEGACY, serverApi=null, autoEncryptionSettings=null, dnsClient=null, inetAddressResolver=null, contextProvider=null, timeoutMS=null}
2026-09-30T12:49:31.061+02:00  INFO 97845 --- [agilityhub-core-api] [localhost:56569] org.mongodb.driver.cluster               : Monitor thread successfully connected to server with description ServerDescription{address=localhost:56569, type=REPLICA_SET_PRIMARY, cryptd=false, state=CONNECTED, ok=true, minWireVersion=0, maxWireVersion=21, maxDocumentSize=16777216, logicalSessionTimeoutMinutes=30, roundTripTimeNanos=12255500, minRoundTripTimeNanos=0, setName='docker-rs', canonicalAddress=eda3f7904721:27017, hosts=[eda3f7904721:27017], passives=[], arbiters=[], primary='eda3f7904721:27017', tagSet=TagSet{[]}, electionId=7fffffff0000000000000001, setVersion=1, topologyVersion=TopologyVersion{processId=6abce9373086d49c35cfebcb, counter=6}, lastWriteDate=Wed Sep 30 12:49:28 CEST 2026, lastUpdateTimeNanos=371988400071750}
2026-09-30T12:49:31.625+02:00  INFO 97845 --- [agilityhub-core-api] [           main] o.s.boot.web.servlet.RegistrationBean    : Filter rateLimitFilter was not registered (disabled)
2026-09-30T12:49:34.061+02:00  INFO 97845 --- [agilityhub-core-api] [           main] o.a.c.c.C.[Tomcat].[localhost].[/]       : Initializing Spring TestDispatcherServlet ''
2026-09-30T12:49:34.061+02:00  INFO 97845 --- [agilityhub-core-api] [           main] o.s.t.web.servlet.TestDispatcherServlet  : Initializing Servlet ''
2026-09-30T12:49:34.062+02:00  INFO 97845 --- [agilityhub-core-api] [           main] o.s.t.web.servlet.TestDispatcherServlet  : Completed initialization in 1 ms
2026-09-30T12:49:34.124+02:00  INFO 97845 --- [agilityhub-core-api] [           main] o.s.b.w.embedded.tomcat.TomcatWebServer  : Tomcat started on port 56588 (http) with context path '/'
2026-09-30T12:49:34.165+02:00  INFO 97845 --- [agilityhub-core-api] [           main] o.s.b.w.embedded.tomcat.TomcatWebServer  : Tomcat initialized with port 0 (http)
2026-09-30T12:49:34.166+02:00  INFO 97845 --- [agilityhub-core-api] [           main] o.apache.catalina.core.StandardService   : Starting service [Tomcat]
2026-09-30T12:49:34.166+02:00  INFO 97845 --- [agilityhub-core-api] [           main] o.apache.catalina.core.StandardEngine    : Starting Servlet engine: [Apache Tomcat/10.1.55]
2026-09-30T12:49:34.178+02:00  INFO 97845 --- [agilityhub-core-api] [           main] o.a.c.c.C.[Tomcat-1].[localhost].[/]     : Initializing Spring embedded WebApplicationContext
2026-09-30T12:49:34.178+02:00  INFO 97845 --- [agilityhub-core-api] [           main] w.s.c.ServletWebServerApplicationContext : Root WebApplicationContext: initialization completed in 52 ms
2026-09-30T12:49:34.185+02:00  INFO 97845 --- [agilityhub-core-api] [           main] o.s.b.a.e.web.EndpointLinksResolver      : Exposing 2 endpoints beneath base path '/actuator'
2026-09-30T12:49:34.207+02:00  INFO 97845 --- [agilityhub-core-api] [           main] o.s.b.w.embedded.tomcat.TomcatWebServer  : Tomcat started on port 56589 (http) with context path '/'
2026-09-30T12:49:34.216+02:00  INFO 97845 --- [agilityhub-core-api] [           main] c.a.c.configuration.OpenApiSnapshotTest  : Started OpenApiSnapshotTest in 5.097 seconds (process running for 7.913)
Mockito is currently self-attaching to enable the inline-mock-maker. This will no longer work in future releases of the JDK. Please add Mockito as an agent to your build as described in Mockito's documentation: https://javadoc.io/doc/org.mockito/mockito-core/latest/org.mockito/org/mockito/Mockito.html#0.3
OpenJDK 64-Bit Server VM warning: Sharing is only supported for boot loader classes because bootstrap classpath has been appended
WARNING: A Java agent has been loaded dynamically (/Users/jordib/.m2/repository/net/bytebuddy/byte-buddy-agent/1.17.8/byte-buddy-agent-1.17.8.jar)
WARNING: If a serviceability tool is in use, please run with -XX:+EnableDynamicAgentLoading to hide this warning
WARNING: If a serviceability tool is not in use, please run with -Djdk.instrument.traceUsage for more information
WARNING: Dynamic loading of agents will be disallowed by default in a future release
2026-09-30T12:49:37.125+02:00  INFO 97845 --- [agilityhub-core-api] [           main] o.springdoc.api.AbstractOpenApiResource  : Init duration for springdoc-openapi is: 2169 ms
2026-09-30T12:49:37.748+02:00  INFO 97845 --- [agilityhub-core-api] [omcat-handler-0] o.a.c.c.C.[Tomcat].[localhost].[/]       : Initializing Spring DispatcherServlet 'dispatcherServlet'
2026-09-30T12:49:37.748+02:00  INFO 97845 --- [agilityhub-core-api] [omcat-handler-0] o.s.web.servlet.DispatcherServlet        : Initializing Servlet 'dispatcherServlet'
2026-09-30T12:49:37.749+02:00  INFO 97845 --- [agilityhub-core-api] [omcat-handler-0] o.s.web.servlet.DispatcherServlet        : Completed initialization in 0 ms
2026-09-30T12:49:39.105+02:00  INFO 97845 --- [agilityhub-core-api] [           main] o.springdoc.api.AbstractOpenApiResource  : Init duration for springdoc-openapi is: 1290 ms
2026-09-30T12:49:39.203+02:00  INFO 97845 --- [agilityhub-core-api] [           main] t.c.s.AnnotationConfigContextLoaderUtils : Could not detect default configuration classes for test class [com.agilityhub.core.configuration.ManagementIT]: ManagementIT does not declare any static, non-private, non-final, nested classes annotated with @Configuration.
2026-09-30T12:49:39.205+02:00  INFO 97845 --- [agilityhub-core-api] [           main] .b.t.c.SpringBootTestContextBootstrapper : Found @SpringBootConfiguration com.agilityhub.core.CoreApplication for test class com.agilityhub.core.configuration.ManagementIT

  .   ____          _            __ _ _
 /\\ / ___'_ __ _ _(_)_ __  __ _ \ \ \ \
( ( )\___ | '_ | '_| | '_ \/ _` | \ \ \ \
 \\/  ___)| |_)| | | | | || (_| |  ) ) ) )
  '  |____| .__|_| |_|_| |_\__, | / / / /
 =========|_|==============|___/=/_/_/_/

 :: Spring Boot ::               (v3.5.16)

2026-09-30T12:49:39.229+02:00  INFO 97845 --- [agilityhub-core-api] [           main] c.a.core.configuration.ManagementIT      : Starting ManagementIT using Java 21.0.12.1 with PID 97845 (started by jordib in /Users/jordib/dev/agilityhub/agilityhub-core-api)
2026-09-30T12:49:39.229+02:00  INFO 97845 --- [agilityhub-core-api] [           main] c.a.core.configuration.ManagementIT      : The following 1 profile is active: "test"
2026-09-30T12:49:39.544+02:00  INFO 97845 --- [agilityhub-core-api] [           main] .s.d.r.c.RepositoryConfigurationDelegate : Bootstrapping Spring Data MongoDB repositories in DEFAULT mode.
2026-09-30T12:49:39.571+02:00  INFO 97845 --- [agilityhub-core-api] [           main] .s.d.r.c.RepositoryConfigurationDelegate : Finished Spring Data repository scanning in 26 ms. Found 0 MongoDB repository interfaces.
2026-09-30T12:49:39.624+02:00  INFO 97845 --- [agilityhub-core-api] [           main] o.s.b.w.embedded.tomcat.TomcatWebServer  : Tomcat initialized with port 0 (http)
2026-09-30T12:49:39.625+02:00  INFO 97845 --- [agilityhub-core-api] [           main] o.apache.catalina.core.StandardService   : Starting service [Tomcat]
2026-09-30T12:49:39.625+02:00  INFO 97845 --- [agilityhub-core-api] [           main] o.apache.catalina.core.StandardEngine    : Starting Servlet engine: [Apache Tomcat/10.1.55]
2026-09-30T12:49:39.635+02:00  INFO 97845 --- [agilityhub-core-api] [           main] o.a.c.c.C.[Tomcat-2].[localhost].[/]     : Initializing Spring embedded WebApplicationContext
2026-09-30T12:49:39.635+02:00  INFO 97845 --- [agilityhub-core-api] [           main] w.s.c.ServletWebServerApplicationContext : Root WebApplicationContext: initialization completed in 405 ms
2026-09-30T12:49:39.671+02:00  INFO 97845 --- [agilityhub-core-api] [           main] org.mongodb.driver.client                : MongoClient with metadata {"driver": {"name": "mongo-java-driver|sync|spring-boot", "version": "5.5.2"}, "os": {"type": "Darwin", "name": "Mac OS X", "architecture": "aarch64", "version": "26.4.1"}, "platform": "Java/Homebrew/21.0.12.1"} created with settings MongoClientSettings{readPreference=primary, writeConcern=WriteConcern{w=null, wTimeout=null ms, journal=null}, retryWrites=true, retryReads=true, readConcern=ReadConcern{level=null}, credential=null, transportSettings=null, commandListeners=[io.micrometer.core.instrument.binder.mongodb.MongoMetricsCommandListener@17cb5ca4], codecRegistry=ProvidersCodecRegistry{codecProviders=[ValueCodecProvider{}, BsonValueCodecProvider{}, DBRefCodecProvider{}, DBObjectCodecProvider{}, DocumentCodecProvider{}, CollectionCodecProvider{}, IterableCodecProvider{}, MapCodecProvider{}, GeoJsonCodecProvider{}, GridFSFileCodecProvider{}, Jsr310CodecProvider{}, JsonObjectCodecProvider{}, BsonCodecProvider{}, EnumCodecProvider{}, com.mongodb.client.model.mql.ExpressionCodecProvider@22c0c0bc, com.mongodb.Jep395RecordCodecProvider@36a25457, com.mongodb.KotlinCodecProvider@61d4155b]}, loggerSettings=LoggerSettings{maxDocumentLength=1000}, clusterSettings={hosts=[localhost:56569], srvServiceName=mongodb, mode=SINGLE, requiredClusterType=UNKNOWN, requiredReplicaSetName='null', serverSelector='null', clusterListeners='[]', serverSelectionTimeout='30000 ms', localThreshold='15 ms'}, socketSettings=SocketSettings{connectTimeoutMS=10000, readTimeoutMS=0, receiveBufferSize=0, proxySettings=ProxySettings{host=null, port=null, username=null, password=null}}, heartbeatSocketSettings=SocketSettings{connectTimeoutMS=10000, readTimeoutMS=10000, receiveBufferSize=0, proxySettings=ProxySettings{host=null, port=null, username=null, password=null}}, connectionPoolSettings=ConnectionPoolSettings{maxSize=100, minSize=0, maxWaitTimeMS=120000, maxConnectionLifeTimeMS=0, maxConnectionIdleTimeMS=0, maintenanceInitialDelayMS=0, maintenanceFrequencyMS=60000, connectionPoolListeners=[io.micrometer.core.instrument.binder.mongodb.MongoMetricsConnectionPoolListener@7c0ff038], maxConnecting=2}, serverSettings=ServerSettings{heartbeatFrequencyMS=10000, minHeartbeatFrequencyMS=500, serverMonitoringMode=AUTO, serverListeners='[]', serverMonitorListeners='[]'}, sslSettings=SslSettings{enabled=false, invalidHostNameAllowed=false, context=null}, applicationName='null', compressorList=[], uuidRepresentation=JAVA_LEGACY, serverApi=null, autoEncryptionSettings=null, dnsClient=null, inetAddressResolver=null, contextProvider=null, timeoutMS=null}
2026-09-30T12:49:39.673+02:00  INFO 97845 --- [agilityhub-core-api] [localhost:56569] org.mongodb.driver.cluster               : Monitor thread successfully connected to server with description ServerDescription{address=localhost:56569, type=REPLICA_SET_PRIMARY, cryptd=false, state=CONNECTED, ok=true, minWireVersion=0, maxWireVersion=21, maxDocumentSize=16777216, logicalSessionTimeoutMinutes=30, roundTripTimeNanos=1679375, minRoundTripTimeNanos=0, setName='docker-rs', canonicalAddress=eda3f7904721:27017, hosts=[eda3f7904721:27017], passives=[], arbiters=[], primary='eda3f7904721:27017', tagSet=TagSet{[]}, electionId=7fffffff0000000000000001, setVersion=1, topologyVersion=TopologyVersion{processId=6abce9373086d49c35cfebcb, counter=6}, lastWriteDate=Wed Sep 30 12:49:34 CEST 2026, lastUpdateTimeNanos=371997012884750}
2026-09-30T12:49:39.841+02:00  INFO 97845 --- [agilityhub-core-api] [           main] o.s.boot.web.servlet.RegistrationBean    : Filter rateLimitFilter was not registered (disabled)
2026-09-30T12:49:40.448+02:00  INFO 97845 --- [agilityhub-core-api] [           main] o.s.b.w.embedded.tomcat.TomcatWebServer  : Tomcat started on port 56603 (http) with context path '/'
2026-09-30T12:49:40.467+02:00  INFO 97845 --- [agilityhub-core-api] [           main] o.s.b.w.embedded.tomcat.TomcatWebServer  : Tomcat initialized with port 0 (http)
2026-09-30T12:49:40.467+02:00  INFO 97845 --- [agilityhub-core-api] [           main] o.apache.catalina.core.StandardService   : Starting service [Tomcat]
2026-09-30T12:49:40.468+02:00  INFO 97845 --- [agilityhub-core-api] [           main] o.apache.catalina.core.StandardEngine    : Starting Servlet engine: [Apache Tomcat/10.1.55]
2026-09-30T12:49:40.478+02:00  INFO 97845 --- [agilityhub-core-api] [           main] o.a.c.c.C.[Tomcat-3].[localhost].[/]     : Initializing Spring embedded WebApplicationContext
2026-09-30T12:49:40.478+02:00  INFO 97845 --- [agilityhub-core-api] [           main] w.s.c.ServletWebServerApplicationContext : Root WebApplicationContext: initialization completed in 29 ms
2026-09-30T12:49:40.482+02:00  INFO 97845 --- [agilityhub-core-api] [           main] o.s.b.a.e.web.EndpointLinksResolver      : Exposing 3 endpoints beneath base path '/actuator'
2026-09-30T12:49:40.495+02:00  INFO 97845 --- [agilityhub-core-api] [           main] o.s.b.w.embedded.tomcat.TomcatWebServer  : Tomcat started on port 56604 (http) with context path '/'
2026-09-30T12:49:40.499+02:00  INFO 97845 --- [agilityhub-core-api] [           main] c.a.core.configuration.ManagementIT      : Started ManagementIT in 1.292 seconds (process running for 14.196)
2026-09-30T12:49:40.557+02:00  INFO 97845 --- [agilityhub-core-api] [omcat-handler-0] o.a.c.c.C.[Tomcat-3].[localhost].[/]     : Initializing Spring DispatcherServlet 'dispatcherServletRegistration'
2026-09-30T12:49:40.557+02:00  INFO 97845 --- [agilityhub-core-api] [omcat-handler-0] o.s.web.servlet.DispatcherServlet        : Initializing Servlet 'dispatcherServletRegistration'
2026-09-30T12:49:40.557+02:00  INFO 97845 --- [agilityhub-core-api] [omcat-handler-0] o.s.web.servlet.DispatcherServlet        : Completed initialization in 0 ms
2026-09-30T12:49:40.577+02:00  INFO 97845 --- [agilityhub-core-api] [omcat-handler-0] o.a.c.c.C.[Tomcat-2].[localhost].[/]     : Initializing Spring DispatcherServlet 'dispatcherServlet'
2026-09-30T12:49:40.577+02:00  INFO 97845 --- [agilityhub-core-api] [omcat-handler-0] o.s.web.servlet.DispatcherServlet        : Initializing Servlet 'dispatcherServlet'
2026-09-30T12:49:40.577+02:00  INFO 97845 --- [agilityhub-core-api] [omcat-handler-0] o.s.web.servlet.DispatcherServlet        : Completed initialization in 0 ms
2026-09-30T12:49:40.657+02:00  INFO 97845 --- [agilityhub-core-api] [           main] t.c.s.AnnotationConfigContextLoaderUtils : Could not detect default configuration classes for test class [com.agilityhub.core.identity.api.RateLimitIT]: RateLimitIT does not declare any static, non-private, non-final, nested classes annotated with @Configuration.
2026-09-30T12:49:40.685+02:00  INFO 97845 --- [agilityhub-core-api] [           main] .b.t.c.SpringBootTestContextBootstrapper : Found @SpringBootConfiguration com.agilityhub.core.CoreApplication for test class com.agilityhub.core.identity.api.RateLimitIT

  .   ____          _            __ _ _
 /\\ / ___'_ __ _ _(_)_ __  __ _ \ \ \ \
( ( )\___ | '_ | '_| | '_ \/ _` | \ \ \ \
 \\/  ___)| |_)| | | | | || (_| |  ) ) ) )
  '  |____| .__|_| |_|_| |_\__, | / / / /
 =========|_|==============|___/=/_/_/_/

 :: Spring Boot ::               (v3.5.16)

2026-09-30T12:49:40.702+02:00  INFO 97845 --- [agilityhub-core-api] [           main] c.a.core.identity.api.RateLimitIT        : Starting RateLimitIT using Java 21.0.12.1 with PID 97845 (started by jordib in /Users/jordib/dev/agilityhub/agilityhub-core-api)
2026-09-30T12:49:40.702+02:00  INFO 97845 --- [agilityhub-core-api] [           main] c.a.core.identity.api.RateLimitIT        : The following 1 profile is active: "test"
2026-09-30T12:49:41.006+02:00  INFO 97845 --- [agilityhub-core-api] [           main] .s.d.r.c.RepositoryConfigurationDelegate : Bootstrapping Spring Data MongoDB repositories in DEFAULT mode.
2026-09-30T12:49:41.040+02:00  INFO 97845 --- [agilityhub-core-api] [           main] .s.d.r.c.RepositoryConfigurationDelegate : Finished Spring Data repository scanning in 33 ms. Found 0 MongoDB repository interfaces.
2026-09-30T12:49:41.100+02:00  INFO 97845 --- [agilityhub-core-api] [           main] org.mongodb.driver.client                : MongoClient with metadata {"driver": {"name": "mongo-java-driver|sync|spring-boot", "version": "5.5.2"}, "os": {"type": "Darwin", "name": "Mac OS X", "architecture": "aarch64", "version": "26.4.1"}, "platform": "Java/Homebrew/21.0.12.1"} created with settings MongoClientSettings{readPreference=primary, writeConcern=WriteConcern{w=null, wTimeout=null ms, journal=null}, retryWrites=true, retryReads=true, readConcern=ReadConcern{level=null}, credential=null, transportSettings=null, commandListeners=[io.micrometer.core.instrument.binder.mongodb.MongoMetricsCommandListener@8891aa8], codecRegistry=ProvidersCodecRegistry{codecProviders=[ValueCodecProvider{}, BsonValueCodecProvider{}, DBRefCodecProvider{}, DBObjectCodecProvider{}, DocumentCodecProvider{}, CollectionCodecProvider{}, IterableCodecProvider{}, MapCodecProvider{}, GeoJsonCodecProvider{}, GridFSFileCodecProvider{}, Jsr310CodecProvider{}, JsonObjectCodecProvider{}, BsonCodecProvider{}, EnumCodecProvider{}, com.mongodb.client.model.mql.ExpressionCodecProvider@22c0c0bc, com.mongodb.Jep395RecordCodecProvider@36a25457, com.mongodb.KotlinCodecProvider@61d4155b]}, loggerSettings=LoggerSettings{maxDocumentLength=1000}, clusterSettings={hosts=[localhost:56569], srvServiceName=mongodb, mode=SINGLE, requiredClusterType=UNKNOWN, requiredReplicaSetName='null', serverSelector='null', clusterListeners='[]', serverSelectionTimeout='30000 ms', localThreshold='15 ms'}, socketSettings=SocketSettings{connectTimeoutMS=10000, readTimeoutMS=0, receiveBufferSize=0, proxySettings=ProxySettings{host=null, port=null, username=null, password=null}}, heartbeatSocketSettings=SocketSettings{connectTimeoutMS=10000, readTimeoutMS=10000, receiveBufferSize=0, proxySettings=ProxySettings{host=null, port=null, username=null, password=null}}, connectionPoolSettings=ConnectionPoolSettings{maxSize=100, minSize=0, maxWaitTimeMS=120000, maxConnectionLifeTimeMS=0, maxConnectionIdleTimeMS=0, maintenanceInitialDelayMS=0, maintenanceFrequencyMS=60000, connectionPoolListeners=[io.micrometer.core.instrument.binder.mongodb.MongoMetricsConnectionPoolListener@40f74593], maxConnecting=2}, serverSettings=ServerSettings{heartbeatFrequencyMS=10000, minHeartbeatFrequencyMS=500, serverMonitoringMode=AUTO, serverListeners='[]', serverMonitorListeners='[]'}, sslSettings=SslSettings{enabled=false, invalidHostNameAllowed=false, context=null}, applicationName='null', compressorList=[], uuidRepresentation=JAVA_LEGACY, serverApi=null, autoEncryptionSettings=null, dnsClient=null, inetAddressResolver=null, contextProvider=null, timeoutMS=null}
2026-09-30T12:49:41.102+02:00  INFO 97845 --- [agilityhub-core-api] [localhost:56569] org.mongodb.driver.cluster               : Monitor thread successfully connected to server with description ServerDescription{address=localhost:56569, type=REPLICA_SET_PRIMARY, cryptd=false, state=CONNECTED, ok=true, minWireVersion=0, maxWireVersion=21, maxDocumentSize=16777216, logicalSessionTimeoutMinutes=30, roundTripTimeNanos=2311083, minRoundTripTimeNanos=0, setName='docker-rs', canonicalAddress=eda3f7904721:27017, hosts=[eda3f7904721:27017], passives=[], arbiters=[], primary='eda3f7904721:27017', tagSet=TagSet{[]}, electionId=7fffffff0000000000000001, setVersion=1, topologyVersion=TopologyVersion{processId=6abce9373086d49c35cfebcb, counter=6}, lastWriteDate=Wed Sep 30 12:49:34 CEST 2026, lastUpdateTimeNanos=371998442216291}
2026-09-30T12:49:41.971+02:00  INFO 97845 --- [agilityhub-core-api] [           main] o.s.b.t.m.w.SpringBootMockServletContext : Initializing Spring TestDispatcherServlet ''
2026-09-30T12:49:41.971+02:00  INFO 97845 --- [agilityhub-core-api] [           main] o.s.t.web.servlet.TestDispatcherServlet  : Initializing Servlet ''
2026-09-30T12:49:41.972+02:00  INFO 97845 --- [agilityhub-core-api] [           main] o.s.t.web.servlet.TestDispatcherServlet  : Completed initialization in 1 ms
2026-09-30T12:49:41.984+02:00  INFO 97845 --- [agilityhub-core-api] [           main] c.a.core.identity.api.RateLimitIT        : Started RateLimitIT in 1.293 seconds (process running for 15.68)
2026-09-30T12:49:42.396+02:00  WARN 97845 --- [agilityhub-core-api] [           main] c.a.core.shared.api.ApiExceptionHandler  : Framework request rejected status=404 code=NOT_FOUND traceId=f9201de2-9e23-4e2c-9bae-13c6b1d0f191
2026-09-30T12:49:42.404+02:00  WARN 97845 --- [agilityhub-core-api] [           main] c.a.core.shared.api.ApiExceptionHandler  : Framework request rejected status=404 code=NOT_FOUND traceId=f37c06a3-cc66-484d-90c0-7991b8e022c1
2026-09-30T12:49:42.413+02:00  WARN 97845 --- [agilityhub-core-api] [           main] c.a.core.shared.api.ApiExceptionHandler  : Framework request rejected status=404 code=NOT_FOUND traceId=f2c56f65-24ce-4bc3-b608-25826e5a01c1
2026-09-30T12:49:42.421+02:00  WARN 97845 --- [agilityhub-core-api] [           main] c.a.core.shared.api.ApiExceptionHandler  : Framework request rejected status=404 code=NOT_FOUND traceId=20ed03ed-ebde-414e-be56-b64a738dcc48
2026-09-30T12:49:42.430+02:00  WARN 97845 --- [agilityhub-core-api] [           main] c.a.core.shared.api.ApiExceptionHandler  : Framework request rejected status=404 code=NOT_FOUND traceId=d51096ed-920b-485f-940e-5384bdd6bdf5
2026-09-30T12:49:42.438+02:00  WARN 97845 --- [agilityhub-core-api] [           main] c.a.core.shared.api.ApiExceptionHandler  : Framework request rejected status=404 code=NOT_FOUND traceId=97f43b15-a183-4019-977b-a132643af2d1
2026-09-30T12:49:42.446+02:00  WARN 97845 --- [agilityhub-core-api] [           main] c.a.core.shared.api.ApiExceptionHandler  : Framework request rejected status=404 code=NOT_FOUND traceId=50163999-aabd-4abf-b939-0730eb5ae912
2026-09-30T12:49:42.454+02:00  WARN 97845 --- [agilityhub-core-api] [           main] c.a.core.shared.api.ApiExceptionHandler  : Framework request rejected status=404 code=NOT_FOUND traceId=84b8c744-42dd-4dcb-9f35-bd882f21c0bc
2026-09-30T12:49:42.461+02:00  WARN 97845 --- [agilityhub-core-api] [           main] c.a.core.shared.api.ApiExceptionHandler  : Framework request rejected status=404 code=NOT_FOUND traceId=d3d3894c-ec80-4de0-931b-7ec9afdf97a9
2026-09-30T12:49:42.467+02:00  WARN 97845 --- [agilityhub-core-api] [           main] c.a.core.shared.api.ApiExceptionHandler  : Framework request rejected status=404 code=NOT_FOUND traceId=8ab7b934-ce71-4f44-ad34-e174649ba407
2026-09-30T12:49:42.474+02:00  WARN 97845 --- [agilityhub-core-api] [           main] c.a.core.shared.api.ApiExceptionHandler  : Framework request rejected status=404 code=NOT_FOUND traceId=02ca8367-07c1-4942-9317-c5f276cea1a2
2026-09-30T12:49:42.481+02:00  WARN 97845 --- [agilityhub-core-api] [           main] c.a.core.shared.api.ApiExceptionHandler  : Framework request rejected status=404 code=NOT_FOUND traceId=6ae76739-4a1e-4428-8ac3-bb54bd184fcc
2026-09-30T12:49:42.486+02:00  WARN 97845 --- [agilityhub-core-api] [           main] c.a.core.shared.api.ApiExceptionHandler  : Framework request rejected status=404 code=NOT_FOUND traceId=0431db55-ff6e-40e0-9146-de69fc7385ca
2026-09-30T12:49:42.493+02:00  WARN 97845 --- [agilityhub-core-api] [           main] c.a.core.shared.api.ApiExceptionHandler  : Framework request rejected status=404 code=NOT_FOUND traceId=46b5318f-2211-47c8-aae0-5e566c6e6019
2026-09-30T12:49:42.500+02:00  WARN 97845 --- [agilityhub-core-api] [           main] c.a.core.shared.api.ApiExceptionHandler  : Framework request rejected status=404 code=NOT_FOUND traceId=56c719d5-25d7-4344-93df-d0d4459b8ff9
2026-09-30T12:49:42.506+02:00  WARN 97845 --- [agilityhub-core-api] [           main] c.a.core.shared.api.ApiExceptionHandler  : Framework request rejected status=404 code=NOT_FOUND traceId=5f487824-0b23-4917-bdc5-e848b09c89c1
2026-09-30T12:49:42.511+02:00  WARN 97845 --- [agilityhub-core-api] [           main] c.a.core.shared.api.ApiExceptionHandler  : Framework request rejected status=404 code=NOT_FOUND traceId=dce208a4-b963-480d-b00a-1982d676790a
2026-09-30T12:49:42.516+02:00  WARN 97845 --- [agilityhub-core-api] [           main] c.a.core.shared.api.ApiExceptionHandler  : Framework request rejected status=404 code=NOT_FOUND traceId=d6c1bc6a-2890-44d5-9d74-419049a3bf4b
2026-09-30T12:49:42.521+02:00  WARN 97845 --- [agilityhub-core-api] [           main] c.a.core.shared.api.ApiExceptionHandler  : Framework request rejected status=404 code=NOT_FOUND traceId=e4501b8b-08cc-4a12-9f4f-ad857d974a82
2026-09-30T12:49:42.526+02:00  WARN 97845 --- [agilityhub-core-api] [           main] c.a.core.shared.api.ApiExceptionHandler  : Framework request rejected status=404 code=NOT_FOUND traceId=b72aa979-66a2-41d9-9f67-0d2a8d319dcd
2026-09-30T12:49:42.533+02:00  WARN 97845 --- [agilityhub-core-api] [           main] c.a.core.shared.api.ApiExceptionHandler  : Framework request rejected status=404 code=NOT_FOUND traceId=37c60c53-0001-4e6f-89ff-6fd161aa0848
2026-09-30T12:49:42.539+02:00  WARN 97845 --- [agilityhub-core-api] [           main] c.a.core.shared.api.ApiExceptionHandler  : Framework request rejected status=404 code=NOT_FOUND traceId=b6e75210-5162-459c-b68c-7b18aa2cb977
2026-09-30T12:49:42.544+02:00  WARN 97845 --- [agilityhub-core-api] [           main] c.a.core.shared.api.ApiExceptionHandler  : Framework request rejected status=404 code=NOT_FOUND traceId=b2e84beb-8d8e-4cbe-ad5b-d3236f0ef055
2026-09-30T12:49:42.549+02:00  WARN 97845 --- [agilityhub-core-api] [           main] c.a.core.shared.api.ApiExceptionHandler  : Framework request rejected status=404 code=NOT_FOUND traceId=ba7b41e5-82b4-4161-b1d4-70f09e44d4e7
2026-09-30T12:49:42.555+02:00  WARN 97845 --- [agilityhub-core-api] [           main] c.a.core.shared.api.ApiExceptionHandler  : Framework request rejected status=404 code=NOT_FOUND traceId=b25d0aa1-f9d0-4bc4-af46-4793a7daeafd
2026-09-30T12:49:42.561+02:00  WARN 97845 --- [agilityhub-core-api] [           main] c.a.core.shared.api.ApiExceptionHandler  : Framework request rejected status=404 code=NOT_FOUND traceId=76f2040a-cd2c-4eee-b99e-7ea3473d499d
2026-09-30T12:49:42.568+02:00  WARN 97845 --- [agilityhub-core-api] [           main] c.a.core.shared.api.ApiExceptionHandler  : Framework request rejected status=404 code=NOT_FOUND traceId=eeba46ce-2473-4667-ac5c-e37d7ed08d40
2026-09-30T12:49:42.573+02:00  WARN 97845 --- [agilityhub-core-api] [           main] c.a.core.shared.api.ApiExceptionHandler  : Framework request rejected status=404 code=NOT_FOUND traceId=2f5cb8df-6a37-4fab-8ee8-a386aeb45951
2026-09-30T12:49:42.578+02:00  WARN 97845 --- [agilityhub-core-api] [           main] c.a.core.shared.api.ApiExceptionHandler  : Framework request rejected status=404 code=NOT_FOUND traceId=7045d30e-e42f-46b5-a5d1-61a2ac9e2366
2026-09-30T12:49:42.583+02:00  WARN 97845 --- [agilityhub-core-api] [           main] c.a.core.shared.api.ApiExceptionHandler  : Framework request rejected status=404 code=NOT_FOUND traceId=e6698cf7-f703-453a-8140-0585c439d6a4
2026-09-30T12:49:42.589+02:00  WARN 97845 --- [agilityhub-core-api] [           main] c.a.core.shared.api.ApiExceptionHandler  : Framework request rejected status=404 code=NOT_FOUND traceId=fac27185-b9c2-437c-a408-60150d8088cd
2026-09-30T12:49:42.595+02:00  WARN 97845 --- [agilityhub-core-api] [           main] c.a.core.shared.api.ApiExceptionHandler  : Framework request rejected status=404 code=NOT_FOUND traceId=f6a6a82a-fa6b-4c73-b920-44533c0a0225
2026-09-30T12:49:42.601+02:00  WARN 97845 --- [agilityhub-core-api] [           main] c.a.core.shared.api.ApiExceptionHandler  : Framework request rejected status=404 code=NOT_FOUND traceId=c7d39d01-edae-4956-ba89-a7334b90f5ce
2026-09-30T12:49:42.607+02:00  WARN 97845 --- [agilityhub-core-api] [           main] c.a.core.shared.api.ApiExceptionHandler  : Framework request rejected status=404 code=NOT_FOUND traceId=ba761e86-158d-4e5a-bc67-e1073c200dd9
2026-09-30T12:49:42.612+02:00  WARN 97845 --- [agilityhub-core-api] [           main] c.a.core.shared.api.ApiExceptionHandler  : Framework request rejected status=404 code=NOT_FOUND traceId=6004f25e-3394-4f88-9d5e-1e0b5c712a8c
2026-09-30T12:49:42.619+02:00  WARN 97845 --- [agilityhub-core-api] [           main] c.a.core.shared.api.ApiExceptionHandler  : Framework request rejected status=404 code=NOT_FOUND traceId=f3db1318-6318-41c5-abd5-4b8ebd1b83ef
2026-09-30T12:49:42.624+02:00  WARN 97845 --- [agilityhub-core-api] [           main] c.a.core.shared.api.ApiExceptionHandler  : Framework request rejected status=404 code=NOT_FOUND traceId=20c3e61b-0768-4964-8644-e6a574e036e5
2026-09-30T12:49:42.630+02:00  WARN 97845 --- [agilityhub-core-api] [           main] c.a.core.shared.api.ApiExceptionHandler  : Framework request rejected status=404 code=NOT_FOUND traceId=d0e95b93-cdee-4d73-a598-a9edfc70acac
2026-09-30T12:49:42.635+02:00  WARN 97845 --- [agilityhub-core-api] [           main] c.a.core.shared.api.ApiExceptionHandler  : Framework request rejected status=404 code=NOT_FOUND traceId=efe9d7cb-cdfd-4c3b-b116-f796b2e08d5a
2026-09-30T12:49:42.642+02:00  WARN 97845 --- [agilityhub-core-api] [           main] c.a.core.shared.api.ApiExceptionHandler  : Framework request rejected status=404 code=NOT_FOUND traceId=7a0cdaac-87dd-4c98-bd82-ac88ce981625
2026-09-30T12:49:42.647+02:00  WARN 97845 --- [agilityhub-core-api] [           main] c.a.core.shared.api.ApiExceptionHandler  : Framework request rejected status=404 code=NOT_FOUND traceId=712a9533-cb5c-4155-803e-089272706866
2026-09-30T12:49:42.654+02:00  WARN 97845 --- [agilityhub-core-api] [           main] c.a.core.shared.api.ApiExceptionHandler  : Framework request rejected status=404 code=NOT_FOUND traceId=276e31f5-b512-46c5-be4b-320c08913388
2026-09-30T12:49:42.659+02:00  WARN 97845 --- [agilityhub-core-api] [           main] c.a.core.shared.api.ApiExceptionHandler  : Framework request rejected status=404 code=NOT_FOUND traceId=aca19bdf-2363-4b5b-919b-1697c92c508e
2026-09-30T12:49:42.668+02:00  WARN 97845 --- [agilityhub-core-api] [           main] c.a.core.shared.api.ApiExceptionHandler  : Framework request rejected status=404 code=NOT_FOUND traceId=c85be43c-fb5f-4d98-b9b9-69e8a4df0683
2026-09-30T12:49:42.674+02:00  WARN 97845 --- [agilityhub-core-api] [           main] c.a.core.shared.api.ApiExceptionHandler  : Framework request rejected status=404 code=NOT_FOUND traceId=326f4fbb-6e23-41c3-aaea-0f5994e6ac8e
2026-09-30T12:49:42.681+02:00  WARN 97845 --- [agilityhub-core-api] [           main] c.a.core.shared.api.ApiExceptionHandler  : Framework request rejected status=404 code=NOT_FOUND traceId=961d87d1-8df5-4974-b021-28cdbf9e0431
2026-09-30T12:49:42.687+02:00  WARN 97845 --- [agilityhub-core-api] [           main] c.a.core.shared.api.ApiExceptionHandler  : Framework request rejected status=404 code=NOT_FOUND traceId=a83777d3-5d04-4849-87f3-daf0186652cc
2026-09-30T12:49:42.694+02:00  WARN 97845 --- [agilityhub-core-api] [           main] c.a.core.shared.api.ApiExceptionHandler  : Framework request rejected status=404 code=NOT_FOUND traceId=231cceb7-3892-4e75-85e1-8f4112233d62
2026-09-30T12:49:42.700+02:00  WARN 97845 --- [agilityhub-core-api] [           main] c.a.core.shared.api.ApiExceptionHandler  : Framework request rejected status=404 code=NOT_FOUND traceId=f1a4ba25-5b14-4ef2-a6c7-299a720addcd
2026-09-30T12:49:42.706+02:00  WARN 97845 --- [agilityhub-core-api] [           main] c.a.core.shared.api.ApiExceptionHandler  : Framework request rejected status=404 code=NOT_FOUND traceId=3e39f490-4836-41cd-bdd9-f99776d4ef3c
2026-09-30T12:49:42.714+02:00  WARN 97845 --- [agilityhub-core-api] [           main] c.a.core.shared.api.ApiExceptionHandler  : Framework request rejected status=404 code=NOT_FOUND traceId=2d0d80d1-4719-48ce-a9ee-f0afa986613c
2026-09-30T12:49:42.721+02:00  WARN 97845 --- [agilityhub-core-api] [           main] c.a.core.shared.api.ApiExceptionHandler  : Framework request rejected status=404 code=NOT_FOUND traceId=e621ac6a-3aa5-40a2-a777-8f50816f151a
2026-09-30T12:49:42.729+02:00  WARN 97845 --- [agilityhub-core-api] [           main] c.a.core.shared.api.ApiExceptionHandler  : Framework request rejected status=404 code=NOT_FOUND traceId=bc2b89dc-ccfd-488b-9fc1-358722fd3120
2026-09-30T12:49:42.734+02:00  WARN 97845 --- [agilityhub-core-api] [           main] c.a.core.shared.api.ApiExceptionHandler  : Framework request rejected status=404 code=NOT_FOUND traceId=c5d094c5-2b4c-40d1-a715-ab3875a07e3b
2026-09-30T12:49:42.740+02:00  WARN 97845 --- [agilityhub-core-api] [           main] c.a.core.shared.api.ApiExceptionHandler  : Framework request rejected status=404 code=NOT_FOUND traceId=c49effa1-31eb-421f-be6c-2eb0b25308d4
2026-09-30T12:49:42.746+02:00  WARN 97845 --- [agilityhub-core-api] [           main] c.a.core.shared.api.ApiExceptionHandler  : Framework request rejected status=404 code=NOT_FOUND traceId=91b7f6ee-3f14-4ce3-ba44-3e7ab61c37a6
2026-09-30T12:49:42.751+02:00  WARN 97845 --- [agilityhub-core-api] [           main] c.a.core.shared.api.ApiExceptionHandler  : Framework request rejected status=404 code=NOT_FOUND traceId=413d9d07-c49c-43ac-ae72-2c4b0bec9b88
2026-09-30T12:49:42.756+02:00  WARN 97845 --- [agilityhub-core-api] [           main] c.a.core.shared.api.ApiExceptionHandler  : Framework request rejected status=404 code=NOT_FOUND traceId=47125903-4c8d-4c70-823c-0af6dca132c7
2026-09-30T12:49:42.761+02:00  WARN 97845 --- [agilityhub-core-api] [           main] c.a.core.shared.api.ApiExceptionHandler  : Framework request rejected status=404 code=NOT_FOUND traceId=73f61dcd-8498-4160-841b-4ff42f2b3df7
2026-09-30T12:49:42.768+02:00  WARN 97845 --- [agilityhub-core-api] [           main] c.a.core.shared.api.ApiExceptionHandler  : Framework request rejected status=404 code=NOT_FOUND traceId=0407504c-8e31-42ed-b7b1-390462acf929
2026-09-30T12:49:42.773+02:00  WARN 97845 --- [agilityhub-core-api] [           main] c.a.core.shared.api.ApiExceptionHandler  : Framework request rejected status=404 code=NOT_FOUND traceId=c8d890b8-cd3e-435f-87ce-37ba60b0e0f2
2026-09-30T12:49:42.779+02:00  WARN 97845 --- [agilityhub-core-api] [           main] c.a.core.shared.api.ApiExceptionHandler  : Framework request rejected status=404 code=NOT_FOUND traceId=71ffb49d-036a-48b9-ba30-df13a3d1cb37
2026-09-30T12:49:42.784+02:00  WARN 97845 --- [agilityhub-core-api] [           main] c.a.core.shared.api.ApiExceptionHandler  : Framework request rejected status=404 code=NOT_FOUND traceId=9c524d8a-bf37-4db4-9de7-d726d202d94a
2026-09-30T12:49:42.792+02:00  WARN 97845 --- [agilityhub-core-api] [           main] c.a.core.shared.api.ApiExceptionHandler  : Framework request rejected status=404 code=NOT_FOUND traceId=df0f541c-485e-4fa0-ba13-c34a7b8aa1d3
2026-09-30T12:49:42.796+02:00  WARN 97845 --- [agilityhub-core-api] [           main] c.a.core.shared.api.ApiExceptionHandler  : Framework request rejected status=404 code=NOT_FOUND traceId=9b164453-0f0d-4c38-ad68-c24b9bafe94e
2026-09-30T12:49:42.802+02:00  WARN 97845 --- [agilityhub-core-api] [           main] c.a.core.shared.api.ApiExceptionHandler  : Framework request rejected status=404 code=NOT_FOUND traceId=d370e263-cde5-4c28-8690-86166d8f6634
2026-09-30T12:49:42.806+02:00  WARN 97845 --- [agilityhub-core-api] [           main] c.a.core.shared.api.ApiExceptionHandler  : Framework request rejected status=404 code=NOT_FOUND traceId=387d7b2f-ae1a-4ece-a50d-0f581f9840a1
2026-09-30T12:49:42.811+02:00  WARN 97845 --- [agilityhub-core-api] [           main] c.a.core.shared.api.ApiExceptionHandler  : Framework request rejected status=404 code=NOT_FOUND traceId=4abe372f-af9e-4baf-b2d1-46505970944c
2026-09-30T12:49:42.817+02:00  WARN 97845 --- [agilityhub-core-api] [           main] c.a.core.shared.api.ApiExceptionHandler  : Framework request rejected status=404 code=NOT_FOUND traceId=5c01f284-91fc-47d5-bfeb-afeb5b450f08
2026-09-30T12:49:42.821+02:00  WARN 97845 --- [agilityhub-core-api] [           main] c.a.core.shared.api.ApiExceptionHandler  : Framework request rejected status=404 code=NOT_FOUND traceId=ed2c0d8e-b035-49e1-89ce-5f0837ab4246
2026-09-30T12:49:42.827+02:00  WARN 97845 --- [agilityhub-core-api] [           main] c.a.core.shared.api.ApiExceptionHandler  : Framework request rejected status=404 code=NOT_FOUND traceId=e012ff5f-10c2-4b5b-8354-def2bf5fede5
2026-09-30T12:49:42.832+02:00  WARN 97845 --- [agilityhub-core-api] [           main] c.a.core.shared.api.ApiExceptionHandler  : Framework request rejected status=404 code=NOT_FOUND traceId=ee48a638-7557-41ae-9c0f-c888c607cd0a
2026-09-30T12:49:42.838+02:00  WARN 97845 --- [agilityhub-core-api] [           main] c.a.core.shared.api.ApiExceptionHandler  : Framework request rejected status=404 code=NOT_FOUND traceId=edc7eac7-2b48-4aeb-a555-324745c45d8c
2026-09-30T12:49:42.843+02:00  WARN 97845 --- [agilityhub-core-api] [           main] c.a.core.shared.api.ApiExceptionHandler  : Framework request rejected status=404 code=NOT_FOUND traceId=f9bfe753-0fa0-469a-a84d-c2fbc45fc512
2026-09-30T12:49:42.847+02:00  WARN 97845 --- [agilityhub-core-api] [           main] c.a.core.shared.api.ApiExceptionHandler  : Framework request rejected status=404 code=NOT_FOUND traceId=e3505a11-ea7d-4d02-a0fd-e680aac65298
2026-09-30T12:49:42.852+02:00  WARN 97845 --- [agilityhub-core-api] [           main] c.a.core.shared.api.ApiExceptionHandler  : Framework request rejected status=404 code=NOT_FOUND traceId=457ec9a6-6d0a-4c6c-84ea-af594c5129ba
2026-09-30T12:49:42.857+02:00  WARN 97845 --- [agilityhub-core-api] [           main] c.a.core.shared.api.ApiExceptionHandler  : Framework request rejected status=404 code=NOT_FOUND traceId=87372f3d-2ef4-4239-9ee3-04aa320e8e10
2026-09-30T12:49:42.862+02:00  WARN 97845 --- [agilityhub-core-api] [           main] c.a.core.shared.api.ApiExceptionHandler  : Framework request rejected status=404 code=NOT_FOUND traceId=2d0bc163-b5b0-4e27-916b-b89d76b533bf
2026-09-30T12:49:42.868+02:00  WARN 97845 --- [agilityhub-core-api] [           main] c.a.core.shared.api.ApiExceptionHandler  : Framework request rejected status=404 code=NOT_FOUND traceId=d24899de-da0b-4f20-8efa-89c9c409f1d4
2026-09-30T12:49:42.875+02:00  WARN 97845 --- [agilityhub-core-api] [           main] c.a.core.shared.api.ApiExceptionHandler  : Framework request rejected status=404 code=NOT_FOUND traceId=ba17eaa2-2e41-4810-9cc5-3796c0744776
2026-09-30T12:49:42.881+02:00  WARN 97845 --- [agilityhub-core-api] [           main] c.a.core.shared.api.ApiExceptionHandler  : Framework request rejected status=404 code=NOT_FOUND traceId=77b1a90f-5e00-4e75-b1ab-8b8719f1020b
2026-09-30T12:49:42.888+02:00  WARN 97845 --- [agilityhub-core-api] [           main] c.a.core.shared.api.ApiExceptionHandler  : Framework request rejected status=404 code=NOT_FOUND traceId=742ed66c-4033-4e34-a895-fb7832df5490
2026-09-30T12:49:42.894+02:00  WARN 97845 --- [agilityhub-core-api] [           main] c.a.core.shared.api.ApiExceptionHandler  : Framework request rejected status=404 code=NOT_FOUND traceId=7ae2d55c-43ef-405d-bc35-46be9579526a
2026-09-30T12:49:42.899+02:00  WARN 97845 --- [agilityhub-core-api] [           main] c.a.core.shared.api.ApiExceptionHandler  : Framework request rejected status=404 code=NOT_FOUND traceId=1d18aa44-7f01-4711-978e-abf0cd1d0d61
2026-09-30T12:49:42.906+02:00  WARN 97845 --- [agilityhub-core-api] [           main] c.a.core.shared.api.ApiExceptionHandler  : Framework request rejected status=404 code=NOT_FOUND traceId=8ea02b91-c238-49ff-be12-40505bbecfdb
2026-09-30T12:49:42.911+02:00  WARN 97845 --- [agilityhub-core-api] [           main] c.a.core.shared.api.ApiExceptionHandler  : Framework request rejected status=404 code=NOT_FOUND traceId=0715ff27-5cf2-40a1-accc-aa9d199b27e4
2026-09-30T12:49:42.919+02:00  WARN 97845 --- [agilityhub-core-api] [           main] c.a.core.shared.api.ApiExceptionHandler  : Framework request rejected status=404 code=NOT_FOUND traceId=7188f717-0f9a-4008-8c91-011ee5499870
2026-09-30T12:49:42.925+02:00  WARN 97845 --- [agilityhub-core-api] [           main] c.a.core.shared.api.ApiExceptionHandler  : Framework request rejected status=404 code=NOT_FOUND traceId=dd1d0051-b76f-4b45-b744-e110a4d9c97a
2026-09-30T12:49:42.930+02:00  WARN 97845 --- [agilityhub-core-api] [           main] c.a.core.shared.api.ApiExceptionHandler  : Framework request rejected status=404 code=NOT_FOUND traceId=21b35bb0-a015-41ea-a421-75adb8cb6dd8
2026-09-30T12:49:42.934+02:00  WARN 97845 --- [agilityhub-core-api] [           main] c.a.core.shared.api.ApiExceptionHandler  : Framework request rejected status=404 code=NOT_FOUND traceId=8b5c998b-40aa-4c30-b13c-4bbbca1927b6
2026-09-30T12:49:42.940+02:00  WARN 97845 --- [agilityhub-core-api] [           main] c.a.core.shared.api.ApiExceptionHandler  : Framework request rejected status=404 code=NOT_FOUND traceId=b18b3023-0c6a-4b36-8e8b-e03095b3decf
2026-09-30T12:49:42.945+02:00  WARN 97845 --- [agilityhub-core-api] [           main] c.a.core.shared.api.ApiExceptionHandler  : Framework request rejected status=404 code=NOT_FOUND traceId=609b62be-8990-4818-ba24-f66b40854ace
2026-09-30T12:49:42.950+02:00  WARN 97845 --- [agilityhub-core-api] [           main] c.a.core.shared.api.ApiExceptionHandler  : Framework request rejected status=404 code=NOT_FOUND traceId=2cded4c6-0595-4c33-bd6c-dce29b3ed729
2026-09-30T12:49:42.955+02:00  WARN 97845 --- [agilityhub-core-api] [           main] c.a.core.shared.api.ApiExceptionHandler  : Framework request rejected status=404 code=NOT_FOUND traceId=38834a15-14e0-43c0-8c5c-4b685b2d14d3
2026-09-30T12:49:42.958+02:00  WARN 97845 --- [agilityhub-core-api] [           main] c.a.core.shared.api.ApiExceptionHandler  : Framework request rejected status=404 code=NOT_FOUND traceId=f5358c38-fa54-4215-8f29-e19c7f446bb8
2026-09-30T12:49:42.962+02:00  WARN 97845 --- [agilityhub-core-api] [           main] c.a.core.shared.api.ApiExceptionHandler  : Framework request rejected status=404 code=NOT_FOUND traceId=31139b22-febe-4946-aad8-6315ba20b752
2026-09-30T12:49:42.967+02:00  WARN 97845 --- [agilityhub-core-api] [           main] c.a.core.shared.api.ApiExceptionHandler  : Framework request rejected status=404 code=NOT_FOUND traceId=7f845d18-b8cf-4981-b51c-0a6af87b7b17
2026-09-30T12:49:42.971+02:00  WARN 97845 --- [agilityhub-core-api] [           main] c.a.core.shared.api.ApiExceptionHandler  : Framework request rejected status=404 code=NOT_FOUND traceId=683578ec-4bbd-41dd-8d71-6cce737f019a
2026-09-30T12:49:42.976+02:00  WARN 97845 --- [agilityhub-core-api] [           main] c.a.core.shared.api.ApiExceptionHandler  : Framework request rejected status=404 code=NOT_FOUND traceId=47758117-4da1-45c3-90fa-40505501bc09
2026-09-30T12:49:42.980+02:00  WARN 97845 --- [agilityhub-core-api] [           main] c.a.core.shared.api.ApiExceptionHandler  : Framework request rejected status=404 code=NOT_FOUND traceId=305a5aff-9f75-4663-8b0e-9023508e4cb3
2026-09-30T12:49:42.984+02:00  WARN 97845 --- [agilityhub-core-api] [           main] c.a.core.shared.api.ApiExceptionHandler  : Framework request rejected status=404 code=NOT_FOUND traceId=73b201aa-4cbc-458b-8280-5414f6ed4626
2026-09-30T12:49:42.989+02:00  WARN 97845 --- [agilityhub-core-api] [           main] c.a.core.shared.api.ApiExceptionHandler  : Framework request rejected status=404 code=NOT_FOUND traceId=f0755db5-0614-4e36-8499-d31ffd59f13b
2026-09-30T12:49:42.994+02:00  WARN 97845 --- [agilityhub-core-api] [           main] c.a.core.shared.api.ApiExceptionHandler  : Framework request rejected status=404 code=NOT_FOUND traceId=13d51afd-862c-422e-bcaf-212f0773a7cc
2026-09-30T12:49:42.999+02:00  WARN 97845 --- [agilityhub-core-api] [           main] c.a.core.shared.api.ApiExceptionHandler  : Framework request rejected status=404 code=NOT_FOUND traceId=4cbac2d7-4462-4cfc-b3b2-aeae8414586d
2026-09-30T12:49:43.004+02:00  WARN 97845 --- [agilityhub-core-api] [           main] c.a.core.shared.api.ApiExceptionHandler  : Framework request rejected status=404 code=NOT_FOUND traceId=23fa671b-cc6a-4909-8e87-c882f9f9fe45
2026-09-30T12:49:43.007+02:00  WARN 97845 --- [agilityhub-core-api] [           main] c.a.core.shared.api.ApiExceptionHandler  : Framework request rejected status=404 code=NOT_FOUND traceId=c9828228-7c27-465e-bdda-2c8f11258e1f
2026-09-30T12:49:43.011+02:00  WARN 97845 --- [agilityhub-core-api] [           main] c.a.core.shared.api.ApiExceptionHandler  : Framework request rejected status=404 code=NOT_FOUND traceId=45dbb1e3-64aa-40fa-b2f7-8ba54ba4606b
2026-09-30T12:49:43.016+02:00  WARN 97845 --- [agilityhub-core-api] [           main] c.a.core.shared.api.ApiExceptionHandler  : Framework request rejected status=404 code=NOT_FOUND traceId=3ba27050-4007-4846-b3bf-30aedddcfdbe
2026-09-30T12:49:43.020+02:00  WARN 97845 --- [agilityhub-core-api] [           main] c.a.core.shared.api.ApiExceptionHandler  : Framework request rejected status=404 code=NOT_FOUND traceId=f58186c3-b945-4cc9-afa4-596e11a46bd5
2026-09-30T12:49:43.023+02:00  WARN 97845 --- [agilityhub-core-api] [           main] c.a.core.shared.api.ApiExceptionHandler  : Framework request rejected status=404 code=NOT_FOUND traceId=7f171dc2-c875-4763-83bc-f0e5072d5cb4
2026-09-30T12:49:43.028+02:00  WARN 97845 --- [agilityhub-core-api] [           main] c.a.core.shared.api.ApiExceptionHandler  : Framework request rejected status=404 code=NOT_FOUND traceId=8ffb8a02-0306-4155-8daf-a41e232d8bc9
2026-09-30T12:49:43.031+02:00  WARN 97845 --- [agilityhub-core-api] [           main] c.a.core.shared.api.ApiExceptionHandler  : Framework request rejected status=404 code=NOT_FOUND traceId=174db4ad-1125-459a-9b7f-d68d9c066aa4
2026-09-30T12:49:43.035+02:00  WARN 97845 --- [agilityhub-core-api] [           main] c.a.core.shared.api.ApiExceptionHandler  : Framework request rejected status=404 code=NOT_FOUND traceId=d7ca08db-a187-4cb6-bb2c-a5d1f4bf9a18
2026-09-30T12:49:43.039+02:00  WARN 97845 --- [agilityhub-core-api] [           main] c.a.core.shared.api.ApiExceptionHandler  : Framework request rejected status=404 code=NOT_FOUND traceId=d1e1e5fb-d140-4bb1-abec-c37082af14eb
2026-09-30T12:49:43.043+02:00  WARN 97845 --- [agilityhub-core-api] [           main] c.a.core.shared.api.ApiExceptionHandler  : Framework request rejected status=404 code=NOT_FOUND traceId=ed7b37d2-4a8d-4f52-8c65-5ff2f276b81c
2026-09-30T12:49:43.045+02:00  WARN 97845 --- [agilityhub-core-api] [           main] c.a.core.shared.api.ApiExceptionHandler  : Framework request rejected status=404 code=NOT_FOUND traceId=ab2aa549-303b-4b46-905c-1d0104d623b6
2026-09-30T12:49:43.049+02:00  WARN 97845 --- [agilityhub-core-api] [           main] c.a.core.shared.api.ApiExceptionHandler  : Framework request rejected status=404 code=NOT_FOUND traceId=8d02bf6f-3a59-4534-93f0-3036912d9dcb
2026-09-30T12:49:43.054+02:00  WARN 97845 --- [agilityhub-core-api] [           main] c.a.core.shared.api.ApiExceptionHandler  : Framework request rejected status=404 code=NOT_FOUND traceId=828a00b2-fc11-4f7e-aac4-36b9f14352ca
2026-09-30T12:49:43.058+02:00  WARN 97845 --- [agilityhub-core-api] [           main] c.a.core.shared.api.ApiExceptionHandler  : Framework request rejected status=404 code=NOT_FOUND traceId=a1f56e43-a3d4-410e-a020-0c5b1bb45e49
2026-09-30T12:49:43.062+02:00  WARN 97845 --- [agilityhub-core-api] [           main] c.a.core.shared.api.ApiExceptionHandler  : Framework request rejected status=404 code=NOT_FOUND traceId=dccfae89-2666-40b2-b82b-d5828af52903
2026-09-30T12:49:43.065+02:00  WARN 97845 --- [agilityhub-core-api] [           main] c.a.core.shared.api.ApiExceptionHandler  : Framework request rejected status=404 code=NOT_FOUND traceId=bbe9a068-0c81-4942-a43e-0c1d66ad5fe5
2026-09-30T12:49:43.069+02:00  WARN 97845 --- [agilityhub-core-api] [           main] c.a.core.shared.api.ApiExceptionHandler  : Framework request rejected status=404 code=NOT_FOUND traceId=3e5485fa-1ff4-4034-ad27-0baec7a4a996
2026-09-30T12:49:43.073+02:00  WARN 97845 --- [agilityhub-core-api] [           main] c.a.core.shared.api.ApiExceptionHandler  : Framework request rejected status=404 code=NOT_FOUND traceId=5b52e573-1ef1-4721-a748-3814844e0d38
2026-09-30T12:49:43.079+02:00  WARN 97845 --- [agilityhub-core-api] [           main] c.a.core.shared.api.ApiExceptionHandler  : Framework request rejected status=404 code=NOT_FOUND traceId=5a17bdb6-4cc9-4fee-866d-f637634e2f4a
2026-09-30T12:49:43.083+02:00  WARN 97845 --- [agilityhub-core-api] [           main] c.a.core.shared.api.ApiExceptionHandler  : Framework request rejected status=404 code=NOT_FOUND traceId=dadf63c3-d4be-444d-ae01-8cd4cd8e9901
2026-09-30T12:49:43.088+02:00  WARN 97845 --- [agilityhub-core-api] [           main] c.a.core.shared.api.ApiExceptionHandler  : Framework request rejected status=404 code=NOT_FOUND traceId=fb66c9eb-5a2b-4156-bda9-9ac77d9588bc
2026-09-30T12:49:43.091+02:00  WARN 97845 --- [agilityhub-core-api] [           main] c.a.core.shared.api.ApiExceptionHandler  : Framework request rejected status=404 code=NOT_FOUND traceId=afa2cdb3-749c-4b5d-ab24-87090ae398ba
2026-09-30T12:49:43.094+02:00  WARN 97845 --- [agilityhub-core-api] [           main] c.a.core.shared.api.ApiExceptionHandler  : Framework request rejected status=404 code=NOT_FOUND traceId=6eb1789d-a816-44e6-866f-cf3f2618c033
2026-09-30T12:49:43.098+02:00  WARN 97845 --- [agilityhub-core-api] [           main] c.a.core.shared.api.ApiExceptionHandler  : Framework request rejected status=404 code=NOT_FOUND traceId=4a76a0a8-3e7b-475a-8de9-b68d024ed7c6
2026-09-30T12:49:43.103+02:00  WARN 97845 --- [agilityhub-core-api] [           main] c.a.core.shared.api.ApiExceptionHandler  : Framework request rejected status=404 code=NOT_FOUND traceId=1c2639b2-a496-4afc-bf6a-499f9be1c5ae
2026-09-30T12:49:43.106+02:00  WARN 97845 --- [agilityhub-core-api] [           main] c.a.core.shared.api.ApiExceptionHandler  : Framework request rejected status=404 code=NOT_FOUND traceId=1441a29f-8514-47dc-b23b-28fc2d69e0ba
2026-09-30T12:49:43.109+02:00  WARN 97845 --- [agilityhub-core-api] [           main] c.a.core.shared.api.ApiExceptionHandler  : Framework request rejected status=404 code=NOT_FOUND traceId=071e9df6-0005-4d48-ad5f-eb7e5ee3ca6b
2026-09-30T12:49:43.112+02:00  WARN 97845 --- [agilityhub-core-api] [           main] c.a.core.shared.api.ApiExceptionHandler  : Framework request rejected status=404 code=NOT_FOUND traceId=0ecb0ad2-c063-4cb2-bfba-f4cd36a9115d
2026-09-30T12:49:43.116+02:00  WARN 97845 --- [agilityhub-core-api] [           main] c.a.core.shared.api.ApiExceptionHandler  : Framework request rejected status=404 code=NOT_FOUND traceId=e49291b6-bbef-41fc-9bca-cd8a6e8be682
2026-09-30T12:49:43.120+02:00  WARN 97845 --- [agilityhub-core-api] [           main] c.a.core.shared.api.ApiExceptionHandler  : Framework request rejected status=404 code=NOT_FOUND traceId=ffb7baea-361c-4742-a44c-09d796ce70ee
2026-09-30T12:49:43.124+02:00  WARN 97845 --- [agilityhub-core-api] [           main] c.a.core.shared.api.ApiExceptionHandler  : Framework request rejected status=404 code=NOT_FOUND traceId=e4d1510a-d9ac-47f4-91b5-ed5772226494
2026-09-30T12:49:43.126+02:00  WARN 97845 --- [agilityhub-core-api] [           main] c.a.core.shared.api.ApiExceptionHandler  : Framework request rejected status=404 code=NOT_FOUND traceId=c08e67c3-af2b-4a7f-8bef-d55f4b19c4f5
2026-09-30T12:49:43.128+02:00  WARN 97845 --- [agilityhub-core-api] [           main] c.a.core.shared.api.ApiExceptionHandler  : Framework request rejected status=404 code=NOT_FOUND traceId=d8a615d3-73b5-4f94-883d-ae225eb2f368
2026-09-30T12:49:43.136+02:00  WARN 97845 --- [agilityhub-core-api] [           main] c.a.core.shared.api.ApiExceptionHandler  : Framework request rejected status=404 code=NOT_FOUND traceId=e29ae154-7654-49bc-83f1-193e84535344
2026-09-30T12:49:43.141+02:00  WARN 97845 --- [agilityhub-core-api] [           main] c.a.core.shared.api.ApiExceptionHandler  : Framework request rejected status=404 code=NOT_FOUND traceId=4e8da2ff-27ee-4321-99ec-c4e6d548f58c
2026-09-30T12:49:43.144+02:00  WARN 97845 --- [agilityhub-core-api] [           main] c.a.core.shared.api.ApiExceptionHandler  : Framework request rejected status=404 code=NOT_FOUND traceId=c0b5f7e4-0b84-40e6-b307-6032e8a54362
2026-09-30T12:49:43.149+02:00  WARN 97845 --- [agilityhub-core-api] [           main] c.a.core.shared.api.ApiExceptionHandler  : Framework request rejected status=404 code=NOT_FOUND traceId=438f4c1a-99e2-49eb-9e62-51b007221e54
2026-09-30T12:49:43.153+02:00  WARN 97845 --- [agilityhub-core-api] [           main] c.a.core.shared.api.ApiExceptionHandler  : Framework request rejected status=404 code=NOT_FOUND traceId=55cdabde-1f88-43b4-a50d-ba4ba82541d1
2026-09-30T12:49:43.158+02:00  WARN 97845 --- [agilityhub-core-api] [           main] c.a.core.shared.api.ApiExceptionHandler  : Framework request rejected status=404 code=NOT_FOUND traceId=0f9c0db0-cd9c-4bf7-bb75-b16e7ee663a3
2026-09-30T12:49:43.163+02:00  WARN 97845 --- [agilityhub-core-api] [           main] c.a.core.shared.api.ApiExceptionHandler  : Framework request rejected status=404 code=NOT_FOUND traceId=6798ecd8-ea48-48e7-ac43-1e731267ee5e
2026-09-30T12:49:43.166+02:00  WARN 97845 --- [agilityhub-core-api] [           main] c.a.core.shared.api.ApiExceptionHandler  : Framework request rejected status=404 code=NOT_FOUND traceId=fc696c41-2256-4920-a3b4-fcb21044d8b6
2026-09-30T12:49:43.168+02:00  WARN 97845 --- [agilityhub-core-api] [           main] c.a.core.shared.api.ApiExceptionHandler  : Framework request rejected status=404 code=NOT_FOUND traceId=861ab053-b3cc-4c28-82c8-bff32e60422f
2026-09-30T12:49:43.172+02:00  WARN 97845 --- [agilityhub-core-api] [           main] c.a.core.shared.api.ApiExceptionHandler  : Framework request rejected status=404 code=NOT_FOUND traceId=41565da2-d303-4e16-b660-4625fbaf6a20
2026-09-30T12:49:43.177+02:00  WARN 97845 --- [agilityhub-core-api] [           main] c.a.core.shared.api.ApiExceptionHandler  : Framework request rejected status=404 code=NOT_FOUND traceId=c8a33e90-1727-4ce9-af7e-19e55fece134
2026-09-30T12:49:43.183+02:00  WARN 97845 --- [agilityhub-core-api] [           main] c.a.core.shared.api.ApiExceptionHandler  : Framework request rejected status=404 code=NOT_FOUND traceId=18dceec8-1a16-44c0-9e7d-76e10419716e
2026-09-30T12:49:43.188+02:00  WARN 97845 --- [agilityhub-core-api] [           main] c.a.core.shared.api.ApiExceptionHandler  : Framework request rejected status=404 code=NOT_FOUND traceId=3c9b508a-147e-4161-8869-c3c92b655f33
2026-09-30T12:49:43.191+02:00  WARN 97845 --- [agilityhub-core-api] [           main] c.a.core.shared.api.ApiExceptionHandler  : Framework request rejected status=404 code=NOT_FOUND traceId=0505cb99-3f23-4375-9825-0c673cb6c873
2026-09-30T12:49:43.195+02:00  WARN 97845 --- [agilityhub-core-api] [           main] c.a.core.shared.api.ApiExceptionHandler  : Framework request rejected status=404 code=NOT_FOUND traceId=ed127c1a-7b36-4b3b-9607-acf765b2319f
2026-09-30T12:49:43.199+02:00  WARN 97845 --- [agilityhub-core-api] [           main] c.a.core.shared.api.ApiExceptionHandler  : Framework request rejected status=404 code=NOT_FOUND traceId=4f17bb35-ff01-45ed-9a44-f2ae7631d780
2026-09-30T12:49:43.204+02:00  WARN 97845 --- [agilityhub-core-api] [           main] c.a.core.shared.api.ApiExceptionHandler  : Framework request rejected status=404 code=NOT_FOUND traceId=bf54110d-f91a-4d54-8641-892878e3a9d6
2026-09-30T12:49:43.208+02:00  WARN 97845 --- [agilityhub-core-api] [           main] c.a.core.shared.api.ApiExceptionHandler  : Framework request rejected status=404 code=NOT_FOUND traceId=061d1c17-8337-4d76-8dda-eb015e8b3b4f
2026-09-30T12:49:43.213+02:00  WARN 97845 --- [agilityhub-core-api] [           main] c.a.core.shared.api.ApiExceptionHandler  : Framework request rejected status=404 code=NOT_FOUND traceId=0be4537c-4114-495e-944e-14f75ec3eff3
2026-09-30T12:49:43.217+02:00  WARN 97845 --- [agilityhub-core-api] [           main] c.a.core.shared.api.ApiExceptionHandler  : Framework request rejected status=404 code=NOT_FOUND traceId=f1b3038c-2411-497b-b20a-84c5a022fc6e
2026-09-30T12:49:43.219+02:00  WARN 97845 --- [agilityhub-core-api] [           main] c.a.core.shared.api.ApiExceptionHandler  : Framework request rejected status=404 code=NOT_FOUND traceId=19fc361c-58e5-47f8-82b5-c43b31573401
2026-09-30T12:49:43.223+02:00  WARN 97845 --- [agilityhub-core-api] [           main] c.a.core.shared.api.ApiExceptionHandler  : Framework request rejected status=404 code=NOT_FOUND traceId=c7a039c2-a13c-422c-80f8-d681d1d0c8da
2026-09-30T12:49:43.227+02:00  WARN 97845 --- [agilityhub-core-api] [           main] c.a.core.shared.api.ApiExceptionHandler  : Framework request rejected status=404 code=NOT_FOUND traceId=4d3bdb0b-ca35-45f4-8e94-bdee824dd88e
2026-09-30T12:49:43.231+02:00  WARN 97845 --- [agilityhub-core-api] [           main] c.a.core.shared.api.ApiExceptionHandler  : Framework request rejected status=404 code=NOT_FOUND traceId=981db240-310b-4479-92ac-bb7745de56a5
2026-09-30T12:49:43.236+02:00  WARN 97845 --- [agilityhub-core-api] [           main] c.a.core.shared.api.ApiExceptionHandler  : Framework request rejected status=404 code=NOT_FOUND traceId=d4c23529-015c-49df-ad43-9fa65300c937
2026-09-30T12:49:43.241+02:00  WARN 97845 --- [agilityhub-core-api] [           main] c.a.core.shared.api.ApiExceptionHandler  : Framework request rejected status=404 code=NOT_FOUND traceId=49fc4066-25a8-444a-8782-b4c4ace7c3ee
2026-09-30T12:49:43.244+02:00  WARN 97845 --- [agilityhub-core-api] [           main] c.a.core.shared.api.ApiExceptionHandler  : Framework request rejected status=404 code=NOT_FOUND traceId=c12d0144-6623-4a62-9d0d-7891345bf7d3
2026-09-30T12:49:43.249+02:00  WARN 97845 --- [agilityhub-core-api] [           main] c.a.core.shared.api.ApiExceptionHandler  : Framework request rejected status=404 code=NOT_FOUND traceId=76a3c904-4b9f-46d0-8ff9-8756468a13aa
2026-09-30T12:49:43.254+02:00  WARN 97845 --- [agilityhub-core-api] [           main] c.a.core.shared.api.ApiExceptionHandler  : Framework request rejected status=404 code=NOT_FOUND traceId=447632a5-98b5-474d-a487-d9143b771531
2026-09-30T12:49:43.257+02:00  WARN 97845 --- [agilityhub-core-api] [           main] c.a.core.shared.api.ApiExceptionHandler  : Framework request rejected status=404 code=NOT_FOUND traceId=38bb9ca2-9f26-4b0b-8dd2-f54d7fa8425b
2026-09-30T12:49:43.260+02:00  WARN 97845 --- [agilityhub-core-api] [           main] c.a.core.shared.api.ApiExceptionHandler  : Framework request rejected status=404 code=NOT_FOUND traceId=35cb8ada-3d4d-4d75-a96a-cda6ceb8eed9
2026-09-30T12:49:43.264+02:00  WARN 97845 --- [agilityhub-core-api] [           main] c.a.core.shared.api.ApiExceptionHandler  : Framework request rejected status=404 code=NOT_FOUND traceId=124ff6dd-3db9-4bd2-bbbc-2ac03c97473b
2026-09-30T12:49:43.267+02:00  WARN 97845 --- [agilityhub-core-api] [           main] c.a.core.shared.api.ApiExceptionHandler  : Framework request rejected status=404 code=NOT_FOUND traceId=0a492b12-4eb3-4ff8-bd9a-131107e28fe8
2026-09-30T12:49:43.270+02:00  WARN 97845 --- [agilityhub-core-api] [           main] c.a.core.shared.api.ApiExceptionHandler  : Framework request rejected status=404 code=NOT_FOUND traceId=84648c7e-9e4b-479b-81e9-fb95ba1eb29e
2026-09-30T12:49:43.275+02:00  WARN 97845 --- [agilityhub-core-api] [           main] c.a.core.shared.api.ApiExceptionHandler  : Framework request rejected status=404 code=NOT_FOUND traceId=1d950541-1838-4857-98fc-9e7c646d85bc
2026-09-30T12:49:43.278+02:00  WARN 97845 --- [agilityhub-core-api] [           main] c.a.core.shared.api.ApiExceptionHandler  : Framework request rejected status=404 code=NOT_FOUND traceId=9a450ed2-dad0-42b2-9765-883acf6c6860
2026-09-30T12:49:43.282+02:00  WARN 97845 --- [agilityhub-core-api] [           main] c.a.core.shared.api.ApiExceptionHandler  : Framework request rejected status=404 code=NOT_FOUND traceId=99e6f695-004b-4142-820f-74fd1f89249c
2026-09-30T12:49:43.285+02:00  WARN 97845 --- [agilityhub-core-api] [           main] c.a.core.shared.api.ApiExceptionHandler  : Framework request rejected status=404 code=NOT_FOUND traceId=0505b9f6-ce30-4249-ad3e-f5ea9af9fa1a
2026-09-30T12:49:43.287+02:00  WARN 97845 --- [agilityhub-core-api] [           main] c.a.core.shared.api.ApiExceptionHandler  : Framework request rejected status=404 code=NOT_FOUND traceId=7127e17f-8f15-4e3c-8530-356c6aa85597
2026-09-30T12:49:43.290+02:00  WARN 97845 --- [agilityhub-core-api] [           main] c.a.core.shared.api.ApiExceptionHandler  : Framework request rejected status=404 code=NOT_FOUND traceId=88cf498c-5199-49e5-8e9f-dbd6ce6764c4
2026-09-30T12:49:43.293+02:00  WARN 97845 --- [agilityhub-core-api] [           main] c.a.core.shared.api.ApiExceptionHandler  : Framework request rejected status=404 code=NOT_FOUND traceId=83e36e5c-f8b7-4f7e-80c2-7b2a3e429778
2026-09-30T12:49:43.296+02:00  WARN 97845 --- [agilityhub-core-api] [           main] c.a.core.shared.api.ApiExceptionHandler  : Framework request rejected status=404 code=NOT_FOUND traceId=9f972545-a7f8-4ba7-a2b9-649bffc19d12
2026-09-30T12:49:43.299+02:00  WARN 97845 --- [agilityhub-core-api] [           main] c.a.core.shared.api.ApiExceptionHandler  : Framework request rejected status=404 code=NOT_FOUND traceId=d1ae01b5-7442-4593-af9d-5d6dbd290897
2026-09-30T12:49:43.303+02:00  WARN 97845 --- [agilityhub-core-api] [           main] c.a.core.shared.api.ApiExceptionHandler  : Framework request rejected status=404 code=NOT_FOUND traceId=6e259a1d-ae25-4da1-b542-f46dfe3e13d0
2026-09-30T12:49:43.308+02:00  WARN 97845 --- [agilityhub-core-api] [           main] c.a.core.shared.api.ApiExceptionHandler  : Framework request rejected status=404 code=NOT_FOUND traceId=f6f80555-9e76-404e-a5b8-613ae26f4592
2026-09-30T12:49:43.312+02:00  WARN 97845 --- [agilityhub-core-api] [           main] c.a.core.shared.api.ApiExceptionHandler  : Framework request rejected status=404 code=NOT_FOUND traceId=1190b9f7-a2ca-4df5-805f-3f4045f5d1ed
2026-09-30T12:49:43.315+02:00  WARN 97845 --- [agilityhub-core-api] [           main] c.a.core.shared.api.ApiExceptionHandler  : Framework request rejected status=404 code=NOT_FOUND traceId=853c3694-a1f3-47d6-89b8-b5f07698936b
2026-09-30T12:49:43.318+02:00  WARN 97845 --- [agilityhub-core-api] [           main] c.a.core.shared.api.ApiExceptionHandler  : Framework request rejected status=404 code=NOT_FOUND traceId=61b87b3e-27cf-49a7-8a9d-a41247419057
2026-09-30T12:49:43.323+02:00  WARN 97845 --- [agilityhub-core-api] [           main] c.a.core.shared.api.ApiExceptionHandler  : Framework request rejected status=404 code=NOT_FOUND traceId=0dd87015-8fd8-47bc-be29-6aa7bd4703a0
2026-09-30T12:49:43.328+02:00  WARN 97845 --- [agilityhub-core-api] [           main] c.a.core.shared.api.ApiExceptionHandler  : Framework request rejected status=404 code=NOT_FOUND traceId=6e16f518-8fb5-47b9-a28b-7d72cca4de3e
2026-09-30T12:49:43.332+02:00  WARN 97845 --- [agilityhub-core-api] [           main] c.a.core.shared.api.ApiExceptionHandler  : Framework request rejected status=404 code=NOT_FOUND traceId=2b24391c-390b-4f68-b084-0971fdb5b46b
2026-09-30T12:49:43.336+02:00  WARN 97845 --- [agilityhub-core-api] [           main] c.a.core.shared.api.ApiExceptionHandler  : Framework request rejected status=404 code=NOT_FOUND traceId=92dd886f-c732-4eb0-b231-18152367ba53
2026-09-30T12:49:43.340+02:00  WARN 97845 --- [agilityhub-core-api] [           main] c.a.core.shared.api.ApiExceptionHandler  : Framework request rejected status=404 code=NOT_FOUND traceId=f1d9374f-6018-4849-84e4-32b293d03b23
2026-09-30T12:49:43.343+02:00  WARN 97845 --- [agilityhub-core-api] [           main] c.a.core.shared.api.ApiExceptionHandler  : Framework request rejected status=404 code=NOT_FOUND traceId=a2aa3d3d-1c62-4168-9f69-f341c92f2b88
2026-09-30T12:49:43.345+02:00  WARN 97845 --- [agilityhub-core-api] [           main] c.a.core.shared.api.ApiExceptionHandler  : Framework request rejected status=404 code=NOT_FOUND traceId=b5480b79-199a-47e7-b105-518ab3a6addb
2026-09-30T12:49:43.349+02:00  WARN 97845 --- [agilityhub-core-api] [           main] c.a.core.shared.api.ApiExceptionHandler  : Framework request rejected status=404 code=NOT_FOUND traceId=7ab4a357-608f-4342-a8d2-45974b17b3ee
2026-09-30T12:49:43.352+02:00  WARN 97845 --- [agilityhub-core-api] [           main] c.a.core.shared.api.ApiExceptionHandler  : Framework request rejected status=404 code=NOT_FOUND traceId=5b03629c-0030-4eb1-8634-ded3c0f01b7d
2026-09-30T12:49:43.356+02:00  WARN 97845 --- [agilityhub-core-api] [           main] c.a.core.shared.api.ApiExceptionHandler  : Framework request rejected status=404 code=NOT_FOUND traceId=654a04d8-38ca-4821-b79c-6a1b2ae17799
2026-09-30T12:49:43.359+02:00  WARN 97845 --- [agilityhub-core-api] [           main] c.a.core.shared.api.ApiExceptionHandler  : Framework request rejected status=404 code=NOT_FOUND traceId=66fb5e93-8684-4d37-89ba-66a9283d9220
2026-09-30T12:49:43.362+02:00  WARN 97845 --- [agilityhub-core-api] [           main] c.a.core.shared.api.ApiExceptionHandler  : Framework request rejected status=404 code=NOT_FOUND traceId=7cc0ae10-d238-4012-b691-70f1215904ea
2026-09-30T12:49:43.365+02:00  WARN 97845 --- [agilityhub-core-api] [           main] c.a.core.shared.api.ApiExceptionHandler  : Framework request rejected status=404 code=NOT_FOUND traceId=bf34e5a7-ab4f-467d-8257-da71c150dd38
2026-09-30T12:49:43.366+02:00  WARN 97845 --- [agilityhub-core-api] [           main] c.a.core.shared.api.ApiExceptionHandler  : Framework request rejected status=404 code=NOT_FOUND traceId=6f350c52-4a98-4a20-90ae-096be629bfb5
2026-09-30T12:49:43.369+02:00  WARN 97845 --- [agilityhub-core-api] [           main] c.a.core.shared.api.ApiExceptionHandler  : Framework request rejected status=404 code=NOT_FOUND traceId=6c41ee62-bfd9-44ba-b35d-79520ed3bbbc
2026-09-30T12:49:43.370+02:00  WARN 97845 --- [agilityhub-core-api] [           main] c.a.core.shared.api.ApiExceptionHandler  : Framework request rejected status=404 code=NOT_FOUND traceId=00c7ad7e-4b58-4335-b4ca-867ca39940e1
2026-09-30T12:49:43.373+02:00  WARN 97845 --- [agilityhub-core-api] [           main] c.a.core.shared.api.ApiExceptionHandler  : Framework request rejected status=404 code=NOT_FOUND traceId=245cf92b-1ffa-4a46-8fdb-b20066559a77
2026-09-30T12:49:43.376+02:00  WARN 97845 --- [agilityhub-core-api] [           main] c.a.core.shared.api.ApiExceptionHandler  : Framework request rejected status=404 code=NOT_FOUND traceId=ba846ab3-9990-46a6-ae54-f38d393d9b8c
2026-09-30T12:49:43.378+02:00  WARN 97845 --- [agilityhub-core-api] [           main] c.a.core.shared.api.ApiExceptionHandler  : Framework request rejected status=404 code=NOT_FOUND traceId=85076187-fb05-40c4-b8b6-3a78c72f31c0
2026-09-30T12:49:43.382+02:00  WARN 97845 --- [agilityhub-core-api] [           main] c.a.core.shared.api.ApiExceptionHandler  : Framework request rejected status=404 code=NOT_FOUND traceId=064f6952-9a6a-4a6f-83c2-e68c074f61e3
2026-09-30T12:49:43.386+02:00  WARN 97845 --- [agilityhub-core-api] [           main] c.a.core.shared.api.ApiExceptionHandler  : Framework request rejected status=404 code=NOT_FOUND traceId=bbd03ddf-8f90-4c99-9c0f-16ebef969fd0
2026-09-30T12:49:43.389+02:00  WARN 97845 --- [agilityhub-core-api] [           main] c.a.core.shared.api.ApiExceptionHandler  : Framework request rejected status=404 code=NOT_FOUND traceId=64f803c6-c72b-4c32-9b2e-314dfa73d673
2026-09-30T12:49:43.393+02:00  WARN 97845 --- [agilityhub-core-api] [           main] c.a.core.shared.api.ApiExceptionHandler  : Framework request rejected status=404 code=NOT_FOUND traceId=e8fac1a9-d763-4c91-8a6b-600f5cef5b74
2026-09-30T12:49:43.395+02:00  WARN 97845 --- [agilityhub-core-api] [           main] c.a.core.shared.api.ApiExceptionHandler  : Framework request rejected status=404 code=NOT_FOUND traceId=7d8fa236-5131-4c65-a9a4-439597d98014
2026-09-30T12:49:43.400+02:00  WARN 97845 --- [agilityhub-core-api] [           main] c.a.core.shared.api.ApiExceptionHandler  : Framework request rejected status=404 code=NOT_FOUND traceId=f4d973d3-f160-4cfb-9f3a-a13523a850fb
2026-09-30T12:49:43.404+02:00  WARN 97845 --- [agilityhub-core-api] [           main] c.a.core.shared.api.ApiExceptionHandler  : Framework request rejected status=404 code=NOT_FOUND traceId=df712c46-226c-4fab-a777-1200fde7903e
2026-09-30T12:49:43.409+02:00  WARN 97845 --- [agilityhub-core-api] [           main] c.a.core.shared.api.ApiExceptionHandler  : Framework request rejected status=404 code=NOT_FOUND traceId=2944588a-885a-4b73-b366-3c9fa8dcb39f
2026-09-30T12:49:43.414+02:00  WARN 97845 --- [agilityhub-core-api] [           main] c.a.core.shared.api.ApiExceptionHandler  : Framework request rejected status=404 code=NOT_FOUND traceId=4c272e15-b47c-4ece-b5e2-a2dff22b6c73
2026-09-30T12:49:43.417+02:00  WARN 97845 --- [agilityhub-core-api] [           main] c.a.core.shared.api.ApiExceptionHandler  : Framework request rejected status=404 code=NOT_FOUND traceId=1e893479-d66e-4893-969d-72715bd037a8
2026-09-30T12:49:43.420+02:00  WARN 97845 --- [agilityhub-core-api] [           main] c.a.core.shared.api.ApiExceptionHandler  : Framework request rejected status=404 code=NOT_FOUND traceId=d4383c18-0be8-4426-bcd5-f97d7163f1a6
2026-09-30T12:49:43.424+02:00  WARN 97845 --- [agilityhub-core-api] [           main] c.a.core.shared.api.ApiExceptionHandler  : Framework request rejected status=404 code=NOT_FOUND traceId=edb5f9fe-f3e7-4966-bbb5-d2d963c40dc0
2026-09-30T12:49:43.428+02:00  WARN 97845 --- [agilityhub-core-api] [           main] c.a.core.shared.api.ApiExceptionHandler  : Framework request rejected status=404 code=NOT_FOUND traceId=4664ea1f-e5db-491a-8ecd-2249075d2d55
2026-09-30T12:49:43.433+02:00  WARN 97845 --- [agilityhub-core-api] [           main] c.a.core.shared.api.ApiExceptionHandler  : Framework request rejected status=404 code=NOT_FOUND traceId=2cdc806b-5815-4c86-ac70-99ae55dc6490
2026-09-30T12:49:43.438+02:00  WARN 97845 --- [agilityhub-core-api] [           main] c.a.core.shared.api.ApiExceptionHandler  : Framework request rejected status=404 code=NOT_FOUND traceId=67217dda-c5aa-4468-ac3b-bc2c4890b9b5
2026-09-30T12:49:43.441+02:00  WARN 97845 --- [agilityhub-core-api] [           main] c.a.core.shared.api.ApiExceptionHandler  : Framework request rejected status=404 code=NOT_FOUND traceId=70ff2ef7-ba2a-45fc-90d6-9cc70a1f1768
2026-09-30T12:49:43.445+02:00  WARN 97845 --- [agilityhub-core-api] [           main] c.a.core.shared.api.ApiExceptionHandler  : Framework request rejected status=404 code=NOT_FOUND traceId=cac1b31a-c23c-40e8-8373-82156155807a
2026-09-30T12:49:43.450+02:00  WARN 97845 --- [agilityhub-core-api] [           main] c.a.core.shared.api.ApiExceptionHandler  : Framework request rejected status=404 code=NOT_FOUND traceId=857c096d-f0d8-4d94-b17a-fad8ac1a9e4a
2026-09-30T12:49:43.454+02:00  WARN 97845 --- [agilityhub-core-api] [           main] c.a.core.shared.api.ApiExceptionHandler  : Framework request rejected status=404 code=NOT_FOUND traceId=bda2e66d-c164-4971-9e7b-e7632785bd8c
2026-09-30T12:49:43.459+02:00  WARN 97845 --- [agilityhub-core-api] [           main] c.a.core.shared.api.ApiExceptionHandler  : Framework request rejected status=404 code=NOT_FOUND traceId=63f7d9b3-a7f3-46c7-b33c-0ec9f46cd2b6
2026-09-30T12:49:43.464+02:00  WARN 97845 --- [agilityhub-core-api] [           main] c.a.core.shared.api.ApiExceptionHandler  : Framework request rejected status=404 code=NOT_FOUND traceId=98566585-8bbb-4465-a9ee-e565118009e7
2026-09-30T12:49:43.467+02:00  WARN 97845 --- [agilityhub-core-api] [           main] c.a.core.shared.api.ApiExceptionHandler  : Framework request rejected status=404 code=NOT_FOUND traceId=c41b4d28-1f52-48ad-941e-b086bdaab323
2026-09-30T12:49:43.469+02:00  WARN 97845 --- [agilityhub-core-api] [           main] c.a.core.shared.api.ApiExceptionHandler  : Framework request rejected status=404 code=NOT_FOUND traceId=c3db34ce-3bf3-4a34-aed4-7e2c34a28320
2026-09-30T12:49:43.472+02:00  WARN 97845 --- [agilityhub-core-api] [           main] c.a.core.shared.api.ApiExceptionHandler  : Framework request rejected status=404 code=NOT_FOUND traceId=00cf35e7-f80c-4cd8-b047-d4768c1cbce4
2026-09-30T12:49:43.476+02:00  WARN 97845 --- [agilityhub-core-api] [           main] c.a.core.shared.api.ApiExceptionHandler  : Framework request rejected status=404 code=NOT_FOUND traceId=f62b756e-9070-45f2-bd90-0e249ebee410
2026-09-30T12:49:43.480+02:00  WARN 97845 --- [agilityhub-core-api] [           main] c.a.core.shared.api.ApiExceptionHandler  : Framework request rejected status=404 code=NOT_FOUND traceId=381623cd-6e54-46eb-8fd6-20ac1e5dbace
2026-09-30T12:49:43.484+02:00  WARN 97845 --- [agilityhub-core-api] [           main] c.a.core.shared.api.ApiExceptionHandler  : Framework request rejected status=404 code=NOT_FOUND traceId=45024cbb-547a-4e0d-bbb4-39ea089d2e42
2026-09-30T12:49:43.487+02:00  WARN 97845 --- [agilityhub-core-api] [           main] c.a.core.shared.api.ApiExceptionHandler  : Framework request rejected status=404 code=NOT_FOUND traceId=ebf26b83-b5fd-4c25-852e-fc6843a0d706
2026-09-30T12:49:43.490+02:00  WARN 97845 --- [agilityhub-core-api] [           main] c.a.core.shared.api.ApiExceptionHandler  : Framework request rejected status=404 code=NOT_FOUND traceId=a6482197-db76-429a-8426-465e5bd7b197
2026-09-30T12:49:43.492+02:00  WARN 97845 --- [agilityhub-core-api] [           main] c.a.core.shared.api.ApiExceptionHandler  : Framework request rejected status=404 code=NOT_FOUND traceId=596234b7-9db0-4ca6-8ac5-d4412c3b6a72
2026-09-30T12:49:43.495+02:00  WARN 97845 --- [agilityhub-core-api] [           main] c.a.core.shared.api.ApiExceptionHandler  : Framework request rejected status=404 code=NOT_FOUND traceId=edf178bd-73f8-45a9-91e3-84f633f5d22b
2026-09-30T12:49:43.499+02:00  WARN 97845 --- [agilityhub-core-api] [           main] c.a.core.shared.api.ApiExceptionHandler  : Framework request rejected status=404 code=NOT_FOUND traceId=194c988e-1874-4ad5-b49d-4aa5118c2d88
2026-09-30T12:49:43.502+02:00  WARN 97845 --- [agilityhub-core-api] [           main] c.a.core.shared.api.ApiExceptionHandler  : Framework request rejected status=404 code=NOT_FOUND traceId=d7537d53-0968-4194-9613-678ea8d72d57
2026-09-30T12:49:43.505+02:00  WARN 97845 --- [agilityhub-core-api] [           main] c.a.core.shared.api.ApiExceptionHandler  : Framework request rejected status=404 code=NOT_FOUND traceId=9e933a59-225b-448a-a683-eb94ea5ca80f
2026-09-30T12:49:43.510+02:00  WARN 97845 --- [agilityhub-core-api] [           main] c.a.core.shared.api.ApiExceptionHandler  : Framework request rejected status=404 code=NOT_FOUND traceId=07dd9b1e-f575-4d72-a4c6-cd9a5064412b
2026-09-30T12:49:43.514+02:00  WARN 97845 --- [agilityhub-core-api] [           main] c.a.core.shared.api.ApiExceptionHandler  : Framework request rejected status=404 code=NOT_FOUND traceId=bed96fc2-60e7-4387-8266-6e8d375cb3f4
2026-09-30T12:49:43.517+02:00  WARN 97845 --- [agilityhub-core-api] [           main] c.a.core.shared.api.ApiExceptionHandler  : Framework request rejected status=404 code=NOT_FOUND traceId=b7e9af36-c70f-432c-b4c8-742008e3f0bb
2026-09-30T12:49:43.520+02:00  WARN 97845 --- [agilityhub-core-api] [           main] c.a.core.shared.api.ApiExceptionHandler  : Framework request rejected status=404 code=NOT_FOUND traceId=73b4c1c9-f495-4123-a069-f9667bbd408d
2026-09-30T12:49:43.524+02:00  WARN 97845 --- [agilityhub-core-api] [           main] c.a.core.shared.api.ApiExceptionHandler  : Framework request rejected status=404 code=NOT_FOUND traceId=16016df6-5401-445f-b732-c8d3ff3407a3
2026-09-30T12:49:43.527+02:00  WARN 97845 --- [agilityhub-core-api] [           main] c.a.core.shared.api.ApiExceptionHandler  : Framework request rejected status=404 code=NOT_FOUND traceId=e09122de-f23b-4855-99c9-d9279db1ebdd
2026-09-30T12:49:43.532+02:00  WARN 97845 --- [agilityhub-core-api] [           main] c.a.core.shared.api.ApiExceptionHandler  : Framework request rejected status=404 code=NOT_FOUND traceId=f4455994-d8d4-4a99-acdb-f5f45ce46864
2026-09-30T12:49:43.536+02:00  WARN 97845 --- [agilityhub-core-api] [           main] c.a.core.shared.api.ApiExceptionHandler  : Framework request rejected status=404 code=NOT_FOUND traceId=7decb11b-0f21-47f2-8291-77b55d73c8f6
2026-09-30T12:49:43.540+02:00  WARN 97845 --- [agilityhub-core-api] [           main] c.a.core.shared.api.ApiExceptionHandler  : Framework request rejected status=404 code=NOT_FOUND traceId=d06cd60a-48dc-4544-9da9-8fff0620d1a1
2026-09-30T12:49:43.543+02:00  WARN 97845 --- [agilityhub-core-api] [           main] c.a.core.shared.api.ApiExceptionHandler  : Framework request rejected status=404 code=NOT_FOUND traceId=e9e09f4d-1239-4bea-8fe0-d5dcfbf9a02c
2026-09-30T12:49:43.545+02:00  WARN 97845 --- [agilityhub-core-api] [           main] c.a.core.shared.api.ApiExceptionHandler  : Framework request rejected status=404 code=NOT_FOUND traceId=52bb2f39-6f3a-41e4-9645-9e592d7ebd65
2026-09-30T12:49:43.549+02:00  WARN 97845 --- [agilityhub-core-api] [           main] c.a.core.shared.api.ApiExceptionHandler  : Framework request rejected status=404 code=NOT_FOUND traceId=b795d97d-03da-4aee-8141-40d5f3652991
2026-09-30T12:49:43.553+02:00  WARN 97845 --- [agilityhub-core-api] [           main] c.a.core.shared.api.ApiExceptionHandler  : Framework request rejected status=404 code=NOT_FOUND traceId=72b19874-eaf6-49e8-b2b1-a75450b5de48
2026-09-30T12:49:43.557+02:00  WARN 97845 --- [agilityhub-core-api] [           main] c.a.core.shared.api.ApiExceptionHandler  : Framework request rejected status=404 code=NOT_FOUND traceId=b0e0bcf3-022f-4e56-be12-2151dbf39509
2026-09-30T12:49:43.561+02:00  WARN 97845 --- [agilityhub-core-api] [           main] c.a.core.shared.api.ApiExceptionHandler  : Framework request rejected status=404 code=NOT_FOUND traceId=70c58b51-e886-448f-a7ab-75fc8be04a6a
2026-09-30T12:49:43.566+02:00  WARN 97845 --- [agilityhub-core-api] [           main] c.a.core.shared.api.ApiExceptionHandler  : Framework request rejected status=404 code=NOT_FOUND traceId=31bfb851-cb4a-476f-a773-2399441ac834
2026-09-30T12:49:43.573+02:00  WARN 97845 --- [agilityhub-core-api] [           main] c.a.core.shared.api.ApiExceptionHandler  : Framework request rejected status=404 code=NOT_FOUND traceId=7428b35e-7aab-47f8-94f0-515608830ba4
2026-09-30T12:49:43.577+02:00  WARN 97845 --- [agilityhub-core-api] [           main] c.a.core.shared.api.ApiExceptionHandler  : Framework request rejected status=404 code=NOT_FOUND traceId=90c5cb8c-be26-4ef6-9f03-e163b624df51
2026-09-30T12:49:43.581+02:00  WARN 97845 --- [agilityhub-core-api] [           main] c.a.core.shared.api.ApiExceptionHandler  : Framework request rejected status=404 code=NOT_FOUND traceId=613bbe70-40b8-4e99-a621-d4f349874ab1
2026-09-30T12:49:43.585+02:00  WARN 97845 --- [agilityhub-core-api] [           main] c.a.core.shared.api.ApiExceptionHandler  : Framework request rejected status=404 code=NOT_FOUND traceId=8c6aa210-6d5f-4b00-b6ed-b81b789d64ef
2026-09-30T12:49:43.590+02:00  WARN 97845 --- [agilityhub-core-api] [           main] c.a.core.shared.api.ApiExceptionHandler  : Framework request rejected status=404 code=NOT_FOUND traceId=b8ceefac-5a8c-445b-b30f-73544180bd14
2026-09-30T12:49:43.595+02:00  WARN 97845 --- [agilityhub-core-api] [           main] c.a.core.shared.api.ApiExceptionHandler  : Framework request rejected status=404 code=NOT_FOUND traceId=a7bcffc7-0fe1-4369-b3c5-0a288d4fb9dc
2026-09-30T12:49:43.598+02:00  WARN 97845 --- [agilityhub-core-api] [           main] c.a.core.shared.api.ApiExceptionHandler  : Framework request rejected status=404 code=NOT_FOUND traceId=35bc29f8-a6a9-4136-9694-98fc967e719c
2026-09-30T12:49:43.601+02:00  WARN 97845 --- [agilityhub-core-api] [           main] c.a.core.shared.api.ApiExceptionHandler  : Framework request rejected status=404 code=NOT_FOUND traceId=8a27d814-e603-416c-ba1f-006ca154420a
2026-09-30T12:49:43.603+02:00  WARN 97845 --- [agilityhub-core-api] [           main] c.a.core.shared.api.ApiExceptionHandler  : Framework request rejected status=404 code=NOT_FOUND traceId=21bd0f8f-5e42-4d35-84e8-60bd72eb33ea
2026-09-30T12:49:43.607+02:00  WARN 97845 --- [agilityhub-core-api] [           main] c.a.core.shared.api.ApiExceptionHandler  : Framework request rejected status=404 code=NOT_FOUND traceId=acade430-2fa8-4db5-a868-75bb2cfc82bf
2026-09-30T12:49:43.611+02:00  WARN 97845 --- [agilityhub-core-api] [           main] c.a.core.shared.api.ApiExceptionHandler  : Framework request rejected status=404 code=NOT_FOUND traceId=fb00a61e-a512-42cd-9cee-be7c0db17aa6
2026-09-30T12:49:43.615+02:00  WARN 97845 --- [agilityhub-core-api] [           main] c.a.core.shared.api.ApiExceptionHandler  : Framework request rejected status=404 code=NOT_FOUND traceId=700b7b63-b579-49a4-86fb-da6d25b5fc83
2026-09-30T12:49:43.619+02:00  WARN 97845 --- [agilityhub-core-api] [           main] c.a.core.shared.api.ApiExceptionHandler  : Framework request rejected status=404 code=NOT_FOUND traceId=e9418bf4-e77c-4dcc-b533-9723df4dd8f4
2026-09-30T12:49:43.622+02:00  WARN 97845 --- [agilityhub-core-api] [           main] c.a.core.shared.api.ApiExceptionHandler  : Framework request rejected status=404 code=NOT_FOUND traceId=41711b58-a507-4c61-8873-1efea0ed5fe8
2026-09-30T12:49:43.624+02:00  WARN 97845 --- [agilityhub-core-api] [           main] c.a.core.shared.api.ApiExceptionHandler  : Framework request rejected status=404 code=NOT_FOUND traceId=fd627fe4-0c2a-4181-8d73-5a5bc2c55df4
2026-09-30T12:49:43.627+02:00  WARN 97845 --- [agilityhub-core-api] [           main] c.a.core.shared.api.ApiExceptionHandler  : Framework request rejected status=404 code=NOT_FOUND traceId=6c864ca3-527f-443a-99fb-f497451ce66b
2026-09-30T12:49:43.631+02:00  WARN 97845 --- [agilityhub-core-api] [           main] c.a.core.shared.api.ApiExceptionHandler  : Framework request rejected status=404 code=NOT_FOUND traceId=4ff46049-b5c8-42a7-ad38-4a6c5a4a5739
2026-09-30T12:49:43.635+02:00  WARN 97845 --- [agilityhub-core-api] [           main] c.a.core.shared.api.ApiExceptionHandler  : Framework request rejected status=404 code=NOT_FOUND traceId=73407f70-6e68-4093-9694-500a2789db18
2026-09-30T12:49:43.640+02:00  WARN 97845 --- [agilityhub-core-api] [           main] c.a.core.shared.api.ApiExceptionHandler  : Framework request rejected status=404 code=NOT_FOUND traceId=e9b4081b-3fae-4a4f-af53-12c335a25f64
2026-09-30T12:49:43.645+02:00  WARN 97845 --- [agilityhub-core-api] [           main] c.a.core.shared.api.ApiExceptionHandler  : Framework request rejected status=404 code=NOT_FOUND traceId=db9c915f-da12-4596-a3dc-b4bf299d47b1
2026-09-30T12:49:43.649+02:00  WARN 97845 --- [agilityhub-core-api] [           main] c.a.core.shared.api.ApiExceptionHandler  : Framework request rejected status=404 code=NOT_FOUND traceId=fed63b52-97e2-4c5a-9da9-4d5b3f94f0c0
2026-09-30T12:49:43.652+02:00  WARN 97845 --- [agilityhub-core-api] [           main] c.a.core.shared.api.ApiExceptionHandler  : Framework request rejected status=404 code=NOT_FOUND traceId=721d6e8e-b1ea-486f-9cd0-9e6b8e8b73bb
2026-09-30T12:49:43.656+02:00  WARN 97845 --- [agilityhub-core-api] [           main] c.a.core.shared.api.ApiExceptionHandler  : Framework request rejected status=404 code=NOT_FOUND traceId=f063c56c-82bc-4d25-bbd1-eea971b58a74
2026-09-30T12:49:43.661+02:00  WARN 97845 --- [agilityhub-core-api] [           main] c.a.core.shared.api.ApiExceptionHandler  : Framework request rejected status=404 code=NOT_FOUND traceId=db051c7c-0f32-4915-b2a8-0aa69c4b3aa8
2026-09-30T12:49:43.666+02:00  WARN 97845 --- [agilityhub-core-api] [           main] c.a.core.shared.api.ApiExceptionHandler  : Framework request rejected status=404 code=NOT_FOUND traceId=7e351765-5dba-47da-93e8-97b1a95e482f
2026-09-30T12:49:43.671+02:00  WARN 97845 --- [agilityhub-core-api] [           main] c.a.core.shared.api.ApiExceptionHandler  : Framework request rejected status=404 code=NOT_FOUND traceId=b8d190cf-c38a-4011-bfc4-af4cfc02329f
2026-09-30T12:49:43.675+02:00  WARN 97845 --- [agilityhub-core-api] [           main] c.a.core.shared.api.ApiExceptionHandler  : Framework request rejected status=404 code=NOT_FOUND traceId=542aef9f-46f0-4b14-8644-e2d3a61a340c
2026-09-30T12:49:43.679+02:00  WARN 97845 --- [agilityhub-core-api] [           main] c.a.core.shared.api.ApiExceptionHandler  : Framework request rejected status=404 code=NOT_FOUND traceId=ab984994-9246-446d-bcbb-2614f0b937ea
2026-09-30T12:49:43.684+02:00  WARN 97845 --- [agilityhub-core-api] [           main] c.a.core.shared.api.ApiExceptionHandler  : Framework request rejected status=404 code=NOT_FOUND traceId=7cba0ea5-a37e-49de-a971-6a3d66aa94ed
2026-09-30T12:49:43.689+02:00  WARN 97845 --- [agilityhub-core-api] [           main] c.a.core.shared.api.ApiExceptionHandler  : Framework request rejected status=404 code=NOT_FOUND traceId=6460ee8f-f8f3-4dab-a057-ebb7d763cadc
2026-09-30T12:49:43.692+02:00  WARN 97845 --- [agilityhub-core-api] [           main] c.a.core.shared.api.ApiExceptionHandler  : Framework request rejected status=404 code=NOT_FOUND traceId=d0428b67-000d-4091-937f-a5cde4b924b4
2026-09-30T12:49:43.696+02:00  WARN 97845 --- [agilityhub-core-api] [           main] c.a.core.shared.api.ApiExceptionHandler  : Framework request rejected status=404 code=NOT_FOUND traceId=4b5fa293-af1a-467e-974b-976de8128ef6
2026-09-30T12:49:43.700+02:00  WARN 97845 --- [agilityhub-core-api] [           main] c.a.core.shared.api.ApiExceptionHandler  : Framework request rejected status=404 code=NOT_FOUND traceId=c60e86cc-fda4-48e3-9e30-6631a74460ab
2026-09-30T12:49:43.705+02:00  WARN 97845 --- [agilityhub-core-api] [           main] c.a.core.shared.api.ApiExceptionHandler  : Framework request rejected status=404 code=NOT_FOUND traceId=236a86d2-0157-412b-93dc-293b61c7a75f
2026-09-30T12:49:43.710+02:00  WARN 97845 --- [agilityhub-core-api] [           main] c.a.core.shared.api.ApiExceptionHandler  : Framework request rejected status=404 code=NOT_FOUND traceId=f298818e-ab25-47bb-a1cb-2427f73fb34e
2026-09-30T12:49:43.714+02:00  WARN 97845 --- [agilityhub-core-api] [           main] c.a.core.shared.api.ApiExceptionHandler  : Framework request rejected status=404 code=NOT_FOUND traceId=ee075207-6d27-477c-8160-b48a4e2d7eea
2026-09-30T12:49:43.716+02:00  WARN 97845 --- [agilityhub-core-api] [           main] c.a.core.shared.api.ApiExceptionHandler  : Framework request rejected status=404 code=NOT_FOUND traceId=38c87a74-02a2-4637-ae2e-a5f8e44e67c8
2026-09-30T12:49:43.719+02:00  WARN 97845 --- [agilityhub-core-api] [           main] c.a.core.shared.api.ApiExceptionHandler  : Framework request rejected status=404 code=NOT_FOUND traceId=d0b018d6-dd4a-4084-a127-9fa52e59603b
2026-09-30T12:49:43.723+02:00  WARN 97845 --- [agilityhub-core-api] [           main] c.a.core.shared.api.ApiExceptionHandler  : Framework request rejected status=404 code=NOT_FOUND traceId=6689231f-bf1a-407a-88a9-ad0c72c7064f
2026-09-30T12:49:43.728+02:00  WARN 97845 --- [agilityhub-core-api] [           main] c.a.core.shared.api.ApiExceptionHandler  : Framework request rejected status=404 code=NOT_FOUND traceId=5688125b-6000-4809-9a1a-3bd76d782f8f
2026-09-30T12:49:43.731+02:00  WARN 97845 --- [agilityhub-core-api] [           main] c.a.core.shared.api.ApiExceptionHandler  : Framework request rejected status=404 code=NOT_FOUND traceId=d5910ea8-328c-41af-b7d2-5915196da4b5
2026-09-30T12:49:43.735+02:00  WARN 97845 --- [agilityhub-core-api] [           main] c.a.core.shared.api.ApiExceptionHandler  : Framework request rejected status=404 code=NOT_FOUND traceId=33352b2e-80d1-4332-bb91-7ef46d3007ad
2026-09-30T12:49:43.737+02:00  WARN 97845 --- [agilityhub-core-api] [           main] c.a.core.shared.api.ApiExceptionHandler  : Framework request rejected status=404 code=NOT_FOUND traceId=9d184e64-ac70-47de-a97b-c5d353f18f06
2026-09-30T12:49:43.741+02:00  WARN 97845 --- [agilityhub-core-api] [           main] c.a.core.shared.api.ApiExceptionHandler  : Framework request rejected status=404 code=NOT_FOUND traceId=d1479b71-bb7a-40ec-8c2f-ffdbebece212
2026-09-30T12:49:43.745+02:00  WARN 97845 --- [agilityhub-core-api] [           main] c.a.core.shared.api.ApiExceptionHandler  : Framework request rejected status=404 code=NOT_FOUND traceId=65f61b22-7a17-4126-98c7-8763620031ea
2026-09-30T12:49:43.750+02:00  WARN 97845 --- [agilityhub-core-api] [           main] c.a.core.shared.api.ApiExceptionHandler  : Framework request rejected status=404 code=NOT_FOUND traceId=0ff5221d-617f-438b-884f-d8be5b7ac7fc
2026-09-30T12:49:43.754+02:00  WARN 97845 --- [agilityhub-core-api] [           main] c.a.core.shared.api.ApiExceptionHandler  : Framework request rejected status=404 code=NOT_FOUND traceId=7db09da2-972a-49bd-bcf8-b8da9d0deb9c
2026-09-30T12:49:43.758+02:00  WARN 97845 --- [agilityhub-core-api] [           main] c.a.core.shared.api.ApiExceptionHandler  : Framework request rejected status=404 code=NOT_FOUND traceId=de9c7b01-7653-406d-97ae-77ce27da4c3f
2026-09-30T12:49:43.761+02:00  WARN 97845 --- [agilityhub-core-api] [           main] c.a.core.shared.api.ApiExceptionHandler  : Framework request rejected status=404 code=NOT_FOUND traceId=4478c7d3-5812-4187-b315-5fb2f5671039
2026-09-30T12:49:43.765+02:00  WARN 97845 --- [agilityhub-core-api] [           main] c.a.core.shared.api.ApiExceptionHandler  : Framework request rejected status=404 code=NOT_FOUND traceId=e97f0105-46a0-426d-b23f-7890cda71eaf
2026-09-30T12:49:43.769+02:00  WARN 97845 --- [agilityhub-core-api] [           main] c.a.core.shared.api.ApiExceptionHandler  : Framework request rejected status=404 code=NOT_FOUND traceId=55741505-3a44-4345-bdfd-d07289afe03e
2026-09-30T12:49:43.773+02:00  WARN 97845 --- [agilityhub-core-api] [           main] c.a.core.shared.api.ApiExceptionHandler  : Framework request rejected status=404 code=NOT_FOUND traceId=060b9831-640b-41af-bfda-99b6413d9bb2
2026-09-30T12:49:43.777+02:00  WARN 97845 --- [agilityhub-core-api] [           main] c.a.core.shared.api.ApiExceptionHandler  : Framework request rejected status=404 code=NOT_FOUND traceId=1a70b89b-2966-44a8-b7ab-c0331d5f7c59
2026-09-30T12:49:43.781+02:00  WARN 97845 --- [agilityhub-core-api] [           main] c.a.core.shared.api.ApiExceptionHandler  : Framework request rejected status=404 code=NOT_FOUND traceId=6b83d490-8bc0-4ccf-9474-208263c3b38e
2026-09-30T12:49:43.784+02:00  WARN 97845 --- [agilityhub-core-api] [           main] c.a.core.shared.api.ApiExceptionHandler  : Framework request rejected status=404 code=NOT_FOUND traceId=91ebcd9b-672e-4a73-a1c3-6bafa493a480
2026-09-30T12:49:43.786+02:00  WARN 97845 --- [agilityhub-core-api] [           main] c.a.core.shared.api.ApiExceptionHandler  : Framework request rejected status=404 code=NOT_FOUND traceId=9fc25f8a-93d0-4b3d-bb77-5eb005ca925b
2026-09-30T12:49:43.790+02:00  WARN 97845 --- [agilityhub-core-api] [           main] c.a.core.shared.api.ApiExceptionHandler  : Framework request rejected status=404 code=NOT_FOUND traceId=f1dd85ad-a809-461d-a417-6590ee140d7a
2026-09-30T12:49:43.794+02:00  WARN 97845 --- [agilityhub-core-api] [           main] c.a.core.shared.api.ApiExceptionHandler  : Framework request rejected status=404 code=NOT_FOUND traceId=4ec18009-bb92-48d4-9030-61475c3481af
2026-09-30T12:49:43.799+02:00  WARN 97845 --- [agilityhub-core-api] [           main] c.a.core.shared.api.ApiExceptionHandler  : Framework request rejected status=404 code=NOT_FOUND traceId=0a2ef48b-74ce-46fe-ac73-4eeaa36261f2
2026-09-30T12:49:43.801+02:00  WARN 97845 --- [agilityhub-core-api] [           main] c.a.core.shared.api.ApiExceptionHandler  : Framework request rejected status=404 code=NOT_FOUND traceId=6c5ca53b-24ea-49d1-9cf2-0d425f5f4db2
2026-09-30T12:49:43.805+02:00  WARN 97845 --- [agilityhub-core-api] [           main] c.a.core.shared.api.ApiExceptionHandler  : Framework request rejected status=404 code=NOT_FOUND traceId=98a80e1d-b4d4-4e5b-af5f-b1c0ab7ef022
2026-09-30T12:49:43.809+02:00  WARN 97845 --- [agilityhub-core-api] [           main] c.a.core.shared.api.ApiExceptionHandler  : Framework request rejected status=404 code=NOT_FOUND traceId=22293049-978e-48ba-a89a-d20b21394817
2026-09-30T12:49:43.814+02:00  WARN 97845 --- [agilityhub-core-api] [           main] c.a.core.shared.api.ApiExceptionHandler  : Framework request rejected status=404 code=NOT_FOUND traceId=060e3ddd-c8e1-4bf7-8f59-0d28922e9e40
2026-09-30T12:49:43.818+02:00  WARN 97845 --- [agilityhub-core-api] [           main] c.a.core.shared.api.ApiExceptionHandler  : Framework request rejected status=404 code=NOT_FOUND traceId=23238201-5230-4461-a526-dfef7b1880b5
2026-09-30T12:49:43.823+02:00  WARN 97845 --- [agilityhub-core-api] [           main] c.a.core.shared.api.ApiExceptionHandler  : Framework request rejected status=404 code=NOT_FOUND traceId=c75d9b96-8b7b-4c48-b8f6-d4f4b2015d7c
2026-09-30T12:49:43.826+02:00  WARN 97845 --- [agilityhub-core-api] [           main] c.a.core.shared.api.ApiExceptionHandler  : Framework request rejected status=404 code=NOT_FOUND traceId=b92dc075-a394-43fc-80c1-2d02e999c5eb
2026-09-30T12:49:43.828+02:00  WARN 97845 --- [agilityhub-core-api] [           main] c.a.core.shared.api.ApiExceptionHandler  : Framework request rejected status=404 code=NOT_FOUND traceId=e8bbfec2-9368-4179-a6bd-d160265c8e2a
2026-09-30T12:49:43.831+02:00  WARN 97845 --- [agilityhub-core-api] [           main] c.a.core.shared.api.ApiExceptionHandler  : Framework request rejected status=404 code=NOT_FOUND traceId=aa3d71d7-8519-491b-ad84-7820e55ca40e
2026-09-30T12:49:43.834+02:00  WARN 97845 --- [agilityhub-core-api] [           main] c.a.core.shared.api.ApiExceptionHandler  : Framework request rejected status=404 code=NOT_FOUND traceId=0aa8e908-4ad2-480c-bf4d-5decbeb8817c
2026-09-30T12:49:43.838+02:00  WARN 97845 --- [agilityhub-core-api] [           main] c.a.core.shared.api.ApiExceptionHandler  : Framework request rejected status=404 code=NOT_FOUND traceId=b365ecb3-e0c3-4357-b66d-44675febe0e2
2026-09-30T12:49:43.840+02:00  WARN 97845 --- [agilityhub-core-api] [           main] c.a.core.shared.api.ApiExceptionHandler  : Framework request rejected status=404 code=NOT_FOUND traceId=84c24a59-c27e-4340-ac49-c10b57a1e534
2026-09-30T12:49:43.842+02:00  WARN 97845 --- [agilityhub-core-api] [           main] c.a.core.shared.api.ApiExceptionHandler  : Framework request rejected status=404 code=NOT_FOUND traceId=168f6307-2001-4ab4-aebd-336166364577
2026-09-30T12:49:43.846+02:00  WARN 97845 --- [agilityhub-core-api] [           main] c.a.core.shared.api.ApiExceptionHandler  : Framework request rejected status=404 code=NOT_FOUND traceId=b94ac4fa-b0ef-459e-b86d-1e5740cb7381
2026-09-30T12:49:43.849+02:00  WARN 97845 --- [agilityhub-core-api] [           main] c.a.core.shared.api.ApiExceptionHandler  : Framework request rejected status=404 code=NOT_FOUND traceId=0c885bae-5c65-44b5-a79e-17c5f11dec74
2026-09-30T12:49:43.853+02:00  WARN 97845 --- [agilityhub-core-api] [           main] c.a.core.shared.api.ApiExceptionHandler  : Framework request rejected status=404 code=NOT_FOUND traceId=eab740c9-a45b-42a6-973e-e9fd1d4910ea
2026-09-30T12:49:43.858+02:00  WARN 97845 --- [agilityhub-core-api] [           main] c.a.core.shared.api.ApiExceptionHandler  : Framework request rejected status=404 code=NOT_FOUND traceId=cf9a9e48-9ac1-41fb-a31d-30bfce388043
2026-09-30T12:49:43.861+02:00  WARN 97845 --- [agilityhub-core-api] [           main] c.a.core.shared.api.ApiExceptionHandler  : Framework request rejected status=404 code=NOT_FOUND traceId=e256efd8-c234-4363-af89-4835313264ad
2026-09-30T12:49:43.863+02:00  WARN 97845 --- [agilityhub-core-api] [           main] c.a.core.shared.api.ApiExceptionHandler  : Framework request rejected status=404 code=NOT_FOUND traceId=89fdd4b3-e0cd-49d5-b532-e09015e02190
2026-09-30T12:49:43.866+02:00  WARN 97845 --- [agilityhub-core-api] [           main] c.a.core.shared.api.ApiExceptionHandler  : Framework request rejected status=404 code=NOT_FOUND traceId=fca87034-83de-438f-9aa1-b86a80f022c8
2026-09-30T12:49:43.870+02:00  WARN 97845 --- [agilityhub-core-api] [           main] c.a.core.shared.api.ApiExceptionHandler  : Framework request rejected status=404 code=NOT_FOUND traceId=4a8b3ada-f536-46fb-b385-efb75357e22a
2026-09-30T12:49:43.874+02:00  WARN 97845 --- [agilityhub-core-api] [           main] c.a.core.shared.api.ApiExceptionHandler  : Framework request rejected status=404 code=NOT_FOUND traceId=e3f9d92c-9286-4f75-a2c4-288b83ed8962
2026-09-30T12:49:43.878+02:00  WARN 97845 --- [agilityhub-core-api] [           main] c.a.core.shared.api.ApiExceptionHandler  : Framework request rejected status=404 code=NOT_FOUND traceId=ae4bae91-19b2-4b56-9e30-1dffca4016e1
2026-09-30T12:49:43.882+02:00  WARN 97845 --- [agilityhub-core-api] [           main] c.a.core.shared.api.ApiExceptionHandler  : Framework request rejected status=404 code=NOT_FOUND traceId=3655a82b-57ad-4f5a-b65c-564966162c73
2026-09-30T12:49:43.886+02:00  WARN 97845 --- [agilityhub-core-api] [           main] c.a.core.shared.api.ApiExceptionHandler  : Framework request rejected status=404 code=NOT_FOUND traceId=bbff94b6-8bf8-47e5-a7b5-548d02da1ed5
2026-09-30T12:49:43.888+02:00  WARN 97845 --- [agilityhub-core-api] [           main] c.a.core.shared.api.ApiExceptionHandler  : Framework request rejected status=404 code=NOT_FOUND traceId=d3b25a96-1537-49b3-be8c-c2d92b189d85
2026-09-30T12:49:43.890+02:00  WARN 97845 --- [agilityhub-core-api] [           main] c.a.core.shared.api.ApiExceptionHandler  : Framework request rejected status=404 code=NOT_FOUND traceId=c730e519-77d5-4168-8841-9bc2efe8fc25
2026-09-30T12:49:43.895+02:00  WARN 97845 --- [agilityhub-core-api] [           main] c.a.core.shared.api.ApiExceptionHandler  : Framework request rejected status=404 code=NOT_FOUND traceId=4a173e4c-1176-46ec-807d-cb3b966f3d09
2026-09-30T12:49:43.901+02:00  WARN 97845 --- [agilityhub-core-api] [           main] c.a.core.shared.api.ApiExceptionHandler  : Framework request rejected status=404 code=NOT_FOUND traceId=08a318ad-e110-4960-868e-0e15f301863e
2026-09-30T12:49:43.905+02:00  WARN 97845 --- [agilityhub-core-api] [           main] c.a.core.shared.api.ApiExceptionHandler  : Framework request rejected status=404 code=NOT_FOUND traceId=ad2e570e-7930-47e3-b31d-489ad1b050f7
2026-09-30T12:49:43.909+02:00  WARN 97845 --- [agilityhub-core-api] [           main] c.a.core.shared.api.ApiExceptionHandler  : Framework request rejected status=404 code=NOT_FOUND traceId=71a7b07b-3ec6-4577-a478-3d1ee8f295fe
2026-09-30T12:49:43.912+02:00  WARN 97845 --- [agilityhub-core-api] [           main] c.a.core.shared.api.ApiExceptionHandler  : Framework request rejected status=404 code=NOT_FOUND traceId=e73c2935-12ff-4902-9ef9-5631390692ee
2026-09-30T12:49:43.915+02:00  WARN 97845 --- [agilityhub-core-api] [           main] c.a.core.shared.api.ApiExceptionHandler  : Framework request rejected status=404 code=NOT_FOUND traceId=c75aa13c-fbd8-4130-9974-948529efe465
2026-09-30T12:49:43.919+02:00  WARN 97845 --- [agilityhub-core-api] [           main] c.a.core.shared.api.ApiExceptionHandler  : Framework request rejected status=404 code=NOT_FOUND traceId=fab5d0d7-567b-42ef-a393-1686bd72882b
2026-09-30T12:49:43.923+02:00  WARN 97845 --- [agilityhub-core-api] [           main] c.a.core.shared.api.ApiExceptionHandler  : Framework request rejected status=404 code=NOT_FOUND traceId=1a392545-d9af-4241-8729-77c93cc8783e
2026-09-30T12:49:43.927+02:00  WARN 97845 --- [agilityhub-core-api] [           main] c.a.core.shared.api.ApiExceptionHandler  : Framework request rejected status=404 code=NOT_FOUND traceId=ba8fc5fe-da1a-4fdc-b148-86e6a590ad13
2026-09-30T12:49:43.930+02:00  WARN 97845 --- [agilityhub-core-api] [           main] c.a.core.shared.api.ApiExceptionHandler  : Framework request rejected status=404 code=NOT_FOUND traceId=f2ab389b-0bdf-416a-8c57-1543c8d0d5d3
2026-09-30T12:49:43.933+02:00  WARN 97845 --- [agilityhub-core-api] [           main] c.a.core.shared.api.ApiExceptionHandler  : Framework request rejected status=404 code=NOT_FOUND traceId=7192eddc-e3e5-48c2-8afc-0f1d2034cee4
2026-09-30T12:49:43.938+02:00  WARN 97845 --- [agilityhub-core-api] [           main] c.a.core.shared.api.ApiExceptionHandler  : Framework request rejected status=404 code=NOT_FOUND traceId=e7277ca0-af51-42f9-8f2f-1f86f71f2c20
2026-09-30T12:49:43.943+02:00  WARN 97845 --- [agilityhub-core-api] [           main] c.a.core.shared.api.ApiExceptionHandler  : Framework request rejected status=404 code=NOT_FOUND traceId=1ab2b053-8107-467f-a7cf-f768a3e387ea
2026-09-30T12:49:43.947+02:00  WARN 97845 --- [agilityhub-core-api] [           main] c.a.core.shared.api.ApiExceptionHandler  : Framework request rejected status=404 code=NOT_FOUND traceId=6f09299e-8152-4001-bad3-69507d02bacf
2026-09-30T12:49:43.953+02:00  WARN 97845 --- [agilityhub-core-api] [           main] c.a.core.shared.api.ApiExceptionHandler  : Framework request rejected status=404 code=NOT_FOUND traceId=be2bcb10-462f-4ac5-a3dd-b48bc3094e81
2026-09-30T12:49:43.958+02:00  WARN 97845 --- [agilityhub-core-api] [           main] c.a.core.shared.api.ApiExceptionHandler  : Framework request rejected status=404 code=NOT_FOUND traceId=93c77622-1644-42b7-b127-2d87aa0b7ffd
2026-09-30T12:49:43.961+02:00  WARN 97845 --- [agilityhub-core-api] [           main] c.a.core.shared.api.ApiExceptionHandler  : Framework request rejected status=404 code=NOT_FOUND traceId=b39bac03-68be-4aea-a90b-7379794ea4ec
2026-09-30T12:49:43.964+02:00  WARN 97845 --- [agilityhub-core-api] [           main] c.a.core.shared.api.ApiExceptionHandler  : Framework request rejected status=404 code=NOT_FOUND traceId=7070d691-2071-4668-83dd-007c8b7aeb0a
2026-09-30T12:49:43.967+02:00  WARN 97845 --- [agilityhub-core-api] [           main] c.a.core.shared.api.ApiExceptionHandler  : Framework request rejected status=404 code=NOT_FOUND traceId=76badbf2-884f-47ec-93a4-3dde755772b0
2026-09-30T12:49:43.972+02:00  WARN 97845 --- [agilityhub-core-api] [           main] c.a.core.shared.api.ApiExceptionHandler  : Framework request rejected status=404 code=NOT_FOUND traceId=3f2601f6-63b3-4d33-a65f-4b9c36366d94
2026-09-30T12:49:43.977+02:00  WARN 97845 --- [agilityhub-core-api] [           main] c.a.core.shared.api.ApiExceptionHandler  : Framework request rejected status=404 code=NOT_FOUND traceId=37476fa4-3d49-42f3-9caa-f60554ef101a
2026-09-30T12:49:43.980+02:00  WARN 97845 --- [agilityhub-core-api] [           main] c.a.core.shared.api.ApiExceptionHandler  : Framework request rejected status=404 code=NOT_FOUND traceId=88b0d7ff-fb66-4929-a836-f8397d22b768
2026-09-30T12:49:43.985+02:00  WARN 97845 --- [agilityhub-core-api] [           main] c.a.core.shared.api.ApiExceptionHandler  : Framework request rejected status=404 code=NOT_FOUND traceId=40b7c37b-b833-48ec-9e15-98b9672bd20c
2026-09-30T12:49:43.988+02:00  WARN 97845 --- [agilityhub-core-api] [           main] c.a.core.shared.api.ApiExceptionHandler  : Framework request rejected status=404 code=NOT_FOUND traceId=7de013e6-5f34-48a1-aa69-7f87ee6d5c08
2026-09-30T12:49:43.991+02:00  WARN 97845 --- [agilityhub-core-api] [           main] c.a.core.shared.api.ApiExceptionHandler  : Framework request rejected status=404 code=NOT_FOUND traceId=97265651-ad5c-48e2-b847-05ae4254744e
2026-09-30T12:49:43.995+02:00  WARN 97845 --- [agilityhub-core-api] [           main] c.a.core.shared.api.ApiExceptionHandler  : Framework request rejected status=404 code=NOT_FOUND traceId=43fa47d8-5ed8-4292-830d-edf1bad2d61f
2026-09-30T12:49:44.000+02:00  WARN 97845 --- [agilityhub-core-api] [           main] c.a.core.shared.api.ApiExceptionHandler  : Framework request rejected status=404 code=NOT_FOUND traceId=ae42f2db-d826-4d9b-9402-ca0bf613b7c3
2026-09-30T12:49:44.004+02:00  WARN 97845 --- [agilityhub-core-api] [           main] c.a.core.shared.api.ApiExceptionHandler  : Framework request rejected status=404 code=NOT_FOUND traceId=d3841f42-a6a6-49cf-b951-39d1d97dc3e4
2026-09-30T12:49:44.007+02:00  WARN 97845 --- [agilityhub-core-api] [           main] c.a.core.shared.api.ApiExceptionHandler  : Framework request rejected status=404 code=NOT_FOUND traceId=b8796af5-af8d-455d-8e9f-efd454de45da
2026-09-30T12:49:44.010+02:00  WARN 97845 --- [agilityhub-core-api] [           main] c.a.core.shared.api.ApiExceptionHandler  : Framework request rejected status=404 code=NOT_FOUND traceId=5fb249c9-5c66-44e2-838b-52057d78059f
2026-09-30T12:49:44.014+02:00  WARN 97845 --- [agilityhub-core-api] [           main] c.a.core.shared.api.ApiExceptionHandler  : Framework request rejected status=404 code=NOT_FOUND traceId=f1120891-750f-4b50-86b9-4498af85ac8c
2026-09-30T12:49:44.019+02:00  WARN 97845 --- [agilityhub-core-api] [           main] c.a.core.shared.api.ApiExceptionHandler  : Framework request rejected status=404 code=NOT_FOUND traceId=cb2284f8-92b6-4bd9-b80e-0a383e8875c3
2026-09-30T12:49:44.023+02:00  WARN 97845 --- [agilityhub-core-api] [           main] c.a.core.shared.api.ApiExceptionHandler  : Framework request rejected status=404 code=NOT_FOUND traceId=a3e065c2-68b7-49bb-a2ae-56bd2eb9861a
2026-09-30T12:49:44.026+02:00  WARN 97845 --- [agilityhub-core-api] [           main] c.a.core.shared.api.ApiExceptionHandler  : Framework request rejected status=404 code=NOT_FOUND traceId=5bb1909f-6f8f-4e94-a74c-96cc55dfc0ae
2026-09-30T12:49:44.029+02:00  WARN 97845 --- [agilityhub-core-api] [           main] c.a.core.shared.api.ApiExceptionHandler  : Framework request rejected status=404 code=NOT_FOUND traceId=3bf03581-6a06-4b2b-bf7e-008a1051902b
2026-09-30T12:49:44.031+02:00  WARN 97845 --- [agilityhub-core-api] [           main] c.a.core.shared.api.ApiExceptionHandler  : Framework request rejected status=404 code=NOT_FOUND traceId=c9d1f174-df12-4267-a15b-a6fab51edbfc
2026-09-30T12:49:44.033+02:00  WARN 97845 --- [agilityhub-core-api] [           main] c.a.core.shared.api.ApiExceptionHandler  : Framework request rejected status=404 code=NOT_FOUND traceId=a691925f-67c1-4dca-84f4-00aeb1498fc6
2026-09-30T12:49:44.037+02:00  WARN 97845 --- [agilityhub-core-api] [           main] c.a.core.shared.api.ApiExceptionHandler  : Framework request rejected status=404 code=NOT_FOUND traceId=a1e628f9-78b4-44d8-8304-911b30adeca9
2026-09-30T12:49:44.040+02:00  WARN 97845 --- [agilityhub-core-api] [           main] c.a.core.shared.api.ApiExceptionHandler  : Framework request rejected status=404 code=NOT_FOUND traceId=9ab1a369-a46f-48d6-8359-edfbee68f19d
2026-09-30T12:49:44.044+02:00  WARN 97845 --- [agilityhub-core-api] [           main] c.a.core.shared.api.ApiExceptionHandler  : Framework request rejected status=404 code=NOT_FOUND traceId=b44ab729-6a83-4a3b-8fa5-cf3d8e5dfd42
2026-09-30T12:49:44.049+02:00  WARN 97845 --- [agilityhub-core-api] [           main] c.a.core.shared.api.ApiExceptionHandler  : Framework request rejected status=404 code=NOT_FOUND traceId=0f798abe-166e-4d1c-88a6-68752db8d975
2026-09-30T12:49:44.052+02:00  WARN 97845 --- [agilityhub-core-api] [           main] c.a.core.shared.api.ApiExceptionHandler  : Framework request rejected status=404 code=NOT_FOUND traceId=de61740a-4389-43cc-8466-56b4425d9989
2026-09-30T12:49:44.055+02:00  WARN 97845 --- [agilityhub-core-api] [           main] c.a.core.shared.api.ApiExceptionHandler  : Framework request rejected status=404 code=NOT_FOUND traceId=7db143b8-aba9-4438-b6d8-ce8cd65bfe80
2026-09-30T12:49:44.058+02:00  WARN 97845 --- [agilityhub-core-api] [           main] c.a.core.shared.api.ApiExceptionHandler  : Framework request rejected status=404 code=NOT_FOUND traceId=bdf8939f-516f-480f-aa4f-bebaeec5223e
2026-09-30T12:49:44.061+02:00  WARN 97845 --- [agilityhub-core-api] [           main] c.a.core.shared.api.ApiExceptionHandler  : Framework request rejected status=404 code=NOT_FOUND traceId=be6c1d3f-725b-45e1-a912-98acce72e14f
2026-09-30T12:49:44.064+02:00  WARN 97845 --- [agilityhub-core-api] [           main] c.a.core.shared.api.ApiExceptionHandler  : Framework request rejected status=404 code=NOT_FOUND traceId=b3667580-86f3-4ac3-aec3-2a45ecc5616e
2026-09-30T12:49:44.068+02:00  WARN 97845 --- [agilityhub-core-api] [           main] c.a.core.shared.api.ApiExceptionHandler  : Framework request rejected status=404 code=NOT_FOUND traceId=2348c3a4-9d2d-4448-9e36-4f4dce5282f8
2026-09-30T12:49:44.071+02:00  WARN 97845 --- [agilityhub-core-api] [           main] c.a.core.shared.api.ApiExceptionHandler  : Framework request rejected status=404 code=NOT_FOUND traceId=b080a07c-2f79-4d0b-9ed6-ba355e88cce4
2026-09-30T12:49:44.075+02:00  WARN 97845 --- [agilityhub-core-api] [           main] c.a.core.shared.api.ApiExceptionHandler  : Framework request rejected status=404 code=NOT_FOUND traceId=7fcef36c-31e0-492f-ae19-e1f2c6fa487a
2026-09-30T12:49:44.078+02:00  WARN 97845 --- [agilityhub-core-api] [           main] c.a.core.shared.api.ApiExceptionHandler  : Framework request rejected status=404 code=NOT_FOUND traceId=d1257c1c-4919-4427-a5e6-b17749ae7082
2026-09-30T12:49:44.079+02:00  WARN 97845 --- [agilityhub-core-api] [           main] c.a.core.shared.api.ApiExceptionHandler  : Framework request rejected status=404 code=NOT_FOUND traceId=fdc1c6a7-7c98-48a4-b926-140eb3b53346
2026-09-30T12:49:44.081+02:00  WARN 97845 --- [agilityhub-core-api] [           main] c.a.core.shared.api.ApiExceptionHandler  : Framework request rejected status=404 code=NOT_FOUND traceId=8e55f17e-a528-4746-b9f2-4722aaa84d32
2026-09-30T12:49:44.084+02:00  WARN 97845 --- [agilityhub-core-api] [           main] c.a.core.shared.api.ApiExceptionHandler  : Framework request rejected status=404 code=NOT_FOUND traceId=9c31c953-2d01-45bb-957d-cbbd617725b7
2026-09-30T12:49:44.087+02:00  WARN 97845 --- [agilityhub-core-api] [           main] c.a.core.shared.api.ApiExceptionHandler  : Framework request rejected status=404 code=NOT_FOUND traceId=5077792b-5f0d-47be-ba18-6b240e9bdc17
2026-09-30T12:49:44.090+02:00  WARN 97845 --- [agilityhub-core-api] [           main] c.a.core.shared.api.ApiExceptionHandler  : Framework request rejected status=404 code=NOT_FOUND traceId=a21da851-9264-450b-8d14-73a28b994286
2026-09-30T12:49:44.093+02:00  WARN 97845 --- [agilityhub-core-api] [           main] c.a.core.shared.api.ApiExceptionHandler  : Framework request rejected status=404 code=NOT_FOUND traceId=9ac0ca36-6862-4853-ac21-fa9fc6561091
2026-09-30T12:49:44.096+02:00  WARN 97845 --- [agilityhub-core-api] [           main] c.a.core.shared.api.ApiExceptionHandler  : Framework request rejected status=404 code=NOT_FOUND traceId=f1a80303-076b-40c2-9e74-90da948558c2
2026-09-30T12:49:44.099+02:00  WARN 97845 --- [agilityhub-core-api] [           main] c.a.core.shared.api.ApiExceptionHandler  : Framework request rejected status=404 code=NOT_FOUND traceId=7448b8d8-be75-483f-981c-602c3957a0d7
2026-09-30T12:49:44.102+02:00  WARN 97845 --- [agilityhub-core-api] [           main] c.a.core.shared.api.ApiExceptionHandler  : Framework request rejected status=404 code=NOT_FOUND traceId=20b2b314-4920-4369-8925-ecb8c4b33681
2026-09-30T12:49:44.104+02:00  WARN 97845 --- [agilityhub-core-api] [           main] c.a.core.shared.api.ApiExceptionHandler  : Framework request rejected status=404 code=NOT_FOUND traceId=f3ec46a3-dc74-4d50-b6c1-f7e59a4efe7f
2026-09-30T12:49:44.107+02:00  WARN 97845 --- [agilityhub-core-api] [           main] c.a.core.shared.api.ApiExceptionHandler  : Framework request rejected status=404 code=NOT_FOUND traceId=90074f78-d887-41de-8ac8-231f2703c1d9
2026-09-30T12:49:44.109+02:00  WARN 97845 --- [agilityhub-core-api] [           main] c.a.core.shared.api.ApiExceptionHandler  : Framework request rejected status=404 code=NOT_FOUND traceId=d6dbbbcd-ade3-49af-8438-78c8a90a3ed8
2026-09-30T12:49:44.112+02:00  WARN 97845 --- [agilityhub-core-api] [           main] c.a.core.shared.api.ApiExceptionHandler  : Framework request rejected status=404 code=NOT_FOUND traceId=f5eb925e-bd3a-4272-82da-94b8249202ca
2026-09-30T12:49:44.116+02:00  WARN 97845 --- [agilityhub-core-api] [           main] c.a.core.shared.api.ApiExceptionHandler  : Framework request rejected status=404 code=NOT_FOUND traceId=65b8c499-b080-439d-8417-2de35b2ebaa2
2026-09-30T12:49:44.120+02:00  WARN 97845 --- [agilityhub-core-api] [           main] c.a.core.shared.api.ApiExceptionHandler  : Framework request rejected status=404 code=NOT_FOUND traceId=5557a876-4f29-4d6f-b895-cbd2b06773fb
2026-09-30T12:49:44.123+02:00  WARN 97845 --- [agilityhub-core-api] [           main] c.a.core.shared.api.ApiExceptionHandler  : Framework request rejected status=404 code=NOT_FOUND traceId=013dbc64-8fc0-4bf1-9e2e-e1eddaac340f
2026-09-30T12:49:44.126+02:00  WARN 97845 --- [agilityhub-core-api] [           main] c.a.core.shared.api.ApiExceptionHandler  : Framework request rejected status=404 code=NOT_FOUND traceId=1ce087a0-6633-42cd-b2a7-1b553460b90a
2026-09-30T12:49:44.129+02:00  WARN 97845 --- [agilityhub-core-api] [           main] c.a.core.shared.api.ApiExceptionHandler  : Framework request rejected status=404 code=NOT_FOUND traceId=aa3d0e74-4414-4291-a25f-57c44cfb17c9
2026-09-30T12:49:44.131+02:00  WARN 97845 --- [agilityhub-core-api] [           main] c.a.core.shared.api.ApiExceptionHandler  : Framework request rejected status=404 code=NOT_FOUND traceId=a37281e7-6855-4568-9a7d-d07af9edbe7e
2026-09-30T12:49:44.132+02:00  WARN 97845 --- [agilityhub-core-api] [           main] c.a.core.shared.api.ApiExceptionHandler  : Framework request rejected status=404 code=NOT_FOUND traceId=2987b717-efae-4711-bd91-269f4b25e0df
2026-09-30T12:49:44.136+02:00  WARN 97845 --- [agilityhub-core-api] [           main] c.a.core.shared.api.ApiExceptionHandler  : Framework request rejected status=404 code=NOT_FOUND traceId=18c3fc3b-f7ab-47a0-a7c7-0e7db3d8139d
2026-09-30T12:49:44.140+02:00  WARN 97845 --- [agilityhub-core-api] [           main] c.a.core.shared.api.ApiExceptionHandler  : Framework request rejected status=404 code=NOT_FOUND traceId=64763e3c-1c0b-426a-881c-ea6be48b1614
2026-09-30T12:49:44.145+02:00  WARN 97845 --- [agilityhub-core-api] [           main] c.a.core.shared.api.ApiExceptionHandler  : Framework request rejected status=404 code=NOT_FOUND traceId=9ae07f7a-a767-46bb-aaf6-42f4aa908ca1
2026-09-30T12:49:44.148+02:00  WARN 97845 --- [agilityhub-core-api] [           main] c.a.core.shared.api.ApiExceptionHandler  : Framework request rejected status=404 code=NOT_FOUND traceId=297739ac-64d3-4e9b-9bd5-aa6757ec0a46
2026-09-30T12:49:44.152+02:00  WARN 97845 --- [agilityhub-core-api] [           main] c.a.core.shared.api.ApiExceptionHandler  : Framework request rejected status=404 code=NOT_FOUND traceId=a04e280d-e16d-4e48-a271-090777ac2caf
2026-09-30T12:49:44.154+02:00  WARN 97845 --- [agilityhub-core-api] [           main] c.a.core.shared.api.ApiExceptionHandler  : Framework request rejected status=404 code=NOT_FOUND traceId=5dd46cb6-f45b-49be-a53a-a28d529fbe17
2026-09-30T12:49:44.157+02:00  WARN 97845 --- [agilityhub-core-api] [           main] c.a.core.shared.api.ApiExceptionHandler  : Framework request rejected status=404 code=NOT_FOUND traceId=192deeef-2a2b-4c71-99a9-36a8140c6faa
2026-09-30T12:49:44.161+02:00  WARN 97845 --- [agilityhub-core-api] [           main] c.a.core.shared.api.ApiExceptionHandler  : Framework request rejected status=404 code=NOT_FOUND traceId=25422d37-3ed5-4128-827d-0b4f8a1b98e9
2026-09-30T12:49:44.165+02:00  WARN 97845 --- [agilityhub-core-api] [           main] c.a.core.shared.api.ApiExceptionHandler  : Framework request rejected status=404 code=NOT_FOUND traceId=e19cc52c-2bd3-4b6b-b163-b80e6babe2f8
2026-09-30T12:49:44.169+02:00  WARN 97845 --- [agilityhub-core-api] [           main] c.a.core.shared.api.ApiExceptionHandler  : Framework request rejected status=404 code=NOT_FOUND traceId=fdf0811c-faeb-459e-b707-da91615af9ae
2026-09-30T12:49:44.173+02:00  WARN 97845 --- [agilityhub-core-api] [           main] c.a.core.shared.api.ApiExceptionHandler  : Framework request rejected status=404 code=NOT_FOUND traceId=eabf271e-afa7-4097-a6d5-ae79ce3a603d
2026-09-30T12:49:44.177+02:00  WARN 97845 --- [agilityhub-core-api] [           main] c.a.core.shared.api.ApiExceptionHandler  : Framework request rejected status=404 code=NOT_FOUND traceId=a43a3bb3-f106-40f1-9a53-e28fd62a4912
2026-09-30T12:49:44.179+02:00  WARN 97845 --- [agilityhub-core-api] [           main] c.a.core.shared.api.ApiExceptionHandler  : Framework request rejected status=404 code=NOT_FOUND traceId=87fa89c3-a99f-473f-95cb-ae0ca00fc6dc
2026-09-30T12:49:44.182+02:00  WARN 97845 --- [agilityhub-core-api] [           main] c.a.core.shared.api.ApiExceptionHandler  : Framework request rejected status=404 code=NOT_FOUND traceId=44d6357d-c828-498e-8ff3-9e3eef0c922a
2026-09-30T12:49:44.185+02:00  WARN 97845 --- [agilityhub-core-api] [           main] c.a.core.shared.api.ApiExceptionHandler  : Framework request rejected status=404 code=NOT_FOUND traceId=5de0e224-54f8-479c-982b-b9d09ac1b3dc
2026-09-30T12:49:44.188+02:00  WARN 97845 --- [agilityhub-core-api] [           main] c.a.core.shared.api.ApiExceptionHandler  : Framework request rejected status=404 code=NOT_FOUND traceId=b96a0f1d-d33c-48c8-967e-14755d7a4b6c
2026-09-30T12:49:44.192+02:00  WARN 97845 --- [agilityhub-core-api] [           main] c.a.core.shared.api.ApiExceptionHandler  : Framework request rejected status=404 code=NOT_FOUND traceId=8563ab3d-43c0-4f3b-82d3-e57eb717391c
2026-09-30T12:49:44.195+02:00  WARN 97845 --- [agilityhub-core-api] [           main] c.a.core.shared.api.ApiExceptionHandler  : Framework request rejected status=404 code=NOT_FOUND traceId=93652fe5-ae4f-43f3-8f66-b2ee38ff5390
2026-09-30T12:49:44.199+02:00  WARN 97845 --- [agilityhub-core-api] [           main] c.a.core.shared.api.ApiExceptionHandler  : Framework request rejected status=404 code=NOT_FOUND traceId=7b22da15-9f11-4837-81c9-699b3895d7bd
2026-09-30T12:49:44.202+02:00  WARN 97845 --- [agilityhub-core-api] [           main] c.a.core.shared.api.ApiExceptionHandler  : Framework request rejected status=404 code=NOT_FOUND traceId=54cc6047-a9c6-4f15-93a0-84628e3feaa8
2026-09-30T12:49:44.205+02:00  WARN 97845 --- [agilityhub-core-api] [           main] c.a.core.shared.api.ApiExceptionHandler  : Framework request rejected status=404 code=NOT_FOUND traceId=fc6c6f46-1c8e-4bdd-9faa-ca9c6569e9e7
2026-09-30T12:49:44.208+02:00  WARN 97845 --- [agilityhub-core-api] [           main] c.a.core.shared.api.ApiExceptionHandler  : Framework request rejected status=404 code=NOT_FOUND traceId=f203f6db-c1d3-42ef-9f39-705930e03f33
2026-09-30T12:49:44.211+02:00  WARN 97845 --- [agilityhub-core-api] [           main] c.a.core.shared.api.ApiExceptionHandler  : Framework request rejected status=404 code=NOT_FOUND traceId=45ac41cc-cfa5-40b0-b1c9-ab5a58608ff8
2026-09-30T12:49:44.215+02:00  WARN 97845 --- [agilityhub-core-api] [           main] c.a.core.shared.api.ApiExceptionHandler  : Framework request rejected status=404 code=NOT_FOUND traceId=538b05f5-30c9-4cd7-9a4a-36eda6db33da
2026-09-30T12:49:44.224+02:00  WARN 97845 --- [agilityhub-core-api] [           main] c.a.core.shared.api.ApiExceptionHandler  : Framework request rejected status=404 code=NOT_FOUND traceId=ba3c0511-6348-4bcc-b832-51661c41be6f
2026-09-30T12:49:44.229+02:00  WARN 97845 --- [agilityhub-core-api] [           main] c.a.core.shared.api.ApiExceptionHandler  : Framework request rejected status=404 code=NOT_FOUND traceId=5810d486-e61d-4b99-8835-5631890bf059
2026-09-30T12:49:44.234+02:00  WARN 97845 --- [agilityhub-core-api] [           main] c.a.core.shared.api.ApiExceptionHandler  : Framework request rejected status=404 code=NOT_FOUND traceId=e2a229ef-8d31-4946-9a08-cb19fe4dda63
2026-09-30T12:49:44.238+02:00  WARN 97845 --- [agilityhub-core-api] [           main] c.a.core.shared.api.ApiExceptionHandler  : Framework request rejected status=404 code=NOT_FOUND traceId=4ccf1931-9f5b-4bd1-ab16-9a7502d1daab
2026-09-30T12:49:44.242+02:00  WARN 97845 --- [agilityhub-core-api] [           main] c.a.core.shared.api.ApiExceptionHandler  : Framework request rejected status=404 code=NOT_FOUND traceId=d5e48bd7-7653-45c5-bc2d-2730b7bffe01
2026-09-30T12:49:44.244+02:00  WARN 97845 --- [agilityhub-core-api] [           main] c.a.core.shared.api.ApiExceptionHandler  : Framework request rejected status=404 code=NOT_FOUND traceId=a305ad3f-a617-468c-bfbf-23ef30a7327c
2026-09-30T12:49:44.246+02:00  WARN 97845 --- [agilityhub-core-api] [           main] c.a.core.shared.api.ApiExceptionHandler  : Framework request rejected status=404 code=NOT_FOUND traceId=df6d4854-7915-45b0-8a6c-b2ba8dee8126
2026-09-30T12:49:44.248+02:00  WARN 97845 --- [agilityhub-core-api] [           main] c.a.core.shared.api.ApiExceptionHandler  : Framework request rejected status=404 code=NOT_FOUND traceId=22a0e885-5aba-4339-be5a-d0e5bfd3eb6a
2026-09-30T12:49:44.251+02:00  WARN 97845 --- [agilityhub-core-api] [           main] c.a.core.shared.api.ApiExceptionHandler  : Framework request rejected status=404 code=NOT_FOUND traceId=7f1d66d5-cb07-4c4d-8931-98f9b6a9e5b7
2026-09-30T12:49:44.254+02:00  WARN 97845 --- [agilityhub-core-api] [           main] c.a.core.shared.api.ApiExceptionHandler  : Framework request rejected status=404 code=NOT_FOUND traceId=68bc356b-f50c-4592-974a-94ad246bab4c
2026-09-30T12:49:44.257+02:00  WARN 97845 --- [agilityhub-core-api] [           main] c.a.core.shared.api.ApiExceptionHandler  : Framework request rejected status=404 code=NOT_FOUND traceId=7243e0d9-1113-4243-81fc-9f56109d9490
2026-09-30T12:49:44.261+02:00  WARN 97845 --- [agilityhub-core-api] [           main] c.a.core.shared.api.ApiExceptionHandler  : Framework request rejected status=404 code=NOT_FOUND traceId=81335f84-9071-4571-9e73-6480098b49b0
2026-09-30T12:49:44.266+02:00  WARN 97845 --- [agilityhub-core-api] [           main] c.a.core.shared.api.ApiExceptionHandler  : Framework request rejected status=404 code=NOT_FOUND traceId=0c27ec28-ab7b-4fb2-b4bc-4d28727dd667
2026-09-30T12:49:44.270+02:00  WARN 97845 --- [agilityhub-core-api] [           main] c.a.core.shared.api.ApiExceptionHandler  : Framework request rejected status=404 code=NOT_FOUND traceId=c64d80c9-6bd4-4750-82d0-572ed5382cc1
2026-09-30T12:49:44.273+02:00  WARN 97845 --- [agilityhub-core-api] [           main] c.a.core.shared.api.ApiExceptionHandler  : Framework request rejected status=404 code=NOT_FOUND traceId=893ea8c8-edcc-420e-844e-318c8506fc94
2026-09-30T12:49:44.276+02:00  WARN 97845 --- [agilityhub-core-api] [           main] c.a.core.shared.api.ApiExceptionHandler  : Framework request rejected status=404 code=NOT_FOUND traceId=3a28541a-81b7-4fa5-8abd-05d5b3232b3e
2026-09-30T12:49:44.280+02:00  WARN 97845 --- [agilityhub-core-api] [           main] c.a.core.shared.api.ApiExceptionHandler  : Framework request rejected status=404 code=NOT_FOUND traceId=c351723b-6b1a-48b5-b57b-f6b3bc42cb41
2026-09-30T12:49:44.283+02:00  WARN 97845 --- [agilityhub-core-api] [           main] c.a.core.shared.api.ApiExceptionHandler  : Framework request rejected status=404 code=NOT_FOUND traceId=574f0fc2-e5d7-4b99-b98f-f2e54d2fa04c
2026-09-30T12:49:44.287+02:00  WARN 97845 --- [agilityhub-core-api] [           main] c.a.core.shared.api.ApiExceptionHandler  : Framework request rejected status=404 code=NOT_FOUND traceId=a326e88b-2994-4d26-b344-c824fc2ee791
2026-09-30T12:49:44.291+02:00  WARN 97845 --- [agilityhub-core-api] [           main] c.a.core.shared.api.ApiExceptionHandler  : Framework request rejected status=404 code=NOT_FOUND traceId=3e64f4ad-b5f7-45d1-9f85-1314496077c9
2026-09-30T12:49:44.294+02:00  WARN 97845 --- [agilityhub-core-api] [           main] c.a.core.shared.api.ApiExceptionHandler  : Framework request rejected status=404 code=NOT_FOUND traceId=7c48fd29-b5b0-4780-9ffe-c9c866bd0445
2026-09-30T12:49:44.297+02:00  WARN 97845 --- [agilityhub-core-api] [           main] c.a.core.shared.api.ApiExceptionHandler  : Framework request rejected status=404 code=NOT_FOUND traceId=3f224f8c-6c1b-4d12-ae93-c0ab3f1c1f98
2026-09-30T12:49:44.299+02:00  WARN 97845 --- [agilityhub-core-api] [           main] c.a.core.shared.api.ApiExceptionHandler  : Framework request rejected status=404 code=NOT_FOUND traceId=ee25cd41-ce8c-4615-9a85-bda05c480f7a
2026-09-30T12:49:44.303+02:00  WARN 97845 --- [agilityhub-core-api] [           main] c.a.core.shared.api.ApiExceptionHandler  : Framework request rejected status=404 code=NOT_FOUND traceId=964aab41-1319-4cba-900f-946121af4570
2026-09-30T12:49:44.307+02:00  WARN 97845 --- [agilityhub-core-api] [           main] c.a.core.shared.api.ApiExceptionHandler  : Framework request rejected status=404 code=NOT_FOUND traceId=a32b1fa0-4011-43a3-bf03-6f78b72a606b
2026-09-30T12:49:44.310+02:00  WARN 97845 --- [agilityhub-core-api] [           main] c.a.core.shared.api.ApiExceptionHandler  : Framework request rejected status=404 code=NOT_FOUND traceId=88b41a32-92d0-498e-b9e4-1de7fed3d7a5
2026-09-30T12:49:44.313+02:00  WARN 97845 --- [agilityhub-core-api] [           main] c.a.core.shared.api.ApiExceptionHandler  : Framework request rejected status=404 code=NOT_FOUND traceId=e67778a7-1682-4bde-8580-7a7ae10c89e6
2026-09-30T12:49:44.316+02:00  WARN 97845 --- [agilityhub-core-api] [           main] c.a.core.shared.api.ApiExceptionHandler  : Framework request rejected status=404 code=NOT_FOUND traceId=fe616c0b-ec32-4327-a1ff-406cb5230cf2
2026-09-30T12:49:44.318+02:00  WARN 97845 --- [agilityhub-core-api] [           main] c.a.core.shared.api.ApiExceptionHandler  : Framework request rejected status=404 code=NOT_FOUND traceId=2c6c1236-60fc-4d8f-853a-e1a25de54049
2026-09-30T12:49:44.321+02:00  WARN 97845 --- [agilityhub-core-api] [           main] c.a.core.shared.api.ApiExceptionHandler  : Framework request rejected status=404 code=NOT_FOUND traceId=d1dcf0df-3fde-48f3-92e5-063bd3af4162
2026-09-30T12:49:44.323+02:00  WARN 97845 --- [agilityhub-core-api] [           main] c.a.core.shared.api.ApiExceptionHandler  : Framework request rejected status=404 code=NOT_FOUND traceId=d9afc7bf-b13f-4b91-a0b0-42e5c4e16d18
2026-09-30T12:49:44.326+02:00  WARN 97845 --- [agilityhub-core-api] [           main] c.a.core.shared.api.ApiExceptionHandler  : Framework request rejected status=404 code=NOT_FOUND traceId=0a71b1ae-2a37-4ef4-b9a7-9f5dc2ec81d2
2026-09-30T12:49:44.330+02:00  WARN 97845 --- [agilityhub-core-api] [           main] c.a.core.shared.api.ApiExceptionHandler  : Framework request rejected status=404 code=NOT_FOUND traceId=10feba61-1e76-4735-9cc4-8f58c84e2f3c
2026-09-30T12:49:44.334+02:00  WARN 97845 --- [agilityhub-core-api] [           main] c.a.core.shared.api.ApiExceptionHandler  : Framework request rejected status=404 code=NOT_FOUND traceId=b745a795-f5dd-4e5f-8b39-1e9a070b2a15
2026-09-30T12:49:44.338+02:00  WARN 97845 --- [agilityhub-core-api] [           main] c.a.core.shared.api.ApiExceptionHandler  : Framework request rejected status=404 code=NOT_FOUND traceId=96a49a4c-7f7a-4e1c-b790-39a258bb912a
2026-09-30T12:49:44.342+02:00  WARN 97845 --- [agilityhub-core-api] [           main] c.a.core.shared.api.ApiExceptionHandler  : Framework request rejected status=404 code=NOT_FOUND traceId=76fe334b-6316-424d-8fd3-95c4f2fd9c5d
2026-09-30T12:49:44.345+02:00  WARN 97845 --- [agilityhub-core-api] [           main] c.a.core.shared.api.ApiExceptionHandler  : Framework request rejected status=404 code=NOT_FOUND traceId=f78f2251-5b76-45a9-966f-3e1e266373cb
2026-09-30T12:49:44.347+02:00  WARN 97845 --- [agilityhub-core-api] [           main] c.a.core.shared.api.ApiExceptionHandler  : Framework request rejected status=404 code=NOT_FOUND traceId=ac76183d-afa6-46ab-9575-a4a8a5e625b3
2026-09-30T12:49:44.349+02:00  WARN 97845 --- [agilityhub-core-api] [           main] c.a.core.shared.api.ApiExceptionHandler  : Framework request rejected status=404 code=NOT_FOUND traceId=6c91af8f-4303-4dd5-b919-bced45bd7ecd
2026-09-30T12:49:44.353+02:00  WARN 97845 --- [agilityhub-core-api] [           main] c.a.core.shared.api.ApiExceptionHandler  : Framework request rejected status=404 code=NOT_FOUND traceId=9992395d-6d0c-44af-9975-c5218a0b944a
2026-09-30T12:49:44.356+02:00  WARN 97845 --- [agilityhub-core-api] [           main] c.a.core.shared.api.ApiExceptionHandler  : Framework request rejected status=404 code=NOT_FOUND traceId=14a363d3-8f4c-4c55-83a2-adb95a5fa2c1
2026-09-30T12:49:44.359+02:00  WARN 97845 --- [agilityhub-core-api] [           main] c.a.core.shared.api.ApiExceptionHandler  : Framework request rejected status=404 code=NOT_FOUND traceId=1258607d-dfb6-42fb-8bd8-66636207bb7c
2026-09-30T12:49:44.363+02:00  WARN 97845 --- [agilityhub-core-api] [           main] c.a.core.shared.api.ApiExceptionHandler  : Framework request rejected status=404 code=NOT_FOUND traceId=23e4d4ea-be6a-4c8e-9cb9-6386aa0e1c97
2026-09-30T12:49:44.366+02:00  WARN 97845 --- [agilityhub-core-api] [           main] c.a.core.shared.api.ApiExceptionHandler  : Framework request rejected status=404 code=NOT_FOUND traceId=d3fd08f1-e23c-4f32-b949-f89094c8465f
2026-09-30T12:49:44.369+02:00  WARN 97845 --- [agilityhub-core-api] [           main] c.a.core.shared.api.ApiExceptionHandler  : Framework request rejected status=404 code=NOT_FOUND traceId=4b36250b-86b1-48c3-8f75-a119e88e0d9d
2026-09-30T12:49:44.371+02:00  WARN 97845 --- [agilityhub-core-api] [           main] c.a.core.shared.api.ApiExceptionHandler  : Framework request rejected status=404 code=NOT_FOUND traceId=afaf6d61-16da-4cb4-9fd3-4e114a459c5e
2026-09-30T12:49:44.373+02:00  WARN 97845 --- [agilityhub-core-api] [           main] c.a.core.shared.api.ApiExceptionHandler  : Framework request rejected status=404 code=NOT_FOUND traceId=a7361f5a-1ee4-4441-8703-da83b04e36ae
2026-09-30T12:49:44.374+02:00  WARN 97845 --- [agilityhub-core-api] [           main] c.a.core.shared.api.ApiExceptionHandler  : Framework request rejected status=404 code=NOT_FOUND traceId=4bf76334-83db-4765-8b67-3d65e5fef23a
2026-09-30T12:49:44.378+02:00  WARN 97845 --- [agilityhub-core-api] [           main] c.a.core.shared.api.ApiExceptionHandler  : Framework request rejected status=404 code=NOT_FOUND traceId=85f63234-806c-41f0-8aea-30874185d218
2026-09-30T12:49:44.381+02:00  WARN 97845 --- [agilityhub-core-api] [           main] c.a.core.shared.api.ApiExceptionHandler  : Framework request rejected status=404 code=NOT_FOUND traceId=d0b000e8-5e16-42c4-8b50-0f4ce125e4b2
2026-09-30T12:49:44.384+02:00  WARN 97845 --- [agilityhub-core-api] [           main] c.a.core.shared.api.ApiExceptionHandler  : Framework request rejected status=404 code=NOT_FOUND traceId=b29024b4-f60b-493f-beec-19981a4cf03b
2026-09-30T12:49:44.388+02:00  WARN 97845 --- [agilityhub-core-api] [           main] c.a.core.shared.api.ApiExceptionHandler  : Framework request rejected status=404 code=NOT_FOUND traceId=8afd5456-4fc3-4bad-80dc-d8fe7eb7ae56
2026-09-30T12:49:44.391+02:00  WARN 97845 --- [agilityhub-core-api] [           main] c.a.core.shared.api.ApiExceptionHandler  : Framework request rejected status=404 code=NOT_FOUND traceId=a9b3d1ba-8fd6-4e5d-9b0e-f823c2b282a6
2026-09-30T12:49:44.394+02:00  WARN 97845 --- [agilityhub-core-api] [           main] c.a.core.shared.api.ApiExceptionHandler  : Framework request rejected status=404 code=NOT_FOUND traceId=3b04d548-bc7b-4e89-a527-b7375e61c4b8
2026-09-30T12:49:44.396+02:00  WARN 97845 --- [agilityhub-core-api] [           main] c.a.core.shared.api.ApiExceptionHandler  : Framework request rejected status=404 code=NOT_FOUND traceId=19134917-c09d-41b4-9689-67d9b1b3409d
2026-09-30T12:49:44.398+02:00  WARN 97845 --- [agilityhub-core-api] [           main] c.a.core.shared.api.ApiExceptionHandler  : Framework request rejected status=404 code=NOT_FOUND traceId=b15a267d-3958-4c7c-b9bd-49b412a778e2
2026-09-30T12:49:44.401+02:00  WARN 97845 --- [agilityhub-core-api] [           main] c.a.core.shared.api.ApiExceptionHandler  : Framework request rejected status=404 code=NOT_FOUND traceId=27e663e7-be6f-4ef6-84e6-86745ecaea57
2026-09-30T12:49:44.405+02:00  WARN 97845 --- [agilityhub-core-api] [           main] c.a.core.shared.api.ApiExceptionHandler  : Framework request rejected status=404 code=NOT_FOUND traceId=e98620ea-0696-4f17-9e4d-7cbeaf265560
2026-09-30T12:49:44.409+02:00  WARN 97845 --- [agilityhub-core-api] [           main] c.a.core.shared.api.ApiExceptionHandler  : Framework request rejected status=404 code=NOT_FOUND traceId=9ccae099-1d62-4bba-aef0-68009cf9a7f9
2026-09-30T12:49:44.413+02:00  WARN 97845 --- [agilityhub-core-api] [           main] c.a.core.shared.api.ApiExceptionHandler  : Framework request rejected status=404 code=NOT_FOUND traceId=7fc47967-ada5-462e-b237-1eb05df174a4
2026-09-30T12:49:44.416+02:00  WARN 97845 --- [agilityhub-core-api] [           main] c.a.core.shared.api.ApiExceptionHandler  : Framework request rejected status=404 code=NOT_FOUND traceId=49d668dd-c9f1-46bc-9354-01788a9b5025
2026-09-30T12:49:44.419+02:00  WARN 97845 --- [agilityhub-core-api] [           main] c.a.core.shared.api.ApiExceptionHandler  : Framework request rejected status=404 code=NOT_FOUND traceId=39241b6a-e3ee-4fc8-ab4c-cec860fda48d
2026-09-30T12:49:44.422+02:00  WARN 97845 --- [agilityhub-core-api] [           main] c.a.core.shared.api.ApiExceptionHandler  : Framework request rejected status=404 code=NOT_FOUND traceId=e0bc54e5-c20c-4a90-87e4-04e2ff0f1b9a
2026-09-30T12:49:44.425+02:00  WARN 97845 --- [agilityhub-core-api] [           main] c.a.core.shared.api.ApiExceptionHandler  : Framework request rejected status=404 code=NOT_FOUND traceId=947c391b-0ede-4efb-abf9-c77d8193720c
2026-09-30T12:49:44.429+02:00  WARN 97845 --- [agilityhub-core-api] [           main] c.a.core.shared.api.ApiExceptionHandler  : Framework request rejected status=404 code=NOT_FOUND traceId=463cf553-8063-45e4-b609-b5576dd4199f
2026-09-30T12:49:44.432+02:00  WARN 97845 --- [agilityhub-core-api] [           main] c.a.core.shared.api.ApiExceptionHandler  : Framework request rejected status=404 code=NOT_FOUND traceId=a50f8d14-57c5-442e-98a3-87d1320103c1
2026-09-30T12:49:44.437+02:00  WARN 97845 --- [agilityhub-core-api] [           main] c.a.core.shared.api.ApiExceptionHandler  : Framework request rejected status=404 code=NOT_FOUND traceId=faa64e3f-03f5-40a4-b708-e7985d719a2d
2026-09-30T12:49:44.441+02:00  WARN 97845 --- [agilityhub-core-api] [           main] c.a.core.shared.api.ApiExceptionHandler  : Framework request rejected status=404 code=NOT_FOUND traceId=9dee133d-88a0-4861-ab67-01ffc75ddaf4
2026-09-30T12:49:44.444+02:00  WARN 97845 --- [agilityhub-core-api] [           main] c.a.core.shared.api.ApiExceptionHandler  : Framework request rejected status=404 code=NOT_FOUND traceId=7f092ee2-5ff3-4f3d-92f9-f18b54bae488
2026-09-30T12:49:44.446+02:00  WARN 97845 --- [agilityhub-core-api] [           main] c.a.core.shared.api.ApiExceptionHandler  : Framework request rejected status=404 code=NOT_FOUND traceId=d951a940-a52e-4986-91d9-06244499a6a2
2026-09-30T12:49:44.449+02:00  WARN 97845 --- [agilityhub-core-api] [           main] c.a.core.shared.api.ApiExceptionHandler  : Framework request rejected status=404 code=NOT_FOUND traceId=43c1f950-2b3e-4b7d-9616-3712948967dc
2026-09-30T12:49:44.454+02:00  WARN 97845 --- [agilityhub-core-api] [           main] c.a.core.shared.api.ApiExceptionHandler  : Framework request rejected status=404 code=NOT_FOUND traceId=93beda09-59a0-4c6e-8df2-3ac388716ed8
2026-09-30T12:49:44.457+02:00  WARN 97845 --- [agilityhub-core-api] [           main] c.a.core.shared.api.ApiExceptionHandler  : Framework request rejected status=404 code=NOT_FOUND traceId=2e3520ba-a312-4717-a522-87f386a6c70f
2026-09-30T12:49:44.462+02:00  WARN 97845 --- [agilityhub-core-api] [           main] c.a.core.shared.api.ApiExceptionHandler  : Framework request rejected status=404 code=NOT_FOUND traceId=4e2bbbae-37e7-4cf6-a98f-e9d1aa37c94b
2026-09-30T12:49:44.465+02:00  WARN 97845 --- [agilityhub-core-api] [           main] c.a.core.shared.api.ApiExceptionHandler  : Framework request rejected status=404 code=NOT_FOUND traceId=25045b08-8470-4198-9bd7-32699aa75deb
2026-09-30T12:49:44.469+02:00  WARN 97845 --- [agilityhub-core-api] [           main] c.a.core.shared.api.ApiExceptionHandler  : Framework request rejected status=404 code=NOT_FOUND traceId=2efc8202-a006-4d22-97e6-8eff9aa279a2
2026-09-30T12:49:44.472+02:00  WARN 97845 --- [agilityhub-core-api] [           main] c.a.core.shared.api.ApiExceptionHandler  : Framework request rejected status=404 code=NOT_FOUND traceId=f67c89dd-bf16-4a49-a000-040cce9aa1ae
2026-09-30T12:49:44.473+02:00  WARN 97845 --- [agilityhub-core-api] [           main] c.a.core.shared.api.ApiExceptionHandler  : Framework request rejected status=404 code=NOT_FOUND traceId=94d2c614-bdd8-4469-a66e-1a01d4e93d6f
2026-09-30T12:49:44.478+02:00  WARN 97845 --- [agilityhub-core-api] [           main] c.a.core.shared.api.ApiExceptionHandler  : Framework request rejected status=404 code=NOT_FOUND traceId=7a4979c8-a1b5-4fed-b791-3b49e7d6e384
2026-09-30T12:49:44.482+02:00  WARN 97845 --- [agilityhub-core-api] [           main] c.a.core.shared.api.ApiExceptionHandler  : Framework request rejected status=404 code=NOT_FOUND traceId=752c4bb6-99eb-4aeb-ae52-b13aeb29c917
2026-09-30T12:49:44.485+02:00  WARN 97845 --- [agilityhub-core-api] [           main] c.a.core.shared.api.ApiExceptionHandler  : Framework request rejected status=404 code=NOT_FOUND traceId=a7cfa1ac-fa35-4e5d-8719-2ad7389a97a5
2026-09-30T12:49:44.488+02:00  WARN 97845 --- [agilityhub-core-api] [           main] c.a.core.shared.api.ApiExceptionHandler  : Framework request rejected status=404 code=NOT_FOUND traceId=021c2692-32e5-43a5-b19a-9f8799bc328d
2026-09-30T12:49:44.491+02:00  WARN 97845 --- [agilityhub-core-api] [           main] c.a.core.shared.api.ApiExceptionHandler  : Framework request rejected status=404 code=NOT_FOUND traceId=8afc5654-7fda-457e-9c4f-806542720517
2026-09-30T12:49:44.493+02:00  WARN 97845 --- [agilityhub-core-api] [           main] c.a.core.shared.api.ApiExceptionHandler  : Framework request rejected status=404 code=NOT_FOUND traceId=e34d5f79-1c26-4a96-a1f3-5692bafa399b
2026-09-30T12:49:44.495+02:00  WARN 97845 --- [agilityhub-core-api] [           main] c.a.core.shared.api.ApiExceptionHandler  : Framework request rejected status=404 code=NOT_FOUND traceId=83c8eb7c-5f30-4858-9f37-a736cf350b32
2026-09-30T12:49:44.497+02:00  WARN 97845 --- [agilityhub-core-api] [           main] c.a.core.shared.api.ApiExceptionHandler  : Framework request rejected status=404 code=NOT_FOUND traceId=e934b7a9-5ec7-4796-83b9-ba2a64a5f4db
2026-09-30T12:49:44.499+02:00  WARN 97845 --- [agilityhub-core-api] [           main] c.a.core.shared.api.ApiExceptionHandler  : Framework request rejected status=404 code=NOT_FOUND traceId=7a7a5b81-f570-4ea2-a241-bd619e2f81e9
2026-09-30T12:49:44.502+02:00  WARN 97845 --- [agilityhub-core-api] [           main] c.a.core.shared.api.ApiExceptionHandler  : Framework request rejected status=404 code=NOT_FOUND traceId=2f9899a3-7c0e-484c-b369-4e1493fd2fb6
2026-09-30T12:49:44.505+02:00  WARN 97845 --- [agilityhub-core-api] [           main] c.a.core.shared.api.ApiExceptionHandler  : Framework request rejected status=404 code=NOT_FOUND traceId=dd9666d4-37e3-413a-b1a0-22f106bfcf48
2026-09-30T12:49:44.508+02:00  WARN 97845 --- [agilityhub-core-api] [           main] c.a.core.shared.api.ApiExceptionHandler  : Framework request rejected status=404 code=NOT_FOUND traceId=87253bde-dabd-4e5a-81f3-ff705e60ee7d
2026-09-30T12:49:44.512+02:00  WARN 97845 --- [agilityhub-core-api] [           main] c.a.core.shared.api.ApiExceptionHandler  : Framework request rejected status=404 code=NOT_FOUND traceId=b477d461-ed8a-4843-8ab2-95c69e85d14e
2026-09-30T12:49:44.515+02:00  WARN 97845 --- [agilityhub-core-api] [           main] c.a.core.shared.api.ApiExceptionHandler  : Framework request rejected status=404 code=NOT_FOUND traceId=17b368d7-2828-4e20-bca9-5e7819e36dc5
2026-09-30T12:49:44.518+02:00  WARN 97845 --- [agilityhub-core-api] [           main] c.a.core.shared.api.ApiExceptionHandler  : Framework request rejected status=404 code=NOT_FOUND traceId=fd0e0883-d9ad-4f1b-adb9-17abfacc7021
2026-09-30T12:49:44.520+02:00  WARN 97845 --- [agilityhub-core-api] [           main] c.a.core.shared.api.ApiExceptionHandler  : Framework request rejected status=404 code=NOT_FOUND traceId=7d662f7d-7ba5-4d41-a708-fcab3df82ecf
2026-09-30T12:49:44.522+02:00  WARN 97845 --- [agilityhub-core-api] [           main] c.a.core.shared.api.ApiExceptionHandler  : Framework request rejected status=404 code=NOT_FOUND traceId=c80c8a69-3be7-4ea8-9953-755021815e5e
2026-09-30T12:49:44.525+02:00  WARN 97845 --- [agilityhub-core-api] [           main] c.a.core.shared.api.ApiExceptionHandler  : Framework request rejected status=404 code=NOT_FOUND traceId=8c240df6-7a3f-440d-ad43-09a8fc6a6e97
2026-09-30T12:49:44.530+02:00  WARN 97845 --- [agilityhub-core-api] [           main] c.a.core.shared.api.ApiExceptionHandler  : Framework request rejected status=404 code=NOT_FOUND traceId=732ff353-fa95-4bf9-beab-fb27ac53bec6
2026-09-30T12:49:44.533+02:00  WARN 97845 --- [agilityhub-core-api] [           main] c.a.core.shared.api.ApiExceptionHandler  : Framework request rejected status=404 code=NOT_FOUND traceId=6689727b-2be7-4546-bdbd-397b74b2342d
2026-09-30T12:49:44.543+02:00  WARN 97845 --- [agilityhub-core-api] [           main] c.a.core.shared.api.ApiExceptionHandler  : Framework request rejected status=404 code=NOT_FOUND traceId=7e132b8d-f770-4da5-b74e-a34b6c0eb101
2026-09-30T12:49:44.548+02:00  WARN 97845 --- [agilityhub-core-api] [           main] c.a.core.shared.api.ApiExceptionHandler  : Framework request rejected status=404 code=NOT_FOUND traceId=7f5a6e7c-d8ed-40d8-bc92-19edce7397f4
2026-09-30T12:49:44.552+02:00  WARN 97845 --- [agilityhub-core-api] [           main] c.a.core.shared.api.ApiExceptionHandler  : Framework request rejected status=404 code=NOT_FOUND traceId=a3dd68e8-b88c-4e2d-a278-bcaf8770f32a
2026-09-30T12:49:44.555+02:00  WARN 97845 --- [agilityhub-core-api] [           main] c.a.core.shared.api.ApiExceptionHandler  : Framework request rejected status=404 code=NOT_FOUND traceId=f7f1ef55-dbc5-447b-bd55-3f67d9a49d84
2026-09-30T12:49:44.559+02:00  WARN 97845 --- [agilityhub-core-api] [           main] c.a.core.shared.api.ApiExceptionHandler  : Framework request rejected status=404 code=NOT_FOUND traceId=edb5b797-26b0-4b65-8023-91c981726527
2026-09-30T12:49:44.561+02:00  WARN 97845 --- [agilityhub-core-api] [           main] c.a.core.shared.api.ApiExceptionHandler  : Framework request rejected status=404 code=NOT_FOUND traceId=8b4accf2-50af-4ace-a795-e340515b6fec
2026-09-30T12:49:44.563+02:00  WARN 97845 --- [agilityhub-core-api] [           main] c.a.core.shared.api.ApiExceptionHandler  : Framework request rejected status=404 code=NOT_FOUND traceId=cdaba996-a99d-4963-8ff1-eb83f148046c
2026-09-30T12:49:44.566+02:00  WARN 97845 --- [agilityhub-core-api] [           main] c.a.core.shared.api.ApiExceptionHandler  : Framework request rejected status=404 code=NOT_FOUND traceId=00837255-9710-47a9-b146-2ae4b193c4ef
2026-09-30T12:49:44.569+02:00  WARN 97845 --- [agilityhub-core-api] [           main] c.a.core.shared.api.ApiExceptionHandler  : Framework request rejected status=404 code=NOT_FOUND traceId=c18b8f49-33a9-4b4b-b035-2b00236bcb47
2026-09-30T12:49:44.572+02:00  WARN 97845 --- [agilityhub-core-api] [           main] c.a.core.shared.api.ApiExceptionHandler  : Framework request rejected status=404 code=NOT_FOUND traceId=5f1947a6-67f7-4540-b0e2-dec766f4a40d
2026-09-30T12:49:44.575+02:00  WARN 97845 --- [agilityhub-core-api] [           main] c.a.core.shared.api.ApiExceptionHandler  : Framework request rejected status=404 code=NOT_FOUND traceId=47dbb747-177c-4705-ac2a-05b0db751f57
2026-09-30T12:49:44.579+02:00  WARN 97845 --- [agilityhub-core-api] [           main] c.a.core.shared.api.ApiExceptionHandler  : Framework request rejected status=404 code=NOT_FOUND traceId=2ecfd9f9-73e0-420d-a1bd-41f11260c2e1
2026-09-30T12:49:44.584+02:00  WARN 97845 --- [agilityhub-core-api] [           main] c.a.core.shared.api.ApiExceptionHandler  : Framework request rejected status=404 code=NOT_FOUND traceId=e2ce98cd-262b-455e-bcaf-be61665a13c9
2026-09-30T12:49:44.586+02:00  WARN 97845 --- [agilityhub-core-api] [           main] c.a.core.shared.api.ApiExceptionHandler  : Framework request rejected status=404 code=NOT_FOUND traceId=e66c41d1-bd39-4afc-8bb3-cc6d6ecfef80
2026-09-30T12:49:44.588+02:00  WARN 97845 --- [agilityhub-core-api] [           main] c.a.core.shared.api.ApiExceptionHandler  : Framework request rejected status=404 code=NOT_FOUND traceId=c2fe4572-823f-4b89-92f7-a0c96c4e08ed
2026-09-30T12:49:44.590+02:00  WARN 97845 --- [agilityhub-core-api] [           main] c.a.core.shared.api.ApiExceptionHandler  : Framework request rejected status=404 code=NOT_FOUND traceId=8480e740-a2fa-422a-a75a-f9f6453a54b7
2026-09-30T12:49:44.593+02:00  WARN 97845 --- [agilityhub-core-api] [           main] c.a.core.shared.api.ApiExceptionHandler  : Framework request rejected status=404 code=NOT_FOUND traceId=168d79b4-647c-4902-b52d-e0fef38d9d3c
2026-09-30T12:49:44.597+02:00  WARN 97845 --- [agilityhub-core-api] [           main] c.a.core.shared.api.ApiExceptionHandler  : Framework request rejected status=404 code=NOT_FOUND traceId=fa259c94-aa3e-4682-a5da-fd5282ce74ba
2026-09-30T12:49:44.600+02:00  WARN 97845 --- [agilityhub-core-api] [           main] c.a.core.shared.api.ApiExceptionHandler  : Framework request rejected status=404 code=NOT_FOUND traceId=0b7e0c53-4a6a-411e-a026-e31676d1c25a
2026-09-30T12:49:44.602+02:00  WARN 97845 --- [agilityhub-core-api] [           main] c.a.core.shared.api.ApiExceptionHandler  : Framework request rejected status=404 code=NOT_FOUND traceId=fd2ee1e4-a21d-442f-92e1-7f7f23cf51ed
2026-09-30T12:49:44.604+02:00  WARN 97845 --- [agilityhub-core-api] [           main] c.a.core.shared.api.ApiExceptionHandler  : Framework request rejected status=404 code=NOT_FOUND traceId=1f8a2d49-7cd3-47c1-a0e7-f6daceccc2f9
2026-09-30T12:49:44.606+02:00  WARN 97845 --- [agilityhub-core-api] [           main] c.a.core.shared.api.ApiExceptionHandler  : Framework request rejected status=404 code=NOT_FOUND traceId=b4d3cad9-e815-4ac1-8013-a17856571b11
2026-09-30T12:49:44.607+02:00  WARN 97845 --- [agilityhub-core-api] [           main] c.a.core.shared.api.ApiExceptionHandler  : Framework request rejected status=404 code=NOT_FOUND traceId=b4bec0fb-82db-425f-97c9-5ba84e9edb7f
2026-09-30T12:49:44.611+02:00  WARN 97845 --- [agilityhub-core-api] [           main] c.a.core.shared.api.ApiExceptionHandler  : Framework request rejected status=404 code=NOT_FOUND traceId=0c0ff02b-5701-4927-b345-0790d2cf18ad
2026-09-30T12:49:44.614+02:00  WARN 97845 --- [agilityhub-core-api] [           main] c.a.core.shared.api.ApiExceptionHandler  : Framework request rejected status=404 code=NOT_FOUND traceId=8da41860-924d-4380-8a22-697c67170696
2026-09-30T12:49:44.616+02:00  WARN 97845 --- [agilityhub-core-api] [           main] c.a.core.shared.api.ApiExceptionHandler  : Framework request rejected status=404 code=NOT_FOUND traceId=1e3be8c5-9ca2-46f0-b232-2f927dd7e41b
2026-09-30T12:49:44.619+02:00  WARN 97845 --- [agilityhub-core-api] [           main] c.a.core.shared.api.ApiExceptionHandler  : Framework request rejected status=404 code=NOT_FOUND traceId=cf488d52-f575-4aa5-97c4-8e22e7c26a3f
2026-09-30T12:49:44.622+02:00  WARN 97845 --- [agilityhub-core-api] [           main] c.a.core.shared.api.ApiExceptionHandler  : Framework request rejected status=404 code=NOT_FOUND traceId=00279d8c-c61a-4b35-be4c-04ae75d3b2c0
2026-09-30T12:49:44.625+02:00  WARN 97845 --- [agilityhub-core-api] [           main] c.a.core.shared.api.ApiExceptionHandler  : Framework request rejected status=404 code=NOT_FOUND traceId=fc5cc1c4-80d7-4ea8-b6a5-34c8f4f7d75c
2026-09-30T12:49:44.627+02:00  WARN 97845 --- [agilityhub-core-api] [           main] c.a.core.shared.api.ApiExceptionHandler  : Framework request rejected status=404 code=NOT_FOUND traceId=bbeb11f5-17d1-4786-87e2-f357547b9485
2026-09-30T12:49:44.629+02:00  WARN 97845 --- [agilityhub-core-api] [           main] c.a.core.shared.api.ApiExceptionHandler  : Framework request rejected status=404 code=NOT_FOUND traceId=bbd44789-96f1-4258-b087-9c5a47d6219e
2026-09-30T12:49:44.631+02:00  WARN 97845 --- [agilityhub-core-api] [           main] c.a.core.shared.api.ApiExceptionHandler  : Framework request rejected status=404 code=NOT_FOUND traceId=fa64b1e6-3969-40a8-bcbd-d19a365fbb2f
2026-09-30T12:49:44.634+02:00  WARN 97845 --- [agilityhub-core-api] [           main] c.a.core.shared.api.ApiExceptionHandler  : Framework request rejected status=404 code=NOT_FOUND traceId=c23c0fc6-0e96-4184-bf0c-851bc2925fe8
2026-09-30T12:49:44.636+02:00  WARN 97845 --- [agilityhub-core-api] [           main] c.a.core.shared.api.ApiExceptionHandler  : Framework request rejected status=404 code=NOT_FOUND traceId=09c9daa9-586e-41a3-9500-06aa63390e6b
2026-09-30T12:49:44.640+02:00  WARN 97845 --- [agilityhub-core-api] [           main] c.a.core.shared.api.ApiExceptionHandler  : Framework request rejected status=404 code=NOT_FOUND traceId=ec0fe8b0-bfd2-415f-90f7-a8d064c1c07e
2026-09-30T12:49:44.643+02:00  WARN 97845 --- [agilityhub-core-api] [           main] c.a.core.shared.api.ApiExceptionHandler  : Framework request rejected status=404 code=NOT_FOUND traceId=1697a59c-1f15-4dfa-8351-bd4b6db6bff1
2026-09-30T12:49:44.646+02:00  WARN 97845 --- [agilityhub-core-api] [           main] c.a.core.shared.api.ApiExceptionHandler  : Framework request rejected status=404 code=NOT_FOUND traceId=7b4e485b-5eb8-430f-ac1b-b19b4c4fc254
2026-09-30T12:49:44.652+02:00  WARN 97845 --- [agilityhub-core-api] [           main] c.a.core.shared.api.ApiExceptionHandler  : Framework request rejected status=404 code=NOT_FOUND traceId=a5013ad5-d4e5-4fe7-97ba-14539a0e308c
2026-09-30T12:49:44.654+02:00  WARN 97845 --- [agilityhub-core-api] [           main] c.a.core.shared.api.ApiExceptionHandler  : Framework request rejected status=404 code=NOT_FOUND traceId=87be7b15-92ea-4dae-b37c-d0a89bd57aa2
2026-09-30T12:49:44.657+02:00  WARN 97845 --- [agilityhub-core-api] [           main] c.a.core.shared.api.ApiExceptionHandler  : Framework request rejected status=404 code=NOT_FOUND traceId=d8f26134-8257-4f6d-856a-49d9d79dbc72
2026-09-30T12:49:44.661+02:00  WARN 97845 --- [agilityhub-core-api] [           main] c.a.core.shared.api.ApiExceptionHandler  : Framework request rejected status=404 code=NOT_FOUND traceId=c7b99962-a008-4cc8-bd22-ef220091da07
2026-09-30T12:49:44.665+02:00  WARN 97845 --- [agilityhub-core-api] [           main] c.a.core.shared.api.ApiExceptionHandler  : Framework request rejected status=404 code=NOT_FOUND traceId=9120f1c4-5c8c-40f1-b8f8-e5963943afb1
2026-09-30T12:49:44.668+02:00  WARN 97845 --- [agilityhub-core-api] [           main] c.a.core.shared.api.ApiExceptionHandler  : Framework request rejected status=404 code=NOT_FOUND traceId=8e6ac3fc-be26-4e20-b3c3-6ef69a3d98b3
2026-09-30T12:49:44.671+02:00  WARN 97845 --- [agilityhub-core-api] [           main] c.a.core.shared.api.ApiExceptionHandler  : Framework request rejected status=404 code=NOT_FOUND traceId=73fd7b04-bcb5-4c31-ad3b-2dd20a9ecc08
2026-09-30T12:49:44.674+02:00  WARN 97845 --- [agilityhub-core-api] [           main] c.a.core.shared.api.ApiExceptionHandler  : Framework request rejected status=404 code=NOT_FOUND traceId=6c9416fc-a345-4e4b-9d7c-dd49e6a28eb2
2026-09-30T12:49:44.677+02:00  WARN 97845 --- [agilityhub-core-api] [           main] c.a.core.shared.api.ApiExceptionHandler  : Framework request rejected status=404 code=NOT_FOUND traceId=3b79d83d-bb2d-4274-ae3f-a5bb8a159245
2026-09-30T12:49:44.679+02:00  WARN 97845 --- [agilityhub-core-api] [           main] c.a.core.shared.api.ApiExceptionHandler  : Framework request rejected status=404 code=NOT_FOUND traceId=6390c3ea-d0c5-4509-9a68-83e382df0574
2026-09-30T12:49:44.681+02:00  WARN 97845 --- [agilityhub-core-api] [           main] c.a.core.shared.api.ApiExceptionHandler  : Framework request rejected status=404 code=NOT_FOUND traceId=9ac916f5-0d1b-43da-8e02-0cf833dfa85e
2026-09-30T12:49:44.685+02:00  WARN 97845 --- [agilityhub-core-api] [           main] c.a.core.shared.api.ApiExceptionHandler  : Framework request rejected status=404 code=NOT_FOUND traceId=fb4eb223-d92d-4746-9892-264c0857cf6c
2026-09-30T12:49:44.688+02:00  WARN 97845 --- [agilityhub-core-api] [           main] c.a.core.shared.api.ApiExceptionHandler  : Framework request rejected status=404 code=NOT_FOUND traceId=f196412b-d965-474b-8ebd-bb068c86ec39
2026-09-30T12:49:44.691+02:00  WARN 97845 --- [agilityhub-core-api] [           main] c.a.core.shared.api.ApiExceptionHandler  : Framework request rejected status=404 code=NOT_FOUND traceId=7c8bced1-36e4-48d6-9ca3-0fbb4e9ececf
2026-09-30T12:49:44.695+02:00  WARN 97845 --- [agilityhub-core-api] [           main] c.a.core.shared.api.ApiExceptionHandler  : Framework request rejected status=404 code=NOT_FOUND traceId=ca7b7180-f92b-44a7-a3a3-c6fa41970f05
2026-09-30T12:49:44.698+02:00  WARN 97845 --- [agilityhub-core-api] [           main] c.a.core.shared.api.ApiExceptionHandler  : Framework request rejected status=404 code=NOT_FOUND traceId=0202a389-1602-4b61-937d-678fac24bc73
2026-09-30T12:49:44.700+02:00  WARN 97845 --- [agilityhub-core-api] [           main] c.a.core.shared.api.ApiExceptionHandler  : Framework request rejected status=404 code=NOT_FOUND traceId=8faf96ae-b465-4b22-b2f7-5e9c254b828e
2026-09-30T12:49:44.702+02:00  WARN 97845 --- [agilityhub-core-api] [           main] c.a.core.shared.api.ApiExceptionHandler  : Framework request rejected status=404 code=NOT_FOUND traceId=2d85d5eb-3365-4127-a10a-483e52ca1aa0
2026-09-30T12:49:44.704+02:00  WARN 97845 --- [agilityhub-core-api] [           main] c.a.core.shared.api.ApiExceptionHandler  : Framework request rejected status=404 code=NOT_FOUND traceId=694dd7db-a4f3-4c26-b8ea-ea3d01f7586b
2026-09-30T12:49:44.706+02:00  WARN 97845 --- [agilityhub-core-api] [           main] c.a.core.shared.api.ApiExceptionHandler  : Framework request rejected status=404 code=NOT_FOUND traceId=1d56c944-1a62-4993-95c3-58ecb753fa6d
2026-09-30T12:49:44.708+02:00  WARN 97845 --- [agilityhub-core-api] [           main] c.a.core.shared.api.ApiExceptionHandler  : Framework request rejected status=404 code=NOT_FOUND traceId=91cce562-a730-42ec-ad04-873ab1dad71d
2026-09-30T12:49:44.711+02:00  WARN 97845 --- [agilityhub-core-api] [           main] c.a.core.shared.api.ApiExceptionHandler  : Framework request rejected status=404 code=NOT_FOUND traceId=144d37e6-caea-44d2-b91f-028bf10d710a
2026-09-30T12:49:44.714+02:00  WARN 97845 --- [agilityhub-core-api] [           main] c.a.core.shared.api.ApiExceptionHandler  : Framework request rejected status=404 code=NOT_FOUND traceId=e4ba31a1-2cc3-4a9d-b0e3-1dd1f1a527fc
2026-09-30T12:49:44.717+02:00  WARN 97845 --- [agilityhub-core-api] [           main] c.a.core.shared.api.ApiExceptionHandler  : Framework request rejected status=404 code=NOT_FOUND traceId=56cacc7f-b303-470b-8b27-abb110151341
2026-09-30T12:49:44.721+02:00  WARN 97845 --- [agilityhub-core-api] [           main] c.a.core.shared.api.ApiExceptionHandler  : Framework request rejected status=404 code=NOT_FOUND traceId=c416eeaa-4bdf-4708-b8f2-270c81a8c925
2026-09-30T12:49:44.724+02:00  WARN 97845 --- [agilityhub-core-api] [           main] c.a.core.shared.api.ApiExceptionHandler  : Framework request rejected status=404 code=NOT_FOUND traceId=816beed7-1b26-4c13-b4ff-9778a37a0720
2026-09-30T12:49:44.726+02:00  WARN 97845 --- [agilityhub-core-api] [           main] c.a.core.shared.api.ApiExceptionHandler  : Framework request rejected status=404 code=NOT_FOUND traceId=e71e4023-2f3f-456d-9248-e209e3bf5105
2026-09-30T12:49:44.728+02:00  WARN 97845 --- [agilityhub-core-api] [           main] c.a.core.shared.api.ApiExceptionHandler  : Framework request rejected status=404 code=NOT_FOUND traceId=5bc2f63f-e595-4cb7-b92d-8ba6205edfa4
2026-09-30T12:49:44.730+02:00  WARN 97845 --- [agilityhub-core-api] [           main] c.a.core.shared.api.ApiExceptionHandler  : Framework request rejected status=404 code=NOT_FOUND traceId=cb1daa02-295b-422b-8f53-7a1fede53a13
2026-09-30T12:49:44.732+02:00  WARN 97845 --- [agilityhub-core-api] [           main] c.a.core.shared.api.ApiExceptionHandler  : Framework request rejected status=404 code=NOT_FOUND traceId=305c7be1-d763-4aec-ab8f-6c6fc9be2c9a
2026-09-30T12:49:44.740+02:00  WARN 97845 --- [agilityhub-core-api] [           main] c.a.core.shared.api.ApiExceptionHandler  : Framework request rejected status=404 code=NOT_FOUND traceId=8a130730-65a8-459c-8694-d296e2d7d492
2026-09-30T12:49:45.137+02:00  WARN 97845 --- [agilityhub-core-api] [           main] c.a.core.shared.api.ApiExceptionHandler  : Framework request rejected status=404 code=NOT_FOUND traceId=5eebb783-20e0-4e2a-aea6-ce8fbfb2fcad
2026-09-30T12:49:45.139+02:00  WARN 97845 --- [agilityhub-core-api] [           main] c.a.core.shared.api.ApiExceptionHandler  : Framework request rejected status=404 code=NOT_FOUND traceId=a5b40ad4-853a-4d98-ab50-ab7230dbbb04
2026-09-30T12:49:45.143+02:00  WARN 97845 --- [agilityhub-core-api] [           main] c.a.core.shared.api.ApiExceptionHandler  : Framework request rejected status=404 code=NOT_FOUND traceId=7c3b8074-0d7d-480d-9c7e-ee3e1a5451b4
2026-09-30T12:49:45.145+02:00  WARN 97845 --- [agilityhub-core-api] [           main] c.a.core.shared.api.ApiExceptionHandler  : Framework request rejected status=404 code=NOT_FOUND traceId=6ac17af5-f65b-439a-bf38-47ec38fca171
2026-09-30T12:49:45.147+02:00  WARN 97845 --- [agilityhub-core-api] [           main] c.a.core.shared.api.ApiExceptionHandler  : Framework request rejected status=404 code=NOT_FOUND traceId=5565eea1-1ca0-4710-a4fd-6092aade26ed
2026-09-30T12:49:45.149+02:00  WARN 97845 --- [agilityhub-core-api] [           main] c.a.core.shared.api.ApiExceptionHandler  : Framework request rejected status=404 code=NOT_FOUND traceId=34a92d62-5838-4adc-9e95-3b6f67eae28d
2026-09-30T12:49:45.152+02:00  WARN 97845 --- [agilityhub-core-api] [           main] c.a.core.shared.api.ApiExceptionHandler  : Framework request rejected status=404 code=NOT_FOUND traceId=7392052d-4918-4133-b266-6f2c76a6ae74
2026-09-30T12:49:45.155+02:00  WARN 97845 --- [agilityhub-core-api] [           main] c.a.core.shared.api.ApiExceptionHandler  : Framework request rejected status=404 code=NOT_FOUND traceId=35adffbc-855e-4cb6-822b-4106f2a86a3e
2026-09-30T12:49:45.158+02:00  WARN 97845 --- [agilityhub-core-api] [           main] c.a.core.shared.api.ApiExceptionHandler  : Framework request rejected status=404 code=NOT_FOUND traceId=9bc04b19-3e4b-46db-9c0d-dda28df5f013
2026-09-30T12:49:45.160+02:00  WARN 97845 --- [agilityhub-core-api] [           main] c.a.core.shared.api.ApiExceptionHandler  : Framework request rejected status=404 code=NOT_FOUND traceId=f099d6ed-a35e-49de-8e9b-0a9f8437effb
2026-09-30T12:49:45.164+02:00  WARN 97845 --- [agilityhub-core-api] [           main] c.a.core.shared.api.ApiExceptionHandler  : Framework request rejected status=404 code=NOT_FOUND traceId=57f5cecc-93e1-49e1-92bc-37a7d78296e5
2026-09-30T12:49:45.167+02:00  WARN 97845 --- [agilityhub-core-api] [           main] c.a.core.shared.api.ApiExceptionHandler  : Framework request rejected status=404 code=NOT_FOUND traceId=1fd8de4b-fc52-415c-a298-d37642aeda9c
2026-09-30T12:49:45.169+02:00  WARN 97845 --- [agilityhub-core-api] [           main] c.a.core.shared.api.ApiExceptionHandler  : Framework request rejected status=404 code=NOT_FOUND traceId=6c61e2a7-1d8f-4d89-bf9d-c5ff02d595db
2026-09-30T12:49:45.171+02:00  WARN 97845 --- [agilityhub-core-api] [           main] c.a.core.shared.api.ApiExceptionHandler  : Framework request rejected status=404 code=NOT_FOUND traceId=6c9ce376-9986-4150-9420-5cb54924e0d2
2026-09-30T12:49:45.173+02:00  WARN 97845 --- [agilityhub-core-api] [           main] c.a.core.shared.api.ApiExceptionHandler  : Framework request rejected status=404 code=NOT_FOUND traceId=29be6a4f-9a1d-497b-b932-f4edcd5ce443
2026-09-30T12:49:45.175+02:00  WARN 97845 --- [agilityhub-core-api] [           main] c.a.core.shared.api.ApiExceptionHandler  : Framework request rejected status=404 code=NOT_FOUND traceId=4dadf4ba-615a-4c77-b150-acb8ccea8882
2026-09-30T12:49:45.178+02:00  WARN 97845 --- [agilityhub-core-api] [           main] c.a.core.shared.api.ApiExceptionHandler  : Framework request rejected status=404 code=NOT_FOUND traceId=7b48e0e1-130b-457a-8ecd-132e3467f035
2026-09-30T12:49:45.181+02:00  WARN 97845 --- [agilityhub-core-api] [           main] c.a.core.shared.api.ApiExceptionHandler  : Framework request rejected status=404 code=NOT_FOUND traceId=6d8dc4e2-e832-4a53-8bd2-818f3883649b
2026-09-30T12:49:45.183+02:00  WARN 97845 --- [agilityhub-core-api] [           main] c.a.core.shared.api.ApiExceptionHandler  : Framework request rejected status=404 code=NOT_FOUND traceId=8d306f9b-0ac2-4eb8-8363-3095084392da
2026-09-30T12:49:45.186+02:00  WARN 97845 --- [agilityhub-core-api] [           main] c.a.core.shared.api.ApiExceptionHandler  : Framework request rejected status=404 code=NOT_FOUND traceId=7150139e-eab1-4ddb-9c6b-771a30d538b6
2026-09-30T12:49:45.189+02:00  WARN 97845 --- [agilityhub-core-api] [           main] c.a.core.shared.api.ApiExceptionHandler  : Framework request rejected status=404 code=NOT_FOUND traceId=33dc353b-615b-4171-aec2-422deef80eb4
2026-09-30T12:49:45.191+02:00  WARN 97845 --- [agilityhub-core-api] [           main] c.a.core.shared.api.ApiExceptionHandler  : Framework request rejected status=404 code=NOT_FOUND traceId=acc66d14-0db1-498f-a04d-af70b3d285f7
2026-09-30T12:49:45.194+02:00  WARN 97845 --- [agilityhub-core-api] [           main] c.a.core.shared.api.ApiExceptionHandler  : Framework request rejected status=404 code=NOT_FOUND traceId=7dbfcdac-230a-4757-8a57-6ea7315277f2
2026-09-30T12:49:45.196+02:00  WARN 97845 --- [agilityhub-core-api] [           main] c.a.core.shared.api.ApiExceptionHandler  : Framework request rejected status=404 code=NOT_FOUND traceId=ca9f4e11-fee9-4604-b247-75091d8101c6
2026-09-30T12:49:45.197+02:00  WARN 97845 --- [agilityhub-core-api] [           main] c.a.core.shared.api.ApiExceptionHandler  : Framework request rejected status=404 code=NOT_FOUND traceId=d36a6242-707a-4b0f-ab95-633e0b02fdf1
2026-09-30T12:49:45.199+02:00  WARN 97845 --- [agilityhub-core-api] [           main] c.a.core.shared.api.ApiExceptionHandler  : Framework request rejected status=404 code=NOT_FOUND traceId=48b9e01b-a629-4837-bcd9-e79cc66ec95a
2026-09-30T12:49:45.201+02:00  WARN 97845 --- [agilityhub-core-api] [           main] c.a.core.shared.api.ApiExceptionHandler  : Framework request rejected status=404 code=NOT_FOUND traceId=91daa15a-7153-49a7-88b9-a893a9c0bbb3
2026-09-30T12:49:45.204+02:00  WARN 97845 --- [agilityhub-core-api] [           main] c.a.core.shared.api.ApiExceptionHandler  : Framework request rejected status=404 code=NOT_FOUND traceId=2bc0bfde-1576-4f32-96c3-4834398c06ff
2026-09-30T12:49:45.206+02:00  WARN 97845 --- [agilityhub-core-api] [           main] c.a.core.shared.api.ApiExceptionHandler  : Framework request rejected status=404 code=NOT_FOUND traceId=4ae2554b-2baf-43c9-9ccd-fa3456ba9e26
2026-09-30T12:49:45.210+02:00  WARN 97845 --- [agilityhub-core-api] [           main] c.a.core.shared.api.ApiExceptionHandler  : Framework request rejected status=404 code=NOT_FOUND traceId=c0bf3d0b-5533-468f-80cd-c328a9eceee7
2026-09-30T12:49:45.212+02:00  WARN 97845 --- [agilityhub-core-api] [           main] c.a.core.shared.api.ApiExceptionHandler  : Framework request rejected status=404 code=NOT_FOUND traceId=6a0db3a4-9af5-4937-93d9-03b462094dbd
2026-09-30T12:49:45.215+02:00  WARN 97845 --- [agilityhub-core-api] [           main] c.a.core.shared.api.ApiExceptionHandler  : Framework request rejected status=404 code=NOT_FOUND traceId=32f4c8cb-beec-4b4a-a3a5-2ac9f250267f
2026-09-30T12:49:45.218+02:00  WARN 97845 --- [agilityhub-core-api] [           main] c.a.core.shared.api.ApiExceptionHandler  : Framework request rejected status=404 code=NOT_FOUND traceId=7adc8604-b01d-4c3d-b327-e05c7ce3f346
2026-09-30T12:49:45.220+02:00  WARN 97845 --- [agilityhub-core-api] [           main] c.a.core.shared.api.ApiExceptionHandler  : Framework request rejected status=404 code=NOT_FOUND traceId=9278a301-b657-4453-a198-e7c69ea1604a
2026-09-30T12:49:45.222+02:00  WARN 97845 --- [agilityhub-core-api] [           main] c.a.core.shared.api.ApiExceptionHandler  : Framework request rejected status=404 code=NOT_FOUND traceId=e535b724-dab9-4eae-87b0-c1527b6378d1
2026-09-30T12:49:45.223+02:00  WARN 97845 --- [agilityhub-core-api] [           main] c.a.core.shared.api.ApiExceptionHandler  : Framework request rejected status=404 code=NOT_FOUND traceId=b9988eba-b4a9-4c83-938f-6563224bebe6
2026-09-30T12:49:45.226+02:00  WARN 97845 --- [agilityhub-core-api] [           main] c.a.core.shared.api.ApiExceptionHandler  : Framework request rejected status=404 code=NOT_FOUND traceId=912760ac-d778-42df-809c-9f1bcdfd0ac3
2026-09-30T12:49:45.229+02:00  WARN 97845 --- [agilityhub-core-api] [           main] c.a.core.shared.api.ApiExceptionHandler  : Framework request rejected status=404 code=NOT_FOUND traceId=390bda89-b749-47f2-8f76-58f543768019
2026-09-30T12:49:45.231+02:00  WARN 97845 --- [agilityhub-core-api] [           main] c.a.core.shared.api.ApiExceptionHandler  : Framework request rejected status=404 code=NOT_FOUND traceId=4929af86-2724-444a-9958-e0e1ba7dd6b7
2026-09-30T12:49:45.235+02:00  WARN 97845 --- [agilityhub-core-api] [           main] c.a.core.shared.api.ApiExceptionHandler  : Framework request rejected status=404 code=NOT_FOUND traceId=0c3461ca-d8ee-4e32-851e-709377d8d0cd
2026-09-30T12:49:45.237+02:00  WARN 97845 --- [agilityhub-core-api] [           main] c.a.core.shared.api.ApiExceptionHandler  : Framework request rejected status=404 code=NOT_FOUND traceId=dee2c07e-6728-4d88-8871-089affb37594
2026-09-30T12:49:45.240+02:00  WARN 97845 --- [agilityhub-core-api] [           main] c.a.core.shared.api.ApiExceptionHandler  : Framework request rejected status=404 code=NOT_FOUND traceId=54a5771b-3325-4ccd-928a-4f5f18bbb45f
2026-09-30T12:49:45.243+02:00  WARN 97845 --- [agilityhub-core-api] [           main] c.a.core.shared.api.ApiExceptionHandler  : Framework request rejected status=404 code=NOT_FOUND traceId=317995e6-5087-4ffd-8abf-3a56a4325059
2026-09-30T12:49:45.245+02:00  WARN 97845 --- [agilityhub-core-api] [           main] c.a.core.shared.api.ApiExceptionHandler  : Framework request rejected status=404 code=NOT_FOUND traceId=94fee530-989b-4750-aab9-6c9f0e6d10a5
2026-09-30T12:49:45.248+02:00  WARN 97845 --- [agilityhub-core-api] [           main] c.a.core.shared.api.ApiExceptionHandler  : Framework request rejected status=404 code=NOT_FOUND traceId=385c48e8-78c6-4964-903b-05fe44ea264f
2026-09-30T12:49:45.251+02:00  WARN 97845 --- [agilityhub-core-api] [           main] c.a.core.shared.api.ApiExceptionHandler  : Framework request rejected status=404 code=NOT_FOUND traceId=bdcda4f5-1f4a-4950-9ea1-64b20d68167e
2026-09-30T12:49:45.252+02:00  WARN 97845 --- [agilityhub-core-api] [           main] c.a.core.shared.api.ApiExceptionHandler  : Framework request rejected status=404 code=NOT_FOUND traceId=a428997a-bd28-48d5-8781-8638fa558e23
2026-09-30T12:49:45.255+02:00  WARN 97845 --- [agilityhub-core-api] [           main] c.a.core.shared.api.ApiExceptionHandler  : Framework request rejected status=404 code=NOT_FOUND traceId=a05fd5dc-5109-4266-b320-b0ee33657727
2026-09-30T12:49:45.256+02:00  WARN 97845 --- [agilityhub-core-api] [           main] c.a.core.shared.api.ApiExceptionHandler  : Framework request rejected status=404 code=NOT_FOUND traceId=8a714742-7270-44cb-9afc-2a8934185c6c
2026-09-30T12:49:45.260+02:00  WARN 97845 --- [agilityhub-core-api] [           main] c.a.core.shared.api.ApiExceptionHandler  : Framework request rejected status=404 code=NOT_FOUND traceId=4b161539-1299-4d40-af0b-31692e5079cb
2026-09-30T12:49:45.262+02:00  WARN 97845 --- [agilityhub-core-api] [           main] c.a.core.shared.api.ApiExceptionHandler  : Framework request rejected status=404 code=NOT_FOUND traceId=36435060-466e-468b-aba6-842ad52e1f17
2026-09-30T12:49:45.265+02:00  WARN 97845 --- [agilityhub-core-api] [           main] c.a.core.shared.api.ApiExceptionHandler  : Framework request rejected status=404 code=NOT_FOUND traceId=c752ae4f-9cf7-45bb-87ab-247aaa9789b1
2026-09-30T12:49:45.268+02:00  WARN 97845 --- [agilityhub-core-api] [           main] c.a.core.shared.api.ApiExceptionHandler  : Framework request rejected status=404 code=NOT_FOUND traceId=5ddf83a4-1df5-4fb6-9d95-4e8806f059f4
2026-09-30T12:49:45.271+02:00  WARN 97845 --- [agilityhub-core-api] [           main] c.a.core.shared.api.ApiExceptionHandler  : Framework request rejected status=404 code=NOT_FOUND traceId=35390ff4-2380-4eac-8c6c-849e650988fe
2026-09-30T12:49:45.274+02:00  WARN 97845 --- [agilityhub-core-api] [           main] c.a.core.shared.api.ApiExceptionHandler  : Framework request rejected status=404 code=NOT_FOUND traceId=bcd5af08-941a-4013-bdea-8555d7d3fc04
2026-09-30T12:49:45.277+02:00  WARN 97845 --- [agilityhub-core-api] [           main] c.a.core.shared.api.ApiExceptionHandler  : Framework request rejected status=404 code=NOT_FOUND traceId=a150c89c-7c6a-407b-8976-c774a64e9d7d
2026-09-30T12:49:45.279+02:00  WARN 97845 --- [agilityhub-core-api] [           main] c.a.core.shared.api.ApiExceptionHandler  : Framework request rejected status=404 code=NOT_FOUND traceId=8d7dd6c4-c450-4f64-ad8a-c9796355b183
2026-09-30T12:49:45.281+02:00  WARN 97845 --- [agilityhub-core-api] [           main] c.a.core.shared.api.ApiExceptionHandler  : Framework request rejected status=404 code=NOT_FOUND traceId=49dccef1-bfba-4053-91a4-78ca73626b6d
2026-09-30T12:49:45.282+02:00  WARN 97845 --- [agilityhub-core-api] [           main] c.a.core.shared.api.ApiExceptionHandler  : Framework request rejected status=404 code=NOT_FOUND traceId=abe94c1d-a829-4e51-b99e-f3cc7f74baae
2026-09-30T12:49:45.285+02:00  WARN 97845 --- [agilityhub-core-api] [           main] c.a.core.shared.api.ApiExceptionHandler  : Framework request rejected status=404 code=NOT_FOUND traceId=168f3ca6-6444-470c-a880-b51a1b8c4eac
2026-09-30T12:49:45.737+02:00  INFO 97845 --- [agilityhub-core-api] [           main] t.c.s.AnnotationConfigContextLoaderUtils : Could not detect default configuration classes for test class [com.agilityhub.core.identity.api.CorsIT]: CorsIT does not declare any static, non-private, non-final, nested classes annotated with @Configuration.
2026-09-30T12:49:45.739+02:00  INFO 97845 --- [agilityhub-core-api] [           main] .b.t.c.SpringBootTestContextBootstrapper : Found @SpringBootConfiguration com.agilityhub.core.CoreApplication for test class com.agilityhub.core.identity.api.CorsIT

  .   ____          _            __ _ _
 /\\ / ___'_ __ _ _(_)_ __  __ _ \ \ \ \
( ( )\___ | '_ | '_| | '_ \/ _` | \ \ \ \
 \\/  ___)| |_)| | | | | || (_| |  ) ) ) )
  '  |____| .__|_| |_|_| |_\__, | / / / /
 =========|_|==============|___/=/_/_/_/

 :: Spring Boot ::               (v3.5.16)

2026-09-30T12:49:45.749+02:00  INFO 97845 --- [agilityhub-core-api] [           main] c.agilityhub.core.identity.api.CorsIT    : Starting CorsIT using Java 21.0.12.1 with PID 97845 (started by jordib in /Users/jordib/dev/agilityhub/agilityhub-core-api)
2026-09-30T12:49:45.749+02:00  INFO 97845 --- [agilityhub-core-api] [           main] c.agilityhub.core.identity.api.CorsIT    : The following 1 profile is active: "test"
2026-09-30T12:49:46.007+02:00  INFO 97845 --- [agilityhub-core-api] [           main] .s.d.r.c.RepositoryConfigurationDelegate : Bootstrapping Spring Data MongoDB repositories in DEFAULT mode.
2026-09-30T12:49:46.035+02:00  INFO 97845 --- [agilityhub-core-api] [           main] .s.d.r.c.RepositoryConfigurationDelegate : Finished Spring Data repository scanning in 27 ms. Found 0 MongoDB repository interfaces.
2026-09-30T12:49:46.088+02:00  INFO 97845 --- [agilityhub-core-api] [           main] org.mongodb.driver.client                : MongoClient with metadata {"driver": {"name": "mongo-java-driver|sync|spring-boot", "version": "5.5.2"}, "os": {"type": "Darwin", "name": "Mac OS X", "architecture": "aarch64", "version": "26.4.1"}, "platform": "Java/Homebrew/21.0.12.1"} created with settings MongoClientSettings{readPreference=primary, writeConcern=WriteConcern{w=null, wTimeout=null ms, journal=null}, retryWrites=true, retryReads=true, readConcern=ReadConcern{level=null}, credential=null, transportSettings=null, commandListeners=[io.micrometer.core.instrument.binder.mongodb.MongoMetricsCommandListener@3c838746], codecRegistry=ProvidersCodecRegistry{codecProviders=[ValueCodecProvider{}, BsonValueCodecProvider{}, DBRefCodecProvider{}, DBObjectCodecProvider{}, DocumentCodecProvider{}, CollectionCodecProvider{}, IterableCodecProvider{}, MapCodecProvider{}, GeoJsonCodecProvider{}, GridFSFileCodecProvider{}, Jsr310CodecProvider{}, JsonObjectCodecProvider{}, BsonCodecProvider{}, EnumCodecProvider{}, com.mongodb.client.model.mql.ExpressionCodecProvider@22c0c0bc, com.mongodb.Jep395RecordCodecProvider@36a25457, com.mongodb.KotlinCodecProvider@61d4155b]}, loggerSettings=LoggerSettings{maxDocumentLength=1000}, clusterSettings={hosts=[localhost:56569], srvServiceName=mongodb, mode=SINGLE, requiredClusterType=UNKNOWN, requiredReplicaSetName='null', serverSelector='null', clusterListeners='[]', serverSelectionTimeout='30000 ms', localThreshold='15 ms'}, socketSettings=SocketSettings{connectTimeoutMS=10000, readTimeoutMS=0, receiveBufferSize=0, proxySettings=ProxySettings{host=null, port=null, username=null, password=null}}, heartbeatSocketSettings=SocketSettings{connectTimeoutMS=10000, readTimeoutMS=10000, receiveBufferSize=0, proxySettings=ProxySettings{host=null, port=null, username=null, password=null}}, connectionPoolSettings=ConnectionPoolSettings{maxSize=100, minSize=0, maxWaitTimeMS=120000, maxConnectionLifeTimeMS=0, maxConnectionIdleTimeMS=0, maintenanceInitialDelayMS=0, maintenanceFrequencyMS=60000, connectionPoolListeners=[io.micrometer.core.instrument.binder.mongodb.MongoMetricsConnectionPoolListener@4f5fb427], maxConnecting=2}, serverSettings=ServerSettings{heartbeatFrequencyMS=10000, minHeartbeatFrequencyMS=500, serverMonitoringMode=AUTO, serverListeners='[]', serverMonitorListeners='[]'}, sslSettings=SslSettings{enabled=false, invalidHostNameAllowed=false, context=null}, applicationName='null', compressorList=[], uuidRepresentation=JAVA_LEGACY, serverApi=null, autoEncryptionSettings=null, dnsClient=null, inetAddressResolver=null, contextProvider=null, timeoutMS=null}
2026-09-30T12:49:46.090+02:00  INFO 97845 --- [agilityhub-core-api] [localhost:56569] org.mongodb.driver.cluster               : Monitor thread successfully connected to server with description ServerDescription{address=localhost:56569, type=REPLICA_SET_PRIMARY, cryptd=false, state=CONNECTED, ok=true, minWireVersion=0, maxWireVersion=21, maxDocumentSize=16777216, logicalSessionTimeoutMinutes=30, roundTripTimeNanos=2017083, minRoundTripTimeNanos=0, setName='docker-rs', canonicalAddress=eda3f7904721:27017, hosts=[eda3f7904721:27017], passives=[], arbiters=[], primary='eda3f7904721:27017', tagSet=TagSet{[]}, electionId=7fffffff0000000000000001, setVersion=1, topologyVersion=TopologyVersion{processId=6abce9373086d49c35cfebcb, counter=6}, lastWriteDate=Wed Sep 30 12:49:45 CEST 2026, lastUpdateTimeNanos=372003430218083}
2026-09-30T12:49:46.680+02:00  INFO 97845 --- [agilityhub-core-api] [           main] o.s.b.t.m.w.SpringBootMockServletContext : Initializing Spring TestDispatcherServlet ''
2026-09-30T12:49:46.681+02:00  INFO 97845 --- [agilityhub-core-api] [           main] o.s.t.web.servlet.TestDispatcherServlet  : Initializing Servlet ''
2026-09-30T12:49:46.681+02:00  INFO 97845 --- [agilityhub-core-api] [           main] o.s.t.web.servlet.TestDispatcherServlet  : Completed initialization in 0 ms
2026-09-30T12:49:46.691+02:00  INFO 97845 --- [agilityhub-core-api] [           main] c.agilityhub.core.identity.api.CorsIT    : Started CorsIT in 0.95 seconds (process running for 20.388)
2026-09-30T12:49:47.049+02:00  INFO 97845 --- [agilityhub-core-api] [           main] t.c.s.AnnotationConfigContextLoaderUtils : Could not detect default configuration classes for test class [com.agilityhub.core.identity.api.SecurityHeadersIT]: SecurityHeadersIT does not declare any static, non-private, non-final, nested classes annotated with @Configuration.
2026-09-30T12:49:47.051+02:00  INFO 97845 --- [agilityhub-core-api] [           main] .b.t.c.SpringBootTestContextBootstrapper : Found @SpringBootConfiguration com.agilityhub.core.CoreApplication for test class com.agilityhub.core.identity.api.SecurityHeadersIT

  .   ____          _            __ _ _
 /\\ / ___'_ __ _ _(_)_ __  __ _ \ \ \ \
( ( )\___ | '_ | '_| | '_ \/ _` | \ \ \ \
 \\/  ___)| |_)| | | | | || (_| |  ) ) ) )
  '  |____| .__|_| |_|_| |_\__, | / / / /
 =========|_|==============|___/=/_/_/_/

 :: Spring Boot ::               (v3.5.16)

2026-09-30T12:49:47.086+02:00  INFO 97845 --- [agilityhub-core-api] [           main] c.a.core.identity.api.SecurityHeadersIT  : Starting SecurityHeadersIT using Java 21.0.12.1 with PID 97845 (started by jordib in /Users/jordib/dev/agilityhub/agilityhub-core-api)
2026-09-30T12:49:47.086+02:00  INFO 97845 --- [agilityhub-core-api] [           main] c.a.core.identity.api.SecurityHeadersIT  : The following 2 profiles are active: "test", "prod"
2026-09-30T12:49:47.320+02:00  INFO 97845 --- [agilityhub-core-api] [           main] .s.d.r.c.RepositoryConfigurationDelegate : Bootstrapping Spring Data MongoDB repositories in DEFAULT mode.
2026-09-30T12:49:47.346+02:00  INFO 97845 --- [agilityhub-core-api] [           main] .s.d.r.c.RepositoryConfigurationDelegate : Finished Spring Data repository scanning in 25 ms. Found 0 MongoDB repository interfaces.
2026-09-30T12:49:47.385+02:00  INFO 97845 --- [agilityhub-core-api] [           main] org.mongodb.driver.client                : MongoClient with metadata {"driver": {"name": "mongo-java-driver|sync|spring-boot", "version": "5.5.2"}, "os": {"type": "Darwin", "name": "Mac OS X", "architecture": "aarch64", "version": "26.4.1"}, "platform": "Java/Homebrew/21.0.12.1"} created with settings MongoClientSettings{readPreference=primary, writeConcern=WriteConcern{w=null, wTimeout=null ms, journal=null}, retryWrites=true, retryReads=true, readConcern=ReadConcern{level=null}, credential=null, transportSettings=null, commandListeners=[io.micrometer.core.instrument.binder.mongodb.MongoMetricsCommandListener@1f1e8fda], codecRegistry=ProvidersCodecRegistry{codecProviders=[ValueCodecProvider{}, BsonValueCodecProvider{}, DBRefCodecProvider{}, DBObjectCodecProvider{}, DocumentCodecProvider{}, CollectionCodecProvider{}, IterableCodecProvider{}, MapCodecProvider{}, GeoJsonCodecProvider{}, GridFSFileCodecProvider{}, Jsr310CodecProvider{}, JsonObjectCodecProvider{}, BsonCodecProvider{}, EnumCodecProvider{}, com.mongodb.client.model.mql.ExpressionCodecProvider@22c0c0bc, com.mongodb.Jep395RecordCodecProvider@36a25457, com.mongodb.KotlinCodecProvider@61d4155b]}, loggerSettings=LoggerSettings{maxDocumentLength=1000}, clusterSettings={hosts=[localhost:56569], srvServiceName=mongodb, mode=SINGLE, requiredClusterType=UNKNOWN, requiredReplicaSetName='null', serverSelector='null', clusterListeners='[]', serverSelectionTimeout='30000 ms', localThreshold='15 ms'}, socketSettings=SocketSettings{connectTimeoutMS=10000, readTimeoutMS=0, receiveBufferSize=0, proxySettings=ProxySettings{host=null, port=null, username=null, password=null}}, heartbeatSocketSettings=SocketSettings{connectTimeoutMS=10000, readTimeoutMS=10000, receiveBufferSize=0, proxySettings=ProxySettings{host=null, port=null, username=null, password=null}}, connectionPoolSettings=ConnectionPoolSettings{maxSize=100, minSize=0, maxWaitTimeMS=120000, maxConnectionLifeTimeMS=0, maxConnectionIdleTimeMS=0, maintenanceInitialDelayMS=0, maintenanceFrequencyMS=60000, connectionPoolListeners=[io.micrometer.core.instrument.binder.mongodb.MongoMetricsConnectionPoolListener@1720276e], maxConnecting=2}, serverSettings=ServerSettings{heartbeatFrequencyMS=10000, minHeartbeatFrequencyMS=500, serverMonitoringMode=AUTO, serverListeners='[]', serverMonitorListeners='[]'}, sslSettings=SslSettings{enabled=false, invalidHostNameAllowed=false, context=null}, applicationName='null', compressorList=[], uuidRepresentation=JAVA_LEGACY, serverApi=null, autoEncryptionSettings=null, dnsClient=null, inetAddressResolver=null, contextProvider=null, timeoutMS=null}
2026-09-30T12:49:47.387+02:00  INFO 97845 --- [agilityhub-core-api] [localhost:56569] org.mongodb.driver.cluster               : Monitor thread successfully connected to server with description ServerDescription{address=localhost:56569, type=REPLICA_SET_PRIMARY, cryptd=false, state=CONNECTED, ok=true, minWireVersion=0, maxWireVersion=21, maxDocumentSize=16777216, logicalSessionTimeoutMinutes=30, roundTripTimeNanos=2250833, minRoundTripTimeNanos=0, setName='docker-rs', canonicalAddress=eda3f7904721:27017, hosts=[eda3f7904721:27017], passives=[], arbiters=[], primary='eda3f7904721:27017', tagSet=TagSet{[]}, electionId=7fffffff0000000000000001, setVersion=1, topologyVersion=TopologyVersion{processId=6abce9373086d49c35cfebcb, counter=6}, lastWriteDate=Wed Sep 30 12:49:47 CEST 2026, lastUpdateTimeNanos=372004727245166}
2026-09-30T12:49:48.103+02:00  INFO 97845 --- [agilityhub-core-api] [           main] o.s.b.t.m.w.SpringBootMockServletContext : Initializing Spring TestDispatcherServlet ''
2026-09-30T12:49:48.103+02:00  INFO 97845 --- [agilityhub-core-api] [           main] o.s.t.web.servlet.TestDispatcherServlet  : Initializing Servlet ''
2026-09-30T12:49:48.103+02:00  INFO 97845 --- [agilityhub-core-api] [           main] o.s.t.web.servlet.TestDispatcherServlet  : Completed initialization in 0 ms
2026-09-30T12:49:48.113+02:00  INFO 97845 --- [agilityhub-core-api] [           main] c.a.core.identity.api.SecurityHeadersIT  : Started SecurityHeadersIT in 1.06 seconds (process running for 21.81)
2026-09-30T12:49:48.299+02:00  INFO 97845 --- [agilityhub-core-api] [           main] .b.t.c.SpringBootTestContextBootstrapper : Found @SpringBootConfiguration com.agilityhub.core.CoreApplication for test class com.agilityhub.core.platform.persistence.PlatformIT

  .   ____          _            __ _ _
 /\\ / ___'_ __ _ _(_)_ __  __ _ \ \ \ \
( ( )\___ | '_ | '_| | '_ \/ _` | \ \ \ \
 \\/  ___)| |_)| | | | | || (_| |  ) ) ) )
  '  |____| .__|_| |_|_| |_\__, | / / / /
 =========|_|==============|___/=/_/_/_/

 :: Spring Boot ::               (v3.5.16)

2026-09-30T12:49:48.310+02:00  INFO 97845 --- [agilityhub-core-api] [           main] c.a.c.platform.persistence.PlatformIT    : Starting PlatformIT using Java 21.0.12.1 with PID 97845 (started by jordib in /Users/jordib/dev/agilityhub/agilityhub-core-api)
2026-09-30T12:49:48.310+02:00  INFO 97845 --- [agilityhub-core-api] [           main] c.a.c.platform.persistence.PlatformIT    : The following 1 profile is active: "test"
2026-09-30T12:49:48.536+02:00  INFO 97845 --- [agilityhub-core-api] [           main] .s.d.r.c.RepositoryConfigurationDelegate : Bootstrapping Spring Data MongoDB repositories in DEFAULT mode.
2026-09-30T12:49:48.565+02:00  INFO 97845 --- [agilityhub-core-api] [           main] .s.d.r.c.RepositoryConfigurationDelegate : Finished Spring Data repository scanning in 29 ms. Found 0 MongoDB repository interfaces.
2026-09-30T12:49:48.603+02:00  INFO 97845 --- [agilityhub-core-api] [           main] org.mongodb.driver.client                : MongoClient with metadata {"driver": {"name": "mongo-java-driver|sync|spring-boot", "version": "5.5.2"}, "os": {"type": "Darwin", "name": "Mac OS X", "architecture": "aarch64", "version": "26.4.1"}, "platform": "Java/Homebrew/21.0.12.1"} created with settings MongoClientSettings{readPreference=primary, writeConcern=WriteConcern{w=null, wTimeout=null ms, journal=null}, retryWrites=true, retryReads=true, readConcern=ReadConcern{level=null}, credential=null, transportSettings=null, commandListeners=[io.micrometer.core.instrument.binder.mongodb.MongoMetricsCommandListener@2e4dabb7], codecRegistry=ProvidersCodecRegistry{codecProviders=[ValueCodecProvider{}, BsonValueCodecProvider{}, DBRefCodecProvider{}, DBObjectCodecProvider{}, DocumentCodecProvider{}, CollectionCodecProvider{}, IterableCodecProvider{}, MapCodecProvider{}, GeoJsonCodecProvider{}, GridFSFileCodecProvider{}, Jsr310CodecProvider{}, JsonObjectCodecProvider{}, BsonCodecProvider{}, EnumCodecProvider{}, com.mongodb.client.model.mql.ExpressionCodecProvider@22c0c0bc, com.mongodb.Jep395RecordCodecProvider@36a25457, com.mongodb.KotlinCodecProvider@61d4155b]}, loggerSettings=LoggerSettings{maxDocumentLength=1000}, clusterSettings={hosts=[localhost:56569], srvServiceName=mongodb, mode=SINGLE, requiredClusterType=UNKNOWN, requiredReplicaSetName='null', serverSelector='null', clusterListeners='[]', serverSelectionTimeout='30000 ms', localThreshold='15 ms'}, socketSettings=SocketSettings{connectTimeoutMS=10000, readTimeoutMS=0, receiveBufferSize=0, proxySettings=ProxySettings{host=null, port=null, username=null, password=null}}, heartbeatSocketSettings=SocketSettings{connectTimeoutMS=10000, readTimeoutMS=10000, receiveBufferSize=0, proxySettings=ProxySettings{host=null, port=null, username=null, password=null}}, connectionPoolSettings=ConnectionPoolSettings{maxSize=100, minSize=0, maxWaitTimeMS=120000, maxConnectionLifeTimeMS=0, maxConnectionIdleTimeMS=0, maintenanceInitialDelayMS=0, maintenanceFrequencyMS=60000, connectionPoolListeners=[io.micrometer.core.instrument.binder.mongodb.MongoMetricsConnectionPoolListener@14bc1d6f], maxConnecting=2}, serverSettings=ServerSettings{heartbeatFrequencyMS=10000, minHeartbeatFrequencyMS=500, serverMonitoringMode=AUTO, serverListeners='[]', serverMonitorListeners='[]'}, sslSettings=SslSettings{enabled=false, invalidHostNameAllowed=false, context=null}, applicationName='null', compressorList=[], uuidRepresentation=JAVA_LEGACY, serverApi=null, autoEncryptionSettings=null, dnsClient=null, inetAddressResolver=null, contextProvider=null, timeoutMS=null}
2026-09-30T12:49:48.605+02:00  INFO 97845 --- [agilityhub-core-api] [localhost:56569] org.mongodb.driver.cluster               : Monitor thread successfully connected to server with description ServerDescription{address=localhost:56569, type=REPLICA_SET_PRIMARY, cryptd=false, state=CONNECTED, ok=true, minWireVersion=0, maxWireVersion=21, maxDocumentSize=16777216, logicalSessionTimeoutMinutes=30, roundTripTimeNanos=1757042, minRoundTripTimeNanos=0, setName='docker-rs', canonicalAddress=eda3f7904721:27017, hosts=[eda3f7904721:27017], passives=[], arbiters=[], primary='eda3f7904721:27017', tagSet=TagSet{[]}, electionId=7fffffff0000000000000001, setVersion=1, topologyVersion=TopologyVersion{processId=6abce9373086d49c35cfebcb, counter=6}, lastWriteDate=Wed Sep 30 12:49:48 CEST 2026, lastUpdateTimeNanos=372005945292916}
2026-09-30T12:49:49.162+02:00  INFO 97845 --- [agilityhub-core-api] [           main] o.s.b.t.m.w.SpringBootMockServletContext : Initializing Spring TestDispatcherServlet ''
2026-09-30T12:49:49.162+02:00  INFO 97845 --- [agilityhub-core-api] [           main] o.s.t.web.servlet.TestDispatcherServlet  : Initializing Servlet ''
2026-09-30T12:49:49.163+02:00  INFO 97845 --- [agilityhub-core-api] [           main] o.s.t.web.servlet.TestDispatcherServlet  : Completed initialization in 1 ms
2026-09-30T12:49:49.171+02:00  INFO 97845 --- [agilityhub-core-api] [           main] c.a.c.platform.persistence.PlatformIT    : Started PlatformIT in 0.87 seconds (process running for 22.868)
2026-09-30T12:49:49.378+02:00  WARN 97845 --- [agilityhub-core-api] [           main] o.s.w.s.h.HandlerMappingIntrospector     : Cache miss for REQUEST dispatch to '/api/v1/branding' (previous null). Performing MatchableHandlerMapping lookup. This is logged once only at WARN level, and every time at TRACE.
2026-09-30T12:49:49.507+02:00  WARN 97845 --- [agilityhub-core-api] [           main] c.n.schema.UnknownKeywordFactory         : Unknown keyword components - you should define your own Meta Schema. If the keyword is irrelevant for validation, just use a NonValidationKeyword or if it should generate annotations AnnotationKeyword
clubs indexes: [Document{{v=2, key=Document{{_id=1}}, name=_id_}}, Document{{v=2, key=Document{{slug=1}}, name=club_slug, unique=true}}, Document{{v=2, key=Document{{domains.host=1}}, name=club_host, unique=true, sparse=true}}]
parameters indexes: [Document{{v=2, key=Document{{_id=1}}, name=_id_}}, Document{{v=2, key=Document{{clubId=1, key=1, scopeRef=1}}, name=parameter_scope_key, unique=true}}]
2026-09-30T12:49:49.738+02:00  INFO 97845 --- [agilityhub-core-api] [           main] .b.t.c.SpringBootTestContextBootstrapper : Found @SpringBootConfiguration com.agilityhub.core.CoreApplication for test class com.agilityhub.core.platform.api.RequiresModuleIT

  .   ____          _            __ _ _
 /\\ / ___'_ __ _ _(_)_ __  __ _ \ \ \ \
( ( )\___ | '_ | '_| | '_ \/ _` | \ \ \ \
 \\/  ___)| |_)| | | | | || (_| |  ) ) ) )
  '  |____| .__|_| |_|_| |_\__, | / / / /
 =========|_|==============|___/=/_/_/_/

 :: Spring Boot ::               (v3.5.16)

2026-09-30T12:49:49.746+02:00  INFO 97845 --- [agilityhub-core-api] [           main] c.a.core.platform.api.RequiresModuleIT   : Starting RequiresModuleIT using Java 21.0.12.1 with PID 97845 (started by jordib in /Users/jordib/dev/agilityhub/agilityhub-core-api)
2026-09-30T12:49:49.746+02:00  INFO 97845 --- [agilityhub-core-api] [           main] c.a.core.platform.api.RequiresModuleIT   : The following 1 profile is active: "test"
2026-09-30T12:49:49.977+02:00  INFO 97845 --- [agilityhub-core-api] [           main] .s.d.r.c.RepositoryConfigurationDelegate : Bootstrapping Spring Data MongoDB repositories in DEFAULT mode.
2026-09-30T12:49:50.002+02:00  INFO 97845 --- [agilityhub-core-api] [           main] .s.d.r.c.RepositoryConfigurationDelegate : Finished Spring Data repository scanning in 24 ms. Found 0 MongoDB repository interfaces.
2026-09-30T12:49:50.038+02:00  INFO 97845 --- [agilityhub-core-api] [           main] org.mongodb.driver.client                : MongoClient with metadata {"driver": {"name": "mongo-java-driver|sync|spring-boot", "version": "5.5.2"}, "os": {"type": "Darwin", "name": "Mac OS X", "architecture": "aarch64", "version": "26.4.1"}, "platform": "Java/Homebrew/21.0.12.1"} created with settings MongoClientSettings{readPreference=primary, writeConcern=WriteConcern{w=null, wTimeout=null ms, journal=null}, retryWrites=true, retryReads=true, readConcern=ReadConcern{level=null}, credential=null, transportSettings=null, commandListeners=[io.micrometer.core.instrument.binder.mongodb.MongoMetricsCommandListener@30be5bf], codecRegistry=ProvidersCodecRegistry{codecProviders=[ValueCodecProvider{}, BsonValueCodecProvider{}, DBRefCodecProvider{}, DBObjectCodecProvider{}, DocumentCodecProvider{}, CollectionCodecProvider{}, IterableCodecProvider{}, MapCodecProvider{}, GeoJsonCodecProvider{}, GridFSFileCodecProvider{}, Jsr310CodecProvider{}, JsonObjectCodecProvider{}, BsonCodecProvider{}, EnumCodecProvider{}, com.mongodb.client.model.mql.ExpressionCodecProvider@22c0c0bc, com.mongodb.Jep395RecordCodecProvider@36a25457, com.mongodb.KotlinCodecProvider@61d4155b]}, loggerSettings=LoggerSettings{maxDocumentLength=1000}, clusterSettings={hosts=[localhost:56569], srvServiceName=mongodb, mode=SINGLE, requiredClusterType=UNKNOWN, requiredReplicaSetName='null', serverSelector='null', clusterListeners='[]', serverSelectionTimeout='30000 ms', localThreshold='15 ms'}, socketSettings=SocketSettings{connectTimeoutMS=10000, readTimeoutMS=0, receiveBufferSize=0, proxySettings=ProxySettings{host=null, port=null, username=null, password=null}}, heartbeatSocketSettings=SocketSettings{connectTimeoutMS=10000, readTimeoutMS=10000, receiveBufferSize=0, proxySettings=ProxySettings{host=null, port=null, username=null, password=null}}, connectionPoolSettings=ConnectionPoolSettings{maxSize=100, minSize=0, maxWaitTimeMS=120000, maxConnectionLifeTimeMS=0, maxConnectionIdleTimeMS=0, maintenanceInitialDelayMS=0, maintenanceFrequencyMS=60000, connectionPoolListeners=[io.micrometer.core.instrument.binder.mongodb.MongoMetricsConnectionPoolListener@5cfb6755], maxConnecting=2}, serverSettings=ServerSettings{heartbeatFrequencyMS=10000, minHeartbeatFrequencyMS=500, serverMonitoringMode=AUTO, serverListeners='[]', serverMonitorListeners='[]'}, sslSettings=SslSettings{enabled=false, invalidHostNameAllowed=false, context=null}, applicationName='null', compressorList=[], uuidRepresentation=JAVA_LEGACY, serverApi=null, autoEncryptionSettings=null, dnsClient=null, inetAddressResolver=null, contextProvider=null, timeoutMS=null}
2026-09-30T12:49:50.041+02:00  INFO 97845 --- [agilityhub-core-api] [localhost:56569] org.mongodb.driver.cluster               : Monitor thread successfully connected to server with description ServerDescription{address=localhost:56569, type=REPLICA_SET_PRIMARY, cryptd=false, state=CONNECTED, ok=true, minWireVersion=0, maxWireVersion=21, maxDocumentSize=16777216, logicalSessionTimeoutMinutes=30, roundTripTimeNanos=2127042, minRoundTripTimeNanos=0, setName='docker-rs', canonicalAddress=eda3f7904721:27017, hosts=[eda3f7904721:27017], passives=[], arbiters=[], primary='eda3f7904721:27017', tagSet=TagSet{[]}, electionId=7fffffff0000000000000001, setVersion=1, topologyVersion=TopologyVersion{processId=6abce9373086d49c35cfebcb, counter=6}, lastWriteDate=Wed Sep 30 12:49:49 CEST 2026, lastUpdateTimeNanos=372007380609083}
2026-09-30T12:49:50.624+02:00  INFO 97845 --- [agilityhub-core-api] [           main] o.s.b.t.m.w.SpringBootMockServletContext : Initializing Spring TestDispatcherServlet ''
2026-09-30T12:49:50.624+02:00  INFO 97845 --- [agilityhub-core-api] [           main] o.s.t.web.servlet.TestDispatcherServlet  : Initializing Servlet ''
2026-09-30T12:49:50.624+02:00  INFO 97845 --- [agilityhub-core-api] [           main] o.s.t.web.servlet.TestDispatcherServlet  : Completed initialization in 0 ms
2026-09-30T12:49:50.632+02:00  INFO 97845 --- [agilityhub-core-api] [           main] c.a.core.platform.api.RequiresModuleIT   : Started RequiresModuleIT in 0.893 seconds (process running for 24.329)
2026-09-30T12:49:50.687+02:00  WARN 97845 --- [agilityhub-core-api] [           main] o.s.w.s.h.HandlerMappingIntrospector     : Cache miss for REQUEST dispatch to '/api/v1/_test/module-open' (previous null). Performing MatchableHandlerMapping lookup. This is logged once only at WARN level, and every time at TRACE.
2026-09-30T12:49:51.058+02:00  WARN 97845 --- [agilityhub-core-api] [           main] c.a.core.shared.api.ApiExceptionHandler  : Framework request rejected code=VALIDATION_ERROR traceId=00fbb256-6459-47c0-9000-21aed136216d
2026-09-30T12:49:51.076+02:00  WARN 97845 --- [agilityhub-core-api] [           main] c.a.core.shared.api.ApiExceptionHandler  : Framework request rejected code=VALIDATION_ERROR traceId=1c40c62b-2cc5-44a8-b1dd-8a9e1907ddbe
2026-09-30T12:49:51.102+02:00  INFO 97845 --- [agilityhub-core-api] [           main] .b.t.c.SpringBootTestContextBootstrapper : Found @SpringBootConfiguration com.agilityhub.core.CoreApplication for test class com.agilityhub.core.shared.persistence.IdempotencyIT

  .   ____          _            __ _ _
 /\\ / ___'_ __ _ _(_)_ __  __ _ \ \ \ \
( ( )\___ | '_ | '_| | '_ \/ _` | \ \ \ \
 \\/  ___)| |_)| | | | | || (_| |  ) ) ) )
  '  |____| .__|_| |_|_| |_\__, | / / / /
 =========|_|==============|___/=/_/_/_/

 :: Spring Boot ::               (v3.5.16)

2026-09-30T12:49:51.110+02:00  INFO 97845 --- [agilityhub-core-api] [           main] c.a.c.shared.persistence.IdempotencyIT   : Starting IdempotencyIT using Java 21.0.12.1 with PID 97845 (started by jordib in /Users/jordib/dev/agilityhub/agilityhub-core-api)
2026-09-30T12:49:51.110+02:00  INFO 97845 --- [agilityhub-core-api] [           main] c.a.c.shared.persistence.IdempotencyIT   : The following 1 profile is active: "test"
2026-09-30T12:49:51.332+02:00  INFO 97845 --- [agilityhub-core-api] [           main] .s.d.r.c.RepositoryConfigurationDelegate : Bootstrapping Spring Data MongoDB repositories in DEFAULT mode.
2026-09-30T12:49:51.360+02:00  INFO 97845 --- [agilityhub-core-api] [           main] .s.d.r.c.RepositoryConfigurationDelegate : Finished Spring Data repository scanning in 27 ms. Found 0 MongoDB repository interfaces.
2026-09-30T12:49:51.414+02:00  INFO 97845 --- [agilityhub-core-api] [           main] org.mongodb.driver.client                : MongoClient with metadata {"driver": {"name": "mongo-java-driver|sync|spring-boot", "version": "5.5.2"}, "os": {"type": "Darwin", "name": "Mac OS X", "architecture": "aarch64", "version": "26.4.1"}, "platform": "Java/Homebrew/21.0.12.1"} created with settings MongoClientSettings{readPreference=primary, writeConcern=WriteConcern{w=null, wTimeout=null ms, journal=null}, retryWrites=true, retryReads=true, readConcern=ReadConcern{level=null}, credential=null, transportSettings=null, commandListeners=[io.micrometer.core.instrument.binder.mongodb.MongoMetricsCommandListener@38e8e291], codecRegistry=ProvidersCodecRegistry{codecProviders=[ValueCodecProvider{}, BsonValueCodecProvider{}, DBRefCodecProvider{}, DBObjectCodecProvider{}, DocumentCodecProvider{}, CollectionCodecProvider{}, IterableCodecProvider{}, MapCodecProvider{}, GeoJsonCodecProvider{}, GridFSFileCodecProvider{}, Jsr310CodecProvider{}, JsonObjectCodecProvider{}, BsonCodecProvider{}, EnumCodecProvider{}, com.mongodb.client.model.mql.ExpressionCodecProvider@22c0c0bc, com.mongodb.Jep395RecordCodecProvider@36a25457, com.mongodb.KotlinCodecProvider@61d4155b]}, loggerSettings=LoggerSettings{maxDocumentLength=1000}, clusterSettings={hosts=[localhost:56569], srvServiceName=mongodb, mode=SINGLE, requiredClusterType=UNKNOWN, requiredReplicaSetName='null', serverSelector='null', clusterListeners='[]', serverSelectionTimeout='30000 ms', localThreshold='15 ms'}, socketSettings=SocketSettings{connectTimeoutMS=10000, readTimeoutMS=0, receiveBufferSize=0, proxySettings=ProxySettings{host=null, port=null, username=null, password=null}}, heartbeatSocketSettings=SocketSettings{connectTimeoutMS=10000, readTimeoutMS=10000, receiveBufferSize=0, proxySettings=ProxySettings{host=null, port=null, username=null, password=null}}, connectionPoolSettings=ConnectionPoolSettings{maxSize=100, minSize=0, maxWaitTimeMS=120000, maxConnectionLifeTimeMS=0, maxConnectionIdleTimeMS=0, maintenanceInitialDelayMS=0, maintenanceFrequencyMS=60000, connectionPoolListeners=[io.micrometer.core.instrument.binder.mongodb.MongoMetricsConnectionPoolListener@3006c89c], maxConnecting=2}, serverSettings=ServerSettings{heartbeatFrequencyMS=10000, minHeartbeatFrequencyMS=500, serverMonitoringMode=AUTO, serverListeners='[]', serverMonitorListeners='[]'}, sslSettings=SslSettings{enabled=false, invalidHostNameAllowed=false, context=null}, applicationName='null', compressorList=[], uuidRepresentation=JAVA_LEGACY, serverApi=null, autoEncryptionSettings=null, dnsClient=null, inetAddressResolver=null, contextProvider=null, timeoutMS=null}
2026-09-30T12:49:51.416+02:00  INFO 97845 --- [agilityhub-core-api] [localhost:56569] org.mongodb.driver.cluster               : Monitor thread successfully connected to server with description ServerDescription{address=localhost:56569, type=REPLICA_SET_PRIMARY, cryptd=false, state=CONNECTED, ok=true, minWireVersion=0, maxWireVersion=21, maxDocumentSize=16777216, logicalSessionTimeoutMinutes=30, roundTripTimeNanos=2106666, minRoundTripTimeNanos=0, setName='docker-rs', canonicalAddress=eda3f7904721:27017, hosts=[eda3f7904721:27017], passives=[], arbiters=[], primary='eda3f7904721:27017', tagSet=TagSet{[]}, electionId=7fffffff0000000000000001, setVersion=1, topologyVersion=TopologyVersion{processId=6abce9373086d49c35cfebcb, counter=6}, lastWriteDate=Wed Sep 30 12:49:51 CEST 2026, lastUpdateTimeNanos=372008756293000}
2026-09-30T12:49:52.055+02:00  INFO 97845 --- [agilityhub-core-api] [           main] o.s.b.t.m.w.SpringBootMockServletContext : Initializing Spring TestDispatcherServlet ''
2026-09-30T12:49:52.055+02:00  INFO 97845 --- [agilityhub-core-api] [           main] o.s.t.web.servlet.TestDispatcherServlet  : Initializing Servlet ''
2026-09-30T12:49:52.056+02:00  INFO 97845 --- [agilityhub-core-api] [           main] o.s.t.web.servlet.TestDispatcherServlet  : Completed initialization in 1 ms
2026-09-30T12:49:52.066+02:00  INFO 97845 --- [agilityhub-core-api] [           main] c.a.c.shared.persistence.IdempotencyIT   : Started IdempotencyIT in 0.963 seconds (process running for 25.762)
2026-09-30T12:49:52.119+02:00  WARN 97845 --- [agilityhub-core-api] [           main] o.s.w.s.h.HandlerMappingIntrospector     : Cache miss for REQUEST dispatch to '/api/v1/test/idempotency' (previous null). Performing MatchableHandlerMapping lookup. This is logged once only at WARN level, and every time at TRACE.
idempotency_records indexes: [Document{{v=2, key=Document{{_id=1}}, name=_id_}}, Document{{v=2, key=Document{{clubId=1, accountId=1, key=1}}, name=scope_key, unique=true}}, Document{{v=2, key=Document{{createdAt=1}}, name=idempotency_retention, expireAfterSeconds=86400}}]
2026-09-30T12:49:52.311+02:00 ERROR 97845 --- [agilityhub-core-api] [           main] c.a.core.shared.api.ApiExceptionHandler  : Unhandled request exception traceId=fd851978-0614-490a-85cf-3e968d80e7c6

java.lang.IllegalStateException: Simulated failure
	at com.agilityhub.core.shared.persistence.IdempotencyIT$TestController.post(IdempotencyIT.java:253) ~[test-classes/:na]
	at java.base/jdk.internal.reflect.DirectMethodHandleAccessor.invoke(DirectMethodHandleAccessor.java:103) ~[na:na]
	at java.base/java.lang.reflect.Method.invoke(Method.java:580) ~[na:na]
	at org.springframework.aop.support.AopUtils.invokeJoinpointUsingReflection(AopUtils.java:360) ~[spring-aop-6.2.19.jar:6.2.19]
	at org.springframework.aop.framework.ReflectiveMethodInvocation.invokeJoinpoint(ReflectiveMethodInvocation.java:196) ~[spring-aop-6.2.19.jar:6.2.19]
	at org.springframework.aop.framework.ReflectiveMethodInvocation.proceed(ReflectiveMethodInvocation.java:163) ~[spring-aop-6.2.19.jar:6.2.19]
	at org.springframework.aop.aspectj.MethodInvocationProceedingJoinPoint.proceed(MethodInvocationProceedingJoinPoint.java:89) ~[spring-aop-6.2.19.jar:6.2.19]
	at com.agilityhub.core.shared.api.IdempotentReplayAspect.handler(IdempotentReplayAspect.java:27) ~[classes/:na]
	at java.base/jdk.internal.reflect.DirectMethodHandleAccessor.invoke(DirectMethodHandleAccessor.java:103) ~[na:na]
	at java.base/java.lang.reflect.Method.invoke(Method.java:580) ~[na:na]
	at org.springframework.aop.aspectj.AbstractAspectJAdvice.invokeAdviceMethodWithGivenArgs(AbstractAspectJAdvice.java:649) ~[spring-aop-6.2.19.jar:6.2.19]
	at org.springframework.aop.aspectj.AbstractAspectJAdvice.invokeAdviceMethod(AbstractAspectJAdvice.java:631) ~[spring-aop-6.2.19.jar:6.2.19]
	at org.springframework.aop.aspectj.AspectJAroundAdvice.invoke(AspectJAroundAdvice.java:71) ~[spring-aop-6.2.19.jar:6.2.19]
	at org.springframework.aop.framework.ReflectiveMethodInvocation.proceed(ReflectiveMethodInvocation.java:173) ~[spring-aop-6.2.19.jar:6.2.19]
	at org.springframework.aop.interceptor.ExposeInvocationInterceptor.invoke(ExposeInvocationInterceptor.java:97) ~[spring-aop-6.2.19.jar:6.2.19]
	at org.springframework.aop.framework.ReflectiveMethodInvocation.proceed(ReflectiveMethodInvocation.java:184) ~[spring-aop-6.2.19.jar:6.2.19]
	at org.springframework.aop.framework.CglibAopProxy$DynamicAdvisedInterceptor.intercept(CglibAopProxy.java:728) ~[spring-aop-6.2.19.jar:6.2.19]
	at com.agilityhub.core.shared.persistence.IdempotencyIT$TestController$$SpringCGLIB$$0.post(<generated>) ~[test-classes/:na]
	at java.base/jdk.internal.reflect.DirectMethodHandleAccessor.invoke(DirectMethodHandleAccessor.java:103) ~[na:na]
	at java.base/java.lang.reflect.Method.invoke(Method.java:580) ~[na:na]
	at org.springframework.web.method.support.InvocableHandlerMethod.doInvoke(InvocableHandlerMethod.java:258) ~[spring-web-6.2.19.jar:6.2.19]
	at org.springframework.web.method.support.InvocableHandlerMethod.invokeForRequest(InvocableHandlerMethod.java:191) ~[spring-web-6.2.19.jar:6.2.19]
	at org.springframework.web.servlet.mvc.method.annotation.ServletInvocableHandlerMethod.invokeAndHandle(ServletInvocableHandlerMethod.java:118) ~[spring-webmvc-6.2.19.jar:6.2.19]
	at org.springframework.web.servlet.mvc.method.annotation.RequestMappingHandlerAdapter.invokeHandlerMethod(RequestMappingHandlerAdapter.java:991) ~[spring-webmvc-6.2.19.jar:6.2.19]
	at org.springframework.web.servlet.mvc.method.annotation.RequestMappingHandlerAdapter.handleInternal(RequestMappingHandlerAdapter.java:896) ~[spring-webmvc-6.2.19.jar:6.2.19]
	at org.springframework.web.servlet.mvc.method.AbstractHandlerMethodAdapter.handle(AbstractHandlerMethodAdapter.java:87) ~[spring-webmvc-6.2.19.jar:6.2.19]
	at org.springframework.web.servlet.DispatcherServlet.doDispatch(DispatcherServlet.java:1089) ~[spring-webmvc-6.2.19.jar:6.2.19]
	at org.springframework.web.servlet.DispatcherServlet.doService(DispatcherServlet.java:979) ~[spring-webmvc-6.2.19.jar:6.2.19]
	at org.springframework.web.servlet.FrameworkServlet.processRequest(FrameworkServlet.java:1014) ~[spring-webmvc-6.2.19.jar:6.2.19]
	at org.springframework.web.servlet.FrameworkServlet.doPost(FrameworkServlet.java:914) ~[spring-webmvc-6.2.19.jar:6.2.19]
	at jakarta.servlet.http.HttpServlet.service(HttpServlet.java:590) ~[tomcat-embed-core-10.1.55.jar:6.0]
	at org.springframework.web.servlet.FrameworkServlet.service(FrameworkServlet.java:885) ~[spring-webmvc-6.2.19.jar:6.2.19]
	at org.springframework.test.web.servlet.TestDispatcherServlet.service(TestDispatcherServlet.java:72) ~[spring-test-6.2.19.jar:6.2.19]
	at jakarta.servlet.http.HttpServlet.service(HttpServlet.java:658) ~[tomcat-embed-core-10.1.55.jar:6.0]
	at org.springframework.mock.web.MockFilterChain$ServletFilterProxy.doFilter(MockFilterChain.java:165) ~[spring-test-6.2.19.jar:6.2.19]
	at org.springframework.mock.web.MockFilterChain.doFilter(MockFilterChain.java:132) ~[spring-test-6.2.19.jar:6.2.19]
	at com.agilityhub.core.shared.api.IdempotencyFilter.lambda$execute$3(IdempotencyFilter.java:207) ~[classes/:na]
	at org.springframework.transaction.support.TransactionOperations.lambda$executeWithoutResult$0(TransactionOperations.java:68) ~[spring-tx-6.2.19.jar:6.2.19]
	at org.springframework.transaction.support.TransactionTemplate.execute(TransactionTemplate.java:140) ~[spring-tx-6.2.19.jar:6.2.19]
	at org.springframework.transaction.support.TransactionOperations.executeWithoutResult(TransactionOperations.java:67) ~[spring-tx-6.2.19.jar:6.2.19]
	at com.agilityhub.core.shared.api.IdempotencyFilter.execute(IdempotencyFilter.java:205) ~[classes/:na]
	at com.agilityhub.core.shared.api.IdempotencyFilter.doFilterInternal(IdempotencyFilter.java:87) ~[classes/:na]
	at org.springframework.web.filter.OncePerRequestFilter.doFilter(OncePerRequestFilter.java:116) ~[spring-web-6.2.19.jar:6.2.19]
	at org.springframework.test.web.servlet.setup.MockMvcFilterDecorator.doFilter(MockMvcFilterDecorator.java:162) ~[spring-test-6.2.19.jar:6.2.19]
	at org.springframework.mock.web.MockFilterChain.doFilter(MockFilterChain.java:132) ~[spring-test-6.2.19.jar:6.2.19]
	at com.agilityhub.core.shared.api.RequestLocaleFilter.doFilterInternal(RequestLocaleFilter.java:24) ~[classes/:na]
	at org.springframework.web.filter.OncePerRequestFilter.doFilter(OncePerRequestFilter.java:116) ~[spring-web-6.2.19.jar:6.2.19]
	at org.springframework.test.web.servlet.setup.MockMvcFilterDecorator.doFilter(MockMvcFilterDecorator.java:162) ~[spring-test-6.2.19.jar:6.2.19]
	at org.springframework.mock.web.MockFilterChain.doFilter(MockFilterChain.java:132) ~[spring-test-6.2.19.jar:6.2.19]
	at com.agilityhub.core.shared.api.TenantFilter.doFilterInternal(TenantFilter.java:91) ~[classes/:na]
	at org.springframework.web.filter.OncePerRequestFilter.doFilter(OncePerRequestFilter.java:116) ~[spring-web-6.2.19.jar:6.2.19]
	at org.springframework.test.web.servlet.setup.MockMvcFilterDecorator.doFilter(MockMvcFilterDecorator.java:162) ~[spring-test-6.2.19.jar:6.2.19]
	at org.springframework.mock.web.MockFilterChain.doFilter(MockFilterChain.java:132) ~[spring-test-6.2.19.jar:6.2.19]
	at org.springframework.web.filter.CompositeFilter$VirtualFilterChain.doFilter(CompositeFilter.java:108) ~[spring-web-6.2.19.jar:6.2.19]
	at org.springframework.web.filter.CompositeFilter$VirtualFilterChain.doFilter(CompositeFilter.java:108) ~[spring-web-6.2.19.jar:6.2.19]
	at org.springframework.security.web.FilterChainProxy.lambda$doFilterInternal$3(FilterChainProxy.java:231) ~[spring-security-web-6.5.11.jar:6.5.11]
	at org.springframework.security.web.ObservationFilterChainDecorator$FilterObservation$SimpleFilterObservation.lambda$wrap$1(ObservationFilterChainDecorator.java:490) ~[spring-security-web-6.5.11.jar:6.5.11]
	at org.springframework.security.web.ObservationFilterChainDecorator$AroundFilterObservation$SimpleAroundFilterObservation.lambda$wrap$1(ObservationFilterChainDecorator.java:351) ~[spring-security-web-6.5.11.jar:6.5.11]
	at org.springframework.security.web.ObservationFilterChainDecorator.lambda$wrapSecured$0(ObservationFilterChainDecorator.java:83) ~[spring-security-web-6.5.11.jar:6.5.11]
	at org.springframework.security.web.ObservationFilterChainDecorator$VirtualFilterChain.doFilter(ObservationFilterChainDecorator.java:129) ~[spring-security-web-6.5.11.jar:6.5.11]
	at org.springframework.security.web.access.intercept.AuthorizationFilter.doFilter(AuthorizationFilter.java:101) ~[spring-security-web-6.5.11.jar:6.5.11]
	at org.springframework.security.web.ObservationFilterChainDecorator$ObservationFilter.wrapFilter(ObservationFilterChainDecorator.java:241) ~[spring-security-web-6.5.11.jar:6.5.11]
	at org.springframework.security.web.ObservationFilterChainDecorator$ObservationFilter.doFilter(ObservationFilterChainDecorator.java:228) ~[spring-security-web-6.5.11.jar:6.5.11]
	at org.springframework.security.web.ObservationFilterChainDecorator$VirtualFilterChain.doFilter(ObservationFilterChainDecorator.java:138) ~[spring-security-web-6.5.11.jar:6.5.11]
	at org.springframework.security.web.access.ExceptionTranslationFilter.doFilter(ExceptionTranslationFilter.java:125) ~[spring-security-web-6.5.11.jar:6.5.11]
	at org.springframework.security.web.access.ExceptionTranslationFilter.doFilter(ExceptionTranslationFilter.java:119) ~[spring-security-web-6.5.11.jar:6.5.11]
	at org.springframework.security.web.ObservationFilterChainDecorator$ObservationFilter.wrapFilter(ObservationFilterChainDecorator.java:241) ~[spring-security-web-6.5.11.jar:6.5.11]
	at org.springframework.security.web.ObservationFilterChainDecorator$ObservationFilter.doFilter(ObservationFilterChainDecorator.java:228) ~[spring-security-web-6.5.11.jar:6.5.11]
	at org.springframework.security.web.ObservationFilterChainDecorator$VirtualFilterChain.doFilter(ObservationFilterChainDecorator.java:138) ~[spring-security-web-6.5.11.jar:6.5.11]
	at org.springframework.security.web.authentication.AnonymousAuthenticationFilter.doFilter(AnonymousAuthenticationFilter.java:100) ~[spring-security-web-6.5.11.jar:6.5.11]
	at org.springframework.security.web.ObservationFilterChainDecorator$ObservationFilter.wrapFilter(ObservationFilterChainDecorator.java:241) ~[spring-security-web-6.5.11.jar:6.5.11]
	at org.springframework.security.web.ObservationFilterChainDecorator$ObservationFilter.doFilter(ObservationFilterChainDecorator.java:228) ~[spring-security-web-6.5.11.jar:6.5.11]
	at org.springframework.security.web.ObservationFilterChainDecorator$VirtualFilterChain.doFilter(ObservationFilterChainDecorator.java:138) ~[spring-security-web-6.5.11.jar:6.5.11]
	at org.springframework.security.web.servletapi.SecurityContextHolderAwareRequestFilter.doFilter(SecurityContextHolderAwareRequestFilter.java:179) ~[spring-security-web-6.5.11.jar:6.5.11]
	at org.springframework.security.web.ObservationFilterChainDecorator$ObservationFilter.wrapFilter(ObservationFilterChainDecorator.java:241) ~[spring-security-web-6.5.11.jar:6.5.11]
	at org.springframework.security.web.ObservationFilterChainDecorator$ObservationFilter.doFilter(ObservationFilterChainDecorator.java:228) ~[spring-security-web-6.5.11.jar:6.5.11]
	at org.springframework.security.web.ObservationFilterChainDecorator$VirtualFilterChain.doFilter(ObservationFilterChainDecorator.java:138) ~[spring-security-web-6.5.11.jar:6.5.11]
	at org.springframework.security.web.savedrequest.RequestCacheAwareFilter.doFilter(RequestCacheAwareFilter.java:63) ~[spring-security-web-6.5.11.jar:6.5.11]
	at org.springframework.security.web.ObservationFilterChainDecorator$ObservationFilter.wrapFilter(ObservationFilterChainDecorator.java:241) ~[spring-security-web-6.5.11.jar:6.5.11]
	at org.springframework.security.web.ObservationFilterChainDecorator$ObservationFilter.doFilter(ObservationFilterChainDecorator.java:228) ~[spring-security-web-6.5.11.jar:6.5.11]
	at org.springframework.security.web.ObservationFilterChainDecorator$VirtualFilterChain.doFilter(ObservationFilterChainDecorator.java:138) ~[spring-security-web-6.5.11.jar:6.5.11]
	at org.springframework.security.web.authentication.logout.LogoutFilter.doFilter(LogoutFilter.java:107) ~[spring-security-web-6.5.11.jar:6.5.11]
	at org.springframework.security.web.authentication.logout.LogoutFilter.doFilter(LogoutFilter.java:93) ~[spring-security-web-6.5.11.jar:6.5.11]
	at org.springframework.security.web.ObservationFilterChainDecorator$ObservationFilter.wrapFilter(ObservationFilterChainDecorator.java:241) ~[spring-security-web-6.5.11.jar:6.5.11]
	at org.springframework.security.web.ObservationFilterChainDecorator$ObservationFilter.doFilter(ObservationFilterChainDecorator.java:228) ~[spring-security-web-6.5.11.jar:6.5.11]
	at org.springframework.security.web.ObservationFilterChainDecorator$VirtualFilterChain.doFilter(ObservationFilterChainDecorator.java:138) ~[spring-security-web-6.5.11.jar:6.5.11]
	at org.springframework.web.filter.OncePerRequestFilter.doFilter(OncePerRequestFilter.java:101) ~[spring-web-6.2.19.jar:6.2.19]
	at org.springframework.security.web.ObservationFilterChainDecorator$ObservationFilter.wrapFilter(ObservationFilterChainDecorator.java:241) ~[spring-security-web-6.5.11.jar:6.5.11]
	at org.springframework.security.web.ObservationFilterChainDecorator$ObservationFilter.doFilter(ObservationFilterChainDecorator.java:228) ~[spring-security-web-6.5.11.jar:6.5.11]
	at org.springframework.security.web.ObservationFilterChainDecorator$VirtualFilterChain.doFilter(ObservationFilterChainDecorator.java:138) ~[spring-security-web-6.5.11.jar:6.5.11]
	at org.springframework.security.web.header.HeaderWriterFilter.doHeadersAfter(HeaderWriterFilter.java:90) ~[spring-security-web-6.5.11.jar:6.5.11]
	at org.springframework.security.web.header.HeaderWriterFilter.doFilterInternal(HeaderWriterFilter.java:75) ~[spring-security-web-6.5.11.jar:6.5.11]
	at org.springframework.web.filter.OncePerRequestFilter.doFilter(OncePerRequestFilter.java:116) ~[spring-web-6.2.19.jar:6.2.19]
	at org.springframework.security.web.ObservationFilterChainDecorator$ObservationFilter.wrapFilter(ObservationFilterChainDecorator.java:241) ~[spring-security-web-6.5.11.jar:6.5.11]
	at org.springframework.security.web.ObservationFilterChainDecorator$ObservationFilter.doFilter(ObservationFilterChainDecorator.java:228) ~[spring-security-web-6.5.11.jar:6.5.11]
	at org.springframework.security.web.ObservationFilterChainDecorator$VirtualFilterChain.doFilter(ObservationFilterChainDecorator.java:138) ~[spring-security-web-6.5.11.jar:6.5.11]
	at org.springframework.security.web.context.SecurityContextHolderFilter.doFilter(SecurityContextHolderFilter.java:82) ~[spring-security-web-6.5.11.jar:6.5.11]
	at org.springframework.security.web.context.SecurityContextHolderFilter.doFilter(SecurityContextHolderFilter.java:69) ~[spring-security-web-6.5.11.jar:6.5.11]
	at org.springframework.security.web.ObservationFilterChainDecorator$ObservationFilter.wrapFilter(ObservationFilterChainDecorator.java:241) ~[spring-security-web-6.5.11.jar:6.5.11]
	at org.springframework.security.web.ObservationFilterChainDecorator$ObservationFilter.doFilter(ObservationFilterChainDecorator.java:228) ~[spring-security-web-6.5.11.jar:6.5.11]
	at org.springframework.security.web.ObservationFilterChainDecorator$VirtualFilterChain.doFilter(ObservationFilterChainDecorator.java:138) ~[spring-security-web-6.5.11.jar:6.5.11]
	at org.springframework.security.web.context.request.async.WebAsyncManagerIntegrationFilter.doFilterInternal(WebAsyncManagerIntegrationFilter.java:62) ~[spring-security-web-6.5.11.jar:6.5.11]
	at org.springframework.web.filter.OncePerRequestFilter.doFilter(OncePerRequestFilter.java:116) ~[spring-web-6.2.19.jar:6.2.19]
	at org.springframework.security.web.ObservationFilterChainDecorator$ObservationFilter.wrapFilter(ObservationFilterChainDecorator.java:241) ~[spring-security-web-6.5.11.jar:6.5.11]
	at org.springframework.security.web.ObservationFilterChainDecorator$ObservationFilter.doFilter(ObservationFilterChainDecorator.java:228) ~[spring-security-web-6.5.11.jar:6.5.11]
	at org.springframework.security.web.ObservationFilterChainDecorator$VirtualFilterChain.doFilter(ObservationFilterChainDecorator.java:138) ~[spring-security-web-6.5.11.jar:6.5.11]
	at org.springframework.security.web.session.DisableEncodeUrlFilter.doFilterInternal(DisableEncodeUrlFilter.java:42) ~[spring-security-web-6.5.11.jar:6.5.11]
	at org.springframework.web.filter.OncePerRequestFilter.doFilter(OncePerRequestFilter.java:116) ~[spring-web-6.2.19.jar:6.2.19]
	at org.springframework.security.web.ObservationFilterChainDecorator$ObservationFilter.wrapFilter(ObservationFilterChainDecorator.java:241) ~[spring-security-web-6.5.11.jar:6.5.11]
	at org.springframework.security.web.ObservationFilterChainDecorator$AroundFilterObservation$SimpleAroundFilterObservation.lambda$wrap$0(ObservationFilterChainDecorator.java:334) ~[spring-security-web-6.5.11.jar:6.5.11]
	at org.springframework.security.web.ObservationFilterChainDecorator$ObservationFilter.doFilter(ObservationFilterChainDecorator.java:225) ~[spring-security-web-6.5.11.jar:6.5.11]
	at org.springframework.security.web.ObservationFilterChainDecorator$VirtualFilterChain.doFilter(ObservationFilterChainDecorator.java:138) ~[spring-security-web-6.5.11.jar:6.5.11]
	at org.springframework.security.web.FilterChainProxy.doFilterInternal(FilterChainProxy.java:233) ~[spring-security-web-6.5.11.jar:6.5.11]
	at org.springframework.security.web.FilterChainProxy.doFilter(FilterChainProxy.java:191) ~[spring-security-web-6.5.11.jar:6.5.11]
	at org.springframework.web.filter.CompositeFilter$VirtualFilterChain.doFilter(CompositeFilter.java:113) ~[spring-web-6.2.19.jar:6.2.19]
	at org.springframework.web.filter.ServletRequestPathFilter.doFilter(ServletRequestPathFilter.java:52) ~[spring-web-6.2.19.jar:6.2.19]
	at org.springframework.web.filter.CompositeFilter$VirtualFilterChain.doFilter(CompositeFilter.java:113) ~[spring-web-6.2.19.jar:6.2.19]
	at org.springframework.web.filter.CompositeFilter.doFilter(CompositeFilter.java:74) ~[spring-web-6.2.19.jar:6.2.19]
	at org.springframework.security.config.annotation.web.configuration.WebSecurityConfiguration$CompositeFilterChainProxy.doFilter(WebSecurityConfiguration.java:319) ~[spring-security-config-6.5.11.jar:6.5.11]
	at org.springframework.web.filter.CompositeFilter$VirtualFilterChain.doFilter(CompositeFilter.java:113) ~[spring-web-6.2.19.jar:6.2.19]
	at org.springframework.web.servlet.handler.HandlerMappingIntrospector.lambda$createCacheFilter$4(HandlerMappingIntrospector.java:267) ~[spring-webmvc-6.2.19.jar:6.2.19]
	at org.springframework.web.filter.CompositeFilter$VirtualFilterChain.doFilter(CompositeFilter.java:113) ~[spring-web-6.2.19.jar:6.2.19]
	at org.springframework.web.filter.CompositeFilter.doFilter(CompositeFilter.java:74) ~[spring-web-6.2.19.jar:6.2.19]
	at org.springframework.security.config.annotation.web.configuration.WebMvcSecurityConfiguration$CompositeFilterChainProxy.doFilter(WebMvcSecurityConfiguration.java:240) ~[spring-security-config-6.5.11.jar:6.5.11]
	at org.springframework.web.filter.DelegatingFilterProxy.invokeDelegate(DelegatingFilterProxy.java:362) ~[spring-web-6.2.19.jar:6.2.19]
	at org.springframework.web.filter.DelegatingFilterProxy.doFilter(DelegatingFilterProxy.java:278) ~[spring-web-6.2.19.jar:6.2.19]
	at org.springframework.test.web.servlet.setup.MockMvcFilterDecorator.doFilter(MockMvcFilterDecorator.java:162) ~[spring-test-6.2.19.jar:6.2.19]
	at org.springframework.mock.web.MockFilterChain.doFilter(MockFilterChain.java:132) ~[spring-test-6.2.19.jar:6.2.19]
	at org.springframework.web.filter.RequestContextFilter.doFilterInternal(RequestContextFilter.java:100) ~[spring-web-6.2.19.jar:6.2.19]
	at org.springframework.web.filter.OncePerRequestFilter.doFilter(OncePerRequestFilter.java:116) ~[spring-web-6.2.19.jar:6.2.19]
	at org.springframework.test.web.servlet.setup.MockMvcFilterDecorator.doFilter(MockMvcFilterDecorator.java:162) ~[spring-test-6.2.19.jar:6.2.19]
	at org.springframework.mock.web.MockFilterChain.doFilter(MockFilterChain.java:132) ~[spring-test-6.2.19.jar:6.2.19]
	at org.springframework.web.filter.FormContentFilter.doFilterInternal(FormContentFilter.java:93) ~[spring-web-6.2.19.jar:6.2.19]
	at org.springframework.web.filter.OncePerRequestFilter.doFilter(OncePerRequestFilter.java:116) ~[spring-web-6.2.19.jar:6.2.19]
	at org.springframework.test.web.servlet.setup.MockMvcFilterDecorator.doFilter(MockMvcFilterDecorator.java:162) ~[spring-test-6.2.19.jar:6.2.19]
	at org.springframework.mock.web.MockFilterChain.doFilter(MockFilterChain.java:132) ~[spring-test-6.2.19.jar:6.2.19]
	at com.agilityhub.core.shared.api.RequestTraceFilter.doFilterInternal(RequestTraceFilter.java:32) ~[classes/:na]
	at org.springframework.web.filter.OncePerRequestFilter.doFilter(OncePerRequestFilter.java:116) ~[spring-web-6.2.19.jar:6.2.19]
	at org.springframework.test.web.servlet.setup.MockMvcFilterDecorator.doFilter(MockMvcFilterDecorator.java:162) ~[spring-test-6.2.19.jar:6.2.19]
	at org.springframework.mock.web.MockFilterChain.doFilter(MockFilterChain.java:132) ~[spring-test-6.2.19.jar:6.2.19]
	at org.springframework.web.filter.ServerHttpObservationFilter.doFilterInternal(ServerHttpObservationFilter.java:110) ~[spring-web-6.2.19.jar:6.2.19]
	at org.springframework.web.filter.OncePerRequestFilter.doFilter(OncePerRequestFilter.java:116) ~[spring-web-6.2.19.jar:6.2.19]
	at org.springframework.test.web.servlet.setup.MockMvcFilterDecorator.doFilter(MockMvcFilterDecorator.java:162) ~[spring-test-6.2.19.jar:6.2.19]
	at org.springframework.mock.web.MockFilterChain.doFilter(MockFilterChain.java:132) ~[spring-test-6.2.19.jar:6.2.19]
	at org.springframework.web.filter.CharacterEncodingFilter.doFilterInternal(CharacterEncodingFilter.java:201) ~[spring-web-6.2.19.jar:6.2.19]
	at org.springframework.web.filter.OncePerRequestFilter.doFilter(OncePerRequestFilter.java:116) ~[spring-web-6.2.19.jar:6.2.19]
	at org.springframework.test.web.servlet.setup.MockMvcFilterDecorator.doFilter(MockMvcFilterDecorator.java:162) ~[spring-test-6.2.19.jar:6.2.19]
	at org.springframework.mock.web.MockFilterChain.doFilter(MockFilterChain.java:132) ~[spring-test-6.2.19.jar:6.2.19]
	at org.springframework.test.web.servlet.MockMvc.perform(MockMvc.java:201) ~[spring-test-6.2.19.jar:6.2.19]
	at com.agilityhub.core.shared.persistence.IdempotencyIT.E0_T04_failureRollsBackEffectsAndReleasesTheKey(IdempotencyIT.java:150) ~[test-classes/:na]
	at java.base/jdk.internal.reflect.DirectMethodHandleAccessor.invoke(DirectMethodHandleAccessor.java:103) ~[na:na]
	at java.base/java.lang.reflect.Method.invoke(Method.java:580) ~[na:na]
	at org.junit.platform.commons.util.ReflectionUtils.invokeMethod(ReflectionUtils.java:775) ~[junit-platform-commons-1.12.2.jar:1.12.2]
	at org.junit.platform.commons.support.ReflectionSupport.invokeMethod(ReflectionSupport.java:479) ~[junit-platform-commons-1.12.2.jar:1.12.2]
	at org.junit.jupiter.engine.execution.MethodInvocation.proceed(MethodInvocation.java:60) ~[junit-jupiter-engine-5.12.2.jar:5.12.2]
	at org.junit.jupiter.engine.execution.InvocationInterceptorChain$ValidatingInvocation.proceed(InvocationInterceptorChain.java:131) ~[junit-jupiter-engine-5.12.2.jar:5.12.2]
	at org.junit.jupiter.engine.extension.TimeoutExtension.intercept(TimeoutExtension.java:161) ~[junit-jupiter-engine-5.12.2.jar:5.12.2]
	at org.junit.jupiter.engine.extension.TimeoutExtension.interceptTestableMethod(TimeoutExtension.java:152) ~[junit-jupiter-engine-5.12.2.jar:5.12.2]
	at org.junit.jupiter.engine.extension.TimeoutExtension.interceptTestMethod(TimeoutExtension.java:91) ~[junit-jupiter-engine-5.12.2.jar:5.12.2]
	at org.junit.jupiter.engine.execution.InterceptingExecutableInvoker$ReflectiveInterceptorCall.lambda$ofVoidMethod$0(InterceptingExecutableInvoker.java:112) ~[junit-jupiter-engine-5.12.2.jar:5.12.2]
	at org.junit.jupiter.engine.execution.InterceptingExecutableInvoker.lambda$invoke$0(InterceptingExecutableInvoker.java:94) ~[junit-jupiter-engine-5.12.2.jar:5.12.2]
	at org.junit.jupiter.engine.execution.InvocationInterceptorChain$InterceptedInvocation.proceed(InvocationInterceptorChain.java:106) ~[junit-jupiter-engine-5.12.2.jar:5.12.2]
	at org.junit.jupiter.engine.execution.InvocationInterceptorChain.proceed(InvocationInterceptorChain.java:64) ~[junit-jupiter-engine-5.12.2.jar:5.12.2]
	at org.junit.jupiter.engine.execution.InvocationInterceptorChain.chainAndInvoke(InvocationInterceptorChain.java:45) ~[junit-jupiter-engine-5.12.2.jar:5.12.2]
	at org.junit.jupiter.engine.execution.InvocationInterceptorChain.invoke(InvocationInterceptorChain.java:37) ~[junit-jupiter-engine-5.12.2.jar:5.12.2]
	at org.junit.jupiter.engine.execution.InterceptingExecutableInvoker.invoke(InterceptingExecutableInvoker.java:93) ~[junit-jupiter-engine-5.12.2.jar:5.12.2]
	at org.junit.jupiter.engine.execution.InterceptingExecutableInvoker.invoke(InterceptingExecutableInvoker.java:87) ~[junit-jupiter-engine-5.12.2.jar:5.12.2]
	at org.junit.jupiter.engine.descriptor.TestMethodTestDescriptor.lambda$invokeTestMethod$7(TestMethodTestDescriptor.java:216) ~[junit-jupiter-engine-5.12.2.jar:5.12.2]
	at org.junit.platform.engine.support.hierarchical.ThrowableCollector.execute(ThrowableCollector.java:73) ~[junit-platform-engine-1.12.2.jar:1.12.2]
	at org.junit.jupiter.engine.descriptor.TestMethodTestDescriptor.invokeTestMethod(TestMethodTestDescriptor.java:212) ~[junit-jupiter-engine-5.12.2.jar:5.12.2]
	at org.junit.jupiter.engine.descriptor.TestMethodTestDescriptor.execute(TestMethodTestDescriptor.java:137) ~[junit-jupiter-engine-5.12.2.jar:5.12.2]
	at org.junit.jupiter.engine.descriptor.TestMethodTestDescriptor.execute(TestMethodTestDescriptor.java:69) ~[junit-jupiter-engine-5.12.2.jar:5.12.2]
	at org.junit.platform.engine.support.hierarchical.NodeTestTask.lambda$executeRecursively$6(NodeTestTask.java:156) ~[junit-platform-engine-1.12.2.jar:1.12.2]
	at org.junit.platform.engine.support.hierarchical.ThrowableCollector.execute(ThrowableCollector.java:73) ~[junit-platform-engine-1.12.2.jar:1.12.2]
	at org.junit.platform.engine.support.hierarchical.NodeTestTask.lambda$executeRecursively$8(NodeTestTask.java:146) ~[junit-platform-engine-1.12.2.jar:1.12.2]
	at org.junit.platform.engine.support.hierarchical.Node.around(Node.java:137) ~[junit-platform-engine-1.12.2.jar:1.12.2]
	at org.junit.platform.engine.support.hierarchical.NodeTestTask.lambda$executeRecursively$9(NodeTestTask.java:144) ~[junit-platform-engine-1.12.2.jar:1.12.2]
	at org.junit.platform.engine.support.hierarchical.ThrowableCollector.execute(ThrowableCollector.java:73) ~[junit-platform-engine-1.12.2.jar:1.12.2]
	at org.junit.platform.engine.support.hierarchical.NodeTestTask.executeRecursively(NodeTestTask.java:143) ~[junit-platform-engine-1.12.2.jar:1.12.2]
	at org.junit.platform.engine.support.hierarchical.NodeTestTask.execute(NodeTestTask.java:100) ~[junit-platform-engine-1.12.2.jar:1.12.2]
	at java.base/java.util.ArrayList.forEach(ArrayList.java:1596) ~[na:na]
	at org.junit.platform.engine.support.hierarchical.SameThreadHierarchicalTestExecutorService.invokeAll(SameThreadHierarchicalTestExecutorService.java:41) ~[junit-platform-engine-1.12.2.jar:1.12.2]
	at org.junit.platform.engine.support.hierarchical.NodeTestTask.lambda$executeRecursively$6(NodeTestTask.java:160) ~[junit-platform-engine-1.12.2.jar:1.12.2]
	at org.junit.platform.engine.support.hierarchical.ThrowableCollector.execute(ThrowableCollector.java:73) ~[junit-platform-engine-1.12.2.jar:1.12.2]
	at org.junit.platform.engine.support.hierarchical.NodeTestTask.lambda$executeRecursively$8(NodeTestTask.java:146) ~[junit-platform-engine-1.12.2.jar:1.12.2]
	at org.junit.platform.engine.support.hierarchical.Node.around(Node.java:137) ~[junit-platform-engine-1.12.2.jar:1.12.2]
	at org.junit.platform.engine.support.hierarchical.NodeTestTask.lambda$executeRecursively$9(NodeTestTask.java:144) ~[junit-platform-engine-1.12.2.jar:1.12.2]
	at org.junit.platform.engine.support.hierarchical.ThrowableCollector.execute(ThrowableCollector.java:73) ~[junit-platform-engine-1.12.2.jar:1.12.2]
	at org.junit.platform.engine.support.hierarchical.NodeTestTask.executeRecursively(NodeTestTask.java:143) ~[junit-platform-engine-1.12.2.jar:1.12.2]
	at org.junit.platform.engine.support.hierarchical.NodeTestTask.execute(NodeTestTask.java:100) ~[junit-platform-engine-1.12.2.jar:1.12.2]
	at java.base/java.util.ArrayList.forEach(ArrayList.java:1596) ~[na:na]
	at org.junit.platform.engine.support.hierarchical.SameThreadHierarchicalTestExecutorService.invokeAll(SameThreadHierarchicalTestExecutorService.java:41) ~[junit-platform-engine-1.12.2.jar:1.12.2]
	at org.junit.platform.engine.support.hierarchical.NodeTestTask.lambda$executeRecursively$6(NodeTestTask.java:160) ~[junit-platform-engine-1.12.2.jar:1.12.2]
	at org.junit.platform.engine.support.hierarchical.ThrowableCollector.execute(ThrowableCollector.java:73) ~[junit-platform-engine-1.12.2.jar:1.12.2]
	at org.junit.platform.engine.support.hierarchical.NodeTestTask.lambda$executeRecursively$8(NodeTestTask.java:146) ~[junit-platform-engine-1.12.2.jar:1.12.2]
	at org.junit.platform.engine.support.hierarchical.Node.around(Node.java:137) ~[junit-platform-engine-1.12.2.jar:1.12.2]
	at org.junit.platform.engine.support.hierarchical.NodeTestTask.lambda$executeRecursively$9(NodeTestTask.java:144) ~[junit-platform-engine-1.12.2.jar:1.12.2]
	at org.junit.platform.engine.support.hierarchical.ThrowableCollector.execute(ThrowableCollector.java:73) ~[junit-platform-engine-1.12.2.jar:1.12.2]
	at org.junit.platform.engine.support.hierarchical.NodeTestTask.executeRecursively(NodeTestTask.java:143) ~[junit-platform-engine-1.12.2.jar:1.12.2]
	at org.junit.platform.engine.support.hierarchical.NodeTestTask.execute(NodeTestTask.java:100) ~[junit-platform-engine-1.12.2.jar:1.12.2]
	at org.junit.platform.engine.support.hierarchical.SameThreadHierarchicalTestExecutorService.submit(SameThreadHierarchicalTestExecutorService.java:35) ~[junit-platform-engine-1.12.2.jar:1.12.2]
	at org.junit.platform.engine.support.hierarchical.HierarchicalTestExecutor.execute(HierarchicalTestExecutor.java:57) ~[junit-platform-engine-1.12.2.jar:1.12.2]
	at org.junit.platform.engine.support.hierarchical.HierarchicalTestEngine.execute(HierarchicalTestEngine.java:54) ~[junit-platform-engine-1.12.2.jar:1.12.2]
	at org.junit.platform.launcher.core.EngineExecutionOrchestrator.execute(EngineExecutionOrchestrator.java:201) ~[junit-platform-launcher-1.12.2.jar:1.12.2]
	at org.junit.platform.launcher.core.EngineExecutionOrchestrator.execute(EngineExecutionOrchestrator.java:170) ~[junit-platform-launcher-1.12.2.jar:1.12.2]
	at org.junit.platform.launcher.core.EngineExecutionOrchestrator.execute(EngineExecutionOrchestrator.java:94) ~[junit-platform-launcher-1.12.2.jar:1.12.2]
	at org.junit.platform.launcher.core.EngineExecutionOrchestrator.lambda$execute$0(EngineExecutionOrchestrator.java:59) ~[junit-platform-launcher-1.12.2.jar:1.12.2]
	at org.junit.platform.launcher.core.EngineExecutionOrchestrator.withInterceptedStreams(EngineExecutionOrchestrator.java:142) ~[junit-platform-launcher-1.12.2.jar:1.12.2]
	at org.junit.platform.launcher.core.EngineExecutionOrchestrator.execute(EngineExecutionOrchestrator.java:58) ~[junit-platform-launcher-1.12.2.jar:1.12.2]
	at org.junit.platform.launcher.core.DefaultLauncher.execute(DefaultLauncher.java:103) ~[junit-platform-launcher-1.12.2.jar:1.12.2]
	at org.junit.platform.launcher.core.DefaultLauncher.execute(DefaultLauncher.java:85) ~[junit-platform-launcher-1.12.2.jar:1.12.2]
	at org.junit.platform.launcher.core.DelegatingLauncher.execute(DelegatingLauncher.java:47) ~[junit-platform-launcher-1.12.2.jar:1.12.2]
	at org.junit.platform.launcher.core.InterceptingLauncher.lambda$execute$1(InterceptingLauncher.java:39) ~[junit-platform-launcher-1.12.2.jar:1.12.2]
	at org.junit.platform.launcher.core.ClasspathAlignmentCheckingLauncherInterceptor.intercept(ClasspathAlignmentCheckingLauncherInterceptor.java:25) ~[junit-platform-launcher-1.12.2.jar:1.12.2]
	at org.junit.platform.launcher.core.InterceptingLauncher.execute(InterceptingLauncher.java:38) ~[junit-platform-launcher-1.12.2.jar:1.12.2]
	at org.junit.platform.launcher.core.DelegatingLauncher.execute(DelegatingLauncher.java:47) ~[junit-platform-launcher-1.12.2.jar:1.12.2]
	at org.apache.maven.surefire.junitplatform.LauncherAdapter.executeWithoutCancellationToken(LauncherAdapter.java:60) ~[surefire-junit-platform-3.5.6.jar:3.5.6]
	at org.apache.maven.surefire.junitplatform.LauncherAdapter.execute(LauncherAdapter.java:52) ~[surefire-junit-platform-3.5.6.jar:3.5.6]
	at org.apache.maven.surefire.junitplatform.JUnitPlatformProvider.execute(JUnitPlatformProvider.java:203) ~[surefire-junit-platform-3.5.6.jar:3.5.6]
	at org.apache.maven.surefire.junitplatform.JUnitPlatformProvider.invokeAllTests(JUnitPlatformProvider.java:168) ~[surefire-junit-platform-3.5.6.jar:3.5.6]
	at org.apache.maven.surefire.junitplatform.JUnitPlatformProvider.invoke(JUnitPlatformProvider.java:136) ~[surefire-junit-platform-3.5.6.jar:3.5.6]
	at org.apache.maven.surefire.booter.ForkedBooter.runSuitesInProcess(ForkedBooter.java:385) ~[surefire-booter-3.5.6.jar:3.5.6]
	at org.apache.maven.surefire.booter.ForkedBooter.execute(ForkedBooter.java:162) ~[surefire-booter-3.5.6.jar:3.5.6]
	at org.apache.maven.surefire.booter.ForkedBooter.run(ForkedBooter.java:507) ~[surefire-booter-3.5.6.jar:3.5.6]
	at org.apache.maven.surefire.booter.ForkedBooter.main(ForkedBooter.java:495) ~[surefire-booter-3.5.6.jar:3.5.6]

2026-09-30T12:49:52.332+02:00 ERROR 97845 --- [agilityhub-core-api] [           main] c.a.core.shared.api.ApiExceptionHandler  : Unhandled request exception traceId=c5a515f9-3400-4cff-9749-85ed3ddd8098

java.lang.IllegalStateException: Simulated failure
	at com.agilityhub.core.shared.persistence.IdempotencyIT$TestController.post(IdempotencyIT.java:253) ~[test-classes/:na]
	at java.base/jdk.internal.reflect.DirectMethodHandleAccessor.invoke(DirectMethodHandleAccessor.java:103) ~[na:na]
	at java.base/java.lang.reflect.Method.invoke(Method.java:580) ~[na:na]
	at org.springframework.aop.support.AopUtils.invokeJoinpointUsingReflection(AopUtils.java:360) ~[spring-aop-6.2.19.jar:6.2.19]
	at org.springframework.aop.framework.ReflectiveMethodInvocation.invokeJoinpoint(ReflectiveMethodInvocation.java:196) ~[spring-aop-6.2.19.jar:6.2.19]
	at org.springframework.aop.framework.ReflectiveMethodInvocation.proceed(ReflectiveMethodInvocation.java:163) ~[spring-aop-6.2.19.jar:6.2.19]
	at org.springframework.aop.aspectj.MethodInvocationProceedingJoinPoint.proceed(MethodInvocationProceedingJoinPoint.java:89) ~[spring-aop-6.2.19.jar:6.2.19]
	at com.agilityhub.core.shared.api.IdempotentReplayAspect.handler(IdempotentReplayAspect.java:27) ~[classes/:na]
	at java.base/jdk.internal.reflect.DirectMethodHandleAccessor.invoke(DirectMethodHandleAccessor.java:103) ~[na:na]
	at java.base/java.lang.reflect.Method.invoke(Method.java:580) ~[na:na]
	at org.springframework.aop.aspectj.AbstractAspectJAdvice.invokeAdviceMethodWithGivenArgs(AbstractAspectJAdvice.java:649) ~[spring-aop-6.2.19.jar:6.2.19]
	at org.springframework.aop.aspectj.AbstractAspectJAdvice.invokeAdviceMethod(AbstractAspectJAdvice.java:631) ~[spring-aop-6.2.19.jar:6.2.19]
	at org.springframework.aop.aspectj.AspectJAroundAdvice.invoke(AspectJAroundAdvice.java:71) ~[spring-aop-6.2.19.jar:6.2.19]
	at org.springframework.aop.framework.ReflectiveMethodInvocation.proceed(ReflectiveMethodInvocation.java:173) ~[spring-aop-6.2.19.jar:6.2.19]
	at org.springframework.aop.interceptor.ExposeInvocationInterceptor.invoke(ExposeInvocationInterceptor.java:97) ~[spring-aop-6.2.19.jar:6.2.19]
	at org.springframework.aop.framework.ReflectiveMethodInvocation.proceed(ReflectiveMethodInvocation.java:184) ~[spring-aop-6.2.19.jar:6.2.19]
	at org.springframework.aop.framework.CglibAopProxy$DynamicAdvisedInterceptor.intercept(CglibAopProxy.java:728) ~[spring-aop-6.2.19.jar:6.2.19]
	at com.agilityhub.core.shared.persistence.IdempotencyIT$TestController$$SpringCGLIB$$0.post(<generated>) ~[test-classes/:na]
	at java.base/jdk.internal.reflect.DirectMethodHandleAccessor.invoke(DirectMethodHandleAccessor.java:103) ~[na:na]
	at java.base/java.lang.reflect.Method.invoke(Method.java:580) ~[na:na]
	at org.springframework.web.method.support.InvocableHandlerMethod.doInvoke(InvocableHandlerMethod.java:258) ~[spring-web-6.2.19.jar:6.2.19]
	at org.springframework.web.method.support.InvocableHandlerMethod.invokeForRequest(InvocableHandlerMethod.java:191) ~[spring-web-6.2.19.jar:6.2.19]
	at org.springframework.web.servlet.mvc.method.annotation.ServletInvocableHandlerMethod.invokeAndHandle(ServletInvocableHandlerMethod.java:118) ~[spring-webmvc-6.2.19.jar:6.2.19]
	at org.springframework.web.servlet.mvc.method.annotation.RequestMappingHandlerAdapter.invokeHandlerMethod(RequestMappingHandlerAdapter.java:991) ~[spring-webmvc-6.2.19.jar:6.2.19]
	at org.springframework.web.servlet.mvc.method.annotation.RequestMappingHandlerAdapter.handleInternal(RequestMappingHandlerAdapter.java:896) ~[spring-webmvc-6.2.19.jar:6.2.19]
	at org.springframework.web.servlet.mvc.method.AbstractHandlerMethodAdapter.handle(AbstractHandlerMethodAdapter.java:87) ~[spring-webmvc-6.2.19.jar:6.2.19]
	at org.springframework.web.servlet.DispatcherServlet.doDispatch(DispatcherServlet.java:1089) ~[spring-webmvc-6.2.19.jar:6.2.19]
	at org.springframework.web.servlet.DispatcherServlet.doService(DispatcherServlet.java:979) ~[spring-webmvc-6.2.19.jar:6.2.19]
	at org.springframework.web.servlet.FrameworkServlet.processRequest(FrameworkServlet.java:1014) ~[spring-webmvc-6.2.19.jar:6.2.19]
	at org.springframework.web.servlet.FrameworkServlet.doPost(FrameworkServlet.java:914) ~[spring-webmvc-6.2.19.jar:6.2.19]
	at jakarta.servlet.http.HttpServlet.service(HttpServlet.java:590) ~[tomcat-embed-core-10.1.55.jar:6.0]
	at org.springframework.web.servlet.FrameworkServlet.service(FrameworkServlet.java:885) ~[spring-webmvc-6.2.19.jar:6.2.19]
	at org.springframework.test.web.servlet.TestDispatcherServlet.service(TestDispatcherServlet.java:72) ~[spring-test-6.2.19.jar:6.2.19]
	at jakarta.servlet.http.HttpServlet.service(HttpServlet.java:658) ~[tomcat-embed-core-10.1.55.jar:6.0]
	at org.springframework.mock.web.MockFilterChain$ServletFilterProxy.doFilter(MockFilterChain.java:165) ~[spring-test-6.2.19.jar:6.2.19]
	at org.springframework.mock.web.MockFilterChain.doFilter(MockFilterChain.java:132) ~[spring-test-6.2.19.jar:6.2.19]
	at com.agilityhub.core.shared.api.IdempotencyFilter.lambda$execute$3(IdempotencyFilter.java:207) ~[classes/:na]
	at org.springframework.transaction.support.TransactionOperations.lambda$executeWithoutResult$0(TransactionOperations.java:68) ~[spring-tx-6.2.19.jar:6.2.19]
	at org.springframework.transaction.support.TransactionTemplate.execute(TransactionTemplate.java:140) ~[spring-tx-6.2.19.jar:6.2.19]
	at org.springframework.transaction.support.TransactionOperations.executeWithoutResult(TransactionOperations.java:67) ~[spring-tx-6.2.19.jar:6.2.19]
	at com.agilityhub.core.shared.api.IdempotencyFilter.execute(IdempotencyFilter.java:205) ~[classes/:na]
	at com.agilityhub.core.shared.api.IdempotencyFilter.doFilterInternal(IdempotencyFilter.java:87) ~[classes/:na]
	at org.springframework.web.filter.OncePerRequestFilter.doFilter(OncePerRequestFilter.java:116) ~[spring-web-6.2.19.jar:6.2.19]
	at org.springframework.test.web.servlet.setup.MockMvcFilterDecorator.doFilter(MockMvcFilterDecorator.java:162) ~[spring-test-6.2.19.jar:6.2.19]
	at org.springframework.mock.web.MockFilterChain.doFilter(MockFilterChain.java:132) ~[spring-test-6.2.19.jar:6.2.19]
	at com.agilityhub.core.shared.api.RequestLocaleFilter.doFilterInternal(RequestLocaleFilter.java:24) ~[classes/:na]
	at org.springframework.web.filter.OncePerRequestFilter.doFilter(OncePerRequestFilter.java:116) ~[spring-web-6.2.19.jar:6.2.19]
	at org.springframework.test.web.servlet.setup.MockMvcFilterDecorator.doFilter(MockMvcFilterDecorator.java:162) ~[spring-test-6.2.19.jar:6.2.19]
	at org.springframework.mock.web.MockFilterChain.doFilter(MockFilterChain.java:132) ~[spring-test-6.2.19.jar:6.2.19]
	at com.agilityhub.core.shared.api.TenantFilter.doFilterInternal(TenantFilter.java:91) ~[classes/:na]
	at org.springframework.web.filter.OncePerRequestFilter.doFilter(OncePerRequestFilter.java:116) ~[spring-web-6.2.19.jar:6.2.19]
	at org.springframework.test.web.servlet.setup.MockMvcFilterDecorator.doFilter(MockMvcFilterDecorator.java:162) ~[spring-test-6.2.19.jar:6.2.19]
	at org.springframework.mock.web.MockFilterChain.doFilter(MockFilterChain.java:132) ~[spring-test-6.2.19.jar:6.2.19]
	at org.springframework.web.filter.CompositeFilter$VirtualFilterChain.doFilter(CompositeFilter.java:108) ~[spring-web-6.2.19.jar:6.2.19]
	at org.springframework.web.filter.CompositeFilter$VirtualFilterChain.doFilter(CompositeFilter.java:108) ~[spring-web-6.2.19.jar:6.2.19]
	at org.springframework.security.web.FilterChainProxy.lambda$doFilterInternal$3(FilterChainProxy.java:231) ~[spring-security-web-6.5.11.jar:6.5.11]
	at org.springframework.security.web.ObservationFilterChainDecorator$FilterObservation$SimpleFilterObservation.lambda$wrap$1(ObservationFilterChainDecorator.java:490) ~[spring-security-web-6.5.11.jar:6.5.11]
	at org.springframework.security.web.ObservationFilterChainDecorator$AroundFilterObservation$SimpleAroundFilterObservation.lambda$wrap$1(ObservationFilterChainDecorator.java:351) ~[spring-security-web-6.5.11.jar:6.5.11]
	at org.springframework.security.web.ObservationFilterChainDecorator.lambda$wrapSecured$0(ObservationFilterChainDecorator.java:83) ~[spring-security-web-6.5.11.jar:6.5.11]
	at org.springframework.security.web.ObservationFilterChainDecorator$VirtualFilterChain.doFilter(ObservationFilterChainDecorator.java:129) ~[spring-security-web-6.5.11.jar:6.5.11]
	at org.springframework.security.web.access.intercept.AuthorizationFilter.doFilter(AuthorizationFilter.java:101) ~[spring-security-web-6.5.11.jar:6.5.11]
	at org.springframework.security.web.ObservationFilterChainDecorator$ObservationFilter.wrapFilter(ObservationFilterChainDecorator.java:241) ~[spring-security-web-6.5.11.jar:6.5.11]
	at org.springframework.security.web.ObservationFilterChainDecorator$ObservationFilter.doFilter(ObservationFilterChainDecorator.java:228) ~[spring-security-web-6.5.11.jar:6.5.11]
	at org.springframework.security.web.ObservationFilterChainDecorator$VirtualFilterChain.doFilter(ObservationFilterChainDecorator.java:138) ~[spring-security-web-6.5.11.jar:6.5.11]
	at org.springframework.security.web.access.ExceptionTranslationFilter.doFilter(ExceptionTranslationFilter.java:125) ~[spring-security-web-6.5.11.jar:6.5.11]
	at org.springframework.security.web.access.ExceptionTranslationFilter.doFilter(ExceptionTranslationFilter.java:119) ~[spring-security-web-6.5.11.jar:6.5.11]
	at org.springframework.security.web.ObservationFilterChainDecorator$ObservationFilter.wrapFilter(ObservationFilterChainDecorator.java:241) ~[spring-security-web-6.5.11.jar:6.5.11]
	at org.springframework.security.web.ObservationFilterChainDecorator$ObservationFilter.doFilter(ObservationFilterChainDecorator.java:228) ~[spring-security-web-6.5.11.jar:6.5.11]
	at org.springframework.security.web.ObservationFilterChainDecorator$VirtualFilterChain.doFilter(ObservationFilterChainDecorator.java:138) ~[spring-security-web-6.5.11.jar:6.5.11]
	at org.springframework.security.web.authentication.AnonymousAuthenticationFilter.doFilter(AnonymousAuthenticationFilter.java:100) ~[spring-security-web-6.5.11.jar:6.5.11]
	at org.springframework.security.web.ObservationFilterChainDecorator$ObservationFilter.wrapFilter(ObservationFilterChainDecorator.java:241) ~[spring-security-web-6.5.11.jar:6.5.11]
	at org.springframework.security.web.ObservationFilterChainDecorator$ObservationFilter.doFilter(ObservationFilterChainDecorator.java:228) ~[spring-security-web-6.5.11.jar:6.5.11]
	at org.springframework.security.web.ObservationFilterChainDecorator$VirtualFilterChain.doFilter(ObservationFilterChainDecorator.java:138) ~[spring-security-web-6.5.11.jar:6.5.11]
	at org.springframework.security.web.servletapi.SecurityContextHolderAwareRequestFilter.doFilter(SecurityContextHolderAwareRequestFilter.java:179) ~[spring-security-web-6.5.11.jar:6.5.11]
	at org.springframework.security.web.ObservationFilterChainDecorator$ObservationFilter.wrapFilter(ObservationFilterChainDecorator.java:241) ~[spring-security-web-6.5.11.jar:6.5.11]
	at org.springframework.security.web.ObservationFilterChainDecorator$ObservationFilter.doFilter(ObservationFilterChainDecorator.java:228) ~[spring-security-web-6.5.11.jar:6.5.11]
	at org.springframework.security.web.ObservationFilterChainDecorator$VirtualFilterChain.doFilter(ObservationFilterChainDecorator.java:138) ~[spring-security-web-6.5.11.jar:6.5.11]
	at org.springframework.security.web.savedrequest.RequestCacheAwareFilter.doFilter(RequestCacheAwareFilter.java:63) ~[spring-security-web-6.5.11.jar:6.5.11]
	at org.springframework.security.web.ObservationFilterChainDecorator$ObservationFilter.wrapFilter(ObservationFilterChainDecorator.java:241) ~[spring-security-web-6.5.11.jar:6.5.11]
	at org.springframework.security.web.ObservationFilterChainDecorator$ObservationFilter.doFilter(ObservationFilterChainDecorator.java:228) ~[spring-security-web-6.5.11.jar:6.5.11]
	at org.springframework.security.web.ObservationFilterChainDecorator$VirtualFilterChain.doFilter(ObservationFilterChainDecorator.java:138) ~[spring-security-web-6.5.11.jar:6.5.11]
	at org.springframework.security.web.authentication.logout.LogoutFilter.doFilter(LogoutFilter.java:107) ~[spring-security-web-6.5.11.jar:6.5.11]
	at org.springframework.security.web.authentication.logout.LogoutFilter.doFilter(LogoutFilter.java:93) ~[spring-security-web-6.5.11.jar:6.5.11]
	at org.springframework.security.web.ObservationFilterChainDecorator$ObservationFilter.wrapFilter(ObservationFilterChainDecorator.java:241) ~[spring-security-web-6.5.11.jar:6.5.11]
	at org.springframework.security.web.ObservationFilterChainDecorator$ObservationFilter.doFilter(ObservationFilterChainDecorator.java:228) ~[spring-security-web-6.5.11.jar:6.5.11]
	at org.springframework.security.web.ObservationFilterChainDecorator$VirtualFilterChain.doFilter(ObservationFilterChainDecorator.java:138) ~[spring-security-web-6.5.11.jar:6.5.11]
	at org.springframework.web.filter.OncePerRequestFilter.doFilter(OncePerRequestFilter.java:101) ~[spring-web-6.2.19.jar:6.2.19]
	at org.springframework.security.web.ObservationFilterChainDecorator$ObservationFilter.wrapFilter(ObservationFilterChainDecorator.java:241) ~[spring-security-web-6.5.11.jar:6.5.11]
	at org.springframework.security.web.ObservationFilterChainDecorator$ObservationFilter.doFilter(ObservationFilterChainDecorator.java:228) ~[spring-security-web-6.5.11.jar:6.5.11]
	at org.springframework.security.web.ObservationFilterChainDecorator$VirtualFilterChain.doFilter(ObservationFilterChainDecorator.java:138) ~[spring-security-web-6.5.11.jar:6.5.11]
	at org.springframework.security.web.header.HeaderWriterFilter.doHeadersAfter(HeaderWriterFilter.java:90) ~[spring-security-web-6.5.11.jar:6.5.11]
	at org.springframework.security.web.header.HeaderWriterFilter.doFilterInternal(HeaderWriterFilter.java:75) ~[spring-security-web-6.5.11.jar:6.5.11]
	at org.springframework.web.filter.OncePerRequestFilter.doFilter(OncePerRequestFilter.java:116) ~[spring-web-6.2.19.jar:6.2.19]
	at org.springframework.security.web.ObservationFilterChainDecorator$ObservationFilter.wrapFilter(ObservationFilterChainDecorator.java:241) ~[spring-security-web-6.5.11.jar:6.5.11]
	at org.springframework.security.web.ObservationFilterChainDecorator$ObservationFilter.doFilter(ObservationFilterChainDecorator.java:228) ~[spring-security-web-6.5.11.jar:6.5.11]
	at org.springframework.security.web.ObservationFilterChainDecorator$VirtualFilterChain.doFilter(ObservationFilterChainDecorator.java:138) ~[spring-security-web-6.5.11.jar:6.5.11]
	at org.springframework.security.web.context.SecurityContextHolderFilter.doFilter(SecurityContextHolderFilter.java:82) ~[spring-security-web-6.5.11.jar:6.5.11]
	at org.springframework.security.web.context.SecurityContextHolderFilter.doFilter(SecurityContextHolderFilter.java:69) ~[spring-security-web-6.5.11.jar:6.5.11]
	at org.springframework.security.web.ObservationFilterChainDecorator$ObservationFilter.wrapFilter(ObservationFilterChainDecorator.java:241) ~[spring-security-web-6.5.11.jar:6.5.11]
	at org.springframework.security.web.ObservationFilterChainDecorator$ObservationFilter.doFilter(ObservationFilterChainDecorator.java:228) ~[spring-security-web-6.5.11.jar:6.5.11]
	at org.springframework.security.web.ObservationFilterChainDecorator$VirtualFilterChain.doFilter(ObservationFilterChainDecorator.java:138) ~[spring-security-web-6.5.11.jar:6.5.11]
	at org.springframework.security.web.context.request.async.WebAsyncManagerIntegrationFilter.doFilterInternal(WebAsyncManagerIntegrationFilter.java:62) ~[spring-security-web-6.5.11.jar:6.5.11]
	at org.springframework.web.filter.OncePerRequestFilter.doFilter(OncePerRequestFilter.java:116) ~[spring-web-6.2.19.jar:6.2.19]
	at org.springframework.security.web.ObservationFilterChainDecorator$ObservationFilter.wrapFilter(ObservationFilterChainDecorator.java:241) ~[spring-security-web-6.5.11.jar:6.5.11]
	at org.springframework.security.web.ObservationFilterChainDecorator$ObservationFilter.doFilter(ObservationFilterChainDecorator.java:228) ~[spring-security-web-6.5.11.jar:6.5.11]
	at org.springframework.security.web.ObservationFilterChainDecorator$VirtualFilterChain.doFilter(ObservationFilterChainDecorator.java:138) ~[spring-security-web-6.5.11.jar:6.5.11]
	at org.springframework.security.web.session.DisableEncodeUrlFilter.doFilterInternal(DisableEncodeUrlFilter.java:42) ~[spring-security-web-6.5.11.jar:6.5.11]
	at org.springframework.web.filter.OncePerRequestFilter.doFilter(OncePerRequestFilter.java:116) ~[spring-web-6.2.19.jar:6.2.19]
	at org.springframework.security.web.ObservationFilterChainDecorator$ObservationFilter.wrapFilter(ObservationFilterChainDecorator.java:241) ~[spring-security-web-6.5.11.jar:6.5.11]
	at org.springframework.security.web.ObservationFilterChainDecorator$AroundFilterObservation$SimpleAroundFilterObservation.lambda$wrap$0(ObservationFilterChainDecorator.java:334) ~[spring-security-web-6.5.11.jar:6.5.11]
	at org.springframework.security.web.ObservationFilterChainDecorator$ObservationFilter.doFilter(ObservationFilterChainDecorator.java:225) ~[spring-security-web-6.5.11.jar:6.5.11]
	at org.springframework.security.web.ObservationFilterChainDecorator$VirtualFilterChain.doFilter(ObservationFilterChainDecorator.java:138) ~[spring-security-web-6.5.11.jar:6.5.11]
	at org.springframework.security.web.FilterChainProxy.doFilterInternal(FilterChainProxy.java:233) ~[spring-security-web-6.5.11.jar:6.5.11]
	at org.springframework.security.web.FilterChainProxy.doFilter(FilterChainProxy.java:191) ~[spring-security-web-6.5.11.jar:6.5.11]
	at org.springframework.web.filter.CompositeFilter$VirtualFilterChain.doFilter(CompositeFilter.java:113) ~[spring-web-6.2.19.jar:6.2.19]
	at org.springframework.web.filter.ServletRequestPathFilter.doFilter(ServletRequestPathFilter.java:52) ~[spring-web-6.2.19.jar:6.2.19]
	at org.springframework.web.filter.CompositeFilter$VirtualFilterChain.doFilter(CompositeFilter.java:113) ~[spring-web-6.2.19.jar:6.2.19]
	at org.springframework.web.filter.CompositeFilter.doFilter(CompositeFilter.java:74) ~[spring-web-6.2.19.jar:6.2.19]
	at org.springframework.security.config.annotation.web.configuration.WebSecurityConfiguration$CompositeFilterChainProxy.doFilter(WebSecurityConfiguration.java:319) ~[spring-security-config-6.5.11.jar:6.5.11]
	at org.springframework.web.filter.CompositeFilter$VirtualFilterChain.doFilter(CompositeFilter.java:113) ~[spring-web-6.2.19.jar:6.2.19]
	at org.springframework.web.servlet.handler.HandlerMappingIntrospector.lambda$createCacheFilter$4(HandlerMappingIntrospector.java:267) ~[spring-webmvc-6.2.19.jar:6.2.19]
	at org.springframework.web.filter.CompositeFilter$VirtualFilterChain.doFilter(CompositeFilter.java:113) ~[spring-web-6.2.19.jar:6.2.19]
	at org.springframework.web.filter.CompositeFilter.doFilter(CompositeFilter.java:74) ~[spring-web-6.2.19.jar:6.2.19]
	at org.springframework.security.config.annotation.web.configuration.WebMvcSecurityConfiguration$CompositeFilterChainProxy.doFilter(WebMvcSecurityConfiguration.java:240) ~[spring-security-config-6.5.11.jar:6.5.11]
	at org.springframework.web.filter.DelegatingFilterProxy.invokeDelegate(DelegatingFilterProxy.java:362) ~[spring-web-6.2.19.jar:6.2.19]
	at org.springframework.web.filter.DelegatingFilterProxy.doFilter(DelegatingFilterProxy.java:278) ~[spring-web-6.2.19.jar:6.2.19]
	at org.springframework.test.web.servlet.setup.MockMvcFilterDecorator.doFilter(MockMvcFilterDecorator.java:162) ~[spring-test-6.2.19.jar:6.2.19]
	at org.springframework.mock.web.MockFilterChain.doFilter(MockFilterChain.java:132) ~[spring-test-6.2.19.jar:6.2.19]
	at org.springframework.web.filter.RequestContextFilter.doFilterInternal(RequestContextFilter.java:100) ~[spring-web-6.2.19.jar:6.2.19]
	at org.springframework.web.filter.OncePerRequestFilter.doFilter(OncePerRequestFilter.java:116) ~[spring-web-6.2.19.jar:6.2.19]
	at org.springframework.test.web.servlet.setup.MockMvcFilterDecorator.doFilter(MockMvcFilterDecorator.java:162) ~[spring-test-6.2.19.jar:6.2.19]
	at org.springframework.mock.web.MockFilterChain.doFilter(MockFilterChain.java:132) ~[spring-test-6.2.19.jar:6.2.19]
	at org.springframework.web.filter.FormContentFilter.doFilterInternal(FormContentFilter.java:93) ~[spring-web-6.2.19.jar:6.2.19]
	at org.springframework.web.filter.OncePerRequestFilter.doFilter(OncePerRequestFilter.java:116) ~[spring-web-6.2.19.jar:6.2.19]
	at org.springframework.test.web.servlet.setup.MockMvcFilterDecorator.doFilter(MockMvcFilterDecorator.java:162) ~[spring-test-6.2.19.jar:6.2.19]
	at org.springframework.mock.web.MockFilterChain.doFilter(MockFilterChain.java:132) ~[spring-test-6.2.19.jar:6.2.19]
	at com.agilityhub.core.shared.api.RequestTraceFilter.doFilterInternal(RequestTraceFilter.java:32) ~[classes/:na]
	at org.springframework.web.filter.OncePerRequestFilter.doFilter(OncePerRequestFilter.java:116) ~[spring-web-6.2.19.jar:6.2.19]
	at org.springframework.test.web.servlet.setup.MockMvcFilterDecorator.doFilter(MockMvcFilterDecorator.java:162) ~[spring-test-6.2.19.jar:6.2.19]
	at org.springframework.mock.web.MockFilterChain.doFilter(MockFilterChain.java:132) ~[spring-test-6.2.19.jar:6.2.19]
	at org.springframework.web.filter.ServerHttpObservationFilter.doFilterInternal(ServerHttpObservationFilter.java:110) ~[spring-web-6.2.19.jar:6.2.19]
	at org.springframework.web.filter.OncePerRequestFilter.doFilter(OncePerRequestFilter.java:116) ~[spring-web-6.2.19.jar:6.2.19]
	at org.springframework.test.web.servlet.setup.MockMvcFilterDecorator.doFilter(MockMvcFilterDecorator.java:162) ~[spring-test-6.2.19.jar:6.2.19]
	at org.springframework.mock.web.MockFilterChain.doFilter(MockFilterChain.java:132) ~[spring-test-6.2.19.jar:6.2.19]
	at org.springframework.web.filter.CharacterEncodingFilter.doFilterInternal(CharacterEncodingFilter.java:201) ~[spring-web-6.2.19.jar:6.2.19]
	at org.springframework.web.filter.OncePerRequestFilter.doFilter(OncePerRequestFilter.java:116) ~[spring-web-6.2.19.jar:6.2.19]
	at org.springframework.test.web.servlet.setup.MockMvcFilterDecorator.doFilter(MockMvcFilterDecorator.java:162) ~[spring-test-6.2.19.jar:6.2.19]
	at org.springframework.mock.web.MockFilterChain.doFilter(MockFilterChain.java:132) ~[spring-test-6.2.19.jar:6.2.19]
	at org.springframework.test.web.servlet.MockMvc.perform(MockMvc.java:201) ~[spring-test-6.2.19.jar:6.2.19]
	at com.agilityhub.core.shared.persistence.IdempotencyIT.E0_T04_failureRollsBackEffectsAndReleasesTheKey(IdempotencyIT.java:150) ~[test-classes/:na]
	at java.base/jdk.internal.reflect.DirectMethodHandleAccessor.invoke(DirectMethodHandleAccessor.java:103) ~[na:na]
	at java.base/java.lang.reflect.Method.invoke(Method.java:580) ~[na:na]
	at org.junit.platform.commons.util.ReflectionUtils.invokeMethod(ReflectionUtils.java:775) ~[junit-platform-commons-1.12.2.jar:1.12.2]
	at org.junit.platform.commons.support.ReflectionSupport.invokeMethod(ReflectionSupport.java:479) ~[junit-platform-commons-1.12.2.jar:1.12.2]
	at org.junit.jupiter.engine.execution.MethodInvocation.proceed(MethodInvocation.java:60) ~[junit-jupiter-engine-5.12.2.jar:5.12.2]
	at org.junit.jupiter.engine.execution.InvocationInterceptorChain$ValidatingInvocation.proceed(InvocationInterceptorChain.java:131) ~[junit-jupiter-engine-5.12.2.jar:5.12.2]
	at org.junit.jupiter.engine.extension.TimeoutExtension.intercept(TimeoutExtension.java:161) ~[junit-jupiter-engine-5.12.2.jar:5.12.2]
	at org.junit.jupiter.engine.extension.TimeoutExtension.interceptTestableMethod(TimeoutExtension.java:152) ~[junit-jupiter-engine-5.12.2.jar:5.12.2]
	at org.junit.jupiter.engine.extension.TimeoutExtension.interceptTestMethod(TimeoutExtension.java:91) ~[junit-jupiter-engine-5.12.2.jar:5.12.2]
	at org.junit.jupiter.engine.execution.InterceptingExecutableInvoker$ReflectiveInterceptorCall.lambda$ofVoidMethod$0(InterceptingExecutableInvoker.java:112) ~[junit-jupiter-engine-5.12.2.jar:5.12.2]
	at org.junit.jupiter.engine.execution.InterceptingExecutableInvoker.lambda$invoke$0(InterceptingExecutableInvoker.java:94) ~[junit-jupiter-engine-5.12.2.jar:5.12.2]
	at org.junit.jupiter.engine.execution.InvocationInterceptorChain$InterceptedInvocation.proceed(InvocationInterceptorChain.java:106) ~[junit-jupiter-engine-5.12.2.jar:5.12.2]
	at org.junit.jupiter.engine.execution.InvocationInterceptorChain.proceed(InvocationInterceptorChain.java:64) ~[junit-jupiter-engine-5.12.2.jar:5.12.2]
	at org.junit.jupiter.engine.execution.InvocationInterceptorChain.chainAndInvoke(InvocationInterceptorChain.java:45) ~[junit-jupiter-engine-5.12.2.jar:5.12.2]
	at org.junit.jupiter.engine.execution.InvocationInterceptorChain.invoke(InvocationInterceptorChain.java:37) ~[junit-jupiter-engine-5.12.2.jar:5.12.2]
	at org.junit.jupiter.engine.execution.InterceptingExecutableInvoker.invoke(InterceptingExecutableInvoker.java:93) ~[junit-jupiter-engine-5.12.2.jar:5.12.2]
	at org.junit.jupiter.engine.execution.InterceptingExecutableInvoker.invoke(InterceptingExecutableInvoker.java:87) ~[junit-jupiter-engine-5.12.2.jar:5.12.2]
	at org.junit.jupiter.engine.descriptor.TestMethodTestDescriptor.lambda$invokeTestMethod$7(TestMethodTestDescriptor.java:216) ~[junit-jupiter-engine-5.12.2.jar:5.12.2]
	at org.junit.platform.engine.support.hierarchical.ThrowableCollector.execute(ThrowableCollector.java:73) ~[junit-platform-engine-1.12.2.jar:1.12.2]
	at org.junit.jupiter.engine.descriptor.TestMethodTestDescriptor.invokeTestMethod(TestMethodTestDescriptor.java:212) ~[junit-jupiter-engine-5.12.2.jar:5.12.2]
	at org.junit.jupiter.engine.descriptor.TestMethodTestDescriptor.execute(TestMethodTestDescriptor.java:137) ~[junit-jupiter-engine-5.12.2.jar:5.12.2]
	at org.junit.jupiter.engine.descriptor.TestMethodTestDescriptor.execute(TestMethodTestDescriptor.java:69) ~[junit-jupiter-engine-5.12.2.jar:5.12.2]
	at org.junit.platform.engine.support.hierarchical.NodeTestTask.lambda$executeRecursively$6(NodeTestTask.java:156) ~[junit-platform-engine-1.12.2.jar:1.12.2]
	at org.junit.platform.engine.support.hierarchical.ThrowableCollector.execute(ThrowableCollector.java:73) ~[junit-platform-engine-1.12.2.jar:1.12.2]
	at org.junit.platform.engine.support.hierarchical.NodeTestTask.lambda$executeRecursively$8(NodeTestTask.java:146) ~[junit-platform-engine-1.12.2.jar:1.12.2]
	at org.junit.platform.engine.support.hierarchical.Node.around(Node.java:137) ~[junit-platform-engine-1.12.2.jar:1.12.2]
	at org.junit.platform.engine.support.hierarchical.NodeTestTask.lambda$executeRecursively$9(NodeTestTask.java:144) ~[junit-platform-engine-1.12.2.jar:1.12.2]
	at org.junit.platform.engine.support.hierarchical.ThrowableCollector.execute(ThrowableCollector.java:73) ~[junit-platform-engine-1.12.2.jar:1.12.2]
	at org.junit.platform.engine.support.hierarchical.NodeTestTask.executeRecursively(NodeTestTask.java:143) ~[junit-platform-engine-1.12.2.jar:1.12.2]
	at org.junit.platform.engine.support.hierarchical.NodeTestTask.execute(NodeTestTask.java:100) ~[junit-platform-engine-1.12.2.jar:1.12.2]
	at java.base/java.util.ArrayList.forEach(ArrayList.java:1596) ~[na:na]
	at org.junit.platform.engine.support.hierarchical.SameThreadHierarchicalTestExecutorService.invokeAll(SameThreadHierarchicalTestExecutorService.java:41) ~[junit-platform-engine-1.12.2.jar:1.12.2]
	at org.junit.platform.engine.support.hierarchical.NodeTestTask.lambda$executeRecursively$6(NodeTestTask.java:160) ~[junit-platform-engine-1.12.2.jar:1.12.2]
	at org.junit.platform.engine.support.hierarchical.ThrowableCollector.execute(ThrowableCollector.java:73) ~[junit-platform-engine-1.12.2.jar:1.12.2]
	at org.junit.platform.engine.support.hierarchical.NodeTestTask.lambda$executeRecursively$8(NodeTestTask.java:146) ~[junit-platform-engine-1.12.2.jar:1.12.2]
	at org.junit.platform.engine.support.hierarchical.Node.around(Node.java:137) ~[junit-platform-engine-1.12.2.jar:1.12.2]
	at org.junit.platform.engine.support.hierarchical.NodeTestTask.lambda$executeRecursively$9(NodeTestTask.java:144) ~[junit-platform-engine-1.12.2.jar:1.12.2]
	at org.junit.platform.engine.support.hierarchical.ThrowableCollector.execute(ThrowableCollector.java:73) ~[junit-platform-engine-1.12.2.jar:1.12.2]
	at org.junit.platform.engine.support.hierarchical.NodeTestTask.executeRecursively(NodeTestTask.java:143) ~[junit-platform-engine-1.12.2.jar:1.12.2]
	at org.junit.platform.engine.support.hierarchical.NodeTestTask.execute(NodeTestTask.java:100) ~[junit-platform-engine-1.12.2.jar:1.12.2]
	at java.base/java.util.ArrayList.forEach(ArrayList.java:1596) ~[na:na]
	at org.junit.platform.engine.support.hierarchical.SameThreadHierarchicalTestExecutorService.invokeAll(SameThreadHierarchicalTestExecutorService.java:41) ~[junit-platform-engine-1.12.2.jar:1.12.2]
	at org.junit.platform.engine.support.hierarchical.NodeTestTask.lambda$executeRecursively$6(NodeTestTask.java:160) ~[junit-platform-engine-1.12.2.jar:1.12.2]
	at org.junit.platform.engine.support.hierarchical.ThrowableCollector.execute(ThrowableCollector.java:73) ~[junit-platform-engine-1.12.2.jar:1.12.2]
	at org.junit.platform.engine.support.hierarchical.NodeTestTask.lambda$executeRecursively$8(NodeTestTask.java:146) ~[junit-platform-engine-1.12.2.jar:1.12.2]
	at org.junit.platform.engine.support.hierarchical.Node.around(Node.java:137) ~[junit-platform-engine-1.12.2.jar:1.12.2]
	at org.junit.platform.engine.support.hierarchical.NodeTestTask.lambda$executeRecursively$9(NodeTestTask.java:144) ~[junit-platform-engine-1.12.2.jar:1.12.2]
	at org.junit.platform.engine.support.hierarchical.ThrowableCollector.execute(ThrowableCollector.java:73) ~[junit-platform-engine-1.12.2.jar:1.12.2]
	at org.junit.platform.engine.support.hierarchical.NodeTestTask.executeRecursively(NodeTestTask.java:143) ~[junit-platform-engine-1.12.2.jar:1.12.2]
	at org.junit.platform.engine.support.hierarchical.NodeTestTask.execute(NodeTestTask.java:100) ~[junit-platform-engine-1.12.2.jar:1.12.2]
	at org.junit.platform.engine.support.hierarchical.SameThreadHierarchicalTestExecutorService.submit(SameThreadHierarchicalTestExecutorService.java:35) ~[junit-platform-engine-1.12.2.jar:1.12.2]
	at org.junit.platform.engine.support.hierarchical.HierarchicalTestExecutor.execute(HierarchicalTestExecutor.java:57) ~[junit-platform-engine-1.12.2.jar:1.12.2]
	at org.junit.platform.engine.support.hierarchical.HierarchicalTestEngine.execute(HierarchicalTestEngine.java:54) ~[junit-platform-engine-1.12.2.jar:1.12.2]
	at org.junit.platform.launcher.core.EngineExecutionOrchestrator.execute(EngineExecutionOrchestrator.java:201) ~[junit-platform-launcher-1.12.2.jar:1.12.2]
	at org.junit.platform.launcher.core.EngineExecutionOrchestrator.execute(EngineExecutionOrchestrator.java:170) ~[junit-platform-launcher-1.12.2.jar:1.12.2]
	at org.junit.platform.launcher.core.EngineExecutionOrchestrator.execute(EngineExecutionOrchestrator.java:94) ~[junit-platform-launcher-1.12.2.jar:1.12.2]
	at org.junit.platform.launcher.core.EngineExecutionOrchestrator.lambda$execute$0(EngineExecutionOrchestrator.java:59) ~[junit-platform-launcher-1.12.2.jar:1.12.2]
	at org.junit.platform.launcher.core.EngineExecutionOrchestrator.withInterceptedStreams(EngineExecutionOrchestrator.java:142) ~[junit-platform-launcher-1.12.2.jar:1.12.2]
	at org.junit.platform.launcher.core.EngineExecutionOrchestrator.execute(EngineExecutionOrchestrator.java:58) ~[junit-platform-launcher-1.12.2.jar:1.12.2]
	at org.junit.platform.launcher.core.DefaultLauncher.execute(DefaultLauncher.java:103) ~[junit-platform-launcher-1.12.2.jar:1.12.2]
	at org.junit.platform.launcher.core.DefaultLauncher.execute(DefaultLauncher.java:85) ~[junit-platform-launcher-1.12.2.jar:1.12.2]
	at org.junit.platform.launcher.core.DelegatingLauncher.execute(DelegatingLauncher.java:47) ~[junit-platform-launcher-1.12.2.jar:1.12.2]
	at org.junit.platform.launcher.core.InterceptingLauncher.lambda$execute$1(InterceptingLauncher.java:39) ~[junit-platform-launcher-1.12.2.jar:1.12.2]
	at org.junit.platform.launcher.core.ClasspathAlignmentCheckingLauncherInterceptor.intercept(ClasspathAlignmentCheckingLauncherInterceptor.java:25) ~[junit-platform-launcher-1.12.2.jar:1.12.2]
	at org.junit.platform.launcher.core.InterceptingLauncher.execute(InterceptingLauncher.java:38) ~[junit-platform-launcher-1.12.2.jar:1.12.2]
	at org.junit.platform.launcher.core.DelegatingLauncher.execute(DelegatingLauncher.java:47) ~[junit-platform-launcher-1.12.2.jar:1.12.2]
	at org.apache.maven.surefire.junitplatform.LauncherAdapter.executeWithoutCancellationToken(LauncherAdapter.java:60) ~[surefire-junit-platform-3.5.6.jar:3.5.6]
	at org.apache.maven.surefire.junitplatform.LauncherAdapter.execute(LauncherAdapter.java:52) ~[surefire-junit-platform-3.5.6.jar:3.5.6]
	at org.apache.maven.surefire.junitplatform.JUnitPlatformProvider.execute(JUnitPlatformProvider.java:203) ~[surefire-junit-platform-3.5.6.jar:3.5.6]
	at org.apache.maven.surefire.junitplatform.JUnitPlatformProvider.invokeAllTests(JUnitPlatformProvider.java:168) ~[surefire-junit-platform-3.5.6.jar:3.5.6]
	at org.apache.maven.surefire.junitplatform.JUnitPlatformProvider.invoke(JUnitPlatformProvider.java:136) ~[surefire-junit-platform-3.5.6.jar:3.5.6]
	at org.apache.maven.surefire.booter.ForkedBooter.runSuitesInProcess(ForkedBooter.java:385) ~[surefire-booter-3.5.6.jar:3.5.6]
	at org.apache.maven.surefire.booter.ForkedBooter.execute(ForkedBooter.java:162) ~[surefire-booter-3.5.6.jar:3.5.6]
	at org.apache.maven.surefire.booter.ForkedBooter.run(ForkedBooter.java:507) ~[surefire-booter-3.5.6.jar:3.5.6]
	at org.apache.maven.surefire.booter.ForkedBooter.main(ForkedBooter.java:495) ~[surefire-booter-3.5.6.jar:3.5.6]

2026-09-30T12:49:52.542+02:00 ERROR 97845 --- [agilityhub-core-api] [           main] c.a.core.shared.api.ApiExceptionHandler  : Unhandled request exception traceId=314debab-9985-43ff-a437-8a9ab220b5a1

java.lang.IllegalStateException: Simulated failure
	at com.agilityhub.core.shared.persistence.IdempotencyIT$TestController.post(IdempotencyIT.java:253) ~[test-classes/:na]
	at com.agilityhub.core.shared.persistence.IdempotencyIT$TestController.transactional(IdempotencyIT.java:226) ~[test-classes/:na]
	at java.base/jdk.internal.reflect.DirectMethodHandleAccessor.invoke(DirectMethodHandleAccessor.java:103) ~[na:na]
	at java.base/java.lang.reflect.Method.invoke(Method.java:580) ~[na:na]
	at org.springframework.aop.support.AopUtils.invokeJoinpointUsingReflection(AopUtils.java:360) ~[spring-aop-6.2.19.jar:6.2.19]
	at org.springframework.aop.framework.ReflectiveMethodInvocation.invokeJoinpoint(ReflectiveMethodInvocation.java:196) ~[spring-aop-6.2.19.jar:6.2.19]
	at org.springframework.aop.framework.ReflectiveMethodInvocation.proceed(ReflectiveMethodInvocation.java:163) ~[spring-aop-6.2.19.jar:6.2.19]
	at org.springframework.aop.aspectj.MethodInvocationProceedingJoinPoint.proceed(MethodInvocationProceedingJoinPoint.java:89) ~[spring-aop-6.2.19.jar:6.2.19]
	at com.agilityhub.core.shared.api.IdempotentReplayAspect.handler(IdempotentReplayAspect.java:27) ~[classes/:na]
	at java.base/jdk.internal.reflect.DirectMethodHandleAccessor.invoke(DirectMethodHandleAccessor.java:103) ~[na:na]
	at java.base/java.lang.reflect.Method.invoke(Method.java:580) ~[na:na]
	at org.springframework.aop.aspectj.AbstractAspectJAdvice.invokeAdviceMethodWithGivenArgs(AbstractAspectJAdvice.java:649) ~[spring-aop-6.2.19.jar:6.2.19]
	at org.springframework.aop.aspectj.AbstractAspectJAdvice.invokeAdviceMethod(AbstractAspectJAdvice.java:631) ~[spring-aop-6.2.19.jar:6.2.19]
	at org.springframework.aop.aspectj.AspectJAroundAdvice.invoke(AspectJAroundAdvice.java:71) ~[spring-aop-6.2.19.jar:6.2.19]
	at org.springframework.aop.framework.ReflectiveMethodInvocation.proceed(ReflectiveMethodInvocation.java:173) ~[spring-aop-6.2.19.jar:6.2.19]
	at org.springframework.transaction.interceptor.TransactionAspectSupport.invokeWithinTransaction(TransactionAspectSupport.java:380) ~[spring-tx-6.2.19.jar:6.2.19]
	at org.springframework.transaction.interceptor.TransactionInterceptor.invoke(TransactionInterceptor.java:119) ~[spring-tx-6.2.19.jar:6.2.19]
	at org.springframework.aop.framework.ReflectiveMethodInvocation.proceed(ReflectiveMethodInvocation.java:184) ~[spring-aop-6.2.19.jar:6.2.19]
	at org.springframework.aop.interceptor.ExposeInvocationInterceptor.invoke(ExposeInvocationInterceptor.java:97) ~[spring-aop-6.2.19.jar:6.2.19]
	at org.springframework.aop.framework.ReflectiveMethodInvocation.proceed(ReflectiveMethodInvocation.java:184) ~[spring-aop-6.2.19.jar:6.2.19]
	at org.springframework.aop.framework.CglibAopProxy$DynamicAdvisedInterceptor.intercept(CglibAopProxy.java:728) ~[spring-aop-6.2.19.jar:6.2.19]
	at com.agilityhub.core.shared.persistence.IdempotencyIT$TestController$$SpringCGLIB$$0.transactional(<generated>) ~[test-classes/:na]
	at java.base/jdk.internal.reflect.DirectMethodHandleAccessor.invoke(DirectMethodHandleAccessor.java:103) ~[na:na]
	at java.base/java.lang.reflect.Method.invoke(Method.java:580) ~[na:na]
	at org.springframework.web.method.support.InvocableHandlerMethod.doInvoke(InvocableHandlerMethod.java:258) ~[spring-web-6.2.19.jar:6.2.19]
	at org.springframework.web.method.support.InvocableHandlerMethod.invokeForRequest(InvocableHandlerMethod.java:191) ~[spring-web-6.2.19.jar:6.2.19]
	at org.springframework.web.servlet.mvc.method.annotation.ServletInvocableHandlerMethod.invokeAndHandle(ServletInvocableHandlerMethod.java:118) ~[spring-webmvc-6.2.19.jar:6.2.19]
	at org.springframework.web.servlet.mvc.method.annotation.RequestMappingHandlerAdapter.invokeHandlerMethod(RequestMappingHandlerAdapter.java:991) ~[spring-webmvc-6.2.19.jar:6.2.19]
	at org.springframework.web.servlet.mvc.method.annotation.RequestMappingHandlerAdapter.handleInternal(RequestMappingHandlerAdapter.java:896) ~[spring-webmvc-6.2.19.jar:6.2.19]
	at org.springframework.web.servlet.mvc.method.AbstractHandlerMethodAdapter.handle(AbstractHandlerMethodAdapter.java:87) ~[spring-webmvc-6.2.19.jar:6.2.19]
	at org.springframework.web.servlet.DispatcherServlet.doDispatch(DispatcherServlet.java:1089) ~[spring-webmvc-6.2.19.jar:6.2.19]
	at org.springframework.web.servlet.DispatcherServlet.doService(DispatcherServlet.java:979) ~[spring-webmvc-6.2.19.jar:6.2.19]
	at org.springframework.web.servlet.FrameworkServlet.processRequest(FrameworkServlet.java:1014) ~[spring-webmvc-6.2.19.jar:6.2.19]
	at org.springframework.web.servlet.FrameworkServlet.doPost(FrameworkServlet.java:914) ~[spring-webmvc-6.2.19.jar:6.2.19]
	at jakarta.servlet.http.HttpServlet.service(HttpServlet.java:590) ~[tomcat-embed-core-10.1.55.jar:6.0]
	at org.springframework.web.servlet.FrameworkServlet.service(FrameworkServlet.java:885) ~[spring-webmvc-6.2.19.jar:6.2.19]
	at org.springframework.test.web.servlet.TestDispatcherServlet.service(TestDispatcherServlet.java:72) ~[spring-test-6.2.19.jar:6.2.19]
	at jakarta.servlet.http.HttpServlet.service(HttpServlet.java:658) ~[tomcat-embed-core-10.1.55.jar:6.0]
	at org.springframework.mock.web.MockFilterChain$ServletFilterProxy.doFilter(MockFilterChain.java:165) ~[spring-test-6.2.19.jar:6.2.19]
	at org.springframework.mock.web.MockFilterChain.doFilter(MockFilterChain.java:132) ~[spring-test-6.2.19.jar:6.2.19]
	at com.agilityhub.core.shared.api.IdempotencyFilter.lambda$execute$3(IdempotencyFilter.java:207) ~[classes/:na]
	at org.springframework.transaction.support.TransactionOperations.lambda$executeWithoutResult$0(TransactionOperations.java:68) ~[spring-tx-6.2.19.jar:6.2.19]
	at org.springframework.transaction.support.TransactionTemplate.execute(TransactionTemplate.java:140) ~[spring-tx-6.2.19.jar:6.2.19]
	at org.springframework.transaction.support.TransactionOperations.executeWithoutResult(TransactionOperations.java:67) ~[spring-tx-6.2.19.jar:6.2.19]
	at com.agilityhub.core.shared.api.IdempotencyFilter.execute(IdempotencyFilter.java:205) ~[classes/:na]
	at com.agilityhub.core.shared.api.IdempotencyFilter.doFilterInternal(IdempotencyFilter.java:87) ~[classes/:na]
	at org.springframework.web.filter.OncePerRequestFilter.doFilter(OncePerRequestFilter.java:116) ~[spring-web-6.2.19.jar:6.2.19]
	at org.springframework.test.web.servlet.setup.MockMvcFilterDecorator.doFilter(MockMvcFilterDecorator.java:162) ~[spring-test-6.2.19.jar:6.2.19]
	at org.springframework.mock.web.MockFilterChain.doFilter(MockFilterChain.java:132) ~[spring-test-6.2.19.jar:6.2.19]
	at com.agilityhub.core.shared.api.RequestLocaleFilter.doFilterInternal(RequestLocaleFilter.java:24) ~[classes/:na]
	at org.springframework.web.filter.OncePerRequestFilter.doFilter(OncePerRequestFilter.java:116) ~[spring-web-6.2.19.jar:6.2.19]
	at org.springframework.test.web.servlet.setup.MockMvcFilterDecorator.doFilter(MockMvcFilterDecorator.java:162) ~[spring-test-6.2.19.jar:6.2.19]
	at org.springframework.mock.web.MockFilterChain.doFilter(MockFilterChain.java:132) ~[spring-test-6.2.19.jar:6.2.19]
	at com.agilityhub.core.shared.api.TenantFilter.doFilterInternal(TenantFilter.java:91) ~[classes/:na]
	at org.springframework.web.filter.OncePerRequestFilter.doFilter(OncePerRequestFilter.java:116) ~[spring-web-6.2.19.jar:6.2.19]
	at org.springframework.test.web.servlet.setup.MockMvcFilterDecorator.doFilter(MockMvcFilterDecorator.java:162) ~[spring-test-6.2.19.jar:6.2.19]
	at org.springframework.mock.web.MockFilterChain.doFilter(MockFilterChain.java:132) ~[spring-test-6.2.19.jar:6.2.19]
	at org.springframework.web.filter.CompositeFilter$VirtualFilterChain.doFilter(CompositeFilter.java:108) ~[spring-web-6.2.19.jar:6.2.19]
	at org.springframework.web.filter.CompositeFilter$VirtualFilterChain.doFilter(CompositeFilter.java:108) ~[spring-web-6.2.19.jar:6.2.19]
	at org.springframework.security.web.FilterChainProxy.lambda$doFilterInternal$3(FilterChainProxy.java:231) ~[spring-security-web-6.5.11.jar:6.5.11]
	at org.springframework.security.web.ObservationFilterChainDecorator$FilterObservation$SimpleFilterObservation.lambda$wrap$1(ObservationFilterChainDecorator.java:490) ~[spring-security-web-6.5.11.jar:6.5.11]
	at org.springframework.security.web.ObservationFilterChainDecorator$AroundFilterObservation$SimpleAroundFilterObservation.lambda$wrap$1(ObservationFilterChainDecorator.java:351) ~[spring-security-web-6.5.11.jar:6.5.11]
	at org.springframework.security.web.ObservationFilterChainDecorator.lambda$wrapSecured$0(ObservationFilterChainDecorator.java:83) ~[spring-security-web-6.5.11.jar:6.5.11]
	at org.springframework.security.web.ObservationFilterChainDecorator$VirtualFilterChain.doFilter(ObservationFilterChainDecorator.java:129) ~[spring-security-web-6.5.11.jar:6.5.11]
	at org.springframework.security.web.access.intercept.AuthorizationFilter.doFilter(AuthorizationFilter.java:101) ~[spring-security-web-6.5.11.jar:6.5.11]
	at org.springframework.security.web.ObservationFilterChainDecorator$ObservationFilter.wrapFilter(ObservationFilterChainDecorator.java:241) ~[spring-security-web-6.5.11.jar:6.5.11]
	at org.springframework.security.web.ObservationFilterChainDecorator$ObservationFilter.doFilter(ObservationFilterChainDecorator.java:228) ~[spring-security-web-6.5.11.jar:6.5.11]
	at org.springframework.security.web.ObservationFilterChainDecorator$VirtualFilterChain.doFilter(ObservationFilterChainDecorator.java:138) ~[spring-security-web-6.5.11.jar:6.5.11]
	at org.springframework.security.web.access.ExceptionTranslationFilter.doFilter(ExceptionTranslationFilter.java:125) ~[spring-security-web-6.5.11.jar:6.5.11]
	at org.springframework.security.web.access.ExceptionTranslationFilter.doFilter(ExceptionTranslationFilter.java:119) ~[spring-security-web-6.5.11.jar:6.5.11]
	at org.springframework.security.web.ObservationFilterChainDecorator$ObservationFilter.wrapFilter(ObservationFilterChainDecorator.java:241) ~[spring-security-web-6.5.11.jar:6.5.11]
	at org.springframework.security.web.ObservationFilterChainDecorator$ObservationFilter.doFilter(ObservationFilterChainDecorator.java:228) ~[spring-security-web-6.5.11.jar:6.5.11]
	at org.springframework.security.web.ObservationFilterChainDecorator$VirtualFilterChain.doFilter(ObservationFilterChainDecorator.java:138) ~[spring-security-web-6.5.11.jar:6.5.11]
	at org.springframework.security.web.authentication.AnonymousAuthenticationFilter.doFilter(AnonymousAuthenticationFilter.java:100) ~[spring-security-web-6.5.11.jar:6.5.11]
	at org.springframework.security.web.ObservationFilterChainDecorator$ObservationFilter.wrapFilter(ObservationFilterChainDecorator.java:241) ~[spring-security-web-6.5.11.jar:6.5.11]
	at org.springframework.security.web.ObservationFilterChainDecorator$ObservationFilter.doFilter(ObservationFilterChainDecorator.java:228) ~[spring-security-web-6.5.11.jar:6.5.11]
	at org.springframework.security.web.ObservationFilterChainDecorator$VirtualFilterChain.doFilter(ObservationFilterChainDecorator.java:138) ~[spring-security-web-6.5.11.jar:6.5.11]
	at org.springframework.security.web.servletapi.SecurityContextHolderAwareRequestFilter.doFilter(SecurityContextHolderAwareRequestFilter.java:179) ~[spring-security-web-6.5.11.jar:6.5.11]
	at org.springframework.security.web.ObservationFilterChainDecorator$ObservationFilter.wrapFilter(ObservationFilterChainDecorator.java:241) ~[spring-security-web-6.5.11.jar:6.5.11]
	at org.springframework.security.web.ObservationFilterChainDecorator$ObservationFilter.doFilter(ObservationFilterChainDecorator.java:228) ~[spring-security-web-6.5.11.jar:6.5.11]
	at org.springframework.security.web.ObservationFilterChainDecorator$VirtualFilterChain.doFilter(ObservationFilterChainDecorator.java:138) ~[spring-security-web-6.5.11.jar:6.5.11]
	at org.springframework.security.web.savedrequest.RequestCacheAwareFilter.doFilter(RequestCacheAwareFilter.java:63) ~[spring-security-web-6.5.11.jar:6.5.11]
	at org.springframework.security.web.ObservationFilterChainDecorator$ObservationFilter.wrapFilter(ObservationFilterChainDecorator.java:241) ~[spring-security-web-6.5.11.jar:6.5.11]
	at org.springframework.security.web.ObservationFilterChainDecorator$ObservationFilter.doFilter(ObservationFilterChainDecorator.java:228) ~[spring-security-web-6.5.11.jar:6.5.11]
	at org.springframework.security.web.ObservationFilterChainDecorator$VirtualFilterChain.doFilter(ObservationFilterChainDecorator.java:138) ~[spring-security-web-6.5.11.jar:6.5.11]
	at org.springframework.security.web.authentication.logout.LogoutFilter.doFilter(LogoutFilter.java:107) ~[spring-security-web-6.5.11.jar:6.5.11]
	at org.springframework.security.web.authentication.logout.LogoutFilter.doFilter(LogoutFilter.java:93) ~[spring-security-web-6.5.11.jar:6.5.11]
	at org.springframework.security.web.ObservationFilterChainDecorator$ObservationFilter.wrapFilter(ObservationFilterChainDecorator.java:241) ~[spring-security-web-6.5.11.jar:6.5.11]
	at org.springframework.security.web.ObservationFilterChainDecorator$ObservationFilter.doFilter(ObservationFilterChainDecorator.java:228) ~[spring-security-web-6.5.11.jar:6.5.11]
	at org.springframework.security.web.ObservationFilterChainDecorator$VirtualFilterChain.doFilter(ObservationFilterChainDecorator.java:138) ~[spring-security-web-6.5.11.jar:6.5.11]
	at org.springframework.web.filter.OncePerRequestFilter.doFilter(OncePerRequestFilter.java:101) ~[spring-web-6.2.19.jar:6.2.19]
	at org.springframework.security.web.ObservationFilterChainDecorator$ObservationFilter.wrapFilter(ObservationFilterChainDecorator.java:241) ~[spring-security-web-6.5.11.jar:6.5.11]
	at org.springframework.security.web.ObservationFilterChainDecorator$ObservationFilter.doFilter(ObservationFilterChainDecorator.java:228) ~[spring-security-web-6.5.11.jar:6.5.11]
	at org.springframework.security.web.ObservationFilterChainDecorator$VirtualFilterChain.doFilter(ObservationFilterChainDecorator.java:138) ~[spring-security-web-6.5.11.jar:6.5.11]
	at org.springframework.security.web.header.HeaderWriterFilter.doHeadersAfter(HeaderWriterFilter.java:90) ~[spring-security-web-6.5.11.jar:6.5.11]
	at org.springframework.security.web.header.HeaderWriterFilter.doFilterInternal(HeaderWriterFilter.java:75) ~[spring-security-web-6.5.11.jar:6.5.11]
	at org.springframework.web.filter.OncePerRequestFilter.doFilter(OncePerRequestFilter.java:116) ~[spring-web-6.2.19.jar:6.2.19]
	at org.springframework.security.web.ObservationFilterChainDecorator$ObservationFilter.wrapFilter(ObservationFilterChainDecorator.java:241) ~[spring-security-web-6.5.11.jar:6.5.11]
	at org.springframework.security.web.ObservationFilterChainDecorator$ObservationFilter.doFilter(ObservationFilterChainDecorator.java:228) ~[spring-security-web-6.5.11.jar:6.5.11]
	at org.springframework.security.web.ObservationFilterChainDecorator$VirtualFilterChain.doFilter(ObservationFilterChainDecorator.java:138) ~[spring-security-web-6.5.11.jar:6.5.11]
	at org.springframework.security.web.context.SecurityContextHolderFilter.doFilter(SecurityContextHolderFilter.java:82) ~[spring-security-web-6.5.11.jar:6.5.11]
	at org.springframework.security.web.context.SecurityContextHolderFilter.doFilter(SecurityContextHolderFilter.java:69) ~[spring-security-web-6.5.11.jar:6.5.11]
	at org.springframework.security.web.ObservationFilterChainDecorator$ObservationFilter.wrapFilter(ObservationFilterChainDecorator.java:241) ~[spring-security-web-6.5.11.jar:6.5.11]
	at org.springframework.security.web.ObservationFilterChainDecorator$ObservationFilter.doFilter(ObservationFilterChainDecorator.java:228) ~[spring-security-web-6.5.11.jar:6.5.11]
	at org.springframework.security.web.ObservationFilterChainDecorator$VirtualFilterChain.doFilter(ObservationFilterChainDecorator.java:138) ~[spring-security-web-6.5.11.jar:6.5.11]
	at org.springframework.security.web.context.request.async.WebAsyncManagerIntegrationFilter.doFilterInternal(WebAsyncManagerIntegrationFilter.java:62) ~[spring-security-web-6.5.11.jar:6.5.11]
	at org.springframework.web.filter.OncePerRequestFilter.doFilter(OncePerRequestFilter.java:116) ~[spring-web-6.2.19.jar:6.2.19]
	at org.springframework.security.web.ObservationFilterChainDecorator$ObservationFilter.wrapFilter(ObservationFilterChainDecorator.java:241) ~[spring-security-web-6.5.11.jar:6.5.11]
	at org.springframework.security.web.ObservationFilterChainDecorator$ObservationFilter.doFilter(ObservationFilterChainDecorator.java:228) ~[spring-security-web-6.5.11.jar:6.5.11]
	at org.springframework.security.web.ObservationFilterChainDecorator$VirtualFilterChain.doFilter(ObservationFilterChainDecorator.java:138) ~[spring-security-web-6.5.11.jar:6.5.11]
	at org.springframework.security.web.session.DisableEncodeUrlFilter.doFilterInternal(DisableEncodeUrlFilter.java:42) ~[spring-security-web-6.5.11.jar:6.5.11]
	at org.springframework.web.filter.OncePerRequestFilter.doFilter(OncePerRequestFilter.java:116) ~[spring-web-6.2.19.jar:6.2.19]
	at org.springframework.security.web.ObservationFilterChainDecorator$ObservationFilter.wrapFilter(ObservationFilterChainDecorator.java:241) ~[spring-security-web-6.5.11.jar:6.5.11]
	at org.springframework.security.web.ObservationFilterChainDecorator$AroundFilterObservation$SimpleAroundFilterObservation.lambda$wrap$0(ObservationFilterChainDecorator.java:334) ~[spring-security-web-6.5.11.jar:6.5.11]
	at org.springframework.security.web.ObservationFilterChainDecorator$ObservationFilter.doFilter(ObservationFilterChainDecorator.java:225) ~[spring-security-web-6.5.11.jar:6.5.11]
	at org.springframework.security.web.ObservationFilterChainDecorator$VirtualFilterChain.doFilter(ObservationFilterChainDecorator.java:138) ~[spring-security-web-6.5.11.jar:6.5.11]
	at org.springframework.security.web.FilterChainProxy.doFilterInternal(FilterChainProxy.java:233) ~[spring-security-web-6.5.11.jar:6.5.11]
	at org.springframework.security.web.FilterChainProxy.doFilter(FilterChainProxy.java:191) ~[spring-security-web-6.5.11.jar:6.5.11]
	at org.springframework.web.filter.CompositeFilter$VirtualFilterChain.doFilter(CompositeFilter.java:113) ~[spring-web-6.2.19.jar:6.2.19]
	at org.springframework.web.filter.ServletRequestPathFilter.doFilter(ServletRequestPathFilter.java:52) ~[spring-web-6.2.19.jar:6.2.19]
	at org.springframework.web.filter.CompositeFilter$VirtualFilterChain.doFilter(CompositeFilter.java:113) ~[spring-web-6.2.19.jar:6.2.19]
	at org.springframework.web.filter.CompositeFilter.doFilter(CompositeFilter.java:74) ~[spring-web-6.2.19.jar:6.2.19]
	at org.springframework.security.config.annotation.web.configuration.WebSecurityConfiguration$CompositeFilterChainProxy.doFilter(WebSecurityConfiguration.java:319) ~[spring-security-config-6.5.11.jar:6.5.11]
	at org.springframework.web.filter.CompositeFilter$VirtualFilterChain.doFilter(CompositeFilter.java:113) ~[spring-web-6.2.19.jar:6.2.19]
	at org.springframework.web.servlet.handler.HandlerMappingIntrospector.lambda$createCacheFilter$4(HandlerMappingIntrospector.java:267) ~[spring-webmvc-6.2.19.jar:6.2.19]
	at org.springframework.web.filter.CompositeFilter$VirtualFilterChain.doFilter(CompositeFilter.java:113) ~[spring-web-6.2.19.jar:6.2.19]
	at org.springframework.web.filter.CompositeFilter.doFilter(CompositeFilter.java:74) ~[spring-web-6.2.19.jar:6.2.19]
	at org.springframework.security.config.annotation.web.configuration.WebMvcSecurityConfiguration$CompositeFilterChainProxy.doFilter(WebMvcSecurityConfiguration.java:240) ~[spring-security-config-6.5.11.jar:6.5.11]
	at org.springframework.web.filter.DelegatingFilterProxy.invokeDelegate(DelegatingFilterProxy.java:362) ~[spring-web-6.2.19.jar:6.2.19]
	at org.springframework.web.filter.DelegatingFilterProxy.doFilter(DelegatingFilterProxy.java:278) ~[spring-web-6.2.19.jar:6.2.19]
	at org.springframework.test.web.servlet.setup.MockMvcFilterDecorator.doFilter(MockMvcFilterDecorator.java:162) ~[spring-test-6.2.19.jar:6.2.19]
	at org.springframework.mock.web.MockFilterChain.doFilter(MockFilterChain.java:132) ~[spring-test-6.2.19.jar:6.2.19]
	at org.springframework.web.filter.RequestContextFilter.doFilterInternal(RequestContextFilter.java:100) ~[spring-web-6.2.19.jar:6.2.19]
	at org.springframework.web.filter.OncePerRequestFilter.doFilter(OncePerRequestFilter.java:116) ~[spring-web-6.2.19.jar:6.2.19]
	at org.springframework.test.web.servlet.setup.MockMvcFilterDecorator.doFilter(MockMvcFilterDecorator.java:162) ~[spring-test-6.2.19.jar:6.2.19]
	at org.springframework.mock.web.MockFilterChain.doFilter(MockFilterChain.java:132) ~[spring-test-6.2.19.jar:6.2.19]
	at org.springframework.web.filter.FormContentFilter.doFilterInternal(FormContentFilter.java:93) ~[spring-web-6.2.19.jar:6.2.19]
	at org.springframework.web.filter.OncePerRequestFilter.doFilter(OncePerRequestFilter.java:116) ~[spring-web-6.2.19.jar:6.2.19]
	at org.springframework.test.web.servlet.setup.MockMvcFilterDecorator.doFilter(MockMvcFilterDecorator.java:162) ~[spring-test-6.2.19.jar:6.2.19]
	at org.springframework.mock.web.MockFilterChain.doFilter(MockFilterChain.java:132) ~[spring-test-6.2.19.jar:6.2.19]
	at com.agilityhub.core.shared.api.RequestTraceFilter.doFilterInternal(RequestTraceFilter.java:32) ~[classes/:na]
	at org.springframework.web.filter.OncePerRequestFilter.doFilter(OncePerRequestFilter.java:116) ~[spring-web-6.2.19.jar:6.2.19]
	at org.springframework.test.web.servlet.setup.MockMvcFilterDecorator.doFilter(MockMvcFilterDecorator.java:162) ~[spring-test-6.2.19.jar:6.2.19]
	at org.springframework.mock.web.MockFilterChain.doFilter(MockFilterChain.java:132) ~[spring-test-6.2.19.jar:6.2.19]
	at org.springframework.web.filter.ServerHttpObservationFilter.doFilterInternal(ServerHttpObservationFilter.java:110) ~[spring-web-6.2.19.jar:6.2.19]
	at org.springframework.web.filter.OncePerRequestFilter.doFilter(OncePerRequestFilter.java:116) ~[spring-web-6.2.19.jar:6.2.19]
	at org.springframework.test.web.servlet.setup.MockMvcFilterDecorator.doFilter(MockMvcFilterDecorator.java:162) ~[spring-test-6.2.19.jar:6.2.19]
	at org.springframework.mock.web.MockFilterChain.doFilter(MockFilterChain.java:132) ~[spring-test-6.2.19.jar:6.2.19]
	at org.springframework.web.filter.CharacterEncodingFilter.doFilterInternal(CharacterEncodingFilter.java:201) ~[spring-web-6.2.19.jar:6.2.19]
	at org.springframework.web.filter.OncePerRequestFilter.doFilter(OncePerRequestFilter.java:116) ~[spring-web-6.2.19.jar:6.2.19]
	at org.springframework.test.web.servlet.setup.MockMvcFilterDecorator.doFilter(MockMvcFilterDecorator.java:162) ~[spring-test-6.2.19.jar:6.2.19]
	at org.springframework.mock.web.MockFilterChain.doFilter(MockFilterChain.java:132) ~[spring-test-6.2.19.jar:6.2.19]
	at org.springframework.test.web.servlet.MockMvc.perform(MockMvc.java:201) ~[spring-test-6.2.19.jar:6.2.19]
	at com.agilityhub.core.shared.persistence.IdempotencyIT.E3_T06_INC02_transactionalFailureReturns500AndReleasesTheKey(IdempotencyIT.java:163) ~[test-classes/:na]
	at java.base/jdk.internal.reflect.DirectMethodHandleAccessor.invoke(DirectMethodHandleAccessor.java:103) ~[na:na]
	at java.base/java.lang.reflect.Method.invoke(Method.java:580) ~[na:na]
	at org.junit.platform.commons.util.ReflectionUtils.invokeMethod(ReflectionUtils.java:775) ~[junit-platform-commons-1.12.2.jar:1.12.2]
	at org.junit.platform.commons.support.ReflectionSupport.invokeMethod(ReflectionSupport.java:479) ~[junit-platform-commons-1.12.2.jar:1.12.2]
	at org.junit.jupiter.engine.execution.MethodInvocation.proceed(MethodInvocation.java:60) ~[junit-jupiter-engine-5.12.2.jar:5.12.2]
	at org.junit.jupiter.engine.execution.InvocationInterceptorChain$ValidatingInvocation.proceed(InvocationInterceptorChain.java:131) ~[junit-jupiter-engine-5.12.2.jar:5.12.2]
	at org.junit.jupiter.engine.extension.TimeoutExtension.intercept(TimeoutExtension.java:161) ~[junit-jupiter-engine-5.12.2.jar:5.12.2]
	at org.junit.jupiter.engine.extension.TimeoutExtension.interceptTestableMethod(TimeoutExtension.java:152) ~[junit-jupiter-engine-5.12.2.jar:5.12.2]
	at org.junit.jupiter.engine.extension.TimeoutExtension.interceptTestMethod(TimeoutExtension.java:91) ~[junit-jupiter-engine-5.12.2.jar:5.12.2]
	at org.junit.jupiter.engine.execution.InterceptingExecutableInvoker$ReflectiveInterceptorCall.lambda$ofVoidMethod$0(InterceptingExecutableInvoker.java:112) ~[junit-jupiter-engine-5.12.2.jar:5.12.2]
	at org.junit.jupiter.engine.execution.InterceptingExecutableInvoker.lambda$invoke$0(InterceptingExecutableInvoker.java:94) ~[junit-jupiter-engine-5.12.2.jar:5.12.2]
	at org.junit.jupiter.engine.execution.InvocationInterceptorChain$InterceptedInvocation.proceed(InvocationInterceptorChain.java:106) ~[junit-jupiter-engine-5.12.2.jar:5.12.2]
	at org.junit.jupiter.engine.execution.InvocationInterceptorChain.proceed(InvocationInterceptorChain.java:64) ~[junit-jupiter-engine-5.12.2.jar:5.12.2]
	at org.junit.jupiter.engine.execution.InvocationInterceptorChain.chainAndInvoke(InvocationInterceptorChain.java:45) ~[junit-jupiter-engine-5.12.2.jar:5.12.2]
	at org.junit.jupiter.engine.execution.InvocationInterceptorChain.invoke(InvocationInterceptorChain.java:37) ~[junit-jupiter-engine-5.12.2.jar:5.12.2]
	at org.junit.jupiter.engine.execution.InterceptingExecutableInvoker.invoke(InterceptingExecutableInvoker.java:93) ~[junit-jupiter-engine-5.12.2.jar:5.12.2]
	at org.junit.jupiter.engine.execution.InterceptingExecutableInvoker.invoke(InterceptingExecutableInvoker.java:87) ~[junit-jupiter-engine-5.12.2.jar:5.12.2]
	at org.junit.jupiter.engine.descriptor.TestMethodTestDescriptor.lambda$invokeTestMethod$7(TestMethodTestDescriptor.java:216) ~[junit-jupiter-engine-5.12.2.jar:5.12.2]
	at org.junit.platform.engine.support.hierarchical.ThrowableCollector.execute(ThrowableCollector.java:73) ~[junit-platform-engine-1.12.2.jar:1.12.2]
	at org.junit.jupiter.engine.descriptor.TestMethodTestDescriptor.invokeTestMethod(TestMethodTestDescriptor.java:212) ~[junit-jupiter-engine-5.12.2.jar:5.12.2]
	at org.junit.jupiter.engine.descriptor.TestMethodTestDescriptor.execute(TestMethodTestDescriptor.java:137) ~[junit-jupiter-engine-5.12.2.jar:5.12.2]
	at org.junit.jupiter.engine.descriptor.TestMethodTestDescriptor.execute(TestMethodTestDescriptor.java:69) ~[junit-jupiter-engine-5.12.2.jar:5.12.2]
	at org.junit.platform.engine.support.hierarchical.NodeTestTask.lambda$executeRecursively$6(NodeTestTask.java:156) ~[junit-platform-engine-1.12.2.jar:1.12.2]
	at org.junit.platform.engine.support.hierarchical.ThrowableCollector.execute(ThrowableCollector.java:73) ~[junit-platform-engine-1.12.2.jar:1.12.2]
	at org.junit.platform.engine.support.hierarchical.NodeTestTask.lambda$executeRecursively$8(NodeTestTask.java:146) ~[junit-platform-engine-1.12.2.jar:1.12.2]
	at org.junit.platform.engine.support.hierarchical.Node.around(Node.java:137) ~[junit-platform-engine-1.12.2.jar:1.12.2]
	at org.junit.platform.engine.support.hierarchical.NodeTestTask.lambda$executeRecursively$9(NodeTestTask.java:144) ~[junit-platform-engine-1.12.2.jar:1.12.2]
	at org.junit.platform.engine.support.hierarchical.ThrowableCollector.execute(ThrowableCollector.java:73) ~[junit-platform-engine-1.12.2.jar:1.12.2]
	at org.junit.platform.engine.support.hierarchical.NodeTestTask.executeRecursively(NodeTestTask.java:143) ~[junit-platform-engine-1.12.2.jar:1.12.2]
	at org.junit.platform.engine.support.hierarchical.NodeTestTask.execute(NodeTestTask.java:100) ~[junit-platform-engine-1.12.2.jar:1.12.2]
	at java.base/java.util.ArrayList.forEach(ArrayList.java:1596) ~[na:na]
	at org.junit.platform.engine.support.hierarchical.SameThreadHierarchicalTestExecutorService.invokeAll(SameThreadHierarchicalTestExecutorService.java:41) ~[junit-platform-engine-1.12.2.jar:1.12.2]
	at org.junit.platform.engine.support.hierarchical.NodeTestTask.lambda$executeRecursively$6(NodeTestTask.java:160) ~[junit-platform-engine-1.12.2.jar:1.12.2]
	at org.junit.platform.engine.support.hierarchical.ThrowableCollector.execute(ThrowableCollector.java:73) ~[junit-platform-engine-1.12.2.jar:1.12.2]
	at org.junit.platform.engine.support.hierarchical.NodeTestTask.lambda$executeRecursively$8(NodeTestTask.java:146) ~[junit-platform-engine-1.12.2.jar:1.12.2]
	at org.junit.platform.engine.support.hierarchical.Node.around(Node.java:137) ~[junit-platform-engine-1.12.2.jar:1.12.2]
	at org.junit.platform.engine.support.hierarchical.NodeTestTask.lambda$executeRecursively$9(NodeTestTask.java:144) ~[junit-platform-engine-1.12.2.jar:1.12.2]
	at org.junit.platform.engine.support.hierarchical.ThrowableCollector.execute(ThrowableCollector.java:73) ~[junit-platform-engine-1.12.2.jar:1.12.2]
	at org.junit.platform.engine.support.hierarchical.NodeTestTask.executeRecursively(NodeTestTask.java:143) ~[junit-platform-engine-1.12.2.jar:1.12.2]
	at org.junit.platform.engine.support.hierarchical.NodeTestTask.execute(NodeTestTask.java:100) ~[junit-platform-engine-1.12.2.jar:1.12.2]
	at java.base/java.util.ArrayList.forEach(ArrayList.java:1596) ~[na:na]
	at org.junit.platform.engine.support.hierarchical.SameThreadHierarchicalTestExecutorService.invokeAll(SameThreadHierarchicalTestExecutorService.java:41) ~[junit-platform-engine-1.12.2.jar:1.12.2]
	at org.junit.platform.engine.support.hierarchical.NodeTestTask.lambda$executeRecursively$6(NodeTestTask.java:160) ~[junit-platform-engine-1.12.2.jar:1.12.2]
	at org.junit.platform.engine.support.hierarchical.ThrowableCollector.execute(ThrowableCollector.java:73) ~[junit-platform-engine-1.12.2.jar:1.12.2]
	at org.junit.platform.engine.support.hierarchical.NodeTestTask.lambda$executeRecursively$8(NodeTestTask.java:146) ~[junit-platform-engine-1.12.2.jar:1.12.2]
	at org.junit.platform.engine.support.hierarchical.Node.around(Node.java:137) ~[junit-platform-engine-1.12.2.jar:1.12.2]
	at org.junit.platform.engine.support.hierarchical.NodeTestTask.lambda$executeRecursively$9(NodeTestTask.java:144) ~[junit-platform-engine-1.12.2.jar:1.12.2]
	at org.junit.platform.engine.support.hierarchical.ThrowableCollector.execute(ThrowableCollector.java:73) ~[junit-platform-engine-1.12.2.jar:1.12.2]
	at org.junit.platform.engine.support.hierarchical.NodeTestTask.executeRecursively(NodeTestTask.java:143) ~[junit-platform-engine-1.12.2.jar:1.12.2]
	at org.junit.platform.engine.support.hierarchical.NodeTestTask.execute(NodeTestTask.java:100) ~[junit-platform-engine-1.12.2.jar:1.12.2]
	at org.junit.platform.engine.support.hierarchical.SameThreadHierarchicalTestExecutorService.submit(SameThreadHierarchicalTestExecutorService.java:35) ~[junit-platform-engine-1.12.2.jar:1.12.2]
	at org.junit.platform.engine.support.hierarchical.HierarchicalTestExecutor.execute(HierarchicalTestExecutor.java:57) ~[junit-platform-engine-1.12.2.jar:1.12.2]
	at org.junit.platform.engine.support.hierarchical.HierarchicalTestEngine.execute(HierarchicalTestEngine.java:54) ~[junit-platform-engine-1.12.2.jar:1.12.2]
	at org.junit.platform.launcher.core.EngineExecutionOrchestrator.execute(EngineExecutionOrchestrator.java:201) ~[junit-platform-launcher-1.12.2.jar:1.12.2]
	at org.junit.platform.launcher.core.EngineExecutionOrchestrator.execute(EngineExecutionOrchestrator.java:170) ~[junit-platform-launcher-1.12.2.jar:1.12.2]
	at org.junit.platform.launcher.core.EngineExecutionOrchestrator.execute(EngineExecutionOrchestrator.java:94) ~[junit-platform-launcher-1.12.2.jar:1.12.2]
	at org.junit.platform.launcher.core.EngineExecutionOrchestrator.lambda$execute$0(EngineExecutionOrchestrator.java:59) ~[junit-platform-launcher-1.12.2.jar:1.12.2]
	at org.junit.platform.launcher.core.EngineExecutionOrchestrator.withInterceptedStreams(EngineExecutionOrchestrator.java:142) ~[junit-platform-launcher-1.12.2.jar:1.12.2]
	at org.junit.platform.launcher.core.EngineExecutionOrchestrator.execute(EngineExecutionOrchestrator.java:58) ~[junit-platform-launcher-1.12.2.jar:1.12.2]
	at org.junit.platform.launcher.core.DefaultLauncher.execute(DefaultLauncher.java:103) ~[junit-platform-launcher-1.12.2.jar:1.12.2]
	at org.junit.platform.launcher.core.DefaultLauncher.execute(DefaultLauncher.java:85) ~[junit-platform-launcher-1.12.2.jar:1.12.2]
	at org.junit.platform.launcher.core.DelegatingLauncher.execute(DelegatingLauncher.java:47) ~[junit-platform-launcher-1.12.2.jar:1.12.2]
	at org.junit.platform.launcher.core.InterceptingLauncher.lambda$execute$1(InterceptingLauncher.java:39) ~[junit-platform-launcher-1.12.2.jar:1.12.2]
	at org.junit.platform.launcher.core.ClasspathAlignmentCheckingLauncherInterceptor.intercept(ClasspathAlignmentCheckingLauncherInterceptor.java:25) ~[junit-platform-launcher-1.12.2.jar:1.12.2]
	at org.junit.platform.launcher.core.InterceptingLauncher.execute(InterceptingLauncher.java:38) ~[junit-platform-launcher-1.12.2.jar:1.12.2]
	at org.junit.platform.launcher.core.DelegatingLauncher.execute(DelegatingLauncher.java:47) ~[junit-platform-launcher-1.12.2.jar:1.12.2]
	at org.apache.maven.surefire.junitplatform.LauncherAdapter.executeWithoutCancellationToken(LauncherAdapter.java:60) ~[surefire-junit-platform-3.5.6.jar:3.5.6]
	at org.apache.maven.surefire.junitplatform.LauncherAdapter.execute(LauncherAdapter.java:52) ~[surefire-junit-platform-3.5.6.jar:3.5.6]
	at org.apache.maven.surefire.junitplatform.JUnitPlatformProvider.execute(JUnitPlatformProvider.java:203) ~[surefire-junit-platform-3.5.6.jar:3.5.6]
	at org.apache.maven.surefire.junitplatform.JUnitPlatformProvider.invokeAllTests(JUnitPlatformProvider.java:168) ~[surefire-junit-platform-3.5.6.jar:3.5.6]
	at org.apache.maven.surefire.junitplatform.JUnitPlatformProvider.invoke(JUnitPlatformProvider.java:136) ~[surefire-junit-platform-3.5.6.jar:3.5.6]
	at org.apache.maven.surefire.booter.ForkedBooter.runSuitesInProcess(ForkedBooter.java:385) ~[surefire-booter-3.5.6.jar:3.5.6]
	at org.apache.maven.surefire.booter.ForkedBooter.execute(ForkedBooter.java:162) ~[surefire-booter-3.5.6.jar:3.5.6]
	at org.apache.maven.surefire.booter.ForkedBooter.run(ForkedBooter.java:507) ~[surefire-booter-3.5.6.jar:3.5.6]
	at org.apache.maven.surefire.booter.ForkedBooter.main(ForkedBooter.java:495) ~[surefire-booter-3.5.6.jar:3.5.6]

2026-09-30T12:49:52.571+02:00  INFO 97845 --- [agilityhub-core-api] [           main] t.c.s.AnnotationConfigContextLoaderUtils : Could not detect default configuration classes for test class [com.agilityhub.core.shared.api.HealthIndependenceIT]: HealthIndependenceIT does not declare any static, non-private, non-final, nested classes annotated with @Configuration.
2026-09-30T12:49:52.596+02:00  INFO 97845 --- [agilityhub-core-api] [           main] .b.t.c.SpringBootTestContextBootstrapper : Found @SpringBootConfiguration com.agilityhub.core.CoreApplication for test class com.agilityhub.core.shared.api.HealthIndependenceIT
2026-09-30T12:49:52.598+02:00  INFO 97845 --- [agilityhub-core-api] [           main] tc.mongo:7                               : Creating container for image: mongo:7
2026-09-30T12:49:52.645+02:00  INFO 97845 --- [agilityhub-core-api] [           main] tc.mongo:7                               : Container mongo:7 is starting: 7af1069a16a41a53e9b650b8af53690af38e0b6414a4034ae17c901a8349f8a3
2026-09-30T12:49:53.370+02:00  INFO 97845 --- [agilityhub-core-api] [           main] tc.mongo:7                               : Container mongo:7 started in PT0.77259S

  .   ____          _            __ _ _
 /\\ / ___'_ __ _ _(_)_ __  __ _ \ \ \ \
( ( )\___ | '_ | '_| | '_ \/ _` | \ \ \ \
 \\/  ___)| |_)| | | | | || (_| |  ) ) ) )
  '  |____| .__|_| |_|_| |_\__, | / / / /
 =========|_|==============|___/=/_/_/_/

 :: Spring Boot ::               (v3.5.16)

2026-09-30T12:49:54.093+02:00  INFO 97845 --- [agilityhub-core-api] [           main] c.a.c.shared.api.HealthIndependenceIT    : Starting HealthIndependenceIT using Java 21.0.12.1 with PID 97845 (started by jordib in /Users/jordib/dev/agilityhub/agilityhub-core-api)
2026-09-30T12:49:54.093+02:00  INFO 97845 --- [agilityhub-core-api] [           main] c.a.c.shared.api.HealthIndependenceIT    : The following 1 profile is active: "test"
2026-09-30T12:49:54.360+02:00  INFO 97845 --- [agilityhub-core-api] [           main] .s.d.r.c.RepositoryConfigurationDelegate : Bootstrapping Spring Data MongoDB repositories in DEFAULT mode.
2026-09-30T12:49:54.403+02:00  INFO 97845 --- [agilityhub-core-api] [           main] .s.d.r.c.RepositoryConfigurationDelegate : Finished Spring Data repository scanning in 41 ms. Found 0 MongoDB repository interfaces.
2026-09-30T12:49:54.460+02:00  INFO 97845 --- [agilityhub-core-api] [           main] o.s.b.w.embedded.tomcat.TomcatWebServer  : Tomcat initialized with port 0 (http)
2026-09-30T12:49:54.460+02:00  INFO 97845 --- [agilityhub-core-api] [           main] o.apache.catalina.core.StandardService   : Starting service [Tomcat]
2026-09-30T12:49:54.461+02:00  INFO 97845 --- [agilityhub-core-api] [           main] o.apache.catalina.core.StandardEngine    : Starting Servlet engine: [Apache Tomcat/10.1.55]
2026-09-30T12:49:54.473+02:00  INFO 97845 --- [agilityhub-core-api] [           main] o.a.c.c.C.[Tomcat-4].[localhost].[/]     : Initializing Spring embedded WebApplicationContext
2026-09-30T12:49:54.473+02:00  INFO 97845 --- [agilityhub-core-api] [           main] w.s.c.ServletWebServerApplicationContext : Root WebApplicationContext: initialization completed in 379 ms
2026-09-30T12:49:54.519+02:00  INFO 97845 --- [agilityhub-core-api] [           main] org.mongodb.driver.client                : MongoClient with metadata {"driver": {"name": "mongo-java-driver|sync|spring-boot", "version": "5.5.2"}, "os": {"type": "Darwin", "name": "Mac OS X", "architecture": "aarch64", "version": "26.4.1"}, "platform": "Java/Homebrew/21.0.12.1"} created with settings MongoClientSettings{readPreference=primary, writeConcern=WriteConcern{w=null, wTimeout=null ms, journal=null}, retryWrites=true, retryReads=true, readConcern=ReadConcern{level=null}, credential=null, transportSettings=null, commandListeners=[io.micrometer.core.instrument.binder.mongodb.MongoMetricsCommandListener@2155798a], codecRegistry=ProvidersCodecRegistry{codecProviders=[ValueCodecProvider{}, BsonValueCodecProvider{}, DBRefCodecProvider{}, DBObjectCodecProvider{}, DocumentCodecProvider{}, CollectionCodecProvider{}, IterableCodecProvider{}, MapCodecProvider{}, GeoJsonCodecProvider{}, GridFSFileCodecProvider{}, Jsr310CodecProvider{}, JsonObjectCodecProvider{}, BsonCodecProvider{}, EnumCodecProvider{}, com.mongodb.client.model.mql.ExpressionCodecProvider@22c0c0bc, com.mongodb.Jep395RecordCodecProvider@36a25457, com.mongodb.KotlinCodecProvider@61d4155b]}, loggerSettings=LoggerSettings{maxDocumentLength=1000}, clusterSettings={hosts=[localhost:56646], srvServiceName=mongodb, mode=SINGLE, requiredClusterType=UNKNOWN, requiredReplicaSetName='null', serverSelector='null', clusterListeners='[]', serverSelectionTimeout='30000 ms', localThreshold='15 ms'}, socketSettings=SocketSettings{connectTimeoutMS=10000, readTimeoutMS=0, receiveBufferSize=0, proxySettings=ProxySettings{host=null, port=null, username=null, password=null}}, heartbeatSocketSettings=SocketSettings{connectTimeoutMS=10000, readTimeoutMS=10000, receiveBufferSize=0, proxySettings=ProxySettings{host=null, port=null, username=null, password=null}}, connectionPoolSettings=ConnectionPoolSettings{maxSize=100, minSize=0, maxWaitTimeMS=120000, maxConnectionLifeTimeMS=0, maxConnectionIdleTimeMS=0, maintenanceInitialDelayMS=0, maintenanceFrequencyMS=60000, connectionPoolListeners=[io.micrometer.core.instrument.binder.mongodb.MongoMetricsConnectionPoolListener@5ed48ce5], maxConnecting=2}, serverSettings=ServerSettings{heartbeatFrequencyMS=10000, minHeartbeatFrequencyMS=500, serverMonitoringMode=AUTO, serverListeners='[]', serverMonitorListeners='[]'}, sslSettings=SslSettings{enabled=false, invalidHostNameAllowed=false, context=null}, applicationName='null', compressorList=[], uuidRepresentation=JAVA_LEGACY, serverApi=null, autoEncryptionSettings=null, dnsClient=null, inetAddressResolver=null, contextProvider=null, timeoutMS=null}
2026-09-30T12:49:54.529+02:00  INFO 97845 --- [agilityhub-core-api] [localhost:56646] org.mongodb.driver.cluster               : Monitor thread successfully connected to server with description ServerDescription{address=localhost:56646, type=REPLICA_SET_PRIMARY, cryptd=false, state=CONNECTED, ok=true, minWireVersion=0, maxWireVersion=21, maxDocumentSize=16777216, logicalSessionTimeoutMinutes=30, roundTripTimeNanos=8152333, minRoundTripTimeNanos=0, setName='docker-rs', canonicalAddress=7af1069a16a4:27017, hosts=[7af1069a16a4:27017], passives=[], arbiters=[], primary='7af1069a16a4:27017', tagSet=TagSet{[]}, electionId=7fffffff0000000000000001, setVersion=1, topologyVersion=TopologyVersion{processId=6abce9503cb86e5fe1ae9005, counter=6}, lastWriteDate=Wed Sep 30 12:49:53 CEST 2026, lastUpdateTimeNanos=372011868438916}
2026-09-30T12:49:55.201+02:00  INFO 97845 --- [agilityhub-core-api] [           main] o.s.boot.web.servlet.RegistrationBean    : Filter rateLimitFilter was not registered (disabled)
2026-09-30T12:49:58.087+02:00  INFO 97845 --- [agilityhub-core-api] [           main] o.a.c.c.C.[Tomcat-4].[localhost].[/]     : Initializing Spring TestDispatcherServlet ''
2026-09-30T12:49:58.087+02:00  INFO 97845 --- [agilityhub-core-api] [           main] o.s.t.web.servlet.TestDispatcherServlet  : Initializing Servlet ''
2026-09-30T12:49:58.088+02:00  INFO 97845 --- [agilityhub-core-api] [           main] o.s.t.web.servlet.TestDispatcherServlet  : Completed initialization in 1 ms
2026-09-30T12:49:58.107+02:00  INFO 97845 --- [agilityhub-core-api] [           main] o.s.b.w.embedded.tomcat.TomcatWebServer  : Tomcat started on port 56658 (http) with context path '/'
2026-09-30T12:49:58.165+02:00  INFO 97845 --- [agilityhub-core-api] [           main] o.s.b.w.embedded.tomcat.TomcatWebServer  : Tomcat initialized with port 0 (http)
2026-09-30T12:49:58.166+02:00  INFO 97845 --- [agilityhub-core-api] [           main] o.apache.catalina.core.StandardService   : Starting service [Tomcat]
2026-09-30T12:49:58.166+02:00  INFO 97845 --- [agilityhub-core-api] [           main] o.apache.catalina.core.StandardEngine    : Starting Servlet engine: [Apache Tomcat/10.1.55]
2026-09-30T12:49:58.186+02:00  INFO 97845 --- [agilityhub-core-api] [           main] o.a.c.c.C.[Tomcat-5].[localhost].[/]     : Initializing Spring embedded WebApplicationContext
2026-09-30T12:49:58.186+02:00  INFO 97845 --- [agilityhub-core-api] [           main] w.s.c.ServletWebServerApplicationContext : Root WebApplicationContext: initialization completed in 77 ms
2026-09-30T12:49:58.192+02:00  INFO 97845 --- [agilityhub-core-api] [           main] o.s.b.a.e.web.EndpointLinksResolver      : Exposing 2 endpoints beneath base path '/actuator'
2026-09-30T12:49:58.223+02:00  INFO 97845 --- [agilityhub-core-api] [           main] o.s.b.w.embedded.tomcat.TomcatWebServer  : Tomcat started on port 56659 (http) with context path '/'
2026-09-30T12:49:58.230+02:00  INFO 97845 --- [agilityhub-core-api] [           main] c.a.c.shared.api.HealthIndependenceIT    : Started HealthIndependenceIT in 4.15 seconds (process running for 31.926)
2026-09-30T12:49:58.742+02:00  WARN 97845 --- [agilityhub-core-api] [           main] c.a.core.shared.api.ApiExceptionHandler  : Framework request rejected status=405 code=METHOD_NOT_ALLOWED traceId=b78e19f9-4314-4877-9c82-00845459ea3e
2026-09-30T12:49:58.748+02:00  INFO 97845 --- [agilityhub-core-api] [omcat-handler-0] o.a.c.c.C.[Tomcat-5].[localhost].[/]     : Initializing Spring DispatcherServlet 'dispatcherServletRegistration'
2026-09-30T12:49:58.749+02:00  INFO 97845 --- [agilityhub-core-api] [omcat-handler-0] o.s.web.servlet.DispatcherServlet        : Initializing Servlet 'dispatcherServletRegistration'
2026-09-30T12:49:58.749+02:00  INFO 97845 --- [agilityhub-core-api] [omcat-handler-0] o.s.web.servlet.DispatcherServlet        : Completed initialization in 0 ms
2026-09-30T12:49:59.870+02:00  WARN 97845 --- [agilityhub-core-api] [           main] c.a.core.shared.api.HealthController     : Health DOWN: the database did not answer a ping within 1000 ms traceId=63cfae59-bfc0-4fca-851e-ace6d99bafce
2026-09-30T12:50:00.886+02:00  WARN 97845 --- [agilityhub-core-api] [pool-5-thread-1] c.a.core.shared.api.HealthController     : Health DOWN: the database did not answer a ping within 1000 ms traceId=19bc7089-4ab8-494e-921b-63cd0d52d3db
2026-09-30T12:50:00.889+02:00  WARN 97845 --- [agilityhub-core-api] [pool-6-thread-1] c.a.core.shared.api.HealthController     : Health DOWN: the database did not answer a ping within 1000 ms traceId=f6988d3b-67fa-4e5c-a9ce-88e396f59c72
2026-09-30T12:50:01.990+02:00  WARN 97845 --- [agilityhub-core-api] [pool-7-thread-1] c.a.core.shared.api.HealthController     : Health DOWN: the database did not answer a ping within 1000 ms traceId=665a77b0-57f1-494b-a3d0-c15b8b4f8f9c
2026-09-30T12:50:03.286+02:00  WARN 97845 --- [agilityhub-core-api] [pool-8-thread-1] c.a.core.shared.api.HealthController     : Health DOWN: the database did not answer a ping within 1000 ms traceId=ff724dd3-025f-45d2-9350-d4ee4ad24987
2026-09-30T12:50:03.291+02:00  WARN 97845 --- [agilityhub-core-api] [pool-9-thread-1] c.a.core.shared.api.HealthController     : Health DOWN: the database did not answer a ping within 1000 ms traceId=346a7693-8ab7-47f5-aeea-fcdcb2bda1a1
2026-09-30T12:50:03.384+02:00  INFO 97845 --- [agilityhub-core-api] [localhost:56646] org.mongodb.driver.cluster               : Exception in monitor thread while connecting to server localhost:56646

com.mongodb.MongoSocketReadException: Prematurely reached end of stream
	at com.mongodb.internal.connection.SocketStream.read(SocketStream.java:184) ~[mongodb-driver-core-5.5.2.jar:na]
	at com.mongodb.internal.connection.InternalStreamConnection.receiveResponseBuffers(InternalStreamConnection.java:824) ~[mongodb-driver-core-5.5.2.jar:na]
	at com.mongodb.internal.connection.InternalStreamConnection.receiveCommandMessageResponse(InternalStreamConnection.java:517) ~[mongodb-driver-core-5.5.2.jar:na]
	at com.mongodb.internal.connection.InternalStreamConnection.receive(InternalStreamConnection.java:469) ~[mongodb-driver-core-5.5.2.jar:na]
	at com.mongodb.internal.connection.DefaultServerMonitor$ServerMonitor.lookupServerDescription(DefaultServerMonitor.java:249) ~[mongodb-driver-core-5.5.2.jar:na]
	at com.mongodb.internal.connection.DefaultServerMonitor$ServerMonitor.run(DefaultServerMonitor.java:176) ~[mongodb-driver-core-5.5.2.jar:na]

2026-09-30T12:50:03.387+02:00  INFO 97845 --- [agilityhub-core-api] [localhost:56646] org.mongodb.driver.cluster               : Exception in monitor thread while connecting to server localhost:56646

com.mongodb.MongoSocketReadException: Exception receiving message
	at com.mongodb.internal.connection.InternalStreamConnection.translateReadException(InternalStreamConnection.java:809) ~[mongodb-driver-core-5.5.2.jar:na]
	at com.mongodb.internal.connection.InternalStreamConnection.receiveResponseBuffers(InternalStreamConnection.java:857) ~[mongodb-driver-core-5.5.2.jar:na]
	at com.mongodb.internal.connection.InternalStreamConnection.receiveCommandMessageResponse(InternalStreamConnection.java:517) ~[mongodb-driver-core-5.5.2.jar:na]
	at com.mongodb.internal.connection.InternalStreamConnection.sendAndReceiveInternal(InternalStreamConnection.java:448) ~[mongodb-driver-core-5.5.2.jar:na]
	at com.mongodb.internal.connection.InternalStreamConnection.lambda$sendAndReceive$0(InternalStreamConnection.java:375) ~[mongodb-driver-core-5.5.2.jar:na]
	at com.mongodb.internal.connection.InternalStreamConnection.sendAndReceive(InternalStreamConnection.java:378) ~[mongodb-driver-core-5.5.2.jar:na]
	at com.mongodb.internal.connection.CommandHelper.sendAndReceive(CommandHelper.java:100) ~[mongodb-driver-core-5.5.2.jar:na]
	at com.mongodb.internal.connection.CommandHelper.executeCommand(CommandHelper.java:49) ~[mongodb-driver-core-5.5.2.jar:na]
	at com.mongodb.internal.connection.InternalStreamConnectionInitializer.initializeConnectionDescription(InternalStreamConnectionInitializer.java:144) ~[mongodb-driver-core-5.5.2.jar:na]
	at com.mongodb.internal.connection.InternalStreamConnectionInitializer.startHandshake(InternalStreamConnectionInitializer.java:79) ~[mongodb-driver-core-5.5.2.jar:na]
	at com.mongodb.internal.connection.InternalStreamConnection.open(InternalStreamConnection.java:235) ~[mongodb-driver-core-5.5.2.jar:na]
	at com.mongodb.internal.connection.DefaultServerMonitor$ServerMonitor.lookupServerDescription(DefaultServerMonitor.java:219) ~[mongodb-driver-core-5.5.2.jar:na]
	at com.mongodb.internal.connection.DefaultServerMonitor$ServerMonitor.run(DefaultServerMonitor.java:176) ~[mongodb-driver-core-5.5.2.jar:na]
Caused by: java.net.SocketException: Connection reset
	at java.base/sun.nio.ch.NioSocketImpl.implRead(NioSocketImpl.java:318) ~[na:na]
	at java.base/sun.nio.ch.NioSocketImpl.read(NioSocketImpl.java:346) ~[na:na]
	at java.base/sun.nio.ch.NioSocketImpl$1.read(NioSocketImpl.java:796) ~[na:na]
	at java.base/java.net.Socket$SocketInputStream.read(Socket.java:1099) ~[na:na]
	at com.mongodb.internal.connection.SocketStream.read(SocketStream.java:182) ~[mongodb-driver-core-5.5.2.jar:na]
	at com.mongodb.internal.connection.InternalStreamConnection.receiveResponseBuffers(InternalStreamConnection.java:824) ~[mongodb-driver-core-5.5.2.jar:na]
	... 11 common frames omitted

2026-09-30T12:50:03.710+02:00  INFO 97845 --- [agilityhub-core-api] [           main] t.c.s.AnnotationConfigContextLoaderUtils : Could not detect default configuration classes for test class [com.agilityhub.core.shared.api.IdempotentReplayContractIT]: IdempotentReplayContractIT does not declare any static, non-private, non-final, nested classes annotated with @Configuration.
2026-09-30T12:50:03.713+02:00  INFO 97845 --- [agilityhub-core-api] [           main] .b.t.c.SpringBootTestContextBootstrapper : Found @SpringBootConfiguration com.agilityhub.core.CoreApplication for test class com.agilityhub.core.shared.api.IdempotentReplayContractIT
E62 handler methods behind the replay aspect: 298, missing 0
E46 operations with a required Idempotency-Key in the snapshot: [DELETE /api/v1/attachments/{id}, DELETE /api/v1/tasks/{id}, POST /api/v1/activities/{id}/cancellation, POST /api/v1/activities/{id}/publication, POST /api/v1/activity-registrations, POST /api/v1/bookings, POST /api/v1/checkout-sessions, POST /api/v1/class-sessions/{id}/cancellation, POST /api/v1/followup/read-all, POST /api/v1/followup/{id}/read, POST /api/v1/me/dogs/signup, POST /api/v1/message-templates/{id}/send, POST /api/v1/ring-blocks, POST /api/v1/signup, POST /api/v1/tasks, POST /api/v1/training-bookings, POST /api/v1/waitlist-entries/{id}/claim, POST /api/v1/weeks/{id}/generation, PUT /api/v1/class-sessions/{id}/attendance, PUT /api/v1/dogs/{id}/observations]
