Counterfactual command: ./mvnw -q -Dtest=NoTests -Dsurefire.failIfNoSpecifiedTests=false -Dit.test=PlayoffMigrationIT#*round2*,TenantWriteTrackingIT test-compile failsafe:integration-test failsafe:verify
18:32:13.422 [main] INFO org.springframework.test.context.support.AnnotationConfigContextLoaderUtils -- Could not detect default configuration classes for test class [com.agilityhub.core.shared.persistence.TenantWriteTrackingIT]: TenantWriteTrackingIT does not declare any static, non-private, non-final, nested classes annotated with @Configuration.
18:32:13.587 [main] INFO org.springframework.boot.test.context.SpringBootTestContextBootstrapper -- Found @SpringBootConfiguration com.agilityhub.core.CoreApplication for test class com.agilityhub.core.shared.persistence.TenantWriteTrackingIT
18:32:13.714 [main] INFO org.testcontainers.images.PullPolicy -- Image pull policy will be performed by: DefaultPullPolicy()
18:32:13.716 [main] INFO org.testcontainers.utility.ImageNameSubstitutor -- Image name substitution will be performed by: DefaultImageNameSubstitutor (composite of 'ConfigurationFileImageNameSubstitutor' and 'PrefixingImageNameSubstitutor')
18:32:13.723 [main] INFO org.testcontainers.DockerClientFactory -- Testcontainers version: 1.21.4
18:32:13.993 [main] INFO org.testcontainers.dockerclient.DockerClientProviderStrategy -- Loaded org.testcontainers.dockerclient.UnixSocketClientProviderStrategy from ~/.testcontainers.properties, will try it first
18:32:14.315 [main] INFO org.testcontainers.dockerclient.DockerClientProviderStrategy -- Found Docker environment with local Unix socket (unix:///var/run/docker.sock)
18:32:14.316 [main] INFO org.testcontainers.DockerClientFactory -- Docker host IP address is localhost
18:32:14.332 [main] INFO org.testcontainers.DockerClientFactory -- Connected to docker:
  Server Version: 29.8.2
  API Version: 1.56
  Operating System: Docker Desktop
  Total Memory: 7931 MB
  Labels:
    com.docker.desktop.address=unix:///Users/jordib/Library/Containers/com.docker.docker/Data/docker-cli.sock
18:32:14.686 [main] INFO tc.testcontainers/ryuk:0.12.0 -- Creating container for image: testcontainers/ryuk:0.12.0
18:32:14.778 [main] INFO org.testcontainers.utility.RegistryAuthLocator -- Credential helper/store (docker-credential-desktop) does not have credentials for https://index.docker.io/v1/
18:32:15.032 [main] INFO tc.testcontainers/ryuk:0.12.0 -- Container testcontainers/ryuk:0.12.0 is starting: aa9144cc...[truncated]
18:32:15.318 [main] INFO tc.testcontainers/ryuk:0.12.0 -- Container testcontainers/ryuk:0.12.0 started in PT0.632324S
18:32:15.325 [main] INFO org.testcontainers.utility.RyukResourceReaper -- Ryuk started - will monitor and terminate Testcontainers containers on JVM exit
18:32:15.325 [main] INFO org.testcontainers.DockerClientFactory -- Checking the system...
18:32:15.326 [main] INFO org.testcontainers.DockerClientFactory -- ✔︎ Docker server version should be at least 1.6.0
18:32:15.326 [main] INFO tc.mongo:7 -- Creating container for image: mongo:7
18:32:15.381 [main] INFO tc.mongo:7 -- Container mongo:7 is starting: d6bf5df0...[truncated]
18:32:16.092 [main] INFO tc.mongo:7 -- Container mongo:7 started in PT0.765794S
Integration JVM availableProcessors=18

  .   ____          _            __ _ _
 /\\ / ___'_ __ _ _(_)_ __  __ _ \ \ \ \
( ( )\___ | '_ | '_| | '_ \/ _` | \ \ \ \
 \\/  ___)| |_)| | | | | || (_| |  ) ) ) )
  '  |____| .__|_| |_|_| |_\__, | / / / /
 =========|_|==============|___/=/_/_/_/

 :: Spring Boot ::               (v3.5.16)

2026-10-08T18:32:17.232+02:00 INFO  [main] c.a.c.s.p.TenantWriteTrackingIT traceId= clubId= accountId= : Starting TenantWriteTrackingIT using Java [redacted] with PID 70360 (started by jordib in /Users/jordib/dev/agilityhub/agilityhub-core-api)
2026-10-08T18:32:17.234+02:00 INFO  [main] c.a.c.s.p.TenantWriteTrackingIT traceId= clubId= accountId= : The following 1 profile is active: "test"
2026-10-08T18:32:19.073+02:00 INFO  [main] o.s.d.r.c.RepositoryConfigurationDelegate traceId= clubId= accountId= : Bootstrapping Spring Data MongoDB repositories in DEFAULT mode.
2026-10-08T18:32:19.146+02:00 INFO  [main] o.s.d.r.c.RepositoryConfigurationDelegate traceId= clubId= accountId= : Finished Spring Data repository scanning in 67 ms. Found 0 MongoDB repository interfaces.
2026-10-08T18:32:19.762+02:00 INFO  [main] org.mongodb.driver.client traceId= clubId= accountId= : MongoClient with metadata {"driver": {"name": "mongo-java-driver|sync|spring-boot", "version": "5.5.2"}, "os": {"type": "Darwin", "name": "Mac OS X", "architecture": "aarch64", "version": "26.4.1"}, "platform": "Java/Homebrew/[redacted]"} created with settings MongoClientSettings{readPreference=primary, writeConcern=WriteConcern{w=null, wTimeout=null ms, journal=null}, retryWrites=true, retryReads=true, readConcern=ReadConcern{level=null}, credential=null, transportSettings=null, commandListeners=[io.micrometer.core.instrument.binder.mongodb.MongoMetricsCommandListener@5eba1893], codecRegistry=ProvidersCodecRegistry{codecProviders=[ValueCodecProvider{}, BsonValueCodecProvider{}, DBRefCodecProvider{}, DBObjectCodecProvider{}, DocumentCodecProvider{}, CollectionCodecProvider{}, IterableCodecProvider{}, MapCodecProvider{}, GeoJsonCodecProvider{}, GridFSFileCodecProvider{}, Jsr310CodecProvider{}, JsonObjectCodecProvider{}, BsonCodecProvider{}, EnumCodecProvider{}, com.mongodb.client.model.mql.ExpressionCodecProvider@7dee7f7b, com.mongodb.Jep395RecordCodecProvider@72cbd1c5, com.mongodb.KotlinCodecProvider@140baf33]}, loggerSettings=LoggerSettings{maxDocumentLength=1000}, clusterSettings={hosts=[localhost:65346], srvServiceName=mongodb, mode=SINGLE, requiredClusterType=UNKNOWN, requiredReplicaSetName='null', serverSelector='null', clusterListeners='[]', serverSelectionTimeout='2000 ms', localThreshold='15 ms'}, socketSettings=SocketSettings{connectTimeoutMS=2000, readTimeoutMS=0, receiveBufferSize=0, proxySettings=ProxySettings{host=null, port=null, username=null, [redacted], heartbeatSocketSettings=SocketSettings{connectTimeoutMS=2000, readTimeoutMS=2000, receiveBufferSize=0, proxySettings=ProxySettings{host=null, port=null, username=null, [redacted], connectionPoolSettings=ConnectionPoolSettings{maxSize=100, minSize=0, maxWaitTimeMS=2000, maxConnectionLifeTimeMS=0, maxConnectionIdleTimeMS=0, maintenanceInitialDelayMS=0, maintenanceFrequencyMS=60000, connectionPoolListeners=[io.micrometer.core.instrument.binder.mongodb.MongoMetricsConnectionPoolListener@1a7b43a1], maxConnecting=2}, serverSettings=ServerSettings{heartbeatFrequencyMS=10000, minHeartbeatFrequencyMS=500, serverMonitoringMode=AUTO, serverListeners='[]', serverMonitorListeners='[]'}, sslSettings=SslSettings{enabled=false, invalidHostNameAllowed=false, context=null}, applicationName='null', compressorList=[], uuidRepresentation=JAVA_LEGACY, serverApi=null, autoEncryptionSettings=null, dnsClient=null, inetAddressResolver=null, contextProvider=null, timeoutMS=null}
2026-10-08T18:32:19.769+02:00 INFO  [cluster-ClusterId{value='6ac7c5933f4878221ba4bc1a', description='null'}-localhost:65346] org.mongodb.driver.cluster traceId= clubId= accountId= : Monitor thread successfully connected to server with description ServerDescription{address=localhost:65346, type=REPLICA_SET_PRIMARY, cryptd=false, state=CONNECTED, ok=true, minWireVersion=0, maxWireVersion=21, maxDocumentSize=16777216, logicalSessionTimeoutMinutes=30, roundTripTimeNanos=14062542, minRoundTripTimeNanos=0, setName='docker-rs', canonicalAddress=d6bf5df0cf2c:27017, hosts=[d6bf5df0cf2c:27017], passives=[], arbiters=[], primary='d6bf5df0cf2c:27017', tagSet=TagSet{[]}, electionId=7fffffff0000000000000001, setVersion=1, topologyVersion=TopologyVersion{processId=6ac7c58fa3b1b708e77eadf2, counter=6}, lastWriteDate=Thu Oct 08 18:32:16 CEST 2026, lastUpdateTimeNanos=[redacted]}
2026-10-08T18:32:24.358+02:00 INFO  [main] c.a.c.s.p.TenantWriteTrackingIT traceId= clubId= accountId= : Started TenantWriteTrackingIT in 7.458 seconds (process running for 11.708)
Mockito is currently self-attaching to enable the inline-mock-maker. This will no longer work in future releases of the JDK. Please add Mockito as an agent to your build as described in Mockito's documentation: https://javadoc.io/doc/org.mockito/mockito-core/latest/org.mockito/org/mockito/Mockito.html#0.3
OpenJDK 64-Bit Server VM warning: Sharing is only supported for boot loader classes because bootstrap classpath has been appended
WARNING: A Java agent has been loaded dynamically (/Users/jordib/.m2/repository/net/bytebuddy/byte-buddy-agent/1.17.8/byte-buddy-agent-1.17.8.jar)
WARNING: If a serviceability tool is in use, please run with -XX:+EnableDynamicAgentLoading to hide this warning
WARNING: If a serviceability tool is not in use, please run with -Djdk.instrument.traceUsage for more information
WARNING: Dynamic loading of agents will be disallowed by default in a future release
[ERROR] Tests run: 19, Failures: 0, Errors: 19, Skipped: 0, Time elapsed: 12.33 s <<< FAILURE! -- in com.agilityhub.core.shared.persistence.TenantWriteTrackingIT
[ERROR] com.agilityhub.core.shared.persistence.TenantWriteTrackingIT.T_18_16_round2_point1_nestedIndependentWritesCommitAndBlockResetThroughout -- Time elapsed: 0.504 s <<< ERROR!
org.springframework.data.mapping.model.MappingInstantiationException: Failed to instantiate com.agilityhub.core.shared.persistence.TenantWriteCounterRepository$Counter using constructor public com.agilityhub.core.shared.persistence.TenantWriteCounterRepository$Counter(java.lang.String,java.lang.String,long,long,long) with arguments write-fence-test,write-fence-test,0,1,null
	at org.springframework.data.mapping.model.ClassGeneratingEntityInstantiator$EntityInstantiatorAdapter.createInstance(ClassGeneratingEntityInstantiator.java:278)
	at org.springframework.data.mapping.model.ClassGeneratingEntityInstantiator.createInstance(ClassGeneratingEntityInstantiator.java:98)
	at org.springframework.data.mongodb.core.convert.MappingMongoConverter.read(MappingMongoConverter.java:570)
	at org.springframework.data.mongodb.core.convert.MappingMongoConverter.readDocument(MappingMongoConverter.java:522)
	at org.springframework.data.mongodb.core.convert.MappingMongoConverter.read(MappingMongoConverter.java:458)
	at org.springframework.data.mongodb.core.convert.MappingMongoConverter.read(MappingMongoConverter.java:454)
	at org.springframework.data.mongodb.core.convert.MappingMongoConverter.read(MappingMongoConverter.java:126)
	at org.springframework.data.mongodb.core.MongoTemplate$ReadDocumentCallback.doWith(MongoTemplate.java:3322)
	at org.springframework.data.mongodb.core.MongoTemplate.executeFindOneInternal(MongoTemplate.java:2913)
	at org.springframework.data.mongodb.core.MongoTemplate.doFindAndModify(MongoTemplate.java:2770)
	at org.springframework.data.mongodb.core.MongoTemplate.findAndModify(MongoTemplate.java:1120)
	at org.springframework.data.mongodb.core.MongoTemplate.findAndModify(MongoTemplate.java:1095)
	at com.agilityhub.core.shared.persistence.TenantWriteCounterRepository.lock(TenantWriteCounterRepository.java:45)
	at java.base/jdk.internal.reflect.DirectMethodHandleAccessor.invoke(DirectMethodHandleAccessor.java:103)
	at java.base/java.lang.reflect.Method.invoke(Method.java:580)
	at org.springframework.aop.support.AopUtils.invokeJoinpointUsingReflection(AopUtils.java:360)
	at org.springframework.aop.framework.ReflectiveMethodInvocation.invokeJoinpoint(ReflectiveMethodInvocation.java:196)
	at org.springframework.aop.framework.ReflectiveMethodInvocation.proceed(ReflectiveMethodInvocation.java:163)
	at org.springframework.dao.support.PersistenceExceptionTranslationInterceptor.invoke(PersistenceExceptionTranslationInterceptor.java:138)
	at org.springframework.aop.framework.ReflectiveMethodInvocation.proceed(ReflectiveMethodInvocation.java:184)
	at org.springframework.aop.framework.CglibAopProxy$DynamicAdvisedInterceptor.intercept(CglibAopProxy.java:728)
	at com.agilityhub.core.shared.persistence.TenantWriteCounterRepository$$SpringCGLIB$$0.lock(<generated>)
	at com.agilityhub.core.shared.application.TenantWriteFence.lock(TenantWriteFence.java:48)
	at com.agilityhub.core.migration.persistence.MigrationResetRepository.checkpoint(MigrationResetRepository.java:24)
	at java.base/jdk.internal.reflect.DirectMethodHandleAccessor.invoke(DirectMethodHandleAccessor.java:103)
	at java.base/java.lang.reflect.Method.invoke(Method.java:580)
	at org.springframework.aop.support.AopUtils.invokeJoinpointUsingReflection(AopUtils.java:360)
	at org.springframework.aop.framework.ReflectiveMethodInvocation.invokeJoinpoint(ReflectiveMethodInvocation.java:196)
	at org.springframework.aop.framework.ReflectiveMethodInvocation.proceed(ReflectiveMethodInvocation.java:163)
	at org.springframework.dao.support.PersistenceExceptionTranslationInterceptor.invoke(PersistenceExceptionTranslationInterceptor.java:138)
	at org.springframework.aop.framework.ReflectiveMethodInvocation.proceed(ReflectiveMethodInvocation.java:184)
	at org.springframework.aop.framework.CglibAopProxy$DynamicAdvisedInterceptor.intercept(CglibAopProxy.java:728)
	at com.agilityhub.core.migration.persistence.MigrationResetRepository$$SpringCGLIB$$0.checkpoint(<generated>)
	at com.agilityhub.core.shared.persistence.TenantWriteTrackingIT.lambda$checkpoint$0(TenantWriteTrackingIT.java:37)
	at org.springframework.transaction.support.TransactionOperations.lambda$executeWithoutResult$0(TransactionOperations.java:68)
	at org.springframework.transaction.support.TransactionTemplate.execute(TransactionTemplate.java:140)
	at org.springframework.transaction.support.TransactionOperations.executeWithoutResult(TransactionOperations.java:67)
	at com.agilityhub.core.shared.persistence.TenantWriteTrackingIT.checkpoint(TenantWriteTrackingIT.java:37)
	at com.agilityhub.core.shared.persistence.TenantWriteTrackingIT.prepare(TenantWriteTrackingIT.java:32)
	at java.base/java.lang.reflect.Method.invoke(Method.java:580)
	at java.base/java.util.ArrayList.forEach(ArrayList.java:1596)
	at java.base/java.util.ArrayList.forEach(ArrayList.java:1596)
Caused by: java.lang.IllegalArgumentException: Parameter activeWriters must not be null
	at org.springframework.util.Assert.notNull(Assert.java:181)
	at com.agilityhub.core.shared.persistence.TenantWriteCounterRepository$Counter_Instantiator_ulp106.newInstance(Unknown Source)
	at org.springframework.data.mapping.model.ClassGeneratingEntityInstantiator$EntityInstantiatorAdapter.createInstance(ClassGeneratingEntityInstantiator.java:276)
	... 41 more

[ERROR] com.agilityhub.core.shared.persistence.TenantWriteTrackingIT.T_18_16_round2_point1_rollbackNoOpAndOtherTenantPermitReset -- Time elapsed: 0.028 s <<< ERROR!
org.springframework.data.mapping.model.MappingInstantiationException: Failed to instantiate com.agilityhub.core.shared.persistence.TenantWriteCounterRepository$Counter using constructor public com.agilityhub.core.shared.persistence.TenantWriteCounterRepository$Counter(java.lang.String,java.lang.String,long,long,long) with arguments write-fence-test,write-fence-test,0,1,null
	at org.springframework.data.mapping.model.ClassGeneratingEntityInstantiator$EntityInstantiatorAdapter.createInstance(ClassGeneratingEntityInstantiator.java:278)
	at org.springframework.data.mapping.model.ClassGeneratingEntityInstantiator.createInstance(ClassGeneratingEntityInstantiator.java:98)
	at org.springframework.data.mongodb.core.convert.MappingMongoConverter.read(MappingMongoConverter.java:570)
	at org.springframework.data.mongodb.core.convert.MappingMongoConverter.readDocument(MappingMongoConverter.java:522)
	at org.springframework.data.mongodb.core.convert.MappingMongoConverter.read(MappingMongoConverter.java:458)
	at org.springframework.data.mongodb.core.convert.MappingMongoConverter.read(MappingMongoConverter.java:454)
	at org.springframework.data.mongodb.core.convert.MappingMongoConverter.read(MappingMongoConverter.java:126)
	at org.springframework.data.mongodb.core.MongoTemplate$ReadDocumentCallback.doWith(MongoTemplate.java:3322)
	at org.springframework.data.mongodb.core.MongoTemplate.executeFindOneInternal(MongoTemplate.java:2913)
	at org.springframework.data.mongodb.core.MongoTemplate.doFindAndModify(MongoTemplate.java:2770)
	at org.springframework.data.mongodb.core.MongoTemplate.findAndModify(MongoTemplate.java:1120)
	at org.springframework.data.mongodb.core.MongoTemplate.findAndModify(MongoTemplate.java:1095)
	at com.agilityhub.core.shared.persistence.TenantWriteCounterRepository.lock(TenantWriteCounterRepository.java:45)
	at java.base/jdk.internal.reflect.DirectMethodHandleAccessor.invoke(DirectMethodHandleAccessor.java:103)
	at java.base/java.lang.reflect.Method.invoke(Method.java:580)
	at org.springframework.aop.support.AopUtils.invokeJoinpointUsingReflection(AopUtils.java:360)
	at org.springframework.aop.framework.ReflectiveMethodInvocation.invokeJoinpoint(ReflectiveMethodInvocation.java:196)
	at org.springframework.aop.framework.ReflectiveMethodInvocation.proceed(ReflectiveMethodInvocation.java:163)
	at org.springframework.dao.support.PersistenceExceptionTranslationInterceptor.invoke(PersistenceExceptionTranslationInterceptor.java:138)
	at org.springframework.aop.framework.ReflectiveMethodInvocation.proceed(ReflectiveMethodInvocation.java:184)
	at org.springframework.aop.framework.CglibAopProxy$DynamicAdvisedInterceptor.intercept(CglibAopProxy.java:728)
	at com.agilityhub.core.shared.persistence.TenantWriteCounterRepository$$SpringCGLIB$$0.lock(<generated>)
	at com.agilityhub.core.shared.application.TenantWriteFence.lock(TenantWriteFence.java:48)
	at com.agilityhub.core.migration.persistence.MigrationResetRepository.checkpoint(MigrationResetRepository.java:24)
	at java.base/jdk.internal.reflect.DirectMethodHandleAccessor.invoke(DirectMethodHandleAccessor.java:103)
	at java.base/java.lang.reflect.Method.invoke(Method.java:580)
	at org.springframework.aop.support.AopUtils.invokeJoinpointUsingReflection(AopUtils.java:360)
	at org.springframework.aop.framework.ReflectiveMethodInvocation.invokeJoinpoint(ReflectiveMethodInvocation.java:196)
	at org.springframework.aop.framework.ReflectiveMethodInvocation.proceed(ReflectiveMethodInvocation.java:163)
	at org.springframework.dao.support.PersistenceExceptionTranslationInterceptor.invoke(PersistenceExceptionTranslationInterceptor.java:138)
	at org.springframework.aop.framework.ReflectiveMethodInvocation.proceed(ReflectiveMethodInvocation.java:184)
	at org.springframework.aop.framework.CglibAopProxy$DynamicAdvisedInterceptor.intercept(CglibAopProxy.java:728)
	at com.agilityhub.core.migration.persistence.MigrationResetRepository$$SpringCGLIB$$0.checkpoint(<generated>)
	at com.agilityhub.core.shared.persistence.TenantWriteTrackingIT.lambda$checkpoint$0(TenantWriteTrackingIT.java:37)
	at org.springframework.transaction.support.TransactionOperations.lambda$executeWithoutResult$0(TransactionOperations.java:68)
	at org.springframework.transaction.support.TransactionTemplate.execute(TransactionTemplate.java:140)
	at org.springframework.transaction.support.TransactionOperations.executeWithoutResult(TransactionOperations.java:67)
	at com.agilityhub.core.shared.persistence.TenantWriteTrackingIT.checkpoint(TenantWriteTrackingIT.java:37)
	at com.agilityhub.core.shared.persistence.TenantWriteTrackingIT.prepare(TenantWriteTrackingIT.java:32)
	at java.base/java.lang.reflect.Method.invoke(Method.java:580)
	at java.base/java.util.ArrayList.forEach(ArrayList.java:1596)
	at java.base/java.util.ArrayList.forEach(ArrayList.java:1596)
Caused by: java.lang.IllegalArgumentException: Parameter activeWriters must not be null
	at org.springframework.util.Assert.notNull(Assert.java:181)
	at com.agilityhub.core.shared.persistence.TenantWriteCounterRepository$Counter_Instantiator_ulp106.newInstance(Unknown Source)
	at org.springframework.data.mapping.model.ClassGeneratingEntityInstantiator$EntityInstantiatorAdapter.createInstance(ClassGeneratingEntityInstantiator.java:276)
	... 41 more

[ERROR] com.agilityhub.core.shared.persistence.TenantWriteTrackingIT.T_18_16_round2_point1_writerWithoutOuterTransactionRollsBackIfResetOwnsCounter -- Time elapsed: 0.024 s <<< ERROR!
org.springframework.data.mapping.model.MappingInstantiationException: Failed to instantiate com.agilityhub.core.shared.persistence.TenantWriteCounterRepository$Counter using constructor public com.agilityhub.core.shared.persistence.TenantWriteCounterRepository$Counter(java.lang.String,java.lang.String,long,long,long) with arguments write-fence-test,write-fence-test,0,1,null
	at org.springframework.data.mapping.model.ClassGeneratingEntityInstantiator$EntityInstantiatorAdapter.createInstance(ClassGeneratingEntityInstantiator.java:278)
	at org.springframework.data.mapping.model.ClassGeneratingEntityInstantiator.createInstance(ClassGeneratingEntityInstantiator.java:98)
	at org.springframework.data.mongodb.core.convert.MappingMongoConverter.read(MappingMongoConverter.java:570)
	at org.springframework.data.mongodb.core.convert.MappingMongoConverter.readDocument(MappingMongoConverter.java:522)
	at org.springframework.data.mongodb.core.convert.MappingMongoConverter.read(MappingMongoConverter.java:458)
	at org.springframework.data.mongodb.core.convert.MappingMongoConverter.read(MappingMongoConverter.java:454)
	at org.springframework.data.mongodb.core.convert.MappingMongoConverter.read(MappingMongoConverter.java:126)
	at org.springframework.data.mongodb.core.MongoTemplate$ReadDocumentCallback.doWith(MongoTemplate.java:3322)
	at org.springframework.data.mongodb.core.MongoTemplate.executeFindOneInternal(MongoTemplate.java:2913)
	at org.springframework.data.mongodb.core.MongoTemplate.doFindAndModify(MongoTemplate.java:2770)
	at org.springframework.data.mongodb.core.MongoTemplate.findAndModify(MongoTemplate.java:1120)
	at org.springframework.data.mongodb.core.MongoTemplate.findAndModify(MongoTemplate.java:1095)
	at com.agilityhub.core.shared.persistence.TenantWriteCounterRepository.lock(TenantWriteCounterRepository.java:45)
	at java.base/jdk.internal.reflect.DirectMethodHandleAccessor.invoke(DirectMethodHandleAccessor.java:103)
	at java.base/java.lang.reflect.Method.invoke(Method.java:580)
	at org.springframework.aop.support.AopUtils.invokeJoinpointUsingReflection(AopUtils.java:360)
	at org.springframework.aop.framework.ReflectiveMethodInvocation.invokeJoinpoint(ReflectiveMethodInvocation.java:196)
	at org.springframework.aop.framework.ReflectiveMethodInvocation.proceed(ReflectiveMethodInvocation.java:163)
	at org.springframework.dao.support.PersistenceExceptionTranslationInterceptor.invoke(PersistenceExceptionTranslationInterceptor.java:138)
	at org.springframework.aop.framework.ReflectiveMethodInvocation.proceed(ReflectiveMethodInvocation.java:184)
	at org.springframework.aop.framework.CglibAopProxy$DynamicAdvisedInterceptor.intercept(CglibAopProxy.java:728)
	at com.agilityhub.core.shared.persistence.TenantWriteCounterRepository$$SpringCGLIB$$0.lock(<generated>)
	at com.agilityhub.core.shared.application.TenantWriteFence.lock(TenantWriteFence.java:48)
	at com.agilityhub.core.migration.persistence.MigrationResetRepository.checkpoint(MigrationResetRepository.java:24)
	at java.base/jdk.internal.reflect.DirectMethodHandleAccessor.invoke(DirectMethodHandleAccessor.java:103)
	at java.base/java.lang.reflect.Method.invoke(Method.java:580)
	at org.springframework.aop.support.AopUtils.invokeJoinpointUsingReflection(AopUtils.java:360)
	at org.springframework.aop.framework.ReflectiveMethodInvocation.invokeJoinpoint(ReflectiveMethodInvocation.java:196)
	at org.springframework.aop.framework.ReflectiveMethodInvocation.proceed(ReflectiveMethodInvocation.java:163)
	at org.springframework.dao.support.PersistenceExceptionTranslationInterceptor.invoke(PersistenceExceptionTranslationInterceptor.java:138)
	at org.springframework.aop.framework.ReflectiveMethodInvocation.proceed(ReflectiveMethodInvocation.java:184)
	at org.springframework.aop.framework.CglibAopProxy$DynamicAdvisedInterceptor.intercept(CglibAopProxy.java:728)
	at com.agilityhub.core.migration.persistence.MigrationResetRepository$$SpringCGLIB$$0.checkpoint(<generated>)
	at com.agilityhub.core.shared.persistence.TenantWriteTrackingIT.lambda$checkpoint$0(TenantWriteTrackingIT.java:37)
	at org.springframework.transaction.support.TransactionOperations.lambda$executeWithoutResult$0(TransactionOperations.java:68)
	at org.springframework.transaction.support.TransactionTemplate.execute(TransactionTemplate.java:140)
	at org.springframework.transaction.support.TransactionOperations.executeWithoutResult(TransactionOperations.java:67)
	at com.agilityhub.core.shared.persistence.TenantWriteTrackingIT.checkpoint(TenantWriteTrackingIT.java:37)
	at com.agilityhub.core.shared.persistence.TenantWriteTrackingIT.prepare(TenantWriteTrackingIT.java:32)
	at java.base/java.lang.reflect.Method.invoke(Method.java:580)
	at java.base/java.util.ArrayList.forEach(ArrayList.java:1596)
	at java.base/java.util.ArrayList.forEach(ArrayList.java:1596)
Caused by: java.lang.IllegalArgumentException: Parameter activeWriters must not be null
	at org.springframework.util.Assert.notNull(Assert.java:181)
	at com.agilityhub.core.shared.persistence.TenantWriteCounterRepository$Counter_Instantiator_ulp106.newInstance(Unknown Source)
	at org.springframework.data.mapping.model.ClassGeneratingEntityInstantiator$EntityInstantiatorAdapter.createInstance(ClassGeneratingEntityInstantiator.java:276)
	... 41 more

[ERROR] com.agilityhub.core.shared.persistence.TenantWriteTrackingIT.T_18_16_round2_point1_everyMutationWithoutAuditOrOutboxRefusesReset(String)[1] -- Time elapsed: 0.027 s <<< ERROR!
org.springframework.data.mapping.model.MappingInstantiationException: Failed to instantiate com.agilityhub.core.shared.persistence.TenantWriteCounterRepository$Counter using constructor public com.agilityhub.core.shared.persistence.TenantWriteCounterRepository$Counter(java.lang.String,java.lang.String,long,long,long) with arguments write-fence-test,write-fence-test,0,1,null
	at org.springframework.data.mapping.model.ClassGeneratingEntityInstantiator$EntityInstantiatorAdapter.createInstance(ClassGeneratingEntityInstantiator.java:278)
	at org.springframework.data.mapping.model.ClassGeneratingEntityInstantiator.createInstance(ClassGeneratingEntityInstantiator.java:98)
	at org.springframework.data.mongodb.core.convert.MappingMongoConverter.read(MappingMongoConverter.java:570)
	at org.springframework.data.mongodb.core.convert.MappingMongoConverter.readDocument(MappingMongoConverter.java:522)
	at org.springframework.data.mongodb.core.convert.MappingMongoConverter.read(MappingMongoConverter.java:458)
	at org.springframework.data.mongodb.core.convert.MappingMongoConverter.read(MappingMongoConverter.java:454)
	at org.springframework.data.mongodb.core.convert.MappingMongoConverter.read(MappingMongoConverter.java:126)
	at org.springframework.data.mongodb.core.MongoTemplate$ReadDocumentCallback.doWith(MongoTemplate.java:3322)
	at org.springframework.data.mongodb.core.MongoTemplate.executeFindOneInternal(MongoTemplate.java:2913)
	at org.springframework.data.mongodb.core.MongoTemplate.doFindAndModify(MongoTemplate.java:2770)
	at org.springframework.data.mongodb.core.MongoTemplate.findAndModify(MongoTemplate.java:1120)
	at org.springframework.data.mongodb.core.MongoTemplate.findAndModify(MongoTemplate.java:1095)
	at com.agilityhub.core.shared.persistence.TenantWriteCounterRepository.lock(TenantWriteCounterRepository.java:45)
	at java.base/jdk.internal.reflect.DirectMethodHandleAccessor.invoke(DirectMethodHandleAccessor.java:103)
	at java.base/java.lang.reflect.Method.invoke(Method.java:580)
	at org.springframework.aop.support.AopUtils.invokeJoinpointUsingReflection(AopUtils.java:360)
	at org.springframework.aop.framework.ReflectiveMethodInvocation.invokeJoinpoint(ReflectiveMethodInvocation.java:196)
	at org.springframework.aop.framework.ReflectiveMethodInvocation.proceed(ReflectiveMethodInvocation.java:163)
	at org.springframework.dao.support.PersistenceExceptionTranslationInterceptor.invoke(PersistenceExceptionTranslationInterceptor.java:138)
	at org.springframework.aop.framework.ReflectiveMethodInvocation.proceed(ReflectiveMethodInvocation.java:184)
	at org.springframework.aop.framework.CglibAopProxy$DynamicAdvisedInterceptor.intercept(CglibAopProxy.java:728)
	at com.agilityhub.core.shared.persistence.TenantWriteCounterRepository$$SpringCGLIB$$0.lock(<generated>)
	at com.agilityhub.core.shared.application.TenantWriteFence.lock(TenantWriteFence.java:48)
	at com.agilityhub.core.migration.persistence.MigrationResetRepository.checkpoint(MigrationResetRepository.java:24)
	at java.base/jdk.internal.reflect.DirectMethodHandleAccessor.invoke(DirectMethodHandleAccessor.java:103)
	at java.base/java.lang.reflect.Method.invoke(Method.java:580)
	at org.springframework.aop.support.AopUtils.invokeJoinpointUsingReflection(AopUtils.java:360)
	at org.springframework.aop.framework.ReflectiveMethodInvocation.invokeJoinpoint(ReflectiveMethodInvocation.java:196)
	at org.springframework.aop.framework.ReflectiveMethodInvocation.proceed(ReflectiveMethodInvocation.java:163)
	at org.springframework.dao.support.PersistenceExceptionTranslationInterceptor.invoke(PersistenceExceptionTranslationInterceptor.java:138)
	at org.springframework.aop.framework.ReflectiveMethodInvocation.proceed(ReflectiveMethodInvocation.java:184)
	at org.springframework.aop.framework.CglibAopProxy$DynamicAdvisedInterceptor.intercept(CglibAopProxy.java:728)
	at com.agilityhub.core.migration.persistence.MigrationResetRepository$$SpringCGLIB$$0.checkpoint(<generated>)
	at com.agilityhub.core.shared.persistence.TenantWriteTrackingIT.lambda$checkpoint$0(TenantWriteTrackingIT.java:37)
	at org.springframework.transaction.support.TransactionOperations.lambda$executeWithoutResult$0(TransactionOperations.java:68)
	at org.springframework.transaction.support.TransactionTemplate.execute(TransactionTemplate.java:140)
	at org.springframework.transaction.support.TransactionOperations.executeWithoutResult(TransactionOperations.java:67)
	at com.agilityhub.core.shared.persistence.TenantWriteTrackingIT.checkpoint(TenantWriteTrackingIT.java:37)
	at com.agilityhub.core.shared.persistence.TenantWriteTrackingIT.prepare(TenantWriteTrackingIT.java:32)
	at java.base/java.lang.reflect.Method.invoke(Method.java:580)
	at java.base/java.util.Optional.ifPresent(Optional.java:178)
	at java.base/java.util.stream.ForEachOps$ForEachOp$OfRef.accept(ForEachOps.java:184)
	at java.base/java.util.stream.ReferencePipeline$3$1.accept(ReferencePipeline.java:197)
	at java.base/java.util.stream.ForEachOps$ForEachOp$OfRef.accept(ForEachOps.java:184)
	at java.base/java.util.stream.ForEachOps$ForEachOp$OfRef.accept(ForEachOps.java:184)
	at java.base/java.util.stream.ReferencePipeline$3$1.accept(ReferencePipeline.java:197)
	at java.base/java.util.Spliterators$ArraySpliterator.forEachRemaining(Spliterators.java:1024)
	at java.base/java.util.stream.AbstractPipeline.copyInto(AbstractPipeline.java:509)
	at java.base/java.util.stream.AbstractPipeline.wrapAndCopyInto(AbstractPipeline.java:499)
	at java.base/java.util.stream.ForEachOps$ForEachOp.evaluateSequential(ForEachOps.java:151)
	at java.base/java.util.stream.ForEachOps$ForEachOp$OfRef.evaluateSequential(ForEachOps.java:174)
	at java.base/java.util.stream.AbstractPipeline.evaluate(AbstractPipeline.java:234)
	at java.base/java.util.stream.ReferencePipeline.forEach(ReferencePipeline.java:596)
	at java.base/java.util.stream.ReferencePipeline$7$1.accept(ReferencePipeline.java:276)
	at java.base/java.util.ArrayList$ArrayListSpliterator.forEachRemaining(ArrayList.java:1708)
	at java.base/java.util.stream.AbstractPipeline.copyInto(AbstractPipeline.java:509)
	at java.base/java.util.stream.AbstractPipeline.wrapAndCopyInto(AbstractPipeline.java:499)
	at java.base/java.util.stream.ForEachOps$ForEachOp.evaluateSequential(ForEachOps.java:151)
	at java.base/java.util.stream.ForEachOps$ForEachOp$OfRef.evaluateSequential(ForEachOps.java:174)
	at java.base/java.util.stream.AbstractPipeline.evaluate(AbstractPipeline.java:234)
	at java.base/java.util.stream.ReferencePipeline.forEach(ReferencePipeline.java:596)
	at java.base/java.util.stream.ReferencePipeline$7$1.accept(ReferencePipeline.java:276)
	at java.base/java.util.stream.ReferencePipeline$3$1.accept(ReferencePipeline.java:197)
	at java.base/java.util.stream.ReferencePipeline$3$1.accept(ReferencePipeline.java:197)
	at java.base/java.util.stream.ReferencePipeline$3$1.accept(ReferencePipeline.java:197)
	at java.base/java.util.ArrayList$ArrayListSpliterator.forEachRemaining(ArrayList.java:1708)
	at java.base/java.util.stream.AbstractPipeline.copyInto(AbstractPipeline.java:509)
	at java.base/java.util.stream.AbstractPipeline.wrapAndCopyInto(AbstractPipeline.java:499)
	at java.base/java.util.stream.ForEachOps$ForEachOp.evaluateSequential(ForEachOps.java:151)
	at java.base/java.util.stream.ForEachOps$ForEachOp$OfRef.evaluateSequential(ForEachOps.java:174)
	at java.base/java.util.stream.AbstractPipeline.evaluate(AbstractPipeline.java:234)
	at java.base/java.util.stream.ReferencePipeline.forEach(ReferencePipeline.java:596)
	at java.base/java.util.ArrayList.forEach(ArrayList.java:1596)
	at java.base/java.util.ArrayList.forEach(ArrayList.java:1596)
Caused by: java.lang.IllegalArgumentException: Parameter activeWriters must not be null
	at org.springframework.util.Assert.notNull(Assert.java:181)
	at com.agilityhub.core.shared.persistence.TenantWriteCounterRepository$Counter_Instantiator_ulp106.newInstance(Unknown Source)
	at org.springframework.data.mapping.model.ClassGeneratingEntityInstantiator$EntityInstantiatorAdapter.createInstance(ClassGeneratingEntityInstantiator.java:276)
	... 73 more

[ERROR] com.agilityhub.core.shared.persistence.TenantWriteTrackingIT.T_18_16_round2_point1_everyMutationWithoutAuditOrOutboxRefusesReset(String)[2] -- Time elapsed: 0.020 s <<< ERROR!
org.springframework.data.mapping.model.MappingInstantiationException: Failed to instantiate com.agilityhub.core.shared.persistence.TenantWriteCounterRepository$Counter using constructor public com.agilityhub.core.shared.persistence.TenantWriteCounterRepository$Counter(java.lang.String,java.lang.String,long,long,long) with arguments write-fence-test,write-fence-test,0,1,null
	at org.springframework.data.mapping.model.ClassGeneratingEntityInstantiator$EntityInstantiatorAdapter.createInstance(ClassGeneratingEntityInstantiator.java:278)
	at org.springframework.data.mapping.model.ClassGeneratingEntityInstantiator.createInstance(ClassGeneratingEntityInstantiator.java:98)
	at org.springframework.data.mongodb.core.convert.MappingMongoConverter.read(MappingMongoConverter.java:570)
	at org.springframework.data.mongodb.core.convert.MappingMongoConverter.readDocument(MappingMongoConverter.java:522)
	at org.springframework.data.mongodb.core.convert.MappingMongoConverter.read(MappingMongoConverter.java:458)
	at org.springframework.data.mongodb.core.convert.MappingMongoConverter.read(MappingMongoConverter.java:454)
	at org.springframework.data.mongodb.core.convert.MappingMongoConverter.read(MappingMongoConverter.java:126)
	at org.springframework.data.mongodb.core.MongoTemplate$ReadDocumentCallback.doWith(MongoTemplate.java:3322)
	at org.springframework.data.mongodb.core.MongoTemplate.executeFindOneInternal(MongoTemplate.java:2913)
	at org.springframework.data.mongodb.core.MongoTemplate.doFindAndModify(MongoTemplate.java:2770)
	at org.springframework.data.mongodb.core.MongoTemplate.findAndModify(MongoTemplate.java:1120)
	at org.springframework.data.mongodb.core.MongoTemplate.findAndModify(MongoTemplate.java:1095)
	at com.agilityhub.core.shared.persistence.TenantWriteCounterRepository.lock(TenantWriteCounterRepository.java:45)
	at java.base/jdk.internal.reflect.DirectMethodHandleAccessor.invoke(DirectMethodHandleAccessor.java:103)
	at java.base/java.lang.reflect.Method.invoke(Method.java:580)
	at org.springframework.aop.support.AopUtils.invokeJoinpointUsingReflection(AopUtils.java:360)
	at org.springframework.aop.framework.ReflectiveMethodInvocation.invokeJoinpoint(ReflectiveMethodInvocation.java:196)
	at org.springframework.aop.framework.ReflectiveMethodInvocation.proceed(ReflectiveMethodInvocation.java:163)
	at org.springframework.dao.support.PersistenceExceptionTranslationInterceptor.invoke(PersistenceExceptionTranslationInterceptor.java:138)
	at org.springframework.aop.framework.ReflectiveMethodInvocation.proceed(ReflectiveMethodInvocation.java:184)
	at org.springframework.aop.framework.CglibAopProxy$DynamicAdvisedInterceptor.intercept(CglibAopProxy.java:728)
	at com.agilityhub.core.shared.persistence.TenantWriteCounterRepository$$SpringCGLIB$$0.lock(<generated>)
	at com.agilityhub.core.shared.application.TenantWriteFence.lock(TenantWriteFence.java:48)
	at com.agilityhub.core.migration.persistence.MigrationResetRepository.checkpoint(MigrationResetRepository.java:24)
	at java.base/jdk.internal.reflect.DirectMethodHandleAccessor.invoke(DirectMethodHandleAccessor.java:103)
	at java.base/java.lang.reflect.Method.invoke(Method.java:580)
	at org.springframework.aop.support.AopUtils.invokeJoinpointUsingReflection(AopUtils.java:360)
	at org.springframework.aop.framework.ReflectiveMethodInvocation.invokeJoinpoint(ReflectiveMethodInvocation.java:196)
	at org.springframework.aop.framework.ReflectiveMethodInvocation.proceed(ReflectiveMethodInvocation.java:163)
	at org.springframework.dao.support.PersistenceExceptionTranslationInterceptor.invoke(PersistenceExceptionTranslationInterceptor.java:138)
	at org.springframework.aop.framework.ReflectiveMethodInvocation.proceed(ReflectiveMethodInvocation.java:184)
	at org.springframework.aop.framework.CglibAopProxy$DynamicAdvisedInterceptor.intercept(CglibAopProxy.java:728)
	at com.agilityhub.core.migration.persistence.MigrationResetRepository$$SpringCGLIB$$0.checkpoint(<generated>)
	at com.agilityhub.core.shared.persistence.TenantWriteTrackingIT.lambda$checkpoint$0(TenantWriteTrackingIT.java:37)
	at org.springframework.transaction.support.TransactionOperations.lambda$executeWithoutResult$0(TransactionOperations.java:68)
	at org.springframework.transaction.support.TransactionTemplate.execute(TransactionTemplate.java:140)
	at org.springframework.transaction.support.TransactionOperations.executeWithoutResult(TransactionOperations.java:67)
	at com.agilityhub.core.shared.persistence.TenantWriteTrackingIT.checkpoint(TenantWriteTrackingIT.java:37)
	at com.agilityhub.core.shared.persistence.TenantWriteTrackingIT.prepare(TenantWriteTrackingIT.java:32)
	at java.base/java.lang.reflect.Method.invoke(Method.java:580)
	at java.base/java.util.Optional.ifPresent(Optional.java:178)
	at java.base/java.util.stream.ForEachOps$ForEachOp$OfRef.accept(ForEachOps.java:184)
	at java.base/java.util.stream.ReferencePipeline$3$1.accept(ReferencePipeline.java:197)
	at java.base/java.util.stream.ForEachOps$ForEachOp$OfRef.accept(ForEachOps.java:184)
	at java.base/java.util.stream.ForEachOps$ForEachOp$OfRef.accept(ForEachOps.java:184)
	at java.base/java.util.stream.ReferencePipeline$3$1.accept(ReferencePipeline.java:197)
	at java.base/java.util.Spliterators$ArraySpliterator.forEachRemaining(Spliterators.java:1024)
	at java.base/java.util.stream.AbstractPipeline.copyInto(AbstractPipeline.java:509)
	at java.base/java.util.stream.AbstractPipeline.wrapAndCopyInto(AbstractPipeline.java:499)
	at java.base/java.util.stream.ForEachOps$ForEachOp.evaluateSequential(ForEachOps.java:151)
	at java.base/java.util.stream.ForEachOps$ForEachOp$OfRef.evaluateSequential(ForEachOps.java:174)
	at java.base/java.util.stream.AbstractPipeline.evaluate(AbstractPipeline.java:234)
	at java.base/java.util.stream.ReferencePipeline.forEach(ReferencePipeline.java:596)
	at java.base/java.util.stream.ReferencePipeline$7$1.accept(ReferencePipeline.java:276)
	at java.base/java.util.ArrayList$ArrayListSpliterator.forEachRemaining(ArrayList.java:1708)
	at java.base/java.util.stream.AbstractPipeline.copyInto(AbstractPipeline.java:509)
	at java.base/java.util.stream.AbstractPipeline.wrapAndCopyInto(AbstractPipeline.java:499)
	at java.base/java.util.stream.ForEachOps$ForEachOp.evaluateSequential(ForEachOps.java:151)
	at java.base/java.util.stream.ForEachOps$ForEachOp$OfRef.evaluateSequential(ForEachOps.java:174)
	at java.base/java.util.stream.AbstractPipeline.evaluate(AbstractPipeline.java:234)
	at java.base/java.util.stream.ReferencePipeline.forEach(ReferencePipeline.java:596)
	at java.base/java.util.stream.ReferencePipeline$7$1.accept(ReferencePipeline.java:276)
	at java.base/java.util.stream.ReferencePipeline$3$1.accept(ReferencePipeline.java:197)
	at java.base/java.util.stream.ReferencePipeline$3$1.accept(ReferencePipeline.java:197)
	at java.base/java.util.stream.ReferencePipeline$3$1.accept(ReferencePipeline.java:197)
	at java.base/java.util.ArrayList$ArrayListSpliterator.forEachRemaining(ArrayList.java:1708)
	at java.base/java.util.stream.AbstractPipeline.copyInto(AbstractPipeline.java:509)
	at java.base/java.util.stream.AbstractPipeline.wrapAndCopyInto(AbstractPipeline.java:499)
	at java.base/java.util.stream.ForEachOps$ForEachOp.evaluateSequential(ForEachOps.java:151)
	at java.base/java.util.stream.ForEachOps$ForEachOp$OfRef.evaluateSequential(ForEachOps.java:174)
	at java.base/java.util.stream.AbstractPipeline.evaluate(AbstractPipeline.java:234)
	at java.base/java.util.stream.ReferencePipeline.forEach(ReferencePipeline.java:596)
	at java.base/java.util.ArrayList.forEach(ArrayList.java:1596)
	at java.base/java.util.ArrayList.forEach(ArrayList.java:1596)
Caused by: java.lang.IllegalArgumentException: Parameter activeWriters must not be null
	at org.springframework.util.Assert.notNull(Assert.java:181)
	at com.agilityhub.core.shared.persistence.TenantWriteCounterRepository$Counter_Instantiator_ulp106.newInstance(Unknown Source)
	at org.springframework.data.mapping.model.ClassGeneratingEntityInstantiator$EntityInstantiatorAdapter.createInstance(ClassGeneratingEntityInstantiator.java:276)
	... 73 more

[ERROR] com.agilityhub.core.shared.persistence.TenantWriteTrackingIT.T_18_16_round2_point1_everyMutationWithoutAuditOrOutboxRefusesReset(String)[3] -- Time elapsed: 0.019 s <<< ERROR!
org.springframework.data.mapping.model.MappingInstantiationException: Failed to instantiate com.agilityhub.core.shared.persistence.TenantWriteCounterRepository$Counter using constructor public com.agilityhub.core.shared.persistence.TenantWriteCounterRepository$Counter(java.lang.String,java.lang.String,long,long,long) with arguments write-fence-test,write-fence-test,0,1,null
	at org.springframework.data.mapping.model.ClassGeneratingEntityInstantiator$EntityInstantiatorAdapter.createInstance(ClassGeneratingEntityInstantiator.java:278)
	at org.springframework.data.mapping.model.ClassGeneratingEntityInstantiator.createInstance(ClassGeneratingEntityInstantiator.java:98)
	at org.springframework.data.mongodb.core.convert.MappingMongoConverter.read(MappingMongoConverter.java:570)
	at org.springframework.data.mongodb.core.convert.MappingMongoConverter.readDocument(MappingMongoConverter.java:522)
	at org.springframework.data.mongodb.core.convert.MappingMongoConverter.read(MappingMongoConverter.java:458)
	at org.springframework.data.mongodb.core.convert.MappingMongoConverter.read(MappingMongoConverter.java:454)
	at org.springframework.data.mongodb.core.convert.MappingMongoConverter.read(MappingMongoConverter.java:126)
	at org.springframework.data.mongodb.core.MongoTemplate$ReadDocumentCallback.doWith(MongoTemplate.java:3322)
	at org.springframework.data.mongodb.core.MongoTemplate.executeFindOneInternal(MongoTemplate.java:2913)
	at org.springframework.data.mongodb.core.MongoTemplate.doFindAndModify(MongoTemplate.java:2770)
	at org.springframework.data.mongodb.core.MongoTemplate.findAndModify(MongoTemplate.java:1120)
	at org.springframework.data.mongodb.core.MongoTemplate.findAndModify(MongoTemplate.java:1095)
	at com.agilityhub.core.shared.persistence.TenantWriteCounterRepository.lock(TenantWriteCounterRepository.java:45)
	at java.base/jdk.internal.reflect.DirectMethodHandleAccessor.invoke(DirectMethodHandleAccessor.java:103)
	at java.base/java.lang.reflect.Method.invoke(Method.java:580)
	at org.springframework.aop.support.AopUtils.invokeJoinpointUsingReflection(AopUtils.java:360)
	at org.springframework.aop.framework.ReflectiveMethodInvocation.invokeJoinpoint(ReflectiveMethodInvocation.java:196)
	at org.springframework.aop.framework.ReflectiveMethodInvocation.proceed(ReflectiveMethodInvocation.java:163)
	at org.springframework.dao.support.PersistenceExceptionTranslationInterceptor.invoke(PersistenceExceptionTranslationInterceptor.java:138)
	at org.springframework.aop.framework.ReflectiveMethodInvocation.proceed(ReflectiveMethodInvocation.java:184)
	at org.springframework.aop.framework.CglibAopProxy$DynamicAdvisedInterceptor.intercept(CglibAopProxy.java:728)
	at com.agilityhub.core.shared.persistence.TenantWriteCounterRepository$$SpringCGLIB$$0.lock(<generated>)
	at com.agilityhub.core.shared.application.TenantWriteFence.lock(TenantWriteFence.java:48)
	at com.agilityhub.core.migration.persistence.MigrationResetRepository.checkpoint(MigrationResetRepository.java:24)
	at java.base/jdk.internal.reflect.DirectMethodHandleAccessor.invoke(DirectMethodHandleAccessor.java:103)
	at java.base/java.lang.reflect.Method.invoke(Method.java:580)
	at org.springframework.aop.support.AopUtils.invokeJoinpointUsingReflection(AopUtils.java:360)
	at org.springframework.aop.framework.ReflectiveMethodInvocation.invokeJoinpoint(ReflectiveMethodInvocation.java:196)
	at org.springframework.aop.framework.ReflectiveMethodInvocation.proceed(ReflectiveMethodInvocation.java:163)
	at org.springframework.dao.support.PersistenceExceptionTranslationInterceptor.invoke(PersistenceExceptionTranslationInterceptor.java:138)
	at org.springframework.aop.framework.ReflectiveMethodInvocation.proceed(ReflectiveMethodInvocation.java:184)
	at org.springframework.aop.framework.CglibAopProxy$DynamicAdvisedInterceptor.intercept(CglibAopProxy.java:728)
	at com.agilityhub.core.migration.persistence.MigrationResetRepository$$SpringCGLIB$$0.checkpoint(<generated>)
	at com.agilityhub.core.shared.persistence.TenantWriteTrackingIT.lambda$checkpoint$0(TenantWriteTrackingIT.java:37)
	at org.springframework.transaction.support.TransactionOperations.lambda$executeWithoutResult$0(TransactionOperations.java:68)
	at org.springframework.transaction.support.TransactionTemplate.execute(TransactionTemplate.java:140)
	at org.springframework.transaction.support.TransactionOperations.executeWithoutResult(TransactionOperations.java:67)
	at com.agilityhub.core.shared.persistence.TenantWriteTrackingIT.checkpoint(TenantWriteTrackingIT.java:37)
	at com.agilityhub.core.shared.persistence.TenantWriteTrackingIT.prepare(TenantWriteTrackingIT.java:32)
	at java.base/java.lang.reflect.Method.invoke(Method.java:580)
	at java.base/java.util.Optional.ifPresent(Optional.java:178)
	at java.base/java.util.stream.ForEachOps$ForEachOp$OfRef.accept(ForEachOps.java:184)
	at java.base/java.util.stream.ReferencePipeline$3$1.accept(ReferencePipeline.java:197)
	at java.base/java.util.stream.ForEachOps$ForEachOp$OfRef.accept(ForEachOps.java:184)
	at java.base/java.util.stream.ForEachOps$ForEachOp$OfRef.accept(ForEachOps.java:184)
	at java.base/java.util.stream.ReferencePipeline$3$1.accept(ReferencePipeline.java:197)
	at java.base/java.util.Spliterators$ArraySpliterator.forEachRemaining(Spliterators.java:1024)
	at java.base/java.util.stream.AbstractPipeline.copyInto(AbstractPipeline.java:509)
	at java.base/java.util.stream.AbstractPipeline.wrapAndCopyInto(AbstractPipeline.java:499)
	at java.base/java.util.stream.ForEachOps$ForEachOp.evaluateSequential(ForEachOps.java:151)
	at java.base/java.util.stream.ForEachOps$ForEachOp$OfRef.evaluateSequential(ForEachOps.java:174)
	at java.base/java.util.stream.AbstractPipeline.evaluate(AbstractPipeline.java:234)
	at java.base/java.util.stream.ReferencePipeline.forEach(ReferencePipeline.java:596)
	at java.base/java.util.stream.ReferencePipeline$7$1.accept(ReferencePipeline.java:276)
	at java.base/java.util.ArrayList$ArrayListSpliterator.forEachRemaining(ArrayList.java:1708)
	at java.base/java.util.stream.AbstractPipeline.copyInto(AbstractPipeline.java:509)
	at java.base/java.util.stream.AbstractPipeline.wrapAndCopyInto(AbstractPipeline.java:499)
	at java.base/java.util.stream.ForEachOps$ForEachOp.evaluateSequential(ForEachOps.java:151)
	at java.base/java.util.stream.ForEachOps$ForEachOp$OfRef.evaluateSequential(ForEachOps.java:174)
	at java.base/java.util.stream.AbstractPipeline.evaluate(AbstractPipeline.java:234)
	at java.base/java.util.stream.ReferencePipeline.forEach(ReferencePipeline.java:596)
	at java.base/java.util.stream.ReferencePipeline$7$1.accept(ReferencePipeline.java:276)
	at java.base/java.util.stream.ReferencePipeline$3$1.accept(ReferencePipeline.java:197)
	at java.base/java.util.stream.ReferencePipeline$3$1.accept(ReferencePipeline.java:197)
	at java.base/java.util.stream.ReferencePipeline$3$1.accept(ReferencePipeline.java:197)
	at java.base/java.util.ArrayList$ArrayListSpliterator.forEachRemaining(ArrayList.java:1708)
	at java.base/java.util.stream.AbstractPipeline.copyInto(AbstractPipeline.java:509)
	at java.base/java.util.stream.AbstractPipeline.wrapAndCopyInto(AbstractPipeline.java:499)
	at java.base/java.util.stream.ForEachOps$ForEachOp.evaluateSequential(ForEachOps.java:151)
	at java.base/java.util.stream.ForEachOps$ForEachOp$OfRef.evaluateSequential(ForEachOps.java:174)
	at java.base/java.util.stream.AbstractPipeline.evaluate(AbstractPipeline.java:234)
	at java.base/java.util.stream.ReferencePipeline.forEach(ReferencePipeline.java:596)
	at java.base/java.util.ArrayList.forEach(ArrayList.java:1596)
	at java.base/java.util.ArrayList.forEach(ArrayList.java:1596)
Caused by: java.lang.IllegalArgumentException: Parameter activeWriters must not be null
	at org.springframework.util.Assert.notNull(Assert.java:181)
	at com.agilityhub.core.shared.persistence.TenantWriteCounterRepository$Counter_Instantiator_ulp106.newInstance(Unknown Source)
	at org.springframework.data.mapping.model.ClassGeneratingEntityInstantiator$EntityInstantiatorAdapter.createInstance(ClassGeneratingEntityInstantiator.java:276)
	... 73 more

[ERROR] com.agilityhub.core.shared.persistence.TenantWriteTrackingIT.T_18_16_round2_point1_everyMutationWithoutAuditOrOutboxRefusesReset(String)[4] -- Time elapsed: 0.021 s <<< ERROR!
org.springframework.data.mapping.model.MappingInstantiationException: Failed to instantiate com.agilityhub.core.shared.persistence.TenantWriteCounterRepository$Counter using constructor public com.agilityhub.core.shared.persistence.TenantWriteCounterRepository$Counter(java.lang.String,java.lang.String,long,long,long) with arguments write-fence-test,write-fence-test,0,1,null
	at org.springframework.data.mapping.model.ClassGeneratingEntityInstantiator$EntityInstantiatorAdapter.createInstance(ClassGeneratingEntityInstantiator.java:278)
	at org.springframework.data.mapping.model.ClassGeneratingEntityInstantiator.createInstance(ClassGeneratingEntityInstantiator.java:98)
	at org.springframework.data.mongodb.core.convert.MappingMongoConverter.read(MappingMongoConverter.java:570)
	at org.springframework.data.mongodb.core.convert.MappingMongoConverter.readDocument(MappingMongoConverter.java:522)
	at org.springframework.data.mongodb.core.convert.MappingMongoConverter.read(MappingMongoConverter.java:458)
	at org.springframework.data.mongodb.core.convert.MappingMongoConverter.read(MappingMongoConverter.java:454)
	at org.springframework.data.mongodb.core.convert.MappingMongoConverter.read(MappingMongoConverter.java:126)
	at org.springframework.data.mongodb.core.MongoTemplate$ReadDocumentCallback.doWith(MongoTemplate.java:3322)
	at org.springframework.data.mongodb.core.MongoTemplate.executeFindOneInternal(MongoTemplate.java:2913)
	at org.springframework.data.mongodb.core.MongoTemplate.doFindAndModify(MongoTemplate.java:2770)
	at org.springframework.data.mongodb.core.MongoTemplate.findAndModify(MongoTemplate.java:1120)
	at org.springframework.data.mongodb.core.MongoTemplate.findAndModify(MongoTemplate.java:1095)
	at com.agilityhub.core.shared.persistence.TenantWriteCounterRepository.lock(TenantWriteCounterRepository.java:45)
	at java.base/jdk.internal.reflect.DirectMethodHandleAccessor.invoke(DirectMethodHandleAccessor.java:103)
	at java.base/java.lang.reflect.Method.invoke(Method.java:580)
	at org.springframework.aop.support.AopUtils.invokeJoinpointUsingReflection(AopUtils.java:360)
	at org.springframework.aop.framework.ReflectiveMethodInvocation.invokeJoinpoint(ReflectiveMethodInvocation.java:196)
	at org.springframework.aop.framework.ReflectiveMethodInvocation.proceed(ReflectiveMethodInvocation.java:163)
	at org.springframework.dao.support.PersistenceExceptionTranslationInterceptor.invoke(PersistenceExceptionTranslationInterceptor.java:138)
	at org.springframework.aop.framework.ReflectiveMethodInvocation.proceed(ReflectiveMethodInvocation.java:184)
	at org.springframework.aop.framework.CglibAopProxy$DynamicAdvisedInterceptor.intercept(CglibAopProxy.java:728)
	at com.agilityhub.core.shared.persistence.TenantWriteCounterRepository$$SpringCGLIB$$0.lock(<generated>)
	at com.agilityhub.core.shared.application.TenantWriteFence.lock(TenantWriteFence.java:48)
	at com.agilityhub.core.migration.persistence.MigrationResetRepository.checkpoint(MigrationResetRepository.java:24)
	at java.base/jdk.internal.reflect.DirectMethodHandleAccessor.invoke(DirectMethodHandleAccessor.java:103)
	at java.base/java.lang.reflect.Method.invoke(Method.java:580)
	at org.springframework.aop.support.AopUtils.invokeJoinpointUsingReflection(AopUtils.java:360)
	at org.springframework.aop.framework.ReflectiveMethodInvocation.invokeJoinpoint(ReflectiveMethodInvocation.java:196)
	at org.springframework.aop.framework.ReflectiveMethodInvocation.proceed(ReflectiveMethodInvocation.java:163)
	at org.springframework.dao.support.PersistenceExceptionTranslationInterceptor.invoke(PersistenceExceptionTranslationInterceptor.java:138)
	at org.springframework.aop.framework.ReflectiveMethodInvocation.proceed(ReflectiveMethodInvocation.java:184)
	at org.springframework.aop.framework.CglibAopProxy$DynamicAdvisedInterceptor.intercept(CglibAopProxy.java:728)
	at com.agilityhub.core.migration.persistence.MigrationResetRepository$$SpringCGLIB$$0.checkpoint(<generated>)
	at com.agilityhub.core.shared.persistence.TenantWriteTrackingIT.lambda$checkpoint$0(TenantWriteTrackingIT.java:37)
	at org.springframework.transaction.support.TransactionOperations.lambda$executeWithoutResult$0(TransactionOperations.java:68)
	at org.springframework.transaction.support.TransactionTemplate.execute(TransactionTemplate.java:140)
	at org.springframework.transaction.support.TransactionOperations.executeWithoutResult(TransactionOperations.java:67)
	at com.agilityhub.core.shared.persistence.TenantWriteTrackingIT.checkpoint(TenantWriteTrackingIT.java:37)
	at com.agilityhub.core.shared.persistence.TenantWriteTrackingIT.prepare(TenantWriteTrackingIT.java:32)
	at java.base/java.lang.reflect.Method.invoke(Method.java:580)
	at java.base/java.util.Optional.ifPresent(Optional.java:178)
	at java.base/java.util.stream.ForEachOps$ForEachOp$OfRef.accept(ForEachOps.java:184)
	at java.base/java.util.stream.ReferencePipeline$3$1.accept(ReferencePipeline.java:197)
	at java.base/java.util.stream.ForEachOps$ForEachOp$OfRef.accept(ForEachOps.java:184)
	at java.base/java.util.stream.ForEachOps$ForEachOp$OfRef.accept(ForEachOps.java:184)
	at java.base/java.util.stream.ReferencePipeline$3$1.accept(ReferencePipeline.java:197)
	at java.base/java.util.Spliterators$ArraySpliterator.forEachRemaining(Spliterators.java:1024)
	at java.base/java.util.stream.AbstractPipeline.copyInto(AbstractPipeline.java:509)
	at java.base/java.util.stream.AbstractPipeline.wrapAndCopyInto(AbstractPipeline.java:499)
	at java.base/java.util.stream.ForEachOps$ForEachOp.evaluateSequential(ForEachOps.java:151)
	at java.base/java.util.stream.ForEachOps$ForEachOp$OfRef.evaluateSequential(ForEachOps.java:174)
	at java.base/java.util.stream.AbstractPipeline.evaluate(AbstractPipeline.java:234)
	at java.base/java.util.stream.ReferencePipeline.forEach(ReferencePipeline.java:596)
	at java.base/java.util.stream.ReferencePipeline$7$1.accept(ReferencePipeline.java:276)
	at java.base/java.util.ArrayList$ArrayListSpliterator.forEachRemaining(ArrayList.java:1708)
	at java.base/java.util.stream.AbstractPipeline.copyInto(AbstractPipeline.java:509)
	at java.base/java.util.stream.AbstractPipeline.wrapAndCopyInto(AbstractPipeline.java:499)
	at java.base/java.util.stream.ForEachOps$ForEachOp.evaluateSequential(ForEachOps.java:151)
	at java.base/java.util.stream.ForEachOps$ForEachOp$OfRef.evaluateSequential(ForEachOps.java:174)
	at java.base/java.util.stream.AbstractPipeline.evaluate(AbstractPipeline.java:234)
	at java.base/java.util.stream.ReferencePipeline.forEach(ReferencePipeline.java:596)
	at java.base/java.util.stream.ReferencePipeline$7$1.accept(ReferencePipeline.java:276)
	at java.base/java.util.stream.ReferencePipeline$3$1.accept(ReferencePipeline.java:197)
	at java.base/java.util.stream.ReferencePipeline$3$1.accept(ReferencePipeline.java:197)
	at java.base/java.util.stream.ReferencePipeline$3$1.accept(ReferencePipeline.java:197)
	at java.base/java.util.ArrayList$ArrayListSpliterator.forEachRemaining(ArrayList.java:1708)
	at java.base/java.util.stream.AbstractPipeline.copyInto(AbstractPipeline.java:509)
	at java.base/java.util.stream.AbstractPipeline.wrapAndCopyInto(AbstractPipeline.java:499)
	at java.base/java.util.stream.ForEachOps$ForEachOp.evaluateSequential(ForEachOps.java:151)
	at java.base/java.util.stream.ForEachOps$ForEachOp$OfRef.evaluateSequential(ForEachOps.java:174)
	at java.base/java.util.stream.AbstractPipeline.evaluate(AbstractPipeline.java:234)
	at java.base/java.util.stream.ReferencePipeline.forEach(ReferencePipeline.java:596)
	at java.base/java.util.ArrayList.forEach(ArrayList.java:1596)
	at java.base/java.util.ArrayList.forEach(ArrayList.java:1596)
Caused by: java.lang.IllegalArgumentException: Parameter activeWriters must not be null
	at org.springframework.util.Assert.notNull(Assert.java:181)
	at com.agilityhub.core.shared.persistence.TenantWriteCounterRepository$Counter_Instantiator_ulp106.newInstance(Unknown Source)
	at org.springframework.data.mapping.model.ClassGeneratingEntityInstantiator$EntityInstantiatorAdapter.createInstance(ClassGeneratingEntityInstantiator.java:276)
	... 73 more

[ERROR] com.agilityhub.core.shared.persistence.TenantWriteTrackingIT.T_18_16_round2_point1_everyMutationWithoutAuditOrOutboxRefusesReset(String)[5] -- Time elapsed: 0.020 s <<< ERROR!
org.springframework.data.mapping.model.MappingInstantiationException: Failed to instantiate com.agilityhub.core.shared.persistence.TenantWriteCounterRepository$Counter using constructor public com.agilityhub.core.shared.persistence.TenantWriteCounterRepository$Counter(java.lang.String,java.lang.String,long,long,long) with arguments write-fence-test,write-fence-test,0,1,null
	at org.springframework.data.mapping.model.ClassGeneratingEntityInstantiator$EntityInstantiatorAdapter.createInstance(ClassGeneratingEntityInstantiator.java:278)
	at org.springframework.data.mapping.model.ClassGeneratingEntityInstantiator.createInstance(ClassGeneratingEntityInstantiator.java:98)
	at org.springframework.data.mongodb.core.convert.MappingMongoConverter.read(MappingMongoConverter.java:570)
	at org.springframework.data.mongodb.core.convert.MappingMongoConverter.readDocument(MappingMongoConverter.java:522)
	at org.springframework.data.mongodb.core.convert.MappingMongoConverter.read(MappingMongoConverter.java:458)
	at org.springframework.data.mongodb.core.convert.MappingMongoConverter.read(MappingMongoConverter.java:454)
	at org.springframework.data.mongodb.core.convert.MappingMongoConverter.read(MappingMongoConverter.java:126)
	at org.springframework.data.mongodb.core.MongoTemplate$ReadDocumentCallback.doWith(MongoTemplate.java:3322)
	at org.springframework.data.mongodb.core.MongoTemplate.executeFindOneInternal(MongoTemplate.java:2913)
	at org.springframework.data.mongodb.core.MongoTemplate.doFindAndModify(MongoTemplate.java:2770)
	at org.springframework.data.mongodb.core.MongoTemplate.findAndModify(MongoTemplate.java:1120)
	at org.springframework.data.mongodb.core.MongoTemplate.findAndModify(MongoTemplate.java:1095)
	at com.agilityhub.core.shared.persistence.TenantWriteCounterRepository.lock(TenantWriteCounterRepository.java:45)
	at java.base/jdk.internal.reflect.DirectMethodHandleAccessor.invoke(DirectMethodHandleAccessor.java:103)
	at java.base/java.lang.reflect.Method.invoke(Method.java:580)
	at org.springframework.aop.support.AopUtils.invokeJoinpointUsingReflection(AopUtils.java:360)
	at org.springframework.aop.framework.ReflectiveMethodInvocation.invokeJoinpoint(ReflectiveMethodInvocation.java:196)
	at org.springframework.aop.framework.ReflectiveMethodInvocation.proceed(ReflectiveMethodInvocation.java:163)
	at org.springframework.dao.support.PersistenceExceptionTranslationInterceptor.invoke(PersistenceExceptionTranslationInterceptor.java:138)
	at org.springframework.aop.framework.ReflectiveMethodInvocation.proceed(ReflectiveMethodInvocation.java:184)
	at org.springframework.aop.framework.CglibAopProxy$DynamicAdvisedInterceptor.intercept(CglibAopProxy.java:728)
	at com.agilityhub.core.shared.persistence.TenantWriteCounterRepository$$SpringCGLIB$$0.lock(<generated>)
	at com.agilityhub.core.shared.application.TenantWriteFence.lock(TenantWriteFence.java:48)
	at com.agilityhub.core.migration.persistence.MigrationResetRepository.checkpoint(MigrationResetRepository.java:24)
	at java.base/jdk.internal.reflect.DirectMethodHandleAccessor.invoke(DirectMethodHandleAccessor.java:103)
	at java.base/java.lang.reflect.Method.invoke(Method.java:580)
	at org.springframework.aop.support.AopUtils.invokeJoinpointUsingReflection(AopUtils.java:360)
	at org.springframework.aop.framework.ReflectiveMethodInvocation.invokeJoinpoint(ReflectiveMethodInvocation.java:196)
	at org.springframework.aop.framework.ReflectiveMethodInvocation.proceed(ReflectiveMethodInvocation.java:163)
	at org.springframework.dao.support.PersistenceExceptionTranslationInterceptor.invoke(PersistenceExceptionTranslationInterceptor.java:138)
	at org.springframework.aop.framework.ReflectiveMethodInvocation.proceed(ReflectiveMethodInvocation.java:184)
	at org.springframework.aop.framework.CglibAopProxy$DynamicAdvisedInterceptor.intercept(CglibAopProxy.java:728)
	at com.agilityhub.core.migration.persistence.MigrationResetRepository$$SpringCGLIB$$0.checkpoint(<generated>)
	at com.agilityhub.core.shared.persistence.TenantWriteTrackingIT.lambda$checkpoint$0(TenantWriteTrackingIT.java:37)
	at org.springframework.transaction.support.TransactionOperations.lambda$executeWithoutResult$0(TransactionOperations.java:68)
	at org.springframework.transaction.support.TransactionTemplate.execute(TransactionTemplate.java:140)
	at org.springframework.transaction.support.TransactionOperations.executeWithoutResult(TransactionOperations.java:67)
	at com.agilityhub.core.shared.persistence.TenantWriteTrackingIT.checkpoint(TenantWriteTrackingIT.java:37)
	at com.agilityhub.core.shared.persistence.TenantWriteTrackingIT.prepare(TenantWriteTrackingIT.java:32)
	at java.base/java.lang.reflect.Method.invoke(Method.java:580)
	at java.base/java.util.Optional.ifPresent(Optional.java:178)
	at java.base/java.util.stream.ForEachOps$ForEachOp$OfRef.accept(ForEachOps.java:184)
	at java.base/java.util.stream.ReferencePipeline$3$1.accept(ReferencePipeline.java:197)
	at java.base/java.util.stream.ForEachOps$ForEachOp$OfRef.accept(ForEachOps.java:184)
	at java.base/java.util.stream.ForEachOps$ForEachOp$OfRef.accept(ForEachOps.java:184)
	at java.base/java.util.stream.ReferencePipeline$3$1.accept(ReferencePipeline.java:197)
	at java.base/java.util.Spliterators$ArraySpliterator.forEachRemaining(Spliterators.java:1024)
	at java.base/java.util.stream.AbstractPipeline.copyInto(AbstractPipeline.java:509)
	at java.base/java.util.stream.AbstractPipeline.wrapAndCopyInto(AbstractPipeline.java:499)
	at java.base/java.util.stream.ForEachOps$ForEachOp.evaluateSequential(ForEachOps.java:151)
	at java.base/java.util.stream.ForEachOps$ForEachOp$OfRef.evaluateSequential(ForEachOps.java:174)
	at java.base/java.util.stream.AbstractPipeline.evaluate(AbstractPipeline.java:234)
	at java.base/java.util.stream.ReferencePipeline.forEach(ReferencePipeline.java:596)
	at java.base/java.util.stream.ReferencePipeline$7$1.accept(ReferencePipeline.java:276)
	at java.base/java.util.ArrayList$ArrayListSpliterator.forEachRemaining(ArrayList.java:1708)
	at java.base/java.util.stream.AbstractPipeline.copyInto(AbstractPipeline.java:509)
	at java.base/java.util.stream.AbstractPipeline.wrapAndCopyInto(AbstractPipeline.java:499)
	at java.base/java.util.stream.ForEachOps$ForEachOp.evaluateSequential(ForEachOps.java:151)
	at java.base/java.util.stream.ForEachOps$ForEachOp$OfRef.evaluateSequential(ForEachOps.java:174)
	at java.base/java.util.stream.AbstractPipeline.evaluate(AbstractPipeline.java:234)
	at java.base/java.util.stream.ReferencePipeline.forEach(ReferencePipeline.java:596)
	at java.base/java.util.stream.ReferencePipeline$7$1.accept(ReferencePipeline.java:276)
	at java.base/java.util.stream.ReferencePipeline$3$1.accept(ReferencePipeline.java:197)
	at java.base/java.util.stream.ReferencePipeline$3$1.accept(ReferencePipeline.java:197)
	at java.base/java.util.stream.ReferencePipeline$3$1.accept(ReferencePipeline.java:197)
	at java.base/java.util.ArrayList$ArrayListSpliterator.forEachRemaining(ArrayList.java:1708)
	at java.base/java.util.stream.AbstractPipeline.copyInto(AbstractPipeline.java:509)
	at java.base/java.util.stream.AbstractPipeline.wrapAndCopyInto(AbstractPipeline.java:499)
	at java.base/java.util.stream.ForEachOps$ForEachOp.evaluateSequential(ForEachOps.java:151)
	at java.base/java.util.stream.ForEachOps$ForEachOp$OfRef.evaluateSequential(ForEachOps.java:174)
	at java.base/java.util.stream.AbstractPipeline.evaluate(AbstractPipeline.java:234)
	at java.base/java.util.stream.ReferencePipeline.forEach(ReferencePipeline.java:596)
	at java.base/java.util.ArrayList.forEach(ArrayList.java:1596)
	at java.base/java.util.ArrayList.forEach(ArrayList.java:1596)
Caused by: java.lang.IllegalArgumentException: Parameter activeWriters must not be null
	at org.springframework.util.Assert.notNull(Assert.java:181)
	at com.agilityhub.core.shared.persistence.TenantWriteCounterRepository$Counter_Instantiator_ulp106.newInstance(Unknown Source)
	at org.springframework.data.mapping.model.ClassGeneratingEntityInstantiator$EntityInstantiatorAdapter.createInstance(ClassGeneratingEntityInstantiator.java:276)
	... 73 more

[ERROR] com.agilityhub.core.shared.persistence.TenantWriteTrackingIT.T_18_16_round2_point1_everyMutationWithoutAuditOrOutboxRefusesReset(String)[6] -- Time elapsed: 0.023 s <<< ERROR!
org.springframework.data.mapping.model.MappingInstantiationException: Failed to instantiate com.agilityhub.core.shared.persistence.TenantWriteCounterRepository$Counter using constructor public com.agilityhub.core.shared.persistence.TenantWriteCounterRepository$Counter(java.lang.String,java.lang.String,long,long,long) with arguments write-fence-test,write-fence-test,0,1,null
	at org.springframework.data.mapping.model.ClassGeneratingEntityInstantiator$EntityInstantiatorAdapter.createInstance(ClassGeneratingEntityInstantiator.java:278)
	at org.springframework.data.mapping.model.ClassGeneratingEntityInstantiator.createInstance(ClassGeneratingEntityInstantiator.java:98)
	at org.springframework.data.mongodb.core.convert.MappingMongoConverter.read(MappingMongoConverter.java:570)
	at org.springframework.data.mongodb.core.convert.MappingMongoConverter.readDocument(MappingMongoConverter.java:522)
	at org.springframework.data.mongodb.core.convert.MappingMongoConverter.read(MappingMongoConverter.java:458)
	at org.springframework.data.mongodb.core.convert.MappingMongoConverter.read(MappingMongoConverter.java:454)
	at org.springframework.data.mongodb.core.convert.MappingMongoConverter.read(MappingMongoConverter.java:126)
	at org.springframework.data.mongodb.core.MongoTemplate$ReadDocumentCallback.doWith(MongoTemplate.java:3322)
	at org.springframework.data.mongodb.core.MongoTemplate.executeFindOneInternal(MongoTemplate.java:2913)
	at org.springframework.data.mongodb.core.MongoTemplate.doFindAndModify(MongoTemplate.java:2770)
	at org.springframework.data.mongodb.core.MongoTemplate.findAndModify(MongoTemplate.java:1120)
	at org.springframework.data.mongodb.core.MongoTemplate.findAndModify(MongoTemplate.java:1095)
	at com.agilityhub.core.shared.persistence.TenantWriteCounterRepository.lock(TenantWriteCounterRepository.java:45)
	at java.base/jdk.internal.reflect.DirectMethodHandleAccessor.invoke(DirectMethodHandleAccessor.java:103)
	at java.base/java.lang.reflect.Method.invoke(Method.java:580)
	at org.springframework.aop.support.AopUtils.invokeJoinpointUsingReflection(AopUtils.java:360)
	at org.springframework.aop.framework.ReflectiveMethodInvocation.invokeJoinpoint(ReflectiveMethodInvocation.java:196)
	at org.springframework.aop.framework.ReflectiveMethodInvocation.proceed(ReflectiveMethodInvocation.java:163)
	at org.springframework.dao.support.PersistenceExceptionTranslationInterceptor.invoke(PersistenceExceptionTranslationInterceptor.java:138)
	at org.springframework.aop.framework.ReflectiveMethodInvocation.proceed(ReflectiveMethodInvocation.java:184)
	at org.springframework.aop.framework.CglibAopProxy$DynamicAdvisedInterceptor.intercept(CglibAopProxy.java:728)
	at com.agilityhub.core.shared.persistence.TenantWriteCounterRepository$$SpringCGLIB$$0.lock(<generated>)
	at com.agilityhub.core.shared.application.TenantWriteFence.lock(TenantWriteFence.java:48)
	at com.agilityhub.core.migration.persistence.MigrationResetRepository.checkpoint(MigrationResetRepository.java:24)
	at java.base/jdk.internal.reflect.DirectMethodHandleAccessor.invoke(DirectMethodHandleAccessor.java:103)
	at java.base/java.lang.reflect.Method.invoke(Method.java:580)
	at org.springframework.aop.support.AopUtils.invokeJoinpointUsingReflection(AopUtils.java:360)
	at org.springframework.aop.framework.ReflectiveMethodInvocation.invokeJoinpoint(ReflectiveMethodInvocation.java:196)
	at org.springframework.aop.framework.ReflectiveMethodInvocation.proceed(ReflectiveMethodInvocation.java:163)
	at org.springframework.dao.support.PersistenceExceptionTranslationInterceptor.invoke(PersistenceExceptionTranslationInterceptor.java:138)
	at org.springframework.aop.framework.ReflectiveMethodInvocation.proceed(ReflectiveMethodInvocation.java:184)
	at org.springframework.aop.framework.CglibAopProxy$DynamicAdvisedInterceptor.intercept(CglibAopProxy.java:728)
	at com.agilityhub.core.migration.persistence.MigrationResetRepository$$SpringCGLIB$$0.checkpoint(<generated>)
	at com.agilityhub.core.shared.persistence.TenantWriteTrackingIT.lambda$checkpoint$0(TenantWriteTrackingIT.java:37)
	at org.springframework.transaction.support.TransactionOperations.lambda$executeWithoutResult$0(TransactionOperations.java:68)
	at org.springframework.transaction.support.TransactionTemplate.execute(TransactionTemplate.java:140)
	at org.springframework.transaction.support.TransactionOperations.executeWithoutResult(TransactionOperations.java:67)
	at com.agilityhub.core.shared.persistence.TenantWriteTrackingIT.checkpoint(TenantWriteTrackingIT.java:37)
	at com.agilityhub.core.shared.persistence.TenantWriteTrackingIT.prepare(TenantWriteTrackingIT.java:32)
	at java.base/java.lang.reflect.Method.invoke(Method.java:580)
	at java.base/java.util.Optional.ifPresent(Optional.java:178)
	at java.base/java.util.stream.ForEachOps$ForEachOp$OfRef.accept(ForEachOps.java:184)
	at java.base/java.util.stream.ReferencePipeline$3$1.accept(ReferencePipeline.java:197)
	at java.base/java.util.stream.ForEachOps$ForEachOp$OfRef.accept(ForEachOps.java:184)
	at java.base/java.util.stream.ForEachOps$ForEachOp$OfRef.accept(ForEachOps.java:184)
	at java.base/java.util.stream.ReferencePipeline$3$1.accept(ReferencePipeline.java:197)
	at java.base/java.util.Spliterators$ArraySpliterator.forEachRemaining(Spliterators.java:1024)
	at java.base/java.util.stream.AbstractPipeline.copyInto(AbstractPipeline.java:509)
	at java.base/java.util.stream.AbstractPipeline.wrapAndCopyInto(AbstractPipeline.java:499)
	at java.base/java.util.stream.ForEachOps$ForEachOp.evaluateSequential(ForEachOps.java:151)
	at java.base/java.util.stream.ForEachOps$ForEachOp$OfRef.evaluateSequential(ForEachOps.java:174)
	at java.base/java.util.stream.AbstractPipeline.evaluate(AbstractPipeline.java:234)
	at java.base/java.util.stream.ReferencePipeline.forEach(ReferencePipeline.java:596)
	at java.base/java.util.stream.ReferencePipeline$7$1.accept(ReferencePipeline.java:276)
	at java.base/java.util.ArrayList$ArrayListSpliterator.forEachRemaining(ArrayList.java:1708)
	at java.base/java.util.stream.AbstractPipeline.copyInto(AbstractPipeline.java:509)
	at java.base/java.util.stream.AbstractPipeline.wrapAndCopyInto(AbstractPipeline.java:499)
	at java.base/java.util.stream.ForEachOps$ForEachOp.evaluateSequential(ForEachOps.java:151)
	at java.base/java.util.stream.ForEachOps$ForEachOp$OfRef.evaluateSequential(ForEachOps.java:174)
	at java.base/java.util.stream.AbstractPipeline.evaluate(AbstractPipeline.java:234)
	at java.base/java.util.stream.ReferencePipeline.forEach(ReferencePipeline.java:596)
	at java.base/java.util.stream.ReferencePipeline$7$1.accept(ReferencePipeline.java:276)
	at java.base/java.util.stream.ReferencePipeline$3$1.accept(ReferencePipeline.java:197)
	at java.base/java.util.stream.ReferencePipeline$3$1.accept(ReferencePipeline.java:197)
	at java.base/java.util.stream.ReferencePipeline$3$1.accept(ReferencePipeline.java:197)
	at java.base/java.util.ArrayList$ArrayListSpliterator.forEachRemaining(ArrayList.java:1708)
	at java.base/java.util.stream.AbstractPipeline.copyInto(AbstractPipeline.java:509)
	at java.base/java.util.stream.AbstractPipeline.wrapAndCopyInto(AbstractPipeline.java:499)
	at java.base/java.util.stream.ForEachOps$ForEachOp.evaluateSequential(ForEachOps.java:151)
	at java.base/java.util.stream.ForEachOps$ForEachOp$OfRef.evaluateSequential(ForEachOps.java:174)
	at java.base/java.util.stream.AbstractPipeline.evaluate(AbstractPipeline.java:234)
	at java.base/java.util.stream.ReferencePipeline.forEach(ReferencePipeline.java:596)
	at java.base/java.util.ArrayList.forEach(ArrayList.java:1596)
	at java.base/java.util.ArrayList.forEach(ArrayList.java:1596)
Caused by: java.lang.IllegalArgumentException: Parameter activeWriters must not be null
	at org.springframework.util.Assert.notNull(Assert.java:181)
	at com.agilityhub.core.shared.persistence.TenantWriteCounterRepository$Counter_Instantiator_ulp106.newInstance(Unknown Source)
	at org.springframework.data.mapping.model.ClassGeneratingEntityInstantiator$EntityInstantiatorAdapter.createInstance(ClassGeneratingEntityInstantiator.java:276)
	... 73 more

[ERROR] com.agilityhub.core.shared.persistence.TenantWriteTrackingIT.T_18_16_round2_point1_everyMutationWithoutAuditOrOutboxRefusesReset(String)[7] -- Time elapsed: 0.023 s <<< ERROR!
org.springframework.data.mapping.model.MappingInstantiationException: Failed to instantiate com.agilityhub.core.shared.persistence.TenantWriteCounterRepository$Counter using constructor public com.agilityhub.core.shared.persistence.TenantWriteCounterRepository$Counter(java.lang.String,java.lang.String,long,long,long) with arguments write-fence-test,write-fence-test,0,1,null
	at org.springframework.data.mapping.model.ClassGeneratingEntityInstantiator$EntityInstantiatorAdapter.createInstance(ClassGeneratingEntityInstantiator.java:278)
	at org.springframework.data.mapping.model.ClassGeneratingEntityInstantiator.createInstance(ClassGeneratingEntityInstantiator.java:98)
	at org.springframework.data.mongodb.core.convert.MappingMongoConverter.read(MappingMongoConverter.java:570)
	at org.springframework.data.mongodb.core.convert.MappingMongoConverter.readDocument(MappingMongoConverter.java:522)
	at org.springframework.data.mongodb.core.convert.MappingMongoConverter.read(MappingMongoConverter.java:458)
	at org.springframework.data.mongodb.core.convert.MappingMongoConverter.read(MappingMongoConverter.java:454)
	at org.springframework.data.mongodb.core.convert.MappingMongoConverter.read(MappingMongoConverter.java:126)
	at org.springframework.data.mongodb.core.MongoTemplate$ReadDocumentCallback.doWith(MongoTemplate.java:3322)
	at org.springframework.data.mongodb.core.MongoTemplate.executeFindOneInternal(MongoTemplate.java:2913)
	at org.springframework.data.mongodb.core.MongoTemplate.doFindAndModify(MongoTemplate.java:2770)
	at org.springframework.data.mongodb.core.MongoTemplate.findAndModify(MongoTemplate.java:1120)
	at org.springframework.data.mongodb.core.MongoTemplate.findAndModify(MongoTemplate.java:1095)
	at com.agilityhub.core.shared.persistence.TenantWriteCounterRepository.lock(TenantWriteCounterRepository.java:45)
	at java.base/jdk.internal.reflect.DirectMethodHandleAccessor.invoke(DirectMethodHandleAccessor.java:103)
	at java.base/java.lang.reflect.Method.invoke(Method.java:580)
	at org.springframework.aop.support.AopUtils.invokeJoinpointUsingReflection(AopUtils.java:360)
	at org.springframework.aop.framework.ReflectiveMethodInvocation.invokeJoinpoint(ReflectiveMethodInvocation.java:196)
	at org.springframework.aop.framework.ReflectiveMethodInvocation.proceed(ReflectiveMethodInvocation.java:163)
	at org.springframework.dao.support.PersistenceExceptionTranslationInterceptor.invoke(PersistenceExceptionTranslationInterceptor.java:138)
	at org.springframework.aop.framework.ReflectiveMethodInvocation.proceed(ReflectiveMethodInvocation.java:184)
	at org.springframework.aop.framework.CglibAopProxy$DynamicAdvisedInterceptor.intercept(CglibAopProxy.java:728)
	at com.agilityhub.core.shared.persistence.TenantWriteCounterRepository$$SpringCGLIB$$0.lock(<generated>)
	at com.agilityhub.core.shared.application.TenantWriteFence.lock(TenantWriteFence.java:48)
	at com.agilityhub.core.migration.persistence.MigrationResetRepository.checkpoint(MigrationResetRepository.java:24)
	at java.base/jdk.internal.reflect.DirectMethodHandleAccessor.invoke(DirectMethodHandleAccessor.java:103)
	at java.base/java.lang.reflect.Method.invoke(Method.java:580)
	at org.springframework.aop.support.AopUtils.invokeJoinpointUsingReflection(AopUtils.java:360)
	at org.springframework.aop.framework.ReflectiveMethodInvocation.invokeJoinpoint(ReflectiveMethodInvocation.java:196)
	at org.springframework.aop.framework.ReflectiveMethodInvocation.proceed(ReflectiveMethodInvocation.java:163)
	at org.springframework.dao.support.PersistenceExceptionTranslationInterceptor.invoke(PersistenceExceptionTranslationInterceptor.java:138)
	at org.springframework.aop.framework.ReflectiveMethodInvocation.proceed(ReflectiveMethodInvocation.java:184)
	at org.springframework.aop.framework.CglibAopProxy$DynamicAdvisedInterceptor.intercept(CglibAopProxy.java:728)
	at com.agilityhub.core.migration.persistence.MigrationResetRepository$$SpringCGLIB$$0.checkpoint(<generated>)
	at com.agilityhub.core.shared.persistence.TenantWriteTrackingIT.lambda$checkpoint$0(TenantWriteTrackingIT.java:37)
	at org.springframework.transaction.support.TransactionOperations.lambda$executeWithoutResult$0(TransactionOperations.java:68)
	at org.springframework.transaction.support.TransactionTemplate.execute(TransactionTemplate.java:140)
	at org.springframework.transaction.support.TransactionOperations.executeWithoutResult(TransactionOperations.java:67)
	at com.agilityhub.core.shared.persistence.TenantWriteTrackingIT.checkpoint(TenantWriteTrackingIT.java:37)
	at com.agilityhub.core.shared.persistence.TenantWriteTrackingIT.prepare(TenantWriteTrackingIT.java:32)
	at java.base/java.lang.reflect.Method.invoke(Method.java:580)
	at java.base/java.util.Optional.ifPresent(Optional.java:178)
	at java.base/java.util.stream.ForEachOps$ForEachOp$OfRef.accept(ForEachOps.java:184)
	at java.base/java.util.stream.ReferencePipeline$3$1.accept(ReferencePipeline.java:197)
	at java.base/java.util.stream.ForEachOps$ForEachOp$OfRef.accept(ForEachOps.java:184)
	at java.base/java.util.stream.ForEachOps$ForEachOp$OfRef.accept(ForEachOps.java:184)
	at java.base/java.util.stream.ReferencePipeline$3$1.accept(ReferencePipeline.java:197)
	at java.base/java.util.Spliterators$ArraySpliterator.forEachRemaining(Spliterators.java:1024)
	at java.base/java.util.stream.AbstractPipeline.copyInto(AbstractPipeline.java:509)
	at java.base/java.util.stream.AbstractPipeline.wrapAndCopyInto(AbstractPipeline.java:499)
	at java.base/java.util.stream.ForEachOps$ForEachOp.evaluateSequential(ForEachOps.java:151)
	at java.base/java.util.stream.ForEachOps$ForEachOp$OfRef.evaluateSequential(ForEachOps.java:174)
	at java.base/java.util.stream.AbstractPipeline.evaluate(AbstractPipeline.java:234)
	at java.base/java.util.stream.ReferencePipeline.forEach(ReferencePipeline.java:596)
	at java.base/java.util.stream.ReferencePipeline$7$1.accept(ReferencePipeline.java:276)
	at java.base/java.util.ArrayList$ArrayListSpliterator.forEachRemaining(ArrayList.java:1708)
	at java.base/java.util.stream.AbstractPipeline.copyInto(AbstractPipeline.java:509)
	at java.base/java.util.stream.AbstractPipeline.wrapAndCopyInto(AbstractPipeline.java:499)
	at java.base/java.util.stream.ForEachOps$ForEachOp.evaluateSequential(ForEachOps.java:151)
	at java.base/java.util.stream.ForEachOps$ForEachOp$OfRef.evaluateSequential(ForEachOps.java:174)
	at java.base/java.util.stream.AbstractPipeline.evaluate(AbstractPipeline.java:234)
	at java.base/java.util.stream.ReferencePipeline.forEach(ReferencePipeline.java:596)
	at java.base/java.util.stream.ReferencePipeline$7$1.accept(ReferencePipeline.java:276)
	at java.base/java.util.stream.ReferencePipeline$3$1.accept(ReferencePipeline.java:197)
	at java.base/java.util.stream.ReferencePipeline$3$1.accept(ReferencePipeline.java:197)
	at java.base/java.util.stream.ReferencePipeline$3$1.accept(ReferencePipeline.java:197)
	at java.base/java.util.ArrayList$ArrayListSpliterator.forEachRemaining(ArrayList.java:1708)
	at java.base/java.util.stream.AbstractPipeline.copyInto(AbstractPipeline.java:509)
	at java.base/java.util.stream.AbstractPipeline.wrapAndCopyInto(AbstractPipeline.java:499)
	at java.base/java.util.stream.ForEachOps$ForEachOp.evaluateSequential(ForEachOps.java:151)
	at java.base/java.util.stream.ForEachOps$ForEachOp$OfRef.evaluateSequential(ForEachOps.java:174)
	at java.base/java.util.stream.AbstractPipeline.evaluate(AbstractPipeline.java:234)
	at java.base/java.util.stream.ReferencePipeline.forEach(ReferencePipeline.java:596)
	at java.base/java.util.ArrayList.forEach(ArrayList.java:1596)
	at java.base/java.util.ArrayList.forEach(ArrayList.java:1596)
Caused by: java.lang.IllegalArgumentException: Parameter activeWriters must not be null
	at org.springframework.util.Assert.notNull(Assert.java:181)
	at com.agilityhub.core.shared.persistence.TenantWriteCounterRepository$Counter_Instantiator_ulp106.newInstance(Unknown Source)
	at org.springframework.data.mapping.model.ClassGeneratingEntityInstantiator$EntityInstantiatorAdapter.createInstance(ClassGeneratingEntityInstantiator.java:276)
	... 73 more

[ERROR] com.agilityhub.core.shared.persistence.TenantWriteTrackingIT.T_18_16_round2_point1_everyMutationWithoutAuditOrOutboxRefusesReset(String)[8] -- Time elapsed: 0.022 s <<< ERROR!
org.springframework.data.mapping.model.MappingInstantiationException: Failed to instantiate com.agilityhub.core.shared.persistence.TenantWriteCounterRepository$Counter using constructor public com.agilityhub.core.shared.persistence.TenantWriteCounterRepository$Counter(java.lang.String,java.lang.String,long,long,long) with arguments write-fence-test,write-fence-test,0,1,null
	at org.springframework.data.mapping.model.ClassGeneratingEntityInstantiator$EntityInstantiatorAdapter.createInstance(ClassGeneratingEntityInstantiator.java:278)
	at org.springframework.data.mapping.model.ClassGeneratingEntityInstantiator.createInstance(ClassGeneratingEntityInstantiator.java:98)
	at org.springframework.data.mongodb.core.convert.MappingMongoConverter.read(MappingMongoConverter.java:570)
	at org.springframework.data.mongodb.core.convert.MappingMongoConverter.readDocument(MappingMongoConverter.java:522)
	at org.springframework.data.mongodb.core.convert.MappingMongoConverter.read(MappingMongoConverter.java:458)
	at org.springframework.data.mongodb.core.convert.MappingMongoConverter.read(MappingMongoConverter.java:454)
	at org.springframework.data.mongodb.core.convert.MappingMongoConverter.read(MappingMongoConverter.java:126)
	at org.springframework.data.mongodb.core.MongoTemplate$ReadDocumentCallback.doWith(MongoTemplate.java:3322)
	at org.springframework.data.mongodb.core.MongoTemplate.executeFindOneInternal(MongoTemplate.java:2913)
	at org.springframework.data.mongodb.core.MongoTemplate.doFindAndModify(MongoTemplate.java:2770)
	at org.springframework.data.mongodb.core.MongoTemplate.findAndModify(MongoTemplate.java:1120)
	at org.springframework.data.mongodb.core.MongoTemplate.findAndModify(MongoTemplate.java:1095)
	at com.agilityhub.core.shared.persistence.TenantWriteCounterRepository.lock(TenantWriteCounterRepository.java:45)
	at java.base/jdk.internal.reflect.DirectMethodHandleAccessor.invoke(DirectMethodHandleAccessor.java:103)
	at java.base/java.lang.reflect.Method.invoke(Method.java:580)
	at org.springframework.aop.support.AopUtils.invokeJoinpointUsingReflection(AopUtils.java:360)
	at org.springframework.aop.framework.ReflectiveMethodInvocation.invokeJoinpoint(ReflectiveMethodInvocation.java:196)
	at org.springframework.aop.framework.ReflectiveMethodInvocation.proceed(ReflectiveMethodInvocation.java:163)
	at org.springframework.dao.support.PersistenceExceptionTranslationInterceptor.invoke(PersistenceExceptionTranslationInterceptor.java:138)
	at org.springframework.aop.framework.ReflectiveMethodInvocation.proceed(ReflectiveMethodInvocation.java:184)
	at org.springframework.aop.framework.CglibAopProxy$DynamicAdvisedInterceptor.intercept(CglibAopProxy.java:728)
	at com.agilityhub.core.shared.persistence.TenantWriteCounterRepository$$SpringCGLIB$$0.lock(<generated>)
	at com.agilityhub.core.shared.application.TenantWriteFence.lock(TenantWriteFence.java:48)
	at com.agilityhub.core.migration.persistence.MigrationResetRepository.checkpoint(MigrationResetRepository.java:24)
	at java.base/jdk.internal.reflect.DirectMethodHandleAccessor.invoke(DirectMethodHandleAccessor.java:103)
	at java.base/java.lang.reflect.Method.invoke(Method.java:580)
	at org.springframework.aop.support.AopUtils.invokeJoinpointUsingReflection(AopUtils.java:360)
	at org.springframework.aop.framework.ReflectiveMethodInvocation.invokeJoinpoint(ReflectiveMethodInvocation.java:196)
	at org.springframework.aop.framework.ReflectiveMethodInvocation.proceed(ReflectiveMethodInvocation.java:163)
	at org.springframework.dao.support.PersistenceExceptionTranslationInterceptor.invoke(PersistenceExceptionTranslationInterceptor.java:138)
	at org.springframework.aop.framework.ReflectiveMethodInvocation.proceed(ReflectiveMethodInvocation.java:184)
	at org.springframework.aop.framework.CglibAopProxy$DynamicAdvisedInterceptor.intercept(CglibAopProxy.java:728)
	at com.agilityhub.core.migration.persistence.MigrationResetRepository$$SpringCGLIB$$0.checkpoint(<generated>)
	at com.agilityhub.core.shared.persistence.TenantWriteTrackingIT.lambda$checkpoint$0(TenantWriteTrackingIT.java:37)
	at org.springframework.transaction.support.TransactionOperations.lambda$executeWithoutResult$0(TransactionOperations.java:68)
	at org.springframework.transaction.support.TransactionTemplate.execute(TransactionTemplate.java:140)
	at org.springframework.transaction.support.TransactionOperations.executeWithoutResult(TransactionOperations.java:67)
	at com.agilityhub.core.shared.persistence.TenantWriteTrackingIT.checkpoint(TenantWriteTrackingIT.java:37)
	at com.agilityhub.core.shared.persistence.TenantWriteTrackingIT.prepare(TenantWriteTrackingIT.java:32)
	at java.base/java.lang.reflect.Method.invoke(Method.java:580)
	at java.base/java.util.Optional.ifPresent(Optional.java:178)
	at java.base/java.util.stream.ForEachOps$ForEachOp$OfRef.accept(ForEachOps.java:184)
	at java.base/java.util.stream.ReferencePipeline$3$1.accept(ReferencePipeline.java:197)
	at java.base/java.util.stream.ForEachOps$ForEachOp$OfRef.accept(ForEachOps.java:184)
	at java.base/java.util.stream.ForEachOps$ForEachOp$OfRef.accept(ForEachOps.java:184)
	at java.base/java.util.stream.ReferencePipeline$3$1.accept(ReferencePipeline.java:197)
	at java.base/java.util.Spliterators$ArraySpliterator.forEachRemaining(Spliterators.java:1024)
	at java.base/java.util.stream.AbstractPipeline.copyInto(AbstractPipeline.java:509)
	at java.base/java.util.stream.AbstractPipeline.wrapAndCopyInto(AbstractPipeline.java:499)
	at java.base/java.util.stream.ForEachOps$ForEachOp.evaluateSequential(ForEachOps.java:151)
	at java.base/java.util.stream.ForEachOps$ForEachOp$OfRef.evaluateSequential(ForEachOps.java:174)
	at java.base/java.util.stream.AbstractPipeline.evaluate(AbstractPipeline.java:234)
	at java.base/java.util.stream.ReferencePipeline.forEach(ReferencePipeline.java:596)
	at java.base/java.util.stream.ReferencePipeline$7$1.accept(ReferencePipeline.java:276)
	at java.base/java.util.ArrayList$ArrayListSpliterator.forEachRemaining(ArrayList.java:1708)
	at java.base/java.util.stream.AbstractPipeline.copyInto(AbstractPipeline.java:509)
	at java.base/java.util.stream.AbstractPipeline.wrapAndCopyInto(AbstractPipeline.java:499)
	at java.base/java.util.stream.ForEachOps$ForEachOp.evaluateSequential(ForEachOps.java:151)
	at java.base/java.util.stream.ForEachOps$ForEachOp$OfRef.evaluateSequential(ForEachOps.java:174)
	at java.base/java.util.stream.AbstractPipeline.evaluate(AbstractPipeline.java:234)
	at java.base/java.util.stream.ReferencePipeline.forEach(ReferencePipeline.java:596)
	at java.base/java.util.stream.ReferencePipeline$7$1.accept(ReferencePipeline.java:276)
	at java.base/java.util.stream.ReferencePipeline$3$1.accept(ReferencePipeline.java:197)
	at java.base/java.util.stream.ReferencePipeline$3$1.accept(ReferencePipeline.java:197)
	at java.base/java.util.stream.ReferencePipeline$3$1.accept(ReferencePipeline.java:197)
	at java.base/java.util.ArrayList$ArrayListSpliterator.forEachRemaining(ArrayList.java:1708)
	at java.base/java.util.stream.AbstractPipeline.copyInto(AbstractPipeline.java:509)
	at java.base/java.util.stream.AbstractPipeline.wrapAndCopyInto(AbstractPipeline.java:499)
	at java.base/java.util.stream.ForEachOps$ForEachOp.evaluateSequential(ForEachOps.java:151)
	at java.base/java.util.stream.ForEachOps$ForEachOp$OfRef.evaluateSequential(ForEachOps.java:174)
	at java.base/java.util.stream.AbstractPipeline.evaluate(AbstractPipeline.java:234)
	at java.base/java.util.stream.ReferencePipeline.forEach(ReferencePipeline.java:596)
	at java.base/java.util.ArrayList.forEach(ArrayList.java:1596)
	at java.base/java.util.ArrayList.forEach(ArrayList.java:1596)
Caused by: java.lang.IllegalArgumentException: Parameter activeWriters must not be null
	at org.springframework.util.Assert.notNull(Assert.java:181)
	at com.agilityhub.core.shared.persistence.TenantWriteCounterRepository$Counter_Instantiator_ulp106.newInstance(Unknown Source)
	at org.springframework.data.mapping.model.ClassGeneratingEntityInstantiator$EntityInstantiatorAdapter.createInstance(ClassGeneratingEntityInstantiator.java:276)
	... 73 more

[ERROR] com.agilityhub.core.shared.persistence.TenantWriteTrackingIT.T_18_16_round2_point1_everyMutationWithoutAuditOrOutboxRefusesReset(String)[9] -- Time elapsed: 0.021 s <<< ERROR!
org.springframework.data.mapping.model.MappingInstantiationException: Failed to instantiate com.agilityhub.core.shared.persistence.TenantWriteCounterRepository$Counter using constructor public com.agilityhub.core.shared.persistence.TenantWriteCounterRepository$Counter(java.lang.String,java.lang.String,long,long,long) with arguments write-fence-test,write-fence-test,0,1,null
	at org.springframework.data.mapping.model.ClassGeneratingEntityInstantiator$EntityInstantiatorAdapter.createInstance(ClassGeneratingEntityInstantiator.java:278)
	at org.springframework.data.mapping.model.ClassGeneratingEntityInstantiator.createInstance(ClassGeneratingEntityInstantiator.java:98)
	at org.springframework.data.mongodb.core.convert.MappingMongoConverter.read(MappingMongoConverter.java:570)
	at org.springframework.data.mongodb.core.convert.MappingMongoConverter.readDocument(MappingMongoConverter.java:522)
	at org.springframework.data.mongodb.core.convert.MappingMongoConverter.read(MappingMongoConverter.java:458)
	at org.springframework.data.mongodb.core.convert.MappingMongoConverter.read(MappingMongoConverter.java:454)
	at org.springframework.data.mongodb.core.convert.MappingMongoConverter.read(MappingMongoConverter.java:126)
	at org.springframework.data.mongodb.core.MongoTemplate$ReadDocumentCallback.doWith(MongoTemplate.java:3322)
	at org.springframework.data.mongodb.core.MongoTemplate.executeFindOneInternal(MongoTemplate.java:2913)
	at org.springframework.data.mongodb.core.MongoTemplate.doFindAndModify(MongoTemplate.java:2770)
	at org.springframework.data.mongodb.core.MongoTemplate.findAndModify(MongoTemplate.java:1120)
	at org.springframework.data.mongodb.core.MongoTemplate.findAndModify(MongoTemplate.java:1095)
	at com.agilityhub.core.shared.persistence.TenantWriteCounterRepository.lock(TenantWriteCounterRepository.java:45)
	at java.base/jdk.internal.reflect.DirectMethodHandleAccessor.invoke(DirectMethodHandleAccessor.java:103)
	at java.base/java.lang.reflect.Method.invoke(Method.java:580)
	at org.springframework.aop.support.AopUtils.invokeJoinpointUsingReflection(AopUtils.java:360)
	at org.springframework.aop.framework.ReflectiveMethodInvocation.invokeJoinpoint(ReflectiveMethodInvocation.java:196)
	at org.springframework.aop.framework.ReflectiveMethodInvocation.proceed(ReflectiveMethodInvocation.java:163)
	at org.springframework.dao.support.PersistenceExceptionTranslationInterceptor.invoke(PersistenceExceptionTranslationInterceptor.java:138)
	at org.springframework.aop.framework.ReflectiveMethodInvocation.proceed(ReflectiveMethodInvocation.java:184)
	at org.springframework.aop.framework.CglibAopProxy$DynamicAdvisedInterceptor.intercept(CglibAopProxy.java:728)
	at com.agilityhub.core.shared.persistence.TenantWriteCounterRepository$$SpringCGLIB$$0.lock(<generated>)
	at com.agilityhub.core.shared.application.TenantWriteFence.lock(TenantWriteFence.java:48)
	at com.agilityhub.core.migration.persistence.MigrationResetRepository.checkpoint(MigrationResetRepository.java:24)
	at java.base/jdk.internal.reflect.DirectMethodHandleAccessor.invoke(DirectMethodHandleAccessor.java:103)
	at java.base/java.lang.reflect.Method.invoke(Method.java:580)
	at org.springframework.aop.support.AopUtils.invokeJoinpointUsingReflection(AopUtils.java:360)
	at org.springframework.aop.framework.ReflectiveMethodInvocation.invokeJoinpoint(ReflectiveMethodInvocation.java:196)
	at org.springframework.aop.framework.ReflectiveMethodInvocation.proceed(ReflectiveMethodInvocation.java:163)
	at org.springframework.dao.support.PersistenceExceptionTranslationInterceptor.invoke(PersistenceExceptionTranslationInterceptor.java:138)
	at org.springframework.aop.framework.ReflectiveMethodInvocation.proceed(ReflectiveMethodInvocation.java:184)
	at org.springframework.aop.framework.CglibAopProxy$DynamicAdvisedInterceptor.intercept(CglibAopProxy.java:728)
	at com.agilityhub.core.migration.persistence.MigrationResetRepository$$SpringCGLIB$$0.checkpoint(<generated>)
	at com.agilityhub.core.shared.persistence.TenantWriteTrackingIT.lambda$checkpoint$0(TenantWriteTrackingIT.java:37)
	at org.springframework.transaction.support.TransactionOperations.lambda$executeWithoutResult$0(TransactionOperations.java:68)
	at org.springframework.transaction.support.TransactionTemplate.execute(TransactionTemplate.java:140)
	at org.springframework.transaction.support.TransactionOperations.executeWithoutResult(TransactionOperations.java:67)
	at com.agilityhub.core.shared.persistence.TenantWriteTrackingIT.checkpoint(TenantWriteTrackingIT.java:37)
	at com.agilityhub.core.shared.persistence.TenantWriteTrackingIT.prepare(TenantWriteTrackingIT.java:32)
	at java.base/java.lang.reflect.Method.invoke(Method.java:580)
	at java.base/java.util.Optional.ifPresent(Optional.java:178)
	at java.base/java.util.stream.ForEachOps$ForEachOp$OfRef.accept(ForEachOps.java:184)
	at java.base/java.util.stream.ReferencePipeline$3$1.accept(ReferencePipeline.java:197)
	at java.base/java.util.stream.ForEachOps$ForEachOp$OfRef.accept(ForEachOps.java:184)
	at java.base/java.util.stream.ForEachOps$ForEachOp$OfRef.accept(ForEachOps.java:184)
	at java.base/java.util.stream.ReferencePipeline$3$1.accept(ReferencePipeline.java:197)
	at java.base/java.util.Spliterators$ArraySpliterator.forEachRemaining(Spliterators.java:1024)
	at java.base/java.util.stream.AbstractPipeline.copyInto(AbstractPipeline.java:509)
	at java.base/java.util.stream.AbstractPipeline.wrapAndCopyInto(AbstractPipeline.java:499)
	at java.base/java.util.stream.ForEachOps$ForEachOp.evaluateSequential(ForEachOps.java:151)
	at java.base/java.util.stream.ForEachOps$ForEachOp$OfRef.evaluateSequential(ForEachOps.java:174)
	at java.base/java.util.stream.AbstractPipeline.evaluate(AbstractPipeline.java:234)
	at java.base/java.util.stream.ReferencePipeline.forEach(ReferencePipeline.java:596)
	at java.base/java.util.stream.ReferencePipeline$7$1.accept(ReferencePipeline.java:276)
	at java.base/java.util.ArrayList$ArrayListSpliterator.forEachRemaining(ArrayList.java:1708)
	at java.base/java.util.stream.AbstractPipeline.copyInto(AbstractPipeline.java:509)
	at java.base/java.util.stream.AbstractPipeline.wrapAndCopyInto(AbstractPipeline.java:499)
	at java.base/java.util.stream.ForEachOps$ForEachOp.evaluateSequential(ForEachOps.java:151)
	at java.base/java.util.stream.ForEachOps$ForEachOp$OfRef.evaluateSequential(ForEachOps.java:174)
	at java.base/java.util.stream.AbstractPipeline.evaluate(AbstractPipeline.java:234)
	at java.base/java.util.stream.ReferencePipeline.forEach(ReferencePipeline.java:596)
	at java.base/java.util.stream.ReferencePipeline$7$1.accept(ReferencePipeline.java:276)
	at java.base/java.util.stream.ReferencePipeline$3$1.accept(ReferencePipeline.java:197)
	at java.base/java.util.stream.ReferencePipeline$3$1.accept(ReferencePipeline.java:197)
	at java.base/java.util.stream.ReferencePipeline$3$1.accept(ReferencePipeline.java:197)
	at java.base/java.util.ArrayList$ArrayListSpliterator.forEachRemaining(ArrayList.java:1708)
	at java.base/java.util.stream.AbstractPipeline.copyInto(AbstractPipeline.java:509)
	at java.base/java.util.stream.AbstractPipeline.wrapAndCopyInto(AbstractPipeline.java:499)
	at java.base/java.util.stream.ForEachOps$ForEachOp.evaluateSequential(ForEachOps.java:151)
	at java.base/java.util.stream.ForEachOps$ForEachOp$OfRef.evaluateSequential(ForEachOps.java:174)
	at java.base/java.util.stream.AbstractPipeline.evaluate(AbstractPipeline.java:234)
	at java.base/java.util.stream.ReferencePipeline.forEach(ReferencePipeline.java:596)
	at java.base/java.util.ArrayList.forEach(ArrayList.java:1596)
	at java.base/java.util.ArrayList.forEach(ArrayList.java:1596)
Caused by: java.lang.IllegalArgumentException: Parameter activeWriters must not be null
	at org.springframework.util.Assert.notNull(Assert.java:181)
	at com.agilityhub.core.shared.persistence.TenantWriteCounterRepository$Counter_Instantiator_ulp106.newInstance(Unknown Source)
	at org.springframework.data.mapping.model.ClassGeneratingEntityInstantiator$EntityInstantiatorAdapter.createInstance(ClassGeneratingEntityInstantiator.java:276)
	... 73 more

[ERROR] com.agilityhub.core.shared.persistence.TenantWriteTrackingIT.T_18_16_round2_point1_everyMutationWithoutAuditOrOutboxRefusesReset(String)[10] -- Time elapsed: 0.023 s <<< ERROR!
org.springframework.data.mapping.model.MappingInstantiationException: Failed to instantiate com.agilityhub.core.shared.persistence.TenantWriteCounterRepository$Counter using constructor public com.agilityhub.core.shared.persistence.TenantWriteCounterRepository$Counter(java.lang.String,java.lang.String,long,long,long) with arguments write-fence-test,write-fence-test,0,1,null
	at org.springframework.data.mapping.model.ClassGeneratingEntityInstantiator$EntityInstantiatorAdapter.createInstance(ClassGeneratingEntityInstantiator.java:278)
	at org.springframework.data.mapping.model.ClassGeneratingEntityInstantiator.createInstance(ClassGeneratingEntityInstantiator.java:98)
	at org.springframework.data.mongodb.core.convert.MappingMongoConverter.read(MappingMongoConverter.java:570)
	at org.springframework.data.mongodb.core.convert.MappingMongoConverter.readDocument(MappingMongoConverter.java:522)
	at org.springframework.data.mongodb.core.convert.MappingMongoConverter.read(MappingMongoConverter.java:458)
	at org.springframework.data.mongodb.core.convert.MappingMongoConverter.read(MappingMongoConverter.java:454)
	at org.springframework.data.mongodb.core.convert.MappingMongoConverter.read(MappingMongoConverter.java:126)
	at org.springframework.data.mongodb.core.MongoTemplate$ReadDocumentCallback.doWith(MongoTemplate.java:3322)
	at org.springframework.data.mongodb.core.MongoTemplate.executeFindOneInternal(MongoTemplate.java:2913)
	at org.springframework.data.mongodb.core.MongoTemplate.doFindAndModify(MongoTemplate.java:2770)
	at org.springframework.data.mongodb.core.MongoTemplate.findAndModify(MongoTemplate.java:1120)
	at org.springframework.data.mongodb.core.MongoTemplate.findAndModify(MongoTemplate.java:1095)
	at com.agilityhub.core.shared.persistence.TenantWriteCounterRepository.lock(TenantWriteCounterRepository.java:45)
	at java.base/jdk.internal.reflect.DirectMethodHandleAccessor.invoke(DirectMethodHandleAccessor.java:103)
	at java.base/java.lang.reflect.Method.invoke(Method.java:580)
	at org.springframework.aop.support.AopUtils.invokeJoinpointUsingReflection(AopUtils.java:360)
	at org.springframework.aop.framework.ReflectiveMethodInvocation.invokeJoinpoint(ReflectiveMethodInvocation.java:196)
	at org.springframework.aop.framework.ReflectiveMethodInvocation.proceed(ReflectiveMethodInvocation.java:163)
	at org.springframework.dao.support.PersistenceExceptionTranslationInterceptor.invoke(PersistenceExceptionTranslationInterceptor.java:138)
	at org.springframework.aop.framework.ReflectiveMethodInvocation.proceed(ReflectiveMethodInvocation.java:184)
	at org.springframework.aop.framework.CglibAopProxy$DynamicAdvisedInterceptor.intercept(CglibAopProxy.java:728)
	at com.agilityhub.core.shared.persistence.TenantWriteCounterRepository$$SpringCGLIB$$0.lock(<generated>)
	at com.agilityhub.core.shared.application.TenantWriteFence.lock(TenantWriteFence.java:48)
	at com.agilityhub.core.migration.persistence.MigrationResetRepository.checkpoint(MigrationResetRepository.java:24)
	at java.base/jdk.internal.reflect.DirectMethodHandleAccessor.invoke(DirectMethodHandleAccessor.java:103)
	at java.base/java.lang.reflect.Method.invoke(Method.java:580)
	at org.springframework.aop.support.AopUtils.invokeJoinpointUsingReflection(AopUtils.java:360)
	at org.springframework.aop.framework.ReflectiveMethodInvocation.invokeJoinpoint(ReflectiveMethodInvocation.java:196)
	at org.springframework.aop.framework.ReflectiveMethodInvocation.proceed(ReflectiveMethodInvocation.java:163)
	at org.springframework.dao.support.PersistenceExceptionTranslationInterceptor.invoke(PersistenceExceptionTranslationInterceptor.java:138)
	at org.springframework.aop.framework.ReflectiveMethodInvocation.proceed(ReflectiveMethodInvocation.java:184)
	at org.springframework.aop.framework.CglibAopProxy$DynamicAdvisedInterceptor.intercept(CglibAopProxy.java:728)
	at com.agilityhub.core.migration.persistence.MigrationResetRepository$$SpringCGLIB$$0.checkpoint(<generated>)
	at com.agilityhub.core.shared.persistence.TenantWriteTrackingIT.lambda$checkpoint$0(TenantWriteTrackingIT.java:37)
	at org.springframework.transaction.support.TransactionOperations.lambda$executeWithoutResult$0(TransactionOperations.java:68)
	at org.springframework.transaction.support.TransactionTemplate.execute(TransactionTemplate.java:140)
	at org.springframework.transaction.support.TransactionOperations.executeWithoutResult(TransactionOperations.java:67)
	at com.agilityhub.core.shared.persistence.TenantWriteTrackingIT.checkpoint(TenantWriteTrackingIT.java:37)
	at com.agilityhub.core.shared.persistence.TenantWriteTrackingIT.prepare(TenantWriteTrackingIT.java:32)
	at java.base/java.lang.reflect.Method.invoke(Method.java:580)
	at java.base/java.util.Optional.ifPresent(Optional.java:178)
	at java.base/java.util.stream.ForEachOps$ForEachOp$OfRef.accept(ForEachOps.java:184)
	at java.base/java.util.stream.ReferencePipeline$3$1.accept(ReferencePipeline.java:197)
	at java.base/java.util.stream.ForEachOps$ForEachOp$OfRef.accept(ForEachOps.java:184)
	at java.base/java.util.stream.ForEachOps$ForEachOp$OfRef.accept(ForEachOps.java:184)
	at java.base/java.util.stream.ReferencePipeline$3$1.accept(ReferencePipeline.java:197)
	at java.base/java.util.Spliterators$ArraySpliterator.forEachRemaining(Spliterators.java:1024)
	at java.base/java.util.stream.AbstractPipeline.copyInto(AbstractPipeline.java:509)
	at java.base/java.util.stream.AbstractPipeline.wrapAndCopyInto(AbstractPipeline.java:499)
	at java.base/java.util.stream.ForEachOps$ForEachOp.evaluateSequential(ForEachOps.java:151)
	at java.base/java.util.stream.ForEachOps$ForEachOp$OfRef.evaluateSequential(ForEachOps.java:174)
	at java.base/java.util.stream.AbstractPipeline.evaluate(AbstractPipeline.java:234)
	at java.base/java.util.stream.ReferencePipeline.forEach(ReferencePipeline.java:596)
	at java.base/java.util.stream.ReferencePipeline$7$1.accept(ReferencePipeline.java:276)
	at java.base/java.util.ArrayList$ArrayListSpliterator.forEachRemaining(ArrayList.java:1708)
	at java.base/java.util.stream.AbstractPipeline.copyInto(AbstractPipeline.java:509)
	at java.base/java.util.stream.AbstractPipeline.wrapAndCopyInto(AbstractPipeline.java:499)
	at java.base/java.util.stream.ForEachOps$ForEachOp.evaluateSequential(ForEachOps.java:151)
	at java.base/java.util.stream.ForEachOps$ForEachOp$OfRef.evaluateSequential(ForEachOps.java:174)
	at java.base/java.util.stream.AbstractPipeline.evaluate(AbstractPipeline.java:234)
	at java.base/java.util.stream.ReferencePipeline.forEach(ReferencePipeline.java:596)
	at java.base/java.util.stream.ReferencePipeline$7$1.accept(ReferencePipeline.java:276)
	at java.base/java.util.stream.ReferencePipeline$3$1.accept(ReferencePipeline.java:197)
	at java.base/java.util.stream.ReferencePipeline$3$1.accept(ReferencePipeline.java:197)
	at java.base/java.util.stream.ReferencePipeline$3$1.accept(ReferencePipeline.java:197)
	at java.base/java.util.ArrayList$ArrayListSpliterator.forEachRemaining(ArrayList.java:1708)
	at java.base/java.util.stream.AbstractPipeline.copyInto(AbstractPipeline.java:509)
	at java.base/java.util.stream.AbstractPipeline.wrapAndCopyInto(AbstractPipeline.java:499)
	at java.base/java.util.stream.ForEachOps$ForEachOp.evaluateSequential(ForEachOps.java:151)
	at java.base/java.util.stream.ForEachOps$ForEachOp$OfRef.evaluateSequential(ForEachOps.java:174)
	at java.base/java.util.stream.AbstractPipeline.evaluate(AbstractPipeline.java:234)
	at java.base/java.util.stream.ReferencePipeline.forEach(ReferencePipeline.java:596)
	at java.base/java.util.ArrayList.forEach(ArrayList.java:1596)
	at java.base/java.util.ArrayList.forEach(ArrayList.java:1596)
Caused by: java.lang.IllegalArgumentException: Parameter activeWriters must not be null
	at org.springframework.util.Assert.notNull(Assert.java:181)
	at com.agilityhub.core.shared.persistence.TenantWriteCounterRepository$Counter_Instantiator_ulp106.newInstance(Unknown Source)
	at org.springframework.data.mapping.model.ClassGeneratingEntityInstantiator$EntityInstantiatorAdapter.createInstance(ClassGeneratingEntityInstantiator.java:276)
	... 73 more

[ERROR] com.agilityhub.core.shared.persistence.TenantWriteTrackingIT.T_18_16_round2_point1_everyMutationWithoutAuditOrOutboxRefusesReset(String)[11] -- Time elapsed: 0.026 s <<< ERROR!
org.springframework.data.mapping.model.MappingInstantiationException: Failed to instantiate com.agilityhub.core.shared.persistence.TenantWriteCounterRepository$Counter using constructor public com.agilityhub.core.shared.persistence.TenantWriteCounterRepository$Counter(java.lang.String,java.lang.String,long,long,long) with arguments write-fence-test,write-fence-test,0,1,null
	at org.springframework.data.mapping.model.ClassGeneratingEntityInstantiator$EntityInstantiatorAdapter.createInstance(ClassGeneratingEntityInstantiator.java:278)
	at org.springframework.data.mapping.model.ClassGeneratingEntityInstantiator.createInstance(ClassGeneratingEntityInstantiator.java:98)
	at org.springframework.data.mongodb.core.convert.MappingMongoConverter.read(MappingMongoConverter.java:570)
	at org.springframework.data.mongodb.core.convert.MappingMongoConverter.readDocument(MappingMongoConverter.java:522)
	at org.springframework.data.mongodb.core.convert.MappingMongoConverter.read(MappingMongoConverter.java:458)
	at org.springframework.data.mongodb.core.convert.MappingMongoConverter.read(MappingMongoConverter.java:454)
	at org.springframework.data.mongodb.core.convert.MappingMongoConverter.read(MappingMongoConverter.java:126)
	at org.springframework.data.mongodb.core.MongoTemplate$ReadDocumentCallback.doWith(MongoTemplate.java:3322)
	at org.springframework.data.mongodb.core.MongoTemplate.executeFindOneInternal(MongoTemplate.java:2913)
	at org.springframework.data.mongodb.core.MongoTemplate.doFindAndModify(MongoTemplate.java:2770)
	at org.springframework.data.mongodb.core.MongoTemplate.findAndModify(MongoTemplate.java:1120)
	at org.springframework.data.mongodb.core.MongoTemplate.findAndModify(MongoTemplate.java:1095)
	at com.agilityhub.core.shared.persistence.TenantWriteCounterRepository.lock(TenantWriteCounterRepository.java:45)
	at java.base/jdk.internal.reflect.DirectMethodHandleAccessor.invoke(DirectMethodHandleAccessor.java:103)
	at java.base/java.lang.reflect.Method.invoke(Method.java:580)
	at org.springframework.aop.support.AopUtils.invokeJoinpointUsingReflection(AopUtils.java:360)
	at org.springframework.aop.framework.ReflectiveMethodInvocation.invokeJoinpoint(ReflectiveMethodInvocation.java:196)
	at org.springframework.aop.framework.ReflectiveMethodInvocation.proceed(ReflectiveMethodInvocation.java:163)
	at org.springframework.dao.support.PersistenceExceptionTranslationInterceptor.invoke(PersistenceExceptionTranslationInterceptor.java:138)
	at org.springframework.aop.framework.ReflectiveMethodInvocation.proceed(ReflectiveMethodInvocation.java:184)
	at org.springframework.aop.framework.CglibAopProxy$DynamicAdvisedInterceptor.intercept(CglibAopProxy.java:728)
	at com.agilityhub.core.shared.persistence.TenantWriteCounterRepository$$SpringCGLIB$$0.lock(<generated>)
	at com.agilityhub.core.shared.application.TenantWriteFence.lock(TenantWriteFence.java:48)
	at com.agilityhub.core.migration.persistence.MigrationResetRepository.checkpoint(MigrationResetRepository.java:24)
	at java.base/jdk.internal.reflect.DirectMethodHandleAccessor.invoke(DirectMethodHandleAccessor.java:103)
	at java.base/java.lang.reflect.Method.invoke(Method.java:580)
	at org.springframework.aop.support.AopUtils.invokeJoinpointUsingReflection(AopUtils.java:360)
	at org.springframework.aop.framework.ReflectiveMethodInvocation.invokeJoinpoint(ReflectiveMethodInvocation.java:196)
	at org.springframework.aop.framework.ReflectiveMethodInvocation.proceed(ReflectiveMethodInvocation.java:163)
	at org.springframework.dao.support.PersistenceExceptionTranslationInterceptor.invoke(PersistenceExceptionTranslationInterceptor.java:138)
	at org.springframework.aop.framework.ReflectiveMethodInvocation.proceed(ReflectiveMethodInvocation.java:184)
	at org.springframework.aop.framework.CglibAopProxy$DynamicAdvisedInterceptor.intercept(CglibAopProxy.java:728)
	at com.agilityhub.core.migration.persistence.MigrationResetRepository$$SpringCGLIB$$0.checkpoint(<generated>)
	at com.agilityhub.core.shared.persistence.TenantWriteTrackingIT.lambda$checkpoint$0(TenantWriteTrackingIT.java:37)
	at org.springframework.transaction.support.TransactionOperations.lambda$executeWithoutResult$0(TransactionOperations.java:68)
	at org.springframework.transaction.support.TransactionTemplate.execute(TransactionTemplate.java:140)
	at org.springframework.transaction.support.TransactionOperations.executeWithoutResult(TransactionOperations.java:67)
	at com.agilityhub.core.shared.persistence.TenantWriteTrackingIT.checkpoint(TenantWriteTrackingIT.java:37)
	at com.agilityhub.core.shared.persistence.TenantWriteTrackingIT.prepare(TenantWriteTrackingIT.java:32)
	at java.base/java.lang.reflect.Method.invoke(Method.java:580)
	at java.base/java.util.Optional.ifPresent(Optional.java:178)
	at java.base/java.util.stream.ForEachOps$ForEachOp$OfRef.accept(ForEachOps.java:184)
	at java.base/java.util.stream.ReferencePipeline$3$1.accept(ReferencePipeline.java:197)
	at java.base/java.util.stream.ForEachOps$ForEachOp$OfRef.accept(ForEachOps.java:184)
	at java.base/java.util.stream.ForEachOps$ForEachOp$OfRef.accept(ForEachOps.java:184)
	at java.base/java.util.stream.ReferencePipeline$3$1.accept(ReferencePipeline.java:197)
	at java.base/java.util.Spliterators$ArraySpliterator.forEachRemaining(Spliterators.java:1024)
	at java.base/java.util.stream.AbstractPipeline.copyInto(AbstractPipeline.java:509)
	at java.base/java.util.stream.AbstractPipeline.wrapAndCopyInto(AbstractPipeline.java:499)
	at java.base/java.util.stream.ForEachOps$ForEachOp.evaluateSequential(ForEachOps.java:151)
	at java.base/java.util.stream.ForEachOps$ForEachOp$OfRef.evaluateSequential(ForEachOps.java:174)
	at java.base/java.util.stream.AbstractPipeline.evaluate(AbstractPipeline.java:234)
	at java.base/java.util.stream.ReferencePipeline.forEach(ReferencePipeline.java:596)
	at java.base/java.util.stream.ReferencePipeline$7$1.accept(ReferencePipeline.java:276)
	at java.base/java.util.ArrayList$ArrayListSpliterator.forEachRemaining(ArrayList.java:1708)
	at java.base/java.util.stream.AbstractPipeline.copyInto(AbstractPipeline.java:509)
	at java.base/java.util.stream.AbstractPipeline.wrapAndCopyInto(AbstractPipeline.java:499)
	at java.base/java.util.stream.ForEachOps$ForEachOp.evaluateSequential(ForEachOps.java:151)
	at java.base/java.util.stream.ForEachOps$ForEachOp$OfRef.evaluateSequential(ForEachOps.java:174)
	at java.base/java.util.stream.AbstractPipeline.evaluate(AbstractPipeline.java:234)
	at java.base/java.util.stream.ReferencePipeline.forEach(ReferencePipeline.java:596)
	at java.base/java.util.stream.ReferencePipeline$7$1.accept(ReferencePipeline.java:276)
	at java.base/java.util.stream.ReferencePipeline$3$1.accept(ReferencePipeline.java:197)
	at java.base/java.util.stream.ReferencePipeline$3$1.accept(ReferencePipeline.java:197)
	at java.base/java.util.stream.ReferencePipeline$3$1.accept(ReferencePipeline.java:197)
	at java.base/java.util.ArrayList$ArrayListSpliterator.forEachRemaining(ArrayList.java:1708)
	at java.base/java.util.stream.AbstractPipeline.copyInto(AbstractPipeline.java:509)
	at java.base/java.util.stream.AbstractPipeline.wrapAndCopyInto(AbstractPipeline.java:499)
	at java.base/java.util.stream.ForEachOps$ForEachOp.evaluateSequential(ForEachOps.java:151)
	at java.base/java.util.stream.ForEachOps$ForEachOp$OfRef.evaluateSequential(ForEachOps.java:174)
	at java.base/java.util.stream.AbstractPipeline.evaluate(AbstractPipeline.java:234)
	at java.base/java.util.stream.ReferencePipeline.forEach(ReferencePipeline.java:596)
	at java.base/java.util.ArrayList.forEach(ArrayList.java:1596)
	at java.base/java.util.ArrayList.forEach(ArrayList.java:1596)
Caused by: java.lang.IllegalArgumentException: Parameter activeWriters must not be null
	at org.springframework.util.Assert.notNull(Assert.java:181)
	at com.agilityhub.core.shared.persistence.TenantWriteCounterRepository$Counter_Instantiator_ulp106.newInstance(Unknown Source)
	at org.springframework.data.mapping.model.ClassGeneratingEntityInstantiator$EntityInstantiatorAdapter.createInstance(ClassGeneratingEntityInstantiator.java:276)
	... 73 more

[ERROR] com.agilityhub.core.shared.persistence.TenantWriteTrackingIT.T_18_16_round2_point1_everyMutationWithoutAuditOrOutboxRefusesReset(String)[12] -- Time elapsed: 0.024 s <<< ERROR!
org.springframework.data.mapping.model.MappingInstantiationException: Failed to instantiate com.agilityhub.core.shared.persistence.TenantWriteCounterRepository$Counter using constructor public com.agilityhub.core.shared.persistence.TenantWriteCounterRepository$Counter(java.lang.String,java.lang.String,long,long,long) with arguments write-fence-test,write-fence-test,0,1,null
	at org.springframework.data.mapping.model.ClassGeneratingEntityInstantiator$EntityInstantiatorAdapter.createInstance(ClassGeneratingEntityInstantiator.java:278)
	at org.springframework.data.mapping.model.ClassGeneratingEntityInstantiator.createInstance(ClassGeneratingEntityInstantiator.java:98)
	at org.springframework.data.mongodb.core.convert.MappingMongoConverter.read(MappingMongoConverter.java:570)
	at org.springframework.data.mongodb.core.convert.MappingMongoConverter.readDocument(MappingMongoConverter.java:522)
	at org.springframework.data.mongodb.core.convert.MappingMongoConverter.read(MappingMongoConverter.java:458)
	at org.springframework.data.mongodb.core.convert.MappingMongoConverter.read(MappingMongoConverter.java:454)
	at org.springframework.data.mongodb.core.convert.MappingMongoConverter.read(MappingMongoConverter.java:126)
	at org.springframework.data.mongodb.core.MongoTemplate$ReadDocumentCallback.doWith(MongoTemplate.java:3322)
	at org.springframework.data.mongodb.core.MongoTemplate.executeFindOneInternal(MongoTemplate.java:2913)
	at org.springframework.data.mongodb.core.MongoTemplate.doFindAndModify(MongoTemplate.java:2770)
	at org.springframework.data.mongodb.core.MongoTemplate.findAndModify(MongoTemplate.java:1120)
	at org.springframework.data.mongodb.core.MongoTemplate.findAndModify(MongoTemplate.java:1095)
	at com.agilityhub.core.shared.persistence.TenantWriteCounterRepository.lock(TenantWriteCounterRepository.java:45)
	at java.base/jdk.internal.reflect.DirectMethodHandleAccessor.invoke(DirectMethodHandleAccessor.java:103)
	at java.base/java.lang.reflect.Method.invoke(Method.java:580)
	at org.springframework.aop.support.AopUtils.invokeJoinpointUsingReflection(AopUtils.java:360)
	at org.springframework.aop.framework.ReflectiveMethodInvocation.invokeJoinpoint(ReflectiveMethodInvocation.java:196)
	at org.springframework.aop.framework.ReflectiveMethodInvocation.proceed(ReflectiveMethodInvocation.java:163)
	at org.springframework.dao.support.PersistenceExceptionTranslationInterceptor.invoke(PersistenceExceptionTranslationInterceptor.java:138)
	at org.springframework.aop.framework.ReflectiveMethodInvocation.proceed(ReflectiveMethodInvocation.java:184)
	at org.springframework.aop.framework.CglibAopProxy$DynamicAdvisedInterceptor.intercept(CglibAopProxy.java:728)
	at com.agilityhub.core.shared.persistence.TenantWriteCounterRepository$$SpringCGLIB$$0.lock(<generated>)
	at com.agilityhub.core.shared.application.TenantWriteFence.lock(TenantWriteFence.java:48)
	at com.agilityhub.core.migration.persistence.MigrationResetRepository.checkpoint(MigrationResetRepository.java:24)
	at java.base/jdk.internal.reflect.DirectMethodHandleAccessor.invoke(DirectMethodHandleAccessor.java:103)
	at java.base/java.lang.reflect.Method.invoke(Method.java:580)
	at org.springframework.aop.support.AopUtils.invokeJoinpointUsingReflection(AopUtils.java:360)
	at org.springframework.aop.framework.ReflectiveMethodInvocation.invokeJoinpoint(ReflectiveMethodInvocation.java:196)
	at org.springframework.aop.framework.ReflectiveMethodInvocation.proceed(ReflectiveMethodInvocation.java:163)
	at org.springframework.dao.support.PersistenceExceptionTranslationInterceptor.invoke(PersistenceExceptionTranslationInterceptor.java:138)
	at org.springframework.aop.framework.ReflectiveMethodInvocation.proceed(ReflectiveMethodInvocation.java:184)
	at org.springframework.aop.framework.CglibAopProxy$DynamicAdvisedInterceptor.intercept(CglibAopProxy.java:728)
	at com.agilityhub.core.migration.persistence.MigrationResetRepository$$SpringCGLIB$$0.checkpoint(<generated>)
	at com.agilityhub.core.shared.persistence.TenantWriteTrackingIT.lambda$checkpoint$0(TenantWriteTrackingIT.java:37)
	at org.springframework.transaction.support.TransactionOperations.lambda$executeWithoutResult$0(TransactionOperations.java:68)
	at org.springframework.transaction.support.TransactionTemplate.execute(TransactionTemplate.java:140)
	at org.springframework.transaction.support.TransactionOperations.executeWithoutResult(TransactionOperations.java:67)
	at com.agilityhub.core.shared.persistence.TenantWriteTrackingIT.checkpoint(TenantWriteTrackingIT.java:37)
	at com.agilityhub.core.shared.persistence.TenantWriteTrackingIT.prepare(TenantWriteTrackingIT.java:32)
	at java.base/java.lang.reflect.Method.invoke(Method.java:580)
	at java.base/java.util.Optional.ifPresent(Optional.java:178)
	at java.base/java.util.stream.ForEachOps$ForEachOp$OfRef.accept(ForEachOps.java:184)
	at java.base/java.util.stream.ReferencePipeline$3$1.accept(ReferencePipeline.java:197)
	at java.base/java.util.stream.ForEachOps$ForEachOp$OfRef.accept(ForEachOps.java:184)
	at java.base/java.util.stream.ForEachOps$ForEachOp$OfRef.accept(ForEachOps.java:184)
	at java.base/java.util.stream.ReferencePipeline$3$1.accept(ReferencePipeline.java:197)
	at java.base/java.util.Spliterators$ArraySpliterator.forEachRemaining(Spliterators.java:1024)
	at java.base/java.util.stream.AbstractPipeline.copyInto(AbstractPipeline.java:509)
	at java.base/java.util.stream.AbstractPipeline.wrapAndCopyInto(AbstractPipeline.java:499)
	at java.base/java.util.stream.ForEachOps$ForEachOp.evaluateSequential(ForEachOps.java:151)
	at java.base/java.util.stream.ForEachOps$ForEachOp$OfRef.evaluateSequential(ForEachOps.java:174)
	at java.base/java.util.stream.AbstractPipeline.evaluate(AbstractPipeline.java:234)
	at java.base/java.util.stream.ReferencePipeline.forEach(ReferencePipeline.java:596)
	at java.base/java.util.stream.ReferencePipeline$7$1.accept(ReferencePipeline.java:276)
	at java.base/java.util.ArrayList$ArrayListSpliterator.forEachRemaining(ArrayList.java:1708)
	at java.base/java.util.stream.AbstractPipeline.copyInto(AbstractPipeline.java:509)
	at java.base/java.util.stream.AbstractPipeline.wrapAndCopyInto(AbstractPipeline.java:499)
	at java.base/java.util.stream.ForEachOps$ForEachOp.evaluateSequential(ForEachOps.java:151)
	at java.base/java.util.stream.ForEachOps$ForEachOp$OfRef.evaluateSequential(ForEachOps.java:174)
	at java.base/java.util.stream.AbstractPipeline.evaluate(AbstractPipeline.java:234)
	at java.base/java.util.stream.ReferencePipeline.forEach(ReferencePipeline.java:596)
	at java.base/java.util.stream.ReferencePipeline$7$1.accept(ReferencePipeline.java:276)
	at java.base/java.util.stream.ReferencePipeline$3$1.accept(ReferencePipeline.java:197)
	at java.base/java.util.stream.ReferencePipeline$3$1.accept(ReferencePipeline.java:197)
	at java.base/java.util.stream.ReferencePipeline$3$1.accept(ReferencePipeline.java:197)
	at java.base/java.util.ArrayList$ArrayListSpliterator.forEachRemaining(ArrayList.java:1708)
	at java.base/java.util.stream.AbstractPipeline.copyInto(AbstractPipeline.java:509)
	at java.base/java.util.stream.AbstractPipeline.wrapAndCopyInto(AbstractPipeline.java:499)
	at java.base/java.util.stream.ForEachOps$ForEachOp.evaluateSequential(ForEachOps.java:151)
	at java.base/java.util.stream.ForEachOps$ForEachOp$OfRef.evaluateSequential(ForEachOps.java:174)
	at java.base/java.util.stream.AbstractPipeline.evaluate(AbstractPipeline.java:234)
	at java.base/java.util.stream.ReferencePipeline.forEach(ReferencePipeline.java:596)
	at java.base/java.util.ArrayList.forEach(ArrayList.java:1596)
	at java.base/java.util.ArrayList.forEach(ArrayList.java:1596)
Caused by: java.lang.IllegalArgumentException: Parameter activeWriters must not be null
	at org.springframework.util.Assert.notNull(Assert.java:181)
	at com.agilityhub.core.shared.persistence.TenantWriteCounterRepository$Counter_Instantiator_ulp106.newInstance(Unknown Source)
	at org.springframework.data.mapping.model.ClassGeneratingEntityInstantiator$EntityInstantiatorAdapter.createInstance(ClassGeneratingEntityInstantiator.java:276)
	... 73 more

[ERROR] com.agilityhub.core.shared.persistence.TenantWriteTrackingIT.T_18_16_round2_point1_everyMutationWithoutAuditOrOutboxRefusesReset(String)[13] -- Time elapsed: 0.020 s <<< ERROR!
org.springframework.data.mapping.model.MappingInstantiationException: Failed to instantiate com.agilityhub.core.shared.persistence.TenantWriteCounterRepository$Counter using constructor public com.agilityhub.core.shared.persistence.TenantWriteCounterRepository$Counter(java.lang.String,java.lang.String,long,long,long) with arguments write-fence-test,write-fence-test,0,1,null
	at org.springframework.data.mapping.model.ClassGeneratingEntityInstantiator$EntityInstantiatorAdapter.createInstance(ClassGeneratingEntityInstantiator.java:278)
	at org.springframework.data.mapping.model.ClassGeneratingEntityInstantiator.createInstance(ClassGeneratingEntityInstantiator.java:98)
	at org.springframework.data.mongodb.core.convert.MappingMongoConverter.read(MappingMongoConverter.java:570)
	at org.springframework.data.mongodb.core.convert.MappingMongoConverter.readDocument(MappingMongoConverter.java:522)
	at org.springframework.data.mongodb.core.convert.MappingMongoConverter.read(MappingMongoConverter.java:458)
	at org.springframework.data.mongodb.core.convert.MappingMongoConverter.read(MappingMongoConverter.java:454)
	at org.springframework.data.mongodb.core.convert.MappingMongoConverter.read(MappingMongoConverter.java:126)
	at org.springframework.data.mongodb.core.MongoTemplate$ReadDocumentCallback.doWith(MongoTemplate.java:3322)
	at org.springframework.data.mongodb.core.MongoTemplate.executeFindOneInternal(MongoTemplate.java:2913)
	at org.springframework.data.mongodb.core.MongoTemplate.doFindAndModify(MongoTemplate.java:2770)
	at org.springframework.data.mongodb.core.MongoTemplate.findAndModify(MongoTemplate.java:1120)
	at org.springframework.data.mongodb.core.MongoTemplate.findAndModify(MongoTemplate.java:1095)
	at com.agilityhub.core.shared.persistence.TenantWriteCounterRepository.lock(TenantWriteCounterRepository.java:45)
	at java.base/jdk.internal.reflect.DirectMethodHandleAccessor.invoke(DirectMethodHandleAccessor.java:103)
	at java.base/java.lang.reflect.Method.invoke(Method.java:580)
	at org.springframework.aop.support.AopUtils.invokeJoinpointUsingReflection(AopUtils.java:360)
	at org.springframework.aop.framework.ReflectiveMethodInvocation.invokeJoinpoint(ReflectiveMethodInvocation.java:196)
	at org.springframework.aop.framework.ReflectiveMethodInvocation.proceed(ReflectiveMethodInvocation.java:163)
	at org.springframework.dao.support.PersistenceExceptionTranslationInterceptor.invoke(PersistenceExceptionTranslationInterceptor.java:138)
	at org.springframework.aop.framework.ReflectiveMethodInvocation.proceed(ReflectiveMethodInvocation.java:184)
	at org.springframework.aop.framework.CglibAopProxy$DynamicAdvisedInterceptor.intercept(CglibAopProxy.java:728)
	at com.agilityhub.core.shared.persistence.TenantWriteCounterRepository$$SpringCGLIB$$0.lock(<generated>)
	at com.agilityhub.core.shared.application.TenantWriteFence.lock(TenantWriteFence.java:48)
	at com.agilityhub.core.migration.persistence.MigrationResetRepository.checkpoint(MigrationResetRepository.java:24)
	at java.base/jdk.internal.reflect.DirectMethodHandleAccessor.invoke(DirectMethodHandleAccessor.java:103)
	at java.base/java.lang.reflect.Method.invoke(Method.java:580)
	at org.springframework.aop.support.AopUtils.invokeJoinpointUsingReflection(AopUtils.java:360)
	at org.springframework.aop.framework.ReflectiveMethodInvocation.invokeJoinpoint(ReflectiveMethodInvocation.java:196)
	at org.springframework.aop.framework.ReflectiveMethodInvocation.proceed(ReflectiveMethodInvocation.java:163)
	at org.springframework.dao.support.PersistenceExceptionTranslationInterceptor.invoke(PersistenceExceptionTranslationInterceptor.java:138)
	at org.springframework.aop.framework.ReflectiveMethodInvocation.proceed(ReflectiveMethodInvocation.java:184)
	at org.springframework.aop.framework.CglibAopProxy$DynamicAdvisedInterceptor.intercept(CglibAopProxy.java:728)
	at com.agilityhub.core.migration.persistence.MigrationResetRepository$$SpringCGLIB$$0.checkpoint(<generated>)
	at com.agilityhub.core.shared.persistence.TenantWriteTrackingIT.lambda$checkpoint$0(TenantWriteTrackingIT.java:37)
	at org.springframework.transaction.support.TransactionOperations.lambda$executeWithoutResult$0(TransactionOperations.java:68)
	at org.springframework.transaction.support.TransactionTemplate.execute(TransactionTemplate.java:140)
	at org.springframework.transaction.support.TransactionOperations.executeWithoutResult(TransactionOperations.java:67)
	at com.agilityhub.core.shared.persistence.TenantWriteTrackingIT.checkpoint(TenantWriteTrackingIT.java:37)
	at com.agilityhub.core.shared.persistence.TenantWriteTrackingIT.prepare(TenantWriteTrackingIT.java:32)
	at java.base/java.lang.reflect.Method.invoke(Method.java:580)
	at java.base/java.util.Optional.ifPresent(Optional.java:178)
	at java.base/java.util.stream.ForEachOps$ForEachOp$OfRef.accept(ForEachOps.java:184)
	at java.base/java.util.stream.ReferencePipeline$3$1.accept(ReferencePipeline.java:197)
	at java.base/java.util.stream.ForEachOps$ForEachOp$OfRef.accept(ForEachOps.java:184)
	at java.base/java.util.stream.ForEachOps$ForEachOp$OfRef.accept(ForEachOps.java:184)
	at java.base/java.util.stream.ReferencePipeline$3$1.accept(ReferencePipeline.java:197)
	at java.base/java.util.Spliterators$ArraySpliterator.forEachRemaining(Spliterators.java:1024)
	at java.base/java.util.stream.AbstractPipeline.copyInto(AbstractPipeline.java:509)
	at java.base/java.util.stream.AbstractPipeline.wrapAndCopyInto(AbstractPipeline.java:499)
	at java.base/java.util.stream.ForEachOps$ForEachOp.evaluateSequential(ForEachOps.java:151)
	at java.base/java.util.stream.ForEachOps$ForEachOp$OfRef.evaluateSequential(ForEachOps.java:174)
	at java.base/java.util.stream.AbstractPipeline.evaluate(AbstractPipeline.java:234)
	at java.base/java.util.stream.ReferencePipeline.forEach(ReferencePipeline.java:596)
	at java.base/java.util.stream.ReferencePipeline$7$1.accept(ReferencePipeline.java:276)
	at java.base/java.util.ArrayList$ArrayListSpliterator.forEachRemaining(ArrayList.java:1708)
	at java.base/java.util.stream.AbstractPipeline.copyInto(AbstractPipeline.java:509)
	at java.base/java.util.stream.AbstractPipeline.wrapAndCopyInto(AbstractPipeline.java:499)
	at java.base/java.util.stream.ForEachOps$ForEachOp.evaluateSequential(ForEachOps.java:151)
	at java.base/java.util.stream.ForEachOps$ForEachOp$OfRef.evaluateSequential(ForEachOps.java:174)
	at java.base/java.util.stream.AbstractPipeline.evaluate(AbstractPipeline.java:234)
	at java.base/java.util.stream.ReferencePipeline.forEach(ReferencePipeline.java:596)
	at java.base/java.util.stream.ReferencePipeline$7$1.accept(ReferencePipeline.java:276)
	at java.base/java.util.stream.ReferencePipeline$3$1.accept(ReferencePipeline.java:197)
	at java.base/java.util.stream.ReferencePipeline$3$1.accept(ReferencePipeline.java:197)
	at java.base/java.util.stream.ReferencePipeline$3$1.accept(ReferencePipeline.java:197)
	at java.base/java.util.ArrayList$ArrayListSpliterator.forEachRemaining(ArrayList.java:1708)
	at java.base/java.util.stream.AbstractPipeline.copyInto(AbstractPipeline.java:509)
	at java.base/java.util.stream.AbstractPipeline.wrapAndCopyInto(AbstractPipeline.java:499)
	at java.base/java.util.stream.ForEachOps$ForEachOp.evaluateSequential(ForEachOps.java:151)
	at java.base/java.util.stream.ForEachOps$ForEachOp$OfRef.evaluateSequential(ForEachOps.java:174)
	at java.base/java.util.stream.AbstractPipeline.evaluate(AbstractPipeline.java:234)
	at java.base/java.util.stream.ReferencePipeline.forEach(ReferencePipeline.java:596)
	at java.base/java.util.ArrayList.forEach(ArrayList.java:1596)
	at java.base/java.util.ArrayList.forEach(ArrayList.java:1596)
Caused by: java.lang.IllegalArgumentException: Parameter activeWriters must not be null
	at org.springframework.util.Assert.notNull(Assert.java:181)
	at com.agilityhub.core.shared.persistence.TenantWriteCounterRepository$Counter_Instantiator_ulp106.newInstance(Unknown Source)
	at org.springframework.data.mapping.model.ClassGeneratingEntityInstantiator$EntityInstantiatorAdapter.createInstance(ClassGeneratingEntityInstantiator.java:276)
	... 73 more

[ERROR] com.agilityhub.core.shared.persistence.TenantWriteTrackingIT.T_18_16_round2_point1_everyMutationWithoutAuditOrOutboxRefusesReset(String)[14] -- Time elapsed: 0.021 s <<< ERROR!
org.springframework.data.mapping.model.MappingInstantiationException: Failed to instantiate com.agilityhub.core.shared.persistence.TenantWriteCounterRepository$Counter using constructor public com.agilityhub.core.shared.persistence.TenantWriteCounterRepository$Counter(java.lang.String,java.lang.String,long,long,long) with arguments write-fence-test,write-fence-test,0,1,null
	at org.springframework.data.mapping.model.ClassGeneratingEntityInstantiator$EntityInstantiatorAdapter.createInstance(ClassGeneratingEntityInstantiator.java:278)
	at org.springframework.data.mapping.model.ClassGeneratingEntityInstantiator.createInstance(ClassGeneratingEntityInstantiator.java:98)
	at org.springframework.data.mongodb.core.convert.MappingMongoConverter.read(MappingMongoConverter.java:570)
	at org.springframework.data.mongodb.core.convert.MappingMongoConverter.readDocument(MappingMongoConverter.java:522)
	at org.springframework.data.mongodb.core.convert.MappingMongoConverter.read(MappingMongoConverter.java:458)
	at org.springframework.data.mongodb.core.convert.MappingMongoConverter.read(MappingMongoConverter.java:454)
	at org.springframework.data.mongodb.core.convert.MappingMongoConverter.read(MappingMongoConverter.java:126)
	at org.springframework.data.mongodb.core.MongoTemplate$ReadDocumentCallback.doWith(MongoTemplate.java:3322)
	at org.springframework.data.mongodb.core.MongoTemplate.executeFindOneInternal(MongoTemplate.java:2913)
	at org.springframework.data.mongodb.core.MongoTemplate.doFindAndModify(MongoTemplate.java:2770)
	at org.springframework.data.mongodb.core.MongoTemplate.findAndModify(MongoTemplate.java:1120)
	at org.springframework.data.mongodb.core.MongoTemplate.findAndModify(MongoTemplate.java:1095)
	at com.agilityhub.core.shared.persistence.TenantWriteCounterRepository.lock(TenantWriteCounterRepository.java:45)
	at java.base/jdk.internal.reflect.DirectMethodHandleAccessor.invoke(DirectMethodHandleAccessor.java:103)
	at java.base/java.lang.reflect.Method.invoke(Method.java:580)
	at org.springframework.aop.support.AopUtils.invokeJoinpointUsingReflection(AopUtils.java:360)
	at org.springframework.aop.framework.ReflectiveMethodInvocation.invokeJoinpoint(ReflectiveMethodInvocation.java:196)
	at org.springframework.aop.framework.ReflectiveMethodInvocation.proceed(ReflectiveMethodInvocation.java:163)
	at org.springframework.dao.support.PersistenceExceptionTranslationInterceptor.invoke(PersistenceExceptionTranslationInterceptor.java:138)
	at org.springframework.aop.framework.ReflectiveMethodInvocation.proceed(ReflectiveMethodInvocation.java:184)
	at org.springframework.aop.framework.CglibAopProxy$DynamicAdvisedInterceptor.intercept(CglibAopProxy.java:728)
	at com.agilityhub.core.shared.persistence.TenantWriteCounterRepository$$SpringCGLIB$$0.lock(<generated>)
	at com.agilityhub.core.shared.application.TenantWriteFence.lock(TenantWriteFence.java:48)
	at com.agilityhub.core.migration.persistence.MigrationResetRepository.checkpoint(MigrationResetRepository.java:24)
	at java.base/jdk.internal.reflect.DirectMethodHandleAccessor.invoke(DirectMethodHandleAccessor.java:103)
	at java.base/java.lang.reflect.Method.invoke(Method.java:580)
	at org.springframework.aop.support.AopUtils.invokeJoinpointUsingReflection(AopUtils.java:360)
	at org.springframework.aop.framework.ReflectiveMethodInvocation.invokeJoinpoint(ReflectiveMethodInvocation.java:196)
	at org.springframework.aop.framework.ReflectiveMethodInvocation.proceed(ReflectiveMethodInvocation.java:163)
	at org.springframework.dao.support.PersistenceExceptionTranslationInterceptor.invoke(PersistenceExceptionTranslationInterceptor.java:138)
	at org.springframework.aop.framework.ReflectiveMethodInvocation.proceed(ReflectiveMethodInvocation.java:184)
	at org.springframework.aop.framework.CglibAopProxy$DynamicAdvisedInterceptor.intercept(CglibAopProxy.java:728)
	at com.agilityhub.core.migration.persistence.MigrationResetRepository$$SpringCGLIB$$0.checkpoint(<generated>)
	at com.agilityhub.core.shared.persistence.TenantWriteTrackingIT.lambda$checkpoint$0(TenantWriteTrackingIT.java:37)
	at org.springframework.transaction.support.TransactionOperations.lambda$executeWithoutResult$0(TransactionOperations.java:68)
	at org.springframework.transaction.support.TransactionTemplate.execute(TransactionTemplate.java:140)
	at org.springframework.transaction.support.TransactionOperations.executeWithoutResult(TransactionOperations.java:67)
	at com.agilityhub.core.shared.persistence.TenantWriteTrackingIT.checkpoint(TenantWriteTrackingIT.java:37)
	at com.agilityhub.core.shared.persistence.TenantWriteTrackingIT.prepare(TenantWriteTrackingIT.java:32)
	at java.base/java.lang.reflect.Method.invoke(Method.java:580)
	at java.base/java.util.Optional.ifPresent(Optional.java:178)
	at java.base/java.util.stream.ForEachOps$ForEachOp$OfRef.accept(ForEachOps.java:184)
	at java.base/java.util.stream.ReferencePipeline$3$1.accept(ReferencePipeline.java:197)
	at java.base/java.util.stream.ForEachOps$ForEachOp$OfRef.accept(ForEachOps.java:184)
	at java.base/java.util.stream.ForEachOps$ForEachOp$OfRef.accept(ForEachOps.java:184)
	at java.base/java.util.stream.ReferencePipeline$3$1.accept(ReferencePipeline.java:197)
	at java.base/java.util.Spliterators$ArraySpliterator.forEachRemaining(Spliterators.java:1024)
	at java.base/java.util.stream.AbstractPipeline.copyInto(AbstractPipeline.java:509)
	at java.base/java.util.stream.AbstractPipeline.wrapAndCopyInto(AbstractPipeline.java:499)
	at java.base/java.util.stream.ForEachOps$ForEachOp.evaluateSequential(ForEachOps.java:151)
	at java.base/java.util.stream.ForEachOps$ForEachOp$OfRef.evaluateSequential(ForEachOps.java:174)
	at java.base/java.util.stream.AbstractPipeline.evaluate(AbstractPipeline.java:234)
	at java.base/java.util.stream.ReferencePipeline.forEach(ReferencePipeline.java:596)
	at java.base/java.util.stream.ReferencePipeline$7$1.accept(ReferencePipeline.java:276)
	at java.base/java.util.ArrayList$ArrayListSpliterator.forEachRemaining(ArrayList.java:1708)
	at java.base/java.util.stream.AbstractPipeline.copyInto(AbstractPipeline.java:509)
	at java.base/java.util.stream.AbstractPipeline.wrapAndCopyInto(AbstractPipeline.java:499)
	at java.base/java.util.stream.ForEachOps$ForEachOp.evaluateSequential(ForEachOps.java:151)
	at java.base/java.util.stream.ForEachOps$ForEachOp$OfRef.evaluateSequential(ForEachOps.java:174)
	at java.base/java.util.stream.AbstractPipeline.evaluate(AbstractPipeline.java:234)
	at java.base/java.util.stream.ReferencePipeline.forEach(ReferencePipeline.java:596)
	at java.base/java.util.stream.ReferencePipeline$7$1.accept(ReferencePipeline.java:276)
	at java.base/java.util.stream.ReferencePipeline$3$1.accept(ReferencePipeline.java:197)
	at java.base/java.util.stream.ReferencePipeline$3$1.accept(ReferencePipeline.java:197)
	at java.base/java.util.stream.ReferencePipeline$3$1.accept(ReferencePipeline.java:197)
	at java.base/java.util.ArrayList$ArrayListSpliterator.forEachRemaining(ArrayList.java:1708)
	at java.base/java.util.stream.AbstractPipeline.copyInto(AbstractPipeline.java:509)
	at java.base/java.util.stream.AbstractPipeline.wrapAndCopyInto(AbstractPipeline.java:499)
	at java.base/java.util.stream.ForEachOps$ForEachOp.evaluateSequential(ForEachOps.java:151)
	at java.base/java.util.stream.ForEachOps$ForEachOp$OfRef.evaluateSequential(ForEachOps.java:174)
	at java.base/java.util.stream.AbstractPipeline.evaluate(AbstractPipeline.java:234)
	at java.base/java.util.stream.ReferencePipeline.forEach(ReferencePipeline.java:596)
	at java.base/java.util.ArrayList.forEach(ArrayList.java:1596)
	at java.base/java.util.ArrayList.forEach(ArrayList.java:1596)
Caused by: java.lang.IllegalArgumentException: Parameter activeWriters must not be null
	at org.springframework.util.Assert.notNull(Assert.java:181)
	at com.agilityhub.core.shared.persistence.TenantWriteCounterRepository$Counter_Instantiator_ulp106.newInstance(Unknown Source)
	at org.springframework.data.mapping.model.ClassGeneratingEntityInstantiator$EntityInstantiatorAdapter.createInstance(ClassGeneratingEntityInstantiator.java:276)
	... 73 more

[ERROR] com.agilityhub.core.shared.persistence.TenantWriteTrackingIT.T_18_16_round2_point1_legacyCheckpointsAndUnfinishedWritersFailClosed -- Time elapsed: 0.019 s <<< ERROR!
org.springframework.data.mapping.model.MappingInstantiationException: Failed to instantiate com.agilityhub.core.shared.persistence.TenantWriteCounterRepository$Counter using constructor public com.agilityhub.core.shared.persistence.TenantWriteCounterRepository$Counter(java.lang.String,java.lang.String,long,long,long) with arguments write-fence-test,write-fence-test,0,1,null
	at org.springframework.data.mapping.model.ClassGeneratingEntityInstantiator$EntityInstantiatorAdapter.createInstance(ClassGeneratingEntityInstantiator.java:278)
	at org.springframework.data.mapping.model.ClassGeneratingEntityInstantiator.createInstance(ClassGeneratingEntityInstantiator.java:98)
	at org.springframework.data.mongodb.core.convert.MappingMongoConverter.read(MappingMongoConverter.java:570)
	at org.springframework.data.mongodb.core.convert.MappingMongoConverter.readDocument(MappingMongoConverter.java:522)
	at org.springframework.data.mongodb.core.convert.MappingMongoConverter.read(MappingMongoConverter.java:458)
	at org.springframework.data.mongodb.core.convert.MappingMongoConverter.read(MappingMongoConverter.java:454)
	at org.springframework.data.mongodb.core.convert.MappingMongoConverter.read(MappingMongoConverter.java:126)
	at org.springframework.data.mongodb.core.MongoTemplate$ReadDocumentCallback.doWith(MongoTemplate.java:3322)
	at org.springframework.data.mongodb.core.MongoTemplate.executeFindOneInternal(MongoTemplate.java:2913)
	at org.springframework.data.mongodb.core.MongoTemplate.doFindAndModify(MongoTemplate.java:2770)
	at org.springframework.data.mongodb.core.MongoTemplate.findAndModify(MongoTemplate.java:1120)
	at org.springframework.data.mongodb.core.MongoTemplate.findAndModify(MongoTemplate.java:1095)
	at com.agilityhub.core.shared.persistence.TenantWriteCounterRepository.lock(TenantWriteCounterRepository.java:45)
	at java.base/jdk.internal.reflect.DirectMethodHandleAccessor.invoke(DirectMethodHandleAccessor.java:103)
	at java.base/java.lang.reflect.Method.invoke(Method.java:580)
	at org.springframework.aop.support.AopUtils.invokeJoinpointUsingReflection(AopUtils.java:360)
	at org.springframework.aop.framework.ReflectiveMethodInvocation.invokeJoinpoint(ReflectiveMethodInvocation.java:196)
	at org.springframework.aop.framework.ReflectiveMethodInvocation.proceed(ReflectiveMethodInvocation.java:163)
	at org.springframework.dao.support.PersistenceExceptionTranslationInterceptor.invoke(PersistenceExceptionTranslationInterceptor.java:138)
	at org.springframework.aop.framework.ReflectiveMethodInvocation.proceed(ReflectiveMethodInvocation.java:184)
	at org.springframework.aop.framework.CglibAopProxy$DynamicAdvisedInterceptor.intercept(CglibAopProxy.java:728)
	at com.agilityhub.core.shared.persistence.TenantWriteCounterRepository$$SpringCGLIB$$0.lock(<generated>)
	at com.agilityhub.core.shared.application.TenantWriteFence.lock(TenantWriteFence.java:48)
	at com.agilityhub.core.migration.persistence.MigrationResetRepository.checkpoint(MigrationResetRepository.java:24)
	at java.base/jdk.internal.reflect.DirectMethodHandleAccessor.invoke(DirectMethodHandleAccessor.java:103)
	at java.base/java.lang.reflect.Method.invoke(Method.java:580)
	at org.springframework.aop.support.AopUtils.invokeJoinpointUsingReflection(AopUtils.java:360)
	at org.springframework.aop.framework.ReflectiveMethodInvocation.invokeJoinpoint(ReflectiveMethodInvocation.java:196)
	at org.springframework.aop.framework.ReflectiveMethodInvocation.proceed(ReflectiveMethodInvocation.java:163)
	at org.springframework.dao.support.PersistenceExceptionTranslationInterceptor.invoke(PersistenceExceptionTranslationInterceptor.java:138)
	at org.springframework.aop.framework.ReflectiveMethodInvocation.proceed(ReflectiveMethodInvocation.java:184)
	at org.springframework.aop.framework.CglibAopProxy$DynamicAdvisedInterceptor.intercept(CglibAopProxy.java:728)
	at com.agilityhub.core.migration.persistence.MigrationResetRepository$$SpringCGLIB$$0.checkpoint(<generated>)
	at com.agilityhub.core.shared.persistence.TenantWriteTrackingIT.lambda$checkpoint$0(TenantWriteTrackingIT.java:37)
	at org.springframework.transaction.support.TransactionOperations.lambda$executeWithoutResult$0(TransactionOperations.java:68)
	at org.springframework.transaction.support.TransactionTemplate.execute(TransactionTemplate.java:140)
	at org.springframework.transaction.support.TransactionOperations.executeWithoutResult(TransactionOperations.java:67)
	at com.agilityhub.core.shared.persistence.TenantWriteTrackingIT.checkpoint(TenantWriteTrackingIT.java:37)
	at com.agilityhub.core.shared.persistence.TenantWriteTrackingIT.prepare(TenantWriteTrackingIT.java:32)
	at java.base/java.lang.reflect.Method.invoke(Method.java:580)
	at java.base/java.util.ArrayList.forEach(ArrayList.java:1596)
	at java.base/java.util.ArrayList.forEach(ArrayList.java:1596)
Caused by: java.lang.IllegalArgumentException: Parameter activeWriters must not be null
	at org.springframework.util.Assert.notNull(Assert.java:181)
	at com.agilityhub.core.shared.persistence.TenantWriteCounterRepository$Counter_Instantiator_ulp106.newInstance(Unknown Source)
	at org.springframework.data.mapping.model.ClassGeneratingEntityInstantiator$EntityInstantiatorAdapter.createInstance(ClassGeneratingEntityInstantiator.java:276)
	... 41 more

[ERROR] com.agilityhub.core.shared.persistence.TenantWriteTrackingIT.T_18_16_round2_point1_unscopedClaimCountsOnlyTheAffectedTenant -- Time elapsed: 0.023 s <<< ERROR!
org.springframework.data.mapping.model.MappingInstantiationException: Failed to instantiate com.agilityhub.core.shared.persistence.TenantWriteCounterRepository$Counter using constructor public com.agilityhub.core.shared.persistence.TenantWriteCounterRepository$Counter(java.lang.String,java.lang.String,long,long,long) with arguments write-fence-test,write-fence-test,0,1,null
	at org.springframework.data.mapping.model.ClassGeneratingEntityInstantiator$EntityInstantiatorAdapter.createInstance(ClassGeneratingEntityInstantiator.java:278)
	at org.springframework.data.mapping.model.ClassGeneratingEntityInstantiator.createInstance(ClassGeneratingEntityInstantiator.java:98)
	at org.springframework.data.mongodb.core.convert.MappingMongoConverter.read(MappingMongoConverter.java:570)
	at org.springframework.data.mongodb.core.convert.MappingMongoConverter.readDocument(MappingMongoConverter.java:522)
	at org.springframework.data.mongodb.core.convert.MappingMongoConverter.read(MappingMongoConverter.java:458)
	at org.springframework.data.mongodb.core.convert.MappingMongoConverter.read(MappingMongoConverter.java:454)
	at org.springframework.data.mongodb.core.convert.MappingMongoConverter.read(MappingMongoConverter.java:126)
	at org.springframework.data.mongodb.core.MongoTemplate$ReadDocumentCallback.doWith(MongoTemplate.java:3322)
	at org.springframework.data.mongodb.core.MongoTemplate.executeFindOneInternal(MongoTemplate.java:2913)
	at org.springframework.data.mongodb.core.MongoTemplate.doFindAndModify(MongoTemplate.java:2770)
	at org.springframework.data.mongodb.core.MongoTemplate.findAndModify(MongoTemplate.java:1120)
	at org.springframework.data.mongodb.core.MongoTemplate.findAndModify(MongoTemplate.java:1095)
	at com.agilityhub.core.shared.persistence.TenantWriteCounterRepository.lock(TenantWriteCounterRepository.java:45)
	at java.base/jdk.internal.reflect.DirectMethodHandleAccessor.invoke(DirectMethodHandleAccessor.java:103)
	at java.base/java.lang.reflect.Method.invoke(Method.java:580)
	at org.springframework.aop.support.AopUtils.invokeJoinpointUsingReflection(AopUtils.java:360)
	at org.springframework.aop.framework.ReflectiveMethodInvocation.invokeJoinpoint(ReflectiveMethodInvocation.java:196)
	at org.springframework.aop.framework.ReflectiveMethodInvocation.proceed(ReflectiveMethodInvocation.java:163)
	at org.springframework.dao.support.PersistenceExceptionTranslationInterceptor.invoke(PersistenceExceptionTranslationInterceptor.java:138)
	at org.springframework.aop.framework.ReflectiveMethodInvocation.proceed(ReflectiveMethodInvocation.java:184)
	at org.springframework.aop.framework.CglibAopProxy$DynamicAdvisedInterceptor.intercept(CglibAopProxy.java:728)
	at com.agilityhub.core.shared.persistence.TenantWriteCounterRepository$$SpringCGLIB$$0.lock(<generated>)
	at com.agilityhub.core.shared.application.TenantWriteFence.lock(TenantWriteFence.java:48)
	at com.agilityhub.core.migration.persistence.MigrationResetRepository.checkpoint(MigrationResetRepository.java:24)
	at java.base/jdk.internal.reflect.DirectMethodHandleAccessor.invoke(DirectMethodHandleAccessor.java:103)
	at java.base/java.lang.reflect.Method.invoke(Method.java:580)
	at org.springframework.aop.support.AopUtils.invokeJoinpointUsingReflection(AopUtils.java:360)
	at org.springframework.aop.framework.ReflectiveMethodInvocation.invokeJoinpoint(ReflectiveMethodInvocation.java:196)
	at org.springframework.aop.framework.ReflectiveMethodInvocation.proceed(ReflectiveMethodInvocation.java:163)
	at org.springframework.dao.support.PersistenceExceptionTranslationInterceptor.invoke(PersistenceExceptionTranslationInterceptor.java:138)
	at org.springframework.aop.framework.ReflectiveMethodInvocation.proceed(ReflectiveMethodInvocation.java:184)
	at org.springframework.aop.framework.CglibAopProxy$DynamicAdvisedInterceptor.intercept(CglibAopProxy.java:728)
	at com.agilityhub.core.migration.persistence.MigrationResetRepository$$SpringCGLIB$$0.checkpoint(<generated>)
	at com.agilityhub.core.shared.persistence.TenantWriteTrackingIT.lambda$checkpoint$0(TenantWriteTrackingIT.java:37)
	at org.springframework.transaction.support.TransactionOperations.lambda$executeWithoutResult$0(TransactionOperations.java:68)
	at org.springframework.transaction.support.TransactionTemplate.execute(TransactionTemplate.java:140)
	at org.springframework.transaction.support.TransactionOperations.executeWithoutResult(TransactionOperations.java:67)
	at com.agilityhub.core.shared.persistence.TenantWriteTrackingIT.checkpoint(TenantWriteTrackingIT.java:37)
	at com.agilityhub.core.shared.persistence.TenantWriteTrackingIT.prepare(TenantWriteTrackingIT.java:32)
	at java.base/java.lang.reflect.Method.invoke(Method.java:580)
	at java.base/java.util.ArrayList.forEach(ArrayList.java:1596)
	at java.base/java.util.ArrayList.forEach(ArrayList.java:1596)
Caused by: java.lang.IllegalArgumentException: Parameter activeWriters must not be null
	at org.springframework.util.Assert.notNull(Assert.java:181)
	at com.agilityhub.core.shared.persistence.TenantWriteCounterRepository$Counter_Instantiator_ulp106.newInstance(Unknown Source)
	at org.springframework.data.mapping.model.ClassGeneratingEntityInstantiator$EntityInstantiatorAdapter.createInstance(ClassGeneratingEntityInstantiator.java:276)
	... 41 more

2026-10-08T18:32:25.668+02:00 INFO  [main] o.s.t.c.s.AnnotationConfigContextLoaderUtils traceId= clubId= accountId= : Could not detect default configuration classes for test class [com.agilityhub.core.migration.PlayoffMigrationIT]: PlayoffMigrationIT does not declare any static, non-private, non-final, nested classes annotated with @Configuration.
2026-10-08T18:32:25.697+02:00 INFO  [main] o.s.b.t.c.SpringBootTestContextBootstrapper traceId= clubId= accountId= : Found @SpringBootConfiguration com.agilityhub.core.CoreApplication for test class com.agilityhub.core.migration.PlayoffMigrationIT

  .   ____          _            __ _ _
 /\\ / ___'_ __ _ _(_)_ __  __ _ \ \ \ \
( ( )\___ | '_ | '_| | '_ \/ _` | \ \ \ \
 \\/  ___)| |_)| | | | | || (_| |  ) ) ) )
  '  |____| .__|_| |_|_| |_\__, | / / / /
 =========|_|==============|___/=/_/_/_/

 :: Spring Boot ::               (v3.5.16)

2026-10-08T18:32:25.734+02:00 INFO  [main] c.a.core.migration.PlayoffMigrationIT traceId= clubId= accountId= : Starting PlayoffMigrationIT using Java [redacted] with PID 70360 (started by jordib in /Users/jordib/dev/agilityhub/agilityhub-core-api)
2026-10-08T18:32:25.734+02:00 INFO  [main] c.a.core.migration.PlayoffMigrationIT traceId= clubId= accountId= : The following 1 profile is active: "test"
2026-10-08T18:32:26.135+02:00 INFO  [main] o.s.d.r.c.RepositoryConfigurationDelegate traceId= clubId= accountId= : Bootstrapping Spring Data MongoDB repositories in DEFAULT mode.
2026-10-08T18:32:26.184+02:00 INFO  [main] o.s.d.r.c.RepositoryConfigurationDelegate traceId= clubId= accountId= : Finished Spring Data repository scanning in 48 ms. Found 0 MongoDB repository interfaces.
2026-10-08T18:32:26.285+02:00 INFO  [main] org.mongodb.driver.client traceId= clubId= accountId= : MongoClient with metadata {"driver": {"name": "mongo-java-driver|sync|spring-boot", "version": "5.5.2"}, "os": {"type": "Darwin", "name": "Mac OS X", "architecture": "aarch64", "version": "26.4.1"}, "platform": "Java/Homebrew/[redacted]"} created with settings MongoClientSettings{readPreference=primary, writeConcern=WriteConcern{w=null, wTimeout=null ms, journal=null}, retryWrites=true, retryReads=true, readConcern=ReadConcern{level=null}, credential=null, transportSettings=null, commandListeners=[io.micrometer.core.instrument.binder.mongodb.MongoMetricsCommandListener@578db6fa], codecRegistry=ProvidersCodecRegistry{codecProviders=[ValueCodecProvider{}, BsonValueCodecProvider{}, DBRefCodecProvider{}, DBObjectCodecProvider{}, DocumentCodecProvider{}, CollectionCodecProvider{}, IterableCodecProvider{}, MapCodecProvider{}, GeoJsonCodecProvider{}, GridFSFileCodecProvider{}, Jsr310CodecProvider{}, JsonObjectCodecProvider{}, BsonCodecProvider{}, EnumCodecProvider{}, com.mongodb.client.model.mql.ExpressionCodecProvider@7dee7f7b, com.mongodb.Jep395RecordCodecProvider@72cbd1c5, com.mongodb.KotlinCodecProvider@140baf33]}, loggerSettings=LoggerSettings{maxDocumentLength=1000}, clusterSettings={hosts=[localhost:65346], srvServiceName=mongodb, mode=SINGLE, requiredClusterType=UNKNOWN, requiredReplicaSetName='null', serverSelector='null', clusterListeners='[]', serverSelectionTimeout='2000 ms', localThreshold='15 ms'}, socketSettings=SocketSettings{connectTimeoutMS=2000, readTimeoutMS=0, receiveBufferSize=0, proxySettings=ProxySettings{host=null, port=null, username=null, [redacted], heartbeatSocketSettings=SocketSettings{connectTimeoutMS=2000, readTimeoutMS=2000, receiveBufferSize=0, proxySettings=ProxySettings{host=null, port=null, username=null, [redacted], connectionPoolSettings=ConnectionPoolSettings{maxSize=100, minSize=0, maxWaitTimeMS=2000, maxConnectionLifeTimeMS=0, maxConnectionIdleTimeMS=0, maintenanceInitialDelayMS=0, maintenanceFrequencyMS=60000, connectionPoolListeners=[io.micrometer.core.instrument.binder.mongodb.MongoMetricsConnectionPoolListener@59c2bd46], maxConnecting=2}, serverSettings=ServerSettings{heartbeatFrequencyMS=10000, minHeartbeatFrequencyMS=500, serverMonitoringMode=AUTO, serverListeners='[]', serverMonitorListeners='[]'}, sslSettings=SslSettings{enabled=false, invalidHostNameAllowed=false, context=null}, applicationName='null', compressorList=[], uuidRepresentation=JAVA_LEGACY, serverApi=null, autoEncryptionSettings=null, dnsClient=null, inetAddressResolver=null, contextProvider=null, timeoutMS=null}
2026-10-08T18:32:26.287+02:00 INFO  [cluster-ClusterId{value='6ac7c59a3f4878221ba4bc1b', description='null'}-localhost:65346] org.mongodb.driver.cluster traceId= clubId= accountId= : Monitor thread successfully connected to server with description ServerDescription{address=localhost:65346, type=REPLICA_SET_PRIMARY, cryptd=false, state=CONNECTED, ok=true, minWireVersion=0, maxWireVersion=21, maxDocumentSize=16777216, logicalSessionTimeoutMinutes=30, roundTripTimeNanos=1603792, minRoundTripTimeNanos=0, setName='docker-rs', canonicalAddress=d6bf5df0cf2c:27017, hosts=[d6bf5df0cf2c:27017], passives=[], arbiters=[], primary='d6bf5df0cf2c:27017', tagSet=TagSet{[]}, electionId=7fffffff0000000000000001, setVersion=1, topologyVersion=TopologyVersion{processId=6ac7c58fa3b1b708e77eadf2, counter=6}, lastWriteDate=Thu Oct 08 18:32:25 CEST 2026, lastUpdateTimeNanos=[redacted]}
2026-10-08T18:32:28.775+02:00 INFO  [main] c.a.core.migration.PlayoffMigrationIT traceId= clubId= accountId= : Started PlayoffMigrationIT in 3.06 seconds (process running for 16.125)
[ERROR] Tests run: 3, Failures: 2, Errors: 1, Skipped: 0, Time elapsed: 4.880 s <<< FAILURE! -- in com.agilityhub.core.migration.PlayoffMigrationIT
[ERROR] com.agilityhub.core.migration.PlayoffMigrationIT.T_18_16_round2_point1_savedViewWithoutAuditOrEventRefusesReset -- Time elapsed: 0.637 s <<< ERROR!
org.springframework.data.mapping.model.MappingInstantiationException: Failed to instantiate com.agilityhub.core.shared.persistence.TenantWriteCounterRepository$Counter using constructor public com.agilityhub.core.shared.persistence.TenantWriteCounterRepository$Counter(java.lang.String,java.lang.String,long,long,long) with arguments playoff-test,playoff-test,0,1,null
	at org.springframework.data.mapping.model.ClassGeneratingEntityInstantiator$EntityInstantiatorAdapter.createInstance(ClassGeneratingEntityInstantiator.java:278)
	at org.springframework.data.mapping.model.ClassGeneratingEntityInstantiator.createInstance(ClassGeneratingEntityInstantiator.java:98)
	at org.springframework.data.mongodb.core.convert.MappingMongoConverter.read(MappingMongoConverter.java:570)
	at org.springframework.data.mongodb.core.convert.MappingMongoConverter.readDocument(MappingMongoConverter.java:522)
	at org.springframework.data.mongodb.core.convert.MappingMongoConverter.read(MappingMongoConverter.java:458)
	at org.springframework.data.mongodb.core.convert.MappingMongoConverter.read(MappingMongoConverter.java:454)
	at org.springframework.data.mongodb.core.convert.MappingMongoConverter.read(MappingMongoConverter.java:126)
	at org.springframework.data.mongodb.core.MongoTemplate$ReadDocumentCallback.doWith(MongoTemplate.java:3322)
	at org.springframework.data.mongodb.core.MongoTemplate.executeFindOneInternal(MongoTemplate.java:2913)
	at org.springframework.data.mongodb.core.MongoTemplate.doFindAndModify(MongoTemplate.java:2770)
	at org.springframework.data.mongodb.core.MongoTemplate.findAndModify(MongoTemplate.java:1120)
	at org.springframework.data.mongodb.core.MongoTemplate.findAndModify(MongoTemplate.java:1095)
	at com.agilityhub.core.shared.persistence.TenantWriteCounterRepository.lock(TenantWriteCounterRepository.java:45)
	at java.base/jdk.internal.reflect.DirectMethodHandleAccessor.invoke(DirectMethodHandleAccessor.java:103)
	at java.base/java.lang.reflect.Method.invoke(Method.java:580)
	at org.springframework.aop.support.AopUtils.invokeJoinpointUsingReflection(AopUtils.java:360)
	at org.springframework.aop.framework.ReflectiveMethodInvocation.invokeJoinpoint(ReflectiveMethodInvocation.java:196)
	at org.springframework.aop.framework.ReflectiveMethodInvocation.proceed(ReflectiveMethodInvocation.java:163)
	at org.springframework.dao.support.PersistenceExceptionTranslationInterceptor.invoke(PersistenceExceptionTranslationInterceptor.java:138)
	at org.springframework.aop.framework.ReflectiveMethodInvocation.proceed(ReflectiveMethodInvocation.java:184)
	at org.springframework.aop.framework.CglibAopProxy$DynamicAdvisedInterceptor.intercept(CglibAopProxy.java:728)
	at com.agilityhub.core.shared.persistence.TenantWriteCounterRepository$$SpringCGLIB$$0.lock(<generated>)
	at com.agilityhub.core.shared.application.TenantWriteFence.lock(TenantWriteFence.java:48)
	at com.agilityhub.core.migration.persistence.MigrationResetRepository.trackWrites(MigrationResetRepository.java:20)
	at java.base/jdk.internal.reflect.DirectMethodHandleAccessor.invoke(DirectMethodHandleAccessor.java:103)
	at java.base/java.lang.reflect.Method.invoke(Method.java:580)
	at org.springframework.aop.support.AopUtils.invokeJoinpointUsingReflection(AopUtils.java:360)
	at org.springframework.aop.framework.ReflectiveMethodInvocation.invokeJoinpoint(ReflectiveMethodInvocation.java:196)
	at org.springframework.aop.framework.ReflectiveMethodInvocation.proceed(ReflectiveMethodInvocation.java:163)
	at org.springframework.dao.support.PersistenceExceptionTranslationInterceptor.invoke(PersistenceExceptionTranslationInterceptor.java:138)
	at org.springframework.aop.framework.ReflectiveMethodInvocation.proceed(ReflectiveMethodInvocation.java:184)
	at org.springframework.aop.framework.CglibAopProxy$DynamicAdvisedInterceptor.intercept(CglibAopProxy.java:728)
	at com.agilityhub.core.migration.persistence.MigrationResetRepository$$SpringCGLIB$$0.trackWrites(<generated>)
	at com.agilityhub.core.migration.application.PlayoffImportService.lambda$importDirectory$0(PlayoffImportService.java:61)
	at org.springframework.transaction.support.TransactionTemplate.execute(TransactionTemplate.java:140)
	at com.agilityhub.core.migration.application.PlayoffImportService.importDirectory(PlayoffImportService.java:59)
	at com.agilityhub.core.migration.application.PlayoffImportService.importDirectory(PlayoffImportService.java:41)
	at com.agilityhub.core.migration.PlayoffMigrationIT.T_18_16_round2_point1_savedViewWithoutAuditOrEventRefusesReset(PlayoffMigrationIT.java:679)
	at java.base/java.lang.reflect.Method.invoke(Method.java:580)
	at java.base/java.util.ArrayList.forEach(ArrayList.java:1596)
	at java.base/java.util.ArrayList.forEach(ArrayList.java:1596)
Caused by: java.lang.IllegalArgumentException: Parameter activeWriters must not be null
	at org.springframework.util.Assert.notNull(Assert.java:181)
	at com.agilityhub.core.shared.persistence.TenantWriteCounterRepository$Counter_Instantiator_xyp6ng.newInstance(Unknown Source)
	at org.springframework.data.mapping.model.ClassGeneratingEntityInstantiator$EntityInstantiatorAdapter.createInstance(ClassGeneratingEntityInstantiator.java:276)
	at org.springframework.data.mapping.model.ClassGeneratingEntityInstantiator.createInstance(ClassGeneratingEntityInstantiator.java:98)
	at org.springframework.data.mongodb.core.convert.MappingMongoConverter.read(MappingMongoConverter.java:570)
	at org.springframework.data.mongodb.core.convert.MappingMongoConverter.readDocument(MappingMongoConverter.java:522)
	at org.springframework.data.mongodb.core.convert.MappingMongoConverter.read(MappingMongoConverter.java:458)
	at org.springframework.data.mongodb.core.convert.MappingMongoConverter.read(MappingMongoConverter.java:454)
	at org.springframework.data.mongodb.core.convert.MappingMongoConverter.read(MappingMongoConverter.java:126)
	at org.springframework.data.mongodb.core.MongoTemplate$ReadDocumentCallback.doWith(MongoTemplate.java:3322)
	at org.springframework.data.mongodb.core.MongoTemplate.executeFindOneInternal(MongoTemplate.java:2913)
	at org.springframework.data.mongodb.core.MongoTemplate.doFindAndModify(MongoTemplate.java:2770)
	at org.springframework.data.mongodb.core.MongoTemplate.findAndModify(MongoTemplate.java:1120)
	at org.springframework.data.mongodb.core.MongoTemplate.findAndModify(MongoTemplate.java:1095)
	at com.agilityhub.core.shared.persistence.TenantWriteCounterRepository.lock(TenantWriteCounterRepository.java:45)
	at java.base/jdk.internal.reflect.DirectMethodHandleAccessor.invoke(DirectMethodHandleAccessor.java:103)
	at java.base/java.lang.reflect.Method.invoke(Method.java:580)
	at org.springframework.aop.support.AopUtils.invokeJoinpointUsingReflection(AopUtils.java:360)
	at org.springframework.aop.framework.ReflectiveMethodInvocation.invokeJoinpoint(ReflectiveMethodInvocation.java:196)
	at org.springframework.aop.framework.ReflectiveMethodInvocation.proceed(ReflectiveMethodInvocation.java:163)
	at org.springframework.dao.support.PersistenceExceptionTranslationInterceptor.invoke(PersistenceExceptionTranslationInterceptor.java:138)
	at org.springframework.aop.framework.ReflectiveMethodInvocation.proceed(ReflectiveMethodInvocation.java:184)
	at org.springframework.aop.framework.CglibAopProxy$DynamicAdvisedInterceptor.intercept(CglibAopProxy.java:728)
	at com.agilityhub.core.shared.persistence.TenantWriteCounterRepository$$SpringCGLIB$$0.lock(<generated>)
	at com.agilityhub.core.shared.application.TenantWriteFence.lock(TenantWriteFence.java:48)
	at com.agilityhub.core.migration.persistence.MigrationResetRepository.trackWrites(MigrationResetRepository.java:20)
	at java.base/java.lang.invoke.MethodHandle.invokeWithArguments(MethodHandle.java:733)
	at org.mockito.internal.util.reflection.InstrumentationMemberAccessor$Dispatcher$ByteBuddy$q0kvJeFB.invokeWithArguments(Unknown Source)
	at org.mockito.internal.util.reflection.InstrumentationMemberAccessor.invoke(InstrumentationMemberAccessor.java:265)
	at org.mockito.internal.util.reflection.ModuleMemberAccessor.invoke(ModuleMemberAccessor.java:55)
	at org.mockito.internal.creation.bytebuddy.MockMethodAdvice.tryInvoke(MockMethodAdvice.java:316)
	at org.mockito.internal.creation.bytebuddy.MockMethodAdvice$RealMethodCall.invoke(MockMethodAdvice.java:236)
	at org.mockito.internal.invocation.InterceptedInvocation.callRealMethod(InterceptedInvocation.java:142)
	at org.mockito.internal.stubbing.answers.CallsRealMethods.answer(CallsRealMethods.java:45)
	at org.mockito.Answers.answer(Answers.java:90)
	at org.mockito.internal.handler.MockHandlerImpl.handle(MockHandlerImpl.java:111)
	at org.mockito.internal.handler.NullResultGuardian.handle(NullResultGuardian.java:29)
	at org.mockito.internal.handler.InvocationNotifierHandler.handle(InvocationNotifierHandler.java:34)
	at org.mockito.internal.creation.bytebuddy.access.MockMethodInterceptor.doIntercept(MockMethodInterceptor.java:84)
	at org.mockito.internal.creation.bytebuddy.MockMethodAdvice.handle(MockMethodAdvice.java:136)
	... 18 more

[ERROR] com.agilityhub.core.migration.PlayoffMigrationIT.T_18_13_round2_point2_expiredReconciliationRollsBackSimulationAndEvent -- Time elapsed: 0.790 s <<< FAILURE!
java.lang.AssertionError:

Expecting actual throwable to be an instance of:
  com.agilityhub.core.shared.domain.ApiException
but was:
  org.springframework.data.mapping.model.MappingInstantiationException: Failed to instantiate com.agilityhub.core.shared.persistence.TenantWriteCounterRepository$Counter using constructor public com.agilityhub.core.shared.persistence.TenantWriteCounterRepository$Counter(java.lang.String,java.lang.String,long,long,long) with arguments playoff-test,playoff-test,0,1,null
	at org.springframework.data.mapping.model.ClassGeneratingEntityInstantiator$EntityInstantiatorAdapter.createInstance(ClassGeneratingEntityInstantiator.java:278)
	at org.springframework.data.mapping.model.ClassGeneratingEntityInstantiator.createInstance(ClassGeneratingEntityInstantiator.java:98)
	at org.springframework.data.mongodb.core.convert.MappingMongoConverter.read(MappingMongoConverter.java:570)
	...(114 remaining lines not displayed - this can be changed with Assertions.setMaxStackTraceElementsDisplayed)
	at com.agilityhub.core.migration.PlayoffMigrationIT.T_18_13_round2_point2_expiredReconciliationRollsBackSimulationAndEvent(PlayoffMigrationIT.java:707)
	at java.base/java.lang.reflect.Method.invoke(Method.java:580)
	at java.base/java.util.ArrayList.forEach(ArrayList.java:1596)
	at java.base/java.util.ArrayList.forEach(ArrayList.java:1596)

[ERROR] com.agilityhub.core.migration.PlayoffMigrationIT.T_18_13_round2_point2_staleReconciliationCannotReplaceRecoveryWinner -- Time elapsed: 0.265 s <<< FAILURE!
java.lang.AssertionError:

Expecting actual throwable to be an instance of:
  com.agilityhub.core.shared.domain.ApiException
but was:
  org.springframework.data.mapping.model.MappingInstantiationException: Failed to instantiate com.agilityhub.core.shared.persistence.TenantWriteCounterRepository$Counter using constructor public com.agilityhub.core.shared.persistence.TenantWriteCounterRepository$Counter(java.lang.String,java.lang.String,long,long,long) with arguments playoff-test,playoff-test,0,1,null
	at org.springframework.data.mapping.model.ClassGeneratingEntityInstantiator$EntityInstantiatorAdapter.createInstance(ClassGeneratingEntityInstantiator.java:278)
	at org.springframework.data.mapping.model.ClassGeneratingEntityInstantiator.createInstance(ClassGeneratingEntityInstantiator.java:98)
	at org.springframework.data.mongodb.core.convert.MappingMongoConverter.read(MappingMongoConverter.java:570)
	...(114 remaining lines not displayed - this can be changed with Assertions.setMaxStackTraceElementsDisplayed)
	at com.agilityhub.core.migration.PlayoffMigrationIT.T_18_13_round2_point2_staleReconciliationCannotReplaceRecoveryWinner(PlayoffMigrationIT.java:745)
	at java.base/java.lang.reflect.Method.invoke(Method.java:580)
	at java.base/java.util.ArrayList.forEach(ArrayList.java:1596)
	at java.base/java.util.ArrayList.forEach(ArrayList.java:1596)

[ERROR] Failures:
[ERROR]   PlayoffMigrationIT.T_18_13_round2_point2_expiredReconciliationRollsBackSimulationAndEvent:707
Expecting actual throwable to be an instance of:
  com.agilityhub.core.shared.domain.ApiException
but was:
  org.springframework.data.mapping.model.MappingInstantiationException: Failed to instantiate com.agilityhub.core.shared.persistence.TenantWriteCounterRepository$Counter using constructor public com.agilityhub.core.shared.persistence.TenantWriteCounterRepository$Counter(java.lang.String,java.lang.String,long,long,long) with arguments playoff-test,playoff-test,0,1,null
	at org.springframework.data.mapping.model.ClassGeneratingEntityInstantiator$EntityInstantiatorAdapter.createInstance(ClassGeneratingEntityInstantiator.java:278)
	at org.springframework.data.mapping.model.ClassGeneratingEntityInstantiator.createInstance(ClassGeneratingEntityInstantiator.java:98)
	at org.springframework.data.mongodb.core.convert.MappingMongoConverter.read(MappingMongoConverter.java:570)
	...(114 remaining lines not displayed - this can be changed with Assertions.setMaxStackTraceElementsDisplayed)
[ERROR]   PlayoffMigrationIT.T_18_13_round2_point2_staleReconciliationCannotReplaceRecoveryWinner:745
Expecting actual throwable to be an instance of:
  com.agilityhub.core.shared.domain.ApiException
but was:
  org.springframework.data.mapping.model.MappingInstantiationException: Failed to instantiate com.agilityhub.core.shared.persistence.TenantWriteCounterRepository$Counter using constructor public com.agilityhub.core.shared.persistence.TenantWriteCounterRepository$Counter(java.lang.String,java.lang.String,long,long,long) with arguments playoff-test,playoff-test,0,1,null
	at org.springframework.data.mapping.model.ClassGeneratingEntityInstantiator$EntityInstantiatorAdapter.createInstance(ClassGeneratingEntityInstantiator.java:278)
	at org.springframework.data.mapping.model.ClassGeneratingEntityInstantiator.createInstance(ClassGeneratingEntityInstantiator.java:98)
	at org.springframework.data.mongodb.core.convert.MappingMongoConverter.read(MappingMongoConverter.java:570)
	...(114 remaining lines not displayed - this can be changed with Assertions.setMaxStackTraceElementsDisplayed)
[ERROR] Errors:
[ERROR]   PlayoffMigrationIT.T_18_16_round2_point1_savedViewWithoutAuditOrEventRefusesReset:679 » MappingInstantiation Failed to instantiate com.agilityhub.core.shared.persistence.TenantWriteCounterRepository$Counter using constructor public com.agilityhub.core.shared.persistence.TenantWriteCounterRepository$Counter(java.lang.String,java.lang.String,long,long,long) with arguments playoff-test,playoff-test,0,1,null
[ERROR]   TenantWriteTrackingIT.prepare:32->checkpoint:37->lambda$checkpoint$0:37 » MappingInstantiation Failed to instantiate com.agilityhub.core.shared.persistence.TenantWriteCounterRepository$Counter using constructor public com.agilityhub.core.shared.persistence.TenantWriteCounterRepository$Counter(java.lang.String,java.lang.String,long,long,long) with arguments write-fence-test,write-fence-test,0,1,null
[ERROR]   TenantWriteTrackingIT.prepare:32->checkpoint:37->lambda$checkpoint$0:37 » MappingInstantiation Failed to instantiate com.agilityhub.core.shared.persistence.TenantWriteCounterRepository$Counter using constructor public com.agilityhub.core.shared.persistence.TenantWriteCounterRepository$Counter(java.lang.String,java.lang.String,long,long,long) with arguments write-fence-test,write-fence-test,0,1,null
[ERROR]   TenantWriteTrackingIT.prepare:32->checkpoint:37->lambda$checkpoint$0:37 » MappingInstantiation Failed to instantiate com.agilityhub.core.shared.persistence.TenantWriteCounterRepository$Counter using constructor public com.agilityhub.core.shared.persistence.TenantWriteCounterRepository$Counter(java.lang.String,java.lang.String,long,long,long) with arguments write-fence-test,write-fence-test,0,1,null
[ERROR]   TenantWriteTrackingIT.prepare:32->checkpoint:37->lambda$checkpoint$0:37 » MappingInstantiation Failed to instantiate com.agilityhub.core.shared.persistence.TenantWriteCounterRepository$Counter using constructor public com.agilityhub.core.shared.persistence.TenantWriteCounterRepository$Counter(java.lang.String,java.lang.String,long,long,long) with arguments write-fence-test,write-fence-test,0,1,null
[ERROR]   TenantWriteTrackingIT.prepare:32->checkpoint:37->lambda$checkpoint$0:37 » MappingInstantiation Failed to instantiate com.agilityhub.core.shared.persistence.TenantWriteCounterRepository$Counter using constructor public com.agilityhub.core.shared.persistence.TenantWriteCounterRepository$Counter(java.lang.String,java.lang.String,long,long,long) with arguments write-fence-test,write-fence-test,0,1,null
[ERROR]   TenantWriteTrackingIT.prepare:32->checkpoint:37->lambda$checkpoint$0:37 » MappingInstantiation Failed to instantiate com.agilityhub.core.shared.persistence.TenantWriteCounterRepository$Counter using constructor public com.agilityhub.core.shared.persistence.TenantWriteCounterRepository$Counter(java.lang.String,java.lang.String,long,long,long) with arguments write-fence-test,write-fence-test,0,1,null
[ERROR]   TenantWriteTrackingIT.prepare:32->checkpoint:37->lambda$checkpoint$0:37 » MappingInstantiation Failed to instantiate com.agilityhub.core.shared.persistence.TenantWriteCounterRepository$Counter using constructor public com.agilityhub.core.shared.persistence.TenantWriteCounterRepository$Counter(java.lang.String,java.lang.String,long,long,long) with arguments write-fence-test,write-fence-test,0,1,null
[ERROR]   TenantWriteTrackingIT.prepare:32->checkpoint:37->lambda$checkpoint$0:37 » MappingInstantiation Failed to instantiate com.agilityhub.core.shared.persistence.TenantWriteCounterRepository$Counter using constructor public com.agilityhub.core.shared.persistence.TenantWriteCounterRepository$Counter(java.lang.String,java.lang.String,long,long,long) with arguments write-fence-test,write-fence-test,0,1,null
[ERROR]   TenantWriteTrackingIT.prepare:32->checkpoint:37->lambda$checkpoint$0:37 » MappingInstantiation Failed to instantiate com.agilityhub.core.shared.persistence.TenantWriteCounterRepository$Counter using constructor public com.agilityhub.core.shared.persistence.TenantWriteCounterRepository$Counter(java.lang.String,java.lang.String,long,long,long) with arguments write-fence-test,write-fence-test,0,1,null
[ERROR]   TenantWriteTrackingIT.prepare:32->checkpoint:37->lambda$checkpoint$0:37 » MappingInstantiation Failed to instantiate com.agilityhub.core.shared.persistence.TenantWriteCounterRepository$Counter using constructor public com.agilityhub.core.shared.persistence.TenantWriteCounterRepository$Counter(java.lang.String,java.lang.String,long,long,long) with arguments write-fence-test,write-fence-test,0,1,null
[ERROR]   TenantWriteTrackingIT.prepare:32->checkpoint:37->lambda$checkpoint$0:37 » MappingInstantiation Failed to instantiate com.agilityhub.core.shared.persistence.TenantWriteCounterRepository$Counter using constructor public com.agilityhub.core.shared.persistence.TenantWriteCounterRepository$Counter(java.lang.String,java.lang.String,long,long,long) with arguments write-fence-test,write-fence-test,0,1,null
[ERROR]   TenantWriteTrackingIT.prepare:32->checkpoint:37->lambda$checkpoint$0:37 » MappingInstantiation Failed to instantiate com.agilityhub.core.shared.persistence.TenantWriteCounterRepository$Counter using constructor public com.agilityhub.core.shared.persistence.TenantWriteCounterRepository$Counter(java.lang.String,java.lang.String,long,long,long) with arguments write-fence-test,write-fence-test,0,1,null
[ERROR]   TenantWriteTrackingIT.prepare:32->checkpoint:37->lambda$checkpoint$0:37 » MappingInstantiation Failed to instantiate com.agilityhub.core.shared.persistence.TenantWriteCounterRepository$Counter using constructor public com.agilityhub.core.shared.persistence.TenantWriteCounterRepository$Counter(java.lang.String,java.lang.String,long,long,long) with arguments write-fence-test,write-fence-test,0,1,null
[ERROR]   TenantWriteTrackingIT.prepare:32->checkpoint:37->lambda$checkpoint$0:37 » MappingInstantiation Failed to instantiate com.agilityhub.core.shared.persistence.TenantWriteCounterRepository$Counter using constructor public com.agilityhub.core.shared.persistence.TenantWriteCounterRepository$Counter(java.lang.String,java.lang.String,long,long,long) with arguments write-fence-test,write-fence-test,0,1,null
[ERROR]   TenantWriteTrackingIT.prepare:32->checkpoint:37->lambda$checkpoint$0:37 » MappingInstantiation Failed to instantiate com.agilityhub.core.shared.persistence.TenantWriteCounterRepository$Counter using constructor public com.agilityhub.core.shared.persistence.TenantWriteCounterRepository$Counter(java.lang.String,java.lang.String,long,long,long) with arguments write-fence-test,write-fence-test,0,1,null
[ERROR]   TenantWriteTrackingIT.prepare:32->checkpoint:37->lambda$checkpoint$0:37 » MappingInstantiation Failed to instantiate com.agilityhub.core.shared.persistence.TenantWriteCounterRepository$Counter using constructor public com.agilityhub.core.shared.persistence.TenantWriteCounterRepository$Counter(java.lang.String,java.lang.String,long,long,long) with arguments write-fence-test,write-fence-test,0,1,null
[ERROR]   TenantWriteTrackingIT.prepare:32->checkpoint:37->lambda$checkpoint$0:37 » MappingInstantiation Failed to instantiate com.agilityhub.core.shared.persistence.TenantWriteCounterRepository$Counter using constructor public com.agilityhub.core.shared.persistence.TenantWriteCounterRepository$Counter(java.lang.String,java.lang.String,long,long,long) with arguments write-fence-test,write-fence-test,0,1,null
[ERROR]   TenantWriteTrackingIT.prepare:32->checkpoint:37->lambda$checkpoint$0:37 » MappingInstantiation Failed to instantiate com.agilityhub.core.shared.persistence.TenantWriteCounterRepository$Counter using constructor public com.agilityhub.core.shared.persistence.TenantWriteCounterRepository$Counter(java.lang.String,java.lang.String,long,long,long) with arguments write-fence-test,write-fence-test,0,1,null
[ERROR]   TenantWriteTrackingIT.prepare:32->checkpoint:37->lambda$checkpoint$0:37 » MappingInstantiation Failed to instantiate com.agilityhub.core.shared.persistence.TenantWriteCounterRepository$Counter using constructor public com.agilityhub.core.shared.persistence.TenantWriteCounterRepository$Counter(java.lang.String,java.lang.String,long,long,long) with arguments write-fence-test,write-fence-test,0,1,null
[ERROR] Tests run: 22, Failures: 2, Errors: 20, Skipped: 0
[ERROR] Failed to execute goal org.apache.maven.plugins:maven-failsafe-plugin:3.5.6:verify (default-cli) on project agilityhub-core-api: There are test failures.
[ERROR]
[ERROR] See /Users/jordib/dev/agilityhub/agilityhub-core-api/target/failsafe-reports for the individual test results.
[ERROR] See dump files (if any exist) [date].dump, [date]-jvmRun[N].dump and [date].dumpstream.
[ERROR] -> [Help 1]
[ERROR]
[ERROR] To see the full stack trace of the errors, re-run Maven with the -e switch.
[ERROR] Re-run Maven using the -X switch to enable full debug logging.
[ERROR]
[ERROR] For more information about the errors and possible solutions, please read the following articles:
[ERROR] [Help 1] http://cwiki.apache.org/confluence/display/MAVEN/MojoFailureException
Counterfactual Maven exit: 1
com.agilityhub.core.migration.PlayoffMigrationIT: tests=3 failures=2 errors=1 skipped=0
com.agilityhub.core.shared.persistence.TenantWriteTrackingIT: tests=19 failures=0 errors=19 skipped=0
All production source bytes restored
Traceback (most recent call last):
  File "/Users/jordib/dev/agilityhub/agilityhub-core-api/roadmap/evidence/E8-T10/counterfactual-round2.py", line 31, in <module>
    assert tests == 22 and failures == 20 and errors == 0
           ^^^^^^^^^^^^^^^^^^^^^^^^^^^^^^^^^^^^^^^^^^^^^^
AssertionError

exit 1
